network,t_s,gt_x,gt_y,unmod_x,unmod_y,hn_x,hn_y
ResNet18-YawAug,0.000,4.0646,2.2921,4.0646,2.2921,4.0646,2.2921
ResNet18-YawAug,0.100,4.0945,2.4337,4.1288,2.4294,4.1062,2.4469
ResNet18-YawAug,0.200,4.1254,2.5773,4.1971,2.5606,4.1517,2.596
ResNet18-YawAug,0.300,4.1593,2.7152,4.2572,2.6936,4.2196,2.7406
ResNet18-YawAug,0.400,4.1994,2.8458,4.264,2.8249,4.2227,2.8904
ResNet18-YawAug,0.500,4.2453,2.9752,4.2934,2.9688,4.2114,3.0497
ResNet18-YawAug,0.600,4.2959,3.1068,4.3095,3.112,4.1679,3.2059
ResNet18-YawAug,0.700,4.3474,3.2399,4.3416,3.2604,4.1676,3.3725
ResNet18-YawAug,0.800,4.395,3.3706,4.3644,3.4103,4.169,3.5394
ResNet18-YawAug,0.900,4.4333,3.4997,4.4297,3.5495,4.1934,3.7003
ResNet18-YawAug,1.000,4.4669,3.6338,4.4859,3.691,4.216,3.858
ResNet18-YawAug,1.100,4.4977,3.7706,4.5473,3.8293,4.2598,4.0096
ResNet18-YawAug,1.200,4.5276,3.9109,4.6204,3.9589,4.3476,4.1373
ResNet18-YawAug,1.300,4.557,4.045,4.6846,4.0919,4.4076,4.2797
ResNet18-YawAug,1.400,4.5947,4.1732,4.7565,4.2134,4.5224,4.3699
ResNet18-YawAug,1.500,4.6385,4.2986,4.7919,4.3347,4.5939,4.4634
ResNet18-YawAug,1.600,4.6841,4.4271,4.7711,4.4572,4.5563,4.5889
ResNet18-YawAug,1.700,4.7304,4.5593,4.7819,4.5891,4.5485,4.7284
ResNet18-YawAug,1.800,4.7713,4.6898,4.7737,4.7067,4.6728,4.7773
ResNet18-YawAug,1.900,4.8028,4.8189,4.7167,4.8316,4.5945,4.8847
ResNet18-YawAug,2.000,4.8285,4.9438,4.6507,4.9422,4.5203,4.9966
ResNet18-YawAug,2.100,4.8531,5.0652,4.6398,5.065,4.4931,5.1204
ResNet18-YawAug,2.200,4.882,5.1896,4.6447,5.1919,4.4735,5.2549
ResNet18-YawAug,2.300,4.9149,5.3083,4.6372,5.3191,4.4601,5.3886
ResNet18-YawAug,2.400,4.9526,5.4267,4.6079,5.4462,4.4384,5.5204
ResNet18-YawAug,2.500,4.9941,5.5451,4.5963,5.5809,4.4248,5.6574
ResNet18-YawAug,2.600,5.0331,5.6632,4.5938,5.7162,4.3968,5.7956
ResNet18-YawAug,2.700,5.0747,5.7831,4.6014,5.8516,4.3872,5.9359
ResNet18-YawAug,2.800,5.1111,5.8946,4.6053,5.9893,4.3645,6.0786
ResNet18-YawAug,2.900,5.1557,6.0087,4.653,6.1242,4.4155,6.2134
ResNet18-YawAug,3.000,5.1947,6.1281,4.705,6.2581,4.4383,6.3547
ResNet18-YawAug,3.100,5.2379,6.2464,4.7441,6.3994,4.4526,6.4999
ResNet18-YawAug,3.200,5.2812,6.3681,4.795,6.5335,4.4732,6.643
ResNet18-YawAug,3.300,5.3254,6.4865,4.8612,6.6631,4.5141,6.7882
ResNet18-YawAug,3.400,5.3785,6.5994,4.9374,6.7891,4.5965,6.9179
ResNet18-YawAug,3.500,5.4357,6.7095,5.0059,6.9211,4.6663,7.0544
ResNet18-YawAug,3.600,5.4917,6.8158,5.0666,7.0559,4.7241,7.1983
ResNet18-YawAug,3.700,5.5504,6.9196,5.1378,7.1886,4.7859,7.3428
ResNet18-YawAug,3.800,5.6122,7.0242,5.2087,7.3147,4.856,7.4798
ResNet18-YawAug,3.900,5.6751,7.1269,5.2961,7.4349,4.9261,7.6093
ResNet18-YawAug,4.000,5.7311,7.2281,5.3791,7.5508,4.992,7.7395
ResNet18-YawAug,4.100,5.7902,7.3273,5.469,7.6594,5.0465,7.8718
ResNet18-YawAug,4.200,5.8558,7.4284,5.5797,7.7396,5.1195,7.9922
ResNet18-YawAug,4.300,5.9228,7.5313,5.7025,7.8031,5.113,8.0601
ResNet18-YawAug,4.400,5.9926,7.6322,5.8145,7.8719,5.0206,8.1102
ResNet18-YawAug,4.500,6.0659,7.7307,5.8938,7.916,5.0163,8.1323
ResNet18-YawAug,4.600,6.1376,7.8327,5.8824,8.0192,5.0589,8.122
ResNet18-YawAug,4.700,6.2116,7.937,5.8695,8.1433,5.0159,8.1094
ResNet18-YawAug,4.800,6.2898,8.0419,5.8633,8.2762,4.9516,8.2373
ResNet18-YawAug,4.900,6.3632,8.1464,5.8202,8.4059,4.8755,8.3602
ResNet18-YawAug,5.000,6.4345,8.2529,5.7805,8.5388,4.8092,8.4902
ResNet18-YawAug,5.100,6.5067,8.3594,5.7286,8.646,4.7365,8.5906
ResNet18-YawAug,5.200,6.5782,8.4683,5.7346,8.6795,4.7406,8.6209
ResNet18-YawAug,5.300,6.6515,8.5797,5.7645,8.7571,4.7602,8.7028
ResNet18-YawAug,5.400,6.7254,8.6901,5.8611,8.7971,4.8574,8.7567
ResNet18-YawAug,5.500,6.7975,8.7934,5.9663,8.8134,4.9631,8.7953
ResNet18-YawAug,5.600,6.8627,8.8927,6.0584,8.8806,5.051,8.8804
ResNet18-YawAug,5.700,6.9256,8.9889,6.1498,8.9728,5.1384,8.9866
ResNet18-YawAug,5.800,6.9999,9.0878,6.2289,9.0874,5.2213,9.105
ResNet18-YawAug,5.900,7.0756,9.1926,6.3189,9.2009,5.3032,9.2346
ResNet18-YawAug,6.000,7.1429,9.3029,6.3807,9.3321,5.3585,9.3815
ResNet18-YawAug,6.100,7.2043,9.4139,6.4735,9.4421,5.4489,9.5097
ResNet18-YawAug,6.200,7.2624,9.5279,6.5668,9.5455,5.5296,9.6381
ResNet18-YawAug,6.300,7.3185,9.6462,6.6948,9.6153,5.6412,9.7502
ResNet18-YawAug,6.400,7.3756,9.7654,6.8185,9.6734,5.7549,9.8413
ResNet18-YawAug,6.500,7.4349,9.8758,6.9343,9.7242,5.8344,9.9462
ResNet18-YawAug,6.600,7.4939,9.9848,7.0158,9.808,5.904,10.0667
ResNet18-YawAug,6.700,7.5524,10.0914,7.0829,9.912,5.9278,10.2192
ResNet18-YawAug,6.800,7.6156,10.1999,7.1727,10.0324,5.9902,10.3651
ResNet18-YawAug,6.900,7.6799,10.3141,7.2457,10.162,6.0359,10.5131
ResNet18-YawAug,7.000,7.7396,10.4247,7.3097,10.2935,6.0811,10.6618
ResNet18-YawAug,7.100,7.7915,10.5374,7.3678,10.4306,6.1213,10.8141
ResNet18-YawAug,7.200,7.84,10.652,7.4415,10.5612,6.1857,10.9586
ResNet18-YawAug,7.300,7.8879,10.7675,7.5145,10.6891,6.2331,11.1069
ResNet18-YawAug,7.400,7.9384,10.8819,7.601,10.8011,6.2996,11.2427
ResNet18-YawAug,7.500,7.9959,10.99,7.6985,10.9033,6.3827,11.3634
ResNet18-YawAug,7.600,8.0646,11.0902,7.8022,10.9911,6.4738,11.4798
ResNet18-YawAug,7.700,8.1399,11.1855,7.8446,11.1175,6.5176,11.6172
ResNet18-YawAug,7.800,8.2171,11.2793,7.9429,11.2254,6.63,11.724
ResNet18-YawAug,7.900,8.298,11.375,8.0551,11.3277,6.7409,11.8366
ResNet18-YawAug,8.000,8.3789,11.4715,8.1753,11.4189,6.8652,11.9383
ResNet18-YawAug,8.100,8.4548,11.5639,8.2864,11.5175,6.991,12.0212
ResNet18-YawAug,8.200,8.5288,11.6595,8.4002,11.6104,7.1113,12.1058
ResNet18-YawAug,8.300,8.6053,11.7565,8.5362,11.6716,7.2377,12.1826
ResNet18-YawAug,8.400,8.6821,11.8533,8.6697,11.7365,7.3667,12.2684
ResNet18-YawAug,8.500,8.7614,11.9492,8.8064,11.7891,7.4923,12.3565
ResNet18-YawAug,8.600,8.8447,12.0386,8.9418,11.8418,7.6182,12.4482
ResNet18-YawAug,8.700,8.9315,12.1216,9.0777,11.8818,7.7296,12.5525
ResNet18-YawAug,8.800,9.0245,12.1984,9.2036,11.9459,7.8316,12.6694
ResNet18-YawAug,8.900,9.1204,12.2723,9.3369,12.0116,7.9603,12.7617
ResNet18-YawAug,9.000,9.2196,12.3537,9.4617,12.0756,8.0805,12.8431
ResNet18-YawAug,9.100,9.3089,12.4355,9.5758,12.1592,8.192,12.939
ResNet18-YawAug,9.200,9.388,12.5213,9.6868,12.2412,8.2951,13.0443
ResNet18-YawAug,9.300,9.4617,12.6111,9.8029,12.3095,8.3979,13.1409
ResNet18-YawAug,9.400,9.5361,12.7077,9.9254,12.3636,8.5015,13.2365
ResNet18-YawAug,9.500,9.6105,12.8082,10.0544,12.3835,8.625,13.27
ResNet18-YawAug,9.600,9.6855,12.9008,10.1919,12.3825,8.763,13.2603
ResNet18-YawAug,9.700,9.7626,12.9874,10.3282,12.3642,8.896,13.313
ResNet18-YawAug,9.800,9.8413,13.0641,10.4508,12.4068,9.0292,13.3601
ResNet18-YawAug,9.900,9.9266,13.1355,10.5789,12.4429,9.1634,13.4062
ResNet18-YawAug,10.000,10.0203,13.2065,10.7013,12.4959,9.2877,13.4734
ResNet18-YawAug,10.100,10.1146,13.2752,10.8222,12.5473,9.4088,13.5382
ResNet18-YawAug,10.200,10.2053,13.3421,10.9467,12.6066,9.5328,13.6109
ResNet18-YawAug,10.300,10.2911,13.4092,11.0725,12.6527,9.6673,13.6731
ResNet18-YawAug,10.400,10.3786,13.4775,11.2118,12.6805,9.8107,13.7228
ResNet18-YawAug,10.500,10.472,13.5446,11.3525,12.7028,9.9511,13.7719
ResNet18-YawAug,10.600,10.57,13.6068,11.4966,12.6972,10.0978,13.7964
ResNet18-YawAug,10.700,10.672,13.6549,11.6429,12.6694,10.2525,13.7996
ResNet18-YawAug,10.800,10.7777,13.6866,11.7957,12.6432,10.4166,13.7948
ResNet18-YawAug,10.900,10.8876,13.707,11.9473,12.6125,10.5789,13.8258
ResNet18-YawAug,11.000,11.0021,13.7228,12.1032,12.5641,10.751,13.825
ResNet18-YawAug,11.100,11.1208,13.7343,12.2587,12.5268,10.9194,13.8299
ResNet18-YawAug,11.200,11.2374,13.7436,12.41,12.4857,11.0859,13.8402
ResNet18-YawAug,11.300,11.3497,13.7575,12.5586,12.4313,11.2521,13.8613
ResNet18-YawAug,11.400,11.4633,13.7769,12.6991,12.3597,11.4108,13.8364
ResNet18-YawAug,11.500,11.5839,13.7952,12.8318,12.2821,11.5721,13.8513
ResNet18-YawAug,11.600,11.7113,13.815,12.9654,12.2055,11.7014,13.7603
ResNet18-YawAug,11.700,11.8359,13.831,13.0917,12.1201,11.8079,13.6724
ResNet18-YawAug,11.800,11.9591,13.8361,13.2086,12.0217,11.9133,13.573
ResNet18-YawAug,11.900,12.0819,13.8263,13.3274,11.9312,12.0425,13.495
ResNet18-YawAug,12.000,12.2104,13.8057,13.4586,11.8462,12.1912,13.4272
ResNet18-YawAug,12.100,12.3422,13.7807,13.6031,11.7869,12.354,13.3727
ResNet18-YawAug,12.200,12.4706,13.752,13.74,11.7225,12.5104,13.3141
ResNet18-YawAug,12.300,12.6,13.7335,13.882,11.6806,12.6648,13.2615
ResNet18-YawAug,12.400,12.7269,13.7191,14.0125,11.6006,12.8034,13.1867
ResNet18-YawAug,12.500,12.8575,13.7035,14.1408,11.5179,12.9409,13.1071
ResNet18-YawAug,12.600,12.993,13.6839,14.2696,11.4467,13.1017,13.0841
ResNet18-YawAug,12.700,13.1284,13.6596,14.3894,11.3771,13.2526,13.0378
ResNet18-YawAug,12.800,13.2588,13.6277,14.5031,11.3073,13.398,12.9831
ResNet18-YawAug,12.900,13.3821,13.5868,14.6309,11.2273,13.5494,12.932
ResNet18-YawAug,13.000,13.5024,13.5411,14.759,11.1461,13.7055,12.9469
ResNet18-YawAug,13.100,13.625,13.4941,14.8935,11.0727,13.8738,12.9394
ResNet18-YawAug,13.200,13.7492,13.4467,15.0246,10.995,14.036,12.8965
ResNet18-YawAug,13.300,13.874,13.4058,15.1536,10.9157,14.2043,12.8606
ResNet18-YawAug,13.400,13.9987,13.3751,15.278,10.8291,14.3606,12.8049
ResNet18-YawAug,13.500,14.1272,13.3505,15.3943,10.725,14.5204,12.758
ResNet18-YawAug,13.600,14.2626,13.3264,15.5015,10.6151,14.6753,12.7038
ResNet18-YawAug,13.700,14.3998,13.2976,15.6118,10.5158,14.8211,12.6318
ResNet18-YawAug,13.800,14.5308,13.2631,15.7107,10.4196,14.9684,12.5569
ResNet18-YawAug,13.900,14.6549,13.2188,15.8328,10.3292,15.1205,12.5107
ResNet18-YawAug,14.000,14.7792,13.1711,15.9586,10.2435,15.2804,12.4908
ResNet18-YawAug,14.100,14.9092,13.1259,16.0927,10.168,15.4485,12.5028
ResNet18-YawAug,14.200,15.0411,13.0839,16.2323,10.0971,15.6197,12.5041
ResNet18-YawAug,14.300,15.1675,13.045,16.3703,10.031,15.7903,12.5142
ResNet18-YawAug,14.400,15.2941,13.0139,16.5029,9.9477,15.9561,12.4884
ResNet18-YawAug,14.500,15.4221,12.9867,16.6336,9.8551,16.1234,12.4728
ResNet18-YawAug,14.600,15.5555,12.9571,16.7635,9.7665,16.2885,12.467
ResNet18-YawAug,14.700,15.6896,12.9255,16.8801,9.6688,16.4385,12.4168
ResNet18-YawAug,14.800,15.8174,12.8934,16.9946,9.577,16.5915,12.352
ResNet18-YawAug,14.900,15.9427,12.8518,17.1222,9.4917,16.7464,12.3054
ResNet18-YawAug,15.000,16.0648,12.8063,17.2453,9.4008,16.9079,12.2752
ResNet18-YawAug,15.100,16.1942,12.7639,17.3653,9.3222,17.0652,12.2768
ResNet18-YawAug,15.200,16.327,12.7229,17.4915,9.2396,17.2204,12.2551
ResNet18-YawAug,15.300,16.4581,12.6866,17.6084,9.1737,17.3612,12.2393
ResNet18-YawAug,15.400,16.5875,12.6589,17.7061,9.0749,17.5156,12.1919
ResNet18-YawAug,15.500,16.7217,12.6383,17.7923,8.9603,17.6558,12.1209
ResNet18-YawAug,15.600,16.8628,12.6135,17.8897,8.8722,17.784,12.0415
ResNet18-YawAug,15.700,17.0057,12.5853,17.9853,8.8025,17.9168,11.9826
ResNet18-YawAug,15.800,17.1374,12.5502,18.0199,8.7885,18.0503,11.9542
ResNet18-YawAug,15.900,17.261,12.507,18.0527,8.7377,18.1546,11.9426
ResNet18-YawAug,16.000,17.3847,12.46,18.1702,8.6606,18.3007,11.9105
ResNet18-YawAug,16.100,17.51,12.4084,18.2938,8.609,18.4572,11.8989
ResNet18-YawAug,16.200,17.6402,12.3565,18.4273,8.5323,18.6121,11.8531
ResNet18-YawAug,16.300,17.7648,12.3107,18.5616,8.4744,18.7615,11.7936
ResNet18-YawAug,16.400,17.888,12.27,18.6815,8.402,18.9163,11.7362
ResNet18-YawAug,16.500,18.0154,12.2262,18.7845,8.3107,19.0667,11.6812
ResNet18-YawAug,16.600,18.1487,12.1776,18.8913,8.2208,19.2191,11.6534
ResNet18-YawAug,16.700,18.2839,12.1311,19.0058,8.1624,19.3598,11.5996
ResNet18-YawAug,16.800,18.4127,12.0859,19.0537,8.1553,19.4996,11.5277
ResNet18-YawAug,16.900,18.5351,12.0344,19.04,8.216,19.6356,11.4887
ResNet18-YawAug,17.000,18.6547,11.9769,19.1089,8.2404,19.7901,11.5092
ResNet18-YawAug,17.100,18.7752,11.9145,19.1565,8.2776,19.9437,11.5554
ResNet18-YawAug,17.200,18.8989,11.8549,19.2867,8.2283,20.102,11.5537
ResNet18-YawAug,17.300,19.0208,11.7981,19.4227,8.1928,20.2597,11.5218
ResNet18-YawAug,17.400,19.141,11.7482,19.5465,8.1585,20.4134,11.4887
ResNet18-YawAug,17.500,19.2643,11.7022,19.6581,8.0687,20.5502,11.4283
ResNet18-YawAug,17.600,19.3937,11.6569,19.7806,7.9928,20.7031,11.4229
ResNet18-YawAug,17.700,19.5253,11.6131,19.9131,7.9283,20.8473,11.3911
ResNet18-YawAug,17.800,19.6518,11.5708,19.9749,7.8775,20.9878,11.3537
ResNet18-YawAug,17.900,19.7749,11.5238,20.0215,7.8483,21.1177,11.3204
ResNet18-YawAug,18.000,19.8948,11.4705,20.1045,7.8377,21.2696,11.3532
ResNet18-YawAug,18.100,20.0185,11.4144,20.1995,7.8222,21.4216,11.4099
ResNet18-YawAug,18.200,20.1456,11.3554,20.3432,7.7886,21.5855,11.4245
ResNet18-YawAug,18.300,20.2708,11.2948,20.4755,7.7573,21.7469,11.4327
ResNet18-YawAug,18.400,20.3958,11.2403,20.566,7.7301,21.9068,11.4484
ResNet18-YawAug,18.500,20.5261,11.1988,20.6598,7.6634,22.0665,11.4445
ResNet18-YawAug,18.600,20.6568,11.157,20.7814,7.5903,22.2276,11.4359
ResNet18-YawAug,18.700,20.7928,11.1186,20.9038,7.5169,22.3796,11.4072
ResNet18-YawAug,18.800,20.9231,11.0797,20.9942,7.4456,22.5391,11.3766
ResNet18-YawAug,18.900,21.0511,11.0387,21.0391,7.4029,22.6982,11.3611
ResNet18-YawAug,19.000,21.1762,10.9936,21.0923,7.3824,22.8617,11.3646
ResNet18-YawAug,19.100,21.3056,10.9488,21.0977,7.4033,23.0107,11.4248
ResNet18-YawAug,19.200,21.4405,10.9047,21.2244,7.3677,23.1633,11.4695
ResNet18-YawAug,19.300,21.5711,10.8628,21.3473,7.367,23.3249,11.4804
ResNet18-YawAug,19.400,21.7024,10.8296,21.3918,7.3639,23.4853,11.485
ResNet18-YawAug,19.500,21.8343,10.8047,21.4732,7.3042,23.6429,11.4555
ResNet18-YawAug,19.600,21.9744,10.7844,21.6024,7.2823,23.8008,11.4382
ResNet18-YawAug,19.700,22.1178,10.7654,21.7392,7.2474,23.9502,11.414
ResNet18-YawAug,19.800,22.2576,10.7473,21.7953,7.2542,24.1052,11.3565
ResNet18-YawAug,19.900,22.3927,10.7235,21.8564,7.2438,24.2629,11.3232
ResNet18-YawAug,20.000,22.5232,10.6954,21.9391,7.2352,24.4281,11.3214
ResNet18-YawAug,20.100,22.6569,10.664,22.0454,7.2301,24.5923,11.3498
ResNet18-YawAug,20.200,22.7912,10.6316,22.1907,7.196,24.7647,11.3489
ResNet18-YawAug,20.300,22.9252,10.5994,22.3302,7.1585,24.9322,11.3355
ResNet18-YawAug,20.400,23.0576,10.5732,22.404,7.1175,25.0903,11.2948
ResNet18-YawAug,20.500,23.1909,10.5548,22.4997,7.0253,25.2366,11.2326
ResNet18-YawAug,20.600,23.3292,10.5374,22.5959,6.922,25.3879,11.1759
ResNet18-YawAug,20.700,23.4709,10.5196,22.7197,6.8412,25.5286,11.0976
ResNet18-YawAug,20.800,23.6079,10.5016,22.7604,6.7936,25.6503,10.9894
ResNet18-YawAug,20.900,23.737,10.4802,22.7175,6.8002,25.7744,10.9061
ResNet18-YawAug,21.000,23.8647,10.4528,22.7553,6.7831,25.9328,10.875
ResNet18-YawAug,21.100,23.9996,10.4197,22.7778,6.7615,26.1,10.8781
ResNet18-YawAug,21.200,24.1351,10.3846,22.8945,6.7079,26.2724,10.8693
ResNet18-YawAug,21.300,24.268,10.3496,23.0279,6.6547,26.4388,10.8553
ResNet18-YawAug,21.400,24.3933,10.3229,23.1414,6.5931,26.6053,10.8381
ResNet18-YawAug,21.500,24.5231,10.3019,23.2406,6.4876,26.763,10.7938
ResNet18-YawAug,21.600,24.6598,10.2841,23.3643,6.4048,26.9261,10.7628
ResNet18-YawAug,21.700,24.8026,10.2666,23.4861,6.3187,27.0846,10.7221
ResNet18-YawAug,21.800,24.9427,10.2503,23.5877,6.2367,27.2324,10.6498
ResNet18-YawAug,21.900,25.0768,10.2293,23.6621,6.1761,27.381,10.5938
ResNet18-YawAug,22.000,25.2074,10.2022,23.7909,6.1131,27.5451,10.5718
ResNet18-YawAug,22.100,25.3416,10.1698,23.8871,6.0509,27.7124,10.5688
ResNet18-YawAug,22.200,25.477,10.1372,24.0286,5.9897,27.8837,10.5613
ResNet18-YawAug,22.300,25.6126,10.1073,24.1655,5.9246,28.0494,10.5444
ResNet18-YawAug,22.400,25.7452,10.0822,24.2955,5.8456,28.2159,10.5261
ResNet18-YawAug,22.500,25.8778,10.0645,24.4171,5.7481,28.3744,10.4838
ResNet18-YawAug,22.600,26.0145,10.0498,24.5432,5.6552,28.5367,10.4543
ResNet18-YawAug,22.700,26.1604,10.035,24.6681,5.562,28.6919,10.4033
ResNet18-YawAug,22.800,26.3003,10.0204,24.7887,5.4725,28.8376,10.3307
ResNet18-YawAug,22.900,26.431,9.9976,24.913,5.3862,28.9875,10.2811
ResNet18-YawAug,23.000,26.5598,9.9675,25.0466,5.3132,29.1506,10.2573
ResNet18-YawAug,23.100,26.6917,9.9326,25.183,5.2404,29.3176,10.257
ResNet18-YawAug,23.200,26.8276,9.8959,25.3339,5.1897,29.4874,10.2632
ResNet18-YawAug,23.300,26.9605,9.8588,25.4791,5.1387,29.6542,10.2493
ResNet18-YawAug,23.400,27.0925,9.8286,25.6215,5.0878,29.8224,10.2484
ResNet18-YawAug,23.500,27.2248,9.8063,25.7473,5.0023,29.9873,10.2325
ResNet18-YawAug,23.600,27.3623,9.7839,25.8869,4.9457,30.1534,10.2064
ResNet18-YawAug,23.700,27.5053,9.762,26.0257,4.8747,30.3167,10.1834
ResNet18-YawAug,23.800,27.6476,9.7399,26.1434,4.8237,30.4685,10.1197
ResNet18-YawAug,23.900,27.7819,9.712,26.2373,4.7508,30.6112,10.0498
ResNet18-YawAug,24.000,27.9123,9.6789,26.3689,4.6888,30.7686,10.0013
ResNet18-YawAug,24.100,28.047,9.6435,26.4966,4.6151,30.9328,9.9691
ResNet18-YawAug,24.200,28.1848,9.6061,26.6349,4.5511,31.0961,9.9362
ResNet18-YawAug,24.300,28.3219,9.5708,26.7679,4.4797,31.2539,9.8959
ResNet18-YawAug,24.400,28.453,9.5401,26.8813,4.3932,31.4084,9.8412
ResNet18-YawAug,24.500,28.5849,9.5152,26.9841,4.2884,31.5501,9.7679
ResNet18-YawAug,24.600,28.7228,9.4915,27.0876,4.1805,31.6938,9.6941
ResNet18-YawAug,24.700,28.8648,9.466,27.1879,4.0661,31.8371,9.6155
ResNet18-YawAug,24.800,29.0029,9.4355,27.2911,3.9652,31.9615,9.5065
ResNet18-YawAug,24.900,29.1336,9.3982,27.4049,3.8693,32.0996,9.4194
ResNet18-YawAug,25.000,29.2606,9.3571,27.5367,3.7895,32.2511,9.3469
ResNet18-YawAug,25.100,29.3914,9.3131,27.6678,3.715,32.4161,9.3033
ResNet18-YawAug,25.200,29.5246,9.269,27.8106,3.6524,32.5789,9.2557
ResNet18-YawAug,25.300,29.6549,9.2244,27.945,3.5879,32.735,9.2028
ResNet18-YawAug,25.400,29.7828,9.1851,28.0657,3.5057,32.8841,9.1311
ResNet18-YawAug,25.500,29.9134,9.1516,28.1776,3.4103,33.0132,9.0298
ResNet18-YawAug,25.600,30.0494,9.1177,28.289,3.3129,33.1579,8.9521
ResNet18-YawAug,25.700,30.181,9.0812,28.392,3.2147,33.2894,8.8661
ResNet18-YawAug,25.800,30.3153,9.0405,28.4412,3.1195,33.414,8.77
ResNet18-YawAug,25.900,30.4419,8.9937,28.4437,3.0513,33.5482,8.7067
ResNet18-YawAug,26.000,30.5678,8.9423,28.5392,2.9633,33.7094,8.6869
ResNet18-YawAug,26.100,30.6969,8.8913,28.6287,2.9001,33.8724,8.7114
ResNet18-YawAug,26.200,30.8319,8.8421,28.7553,2.8199,34.0419,8.7027
ResNet18-YawAug,26.300,30.9623,8.7952,28.8865,2.7536,34.2064,8.7028
ResNet18-YawAug,26.400,31.0902,8.7564,28.9449,2.6693,34.3697,8.6844
ResNet18-YawAug,26.500,31.2206,8.7267,29.025,2.5637,34.5261,8.6462
ResNet18-YawAug,26.600,31.3632,8.694,29.1278,2.4632,34.6843,8.6232
ResNet18-YawAug,26.700,31.5047,8.668,29.2407,2.3725,34.8366,8.5796
ResNet18-YawAug,26.800,31.6413,8.6425,29.3054,2.2801,34.9823,8.5191
ResNet18-YawAug,26.900,31.7708,8.6119,29.3398,2.2086,35.1336,8.4766
ResNet18-YawAug,27.000,31.8987,8.5752,29.4485,2.1222,35.2642,8.424
ResNet18-YawAug,27.100,32.0302,8.5362,29.5611,2.0341,35.4002,8.3631
ResNet18-YawAug,27.200,32.165,8.4981,29.6953,1.9556,35.5451,8.3007
ResNet18-YawAug,27.300,32.2965,8.461,29.8297,1.8785,35.6823,8.2216
ResNet18-YawAug,27.400,32.4255,8.4304,29.9401,1.7735,35.8061,8.1346
ResNet18-YawAug,27.500,32.5569,8.4081,30.042,1.6555,35.9127,8.0169
ResNet18-YawAug,27.600,32.6944,8.3856,30.1453,1.5397,36.0329,7.9148
ResNet18-YawAug,27.700,32.8298,8.3664,30.2537,1.4289,36.1552,7.8155
ResNet18-YawAug,27.800,32.9645,8.3438,30.3459,1.3172,36.253,7.7188
ResNet18-YawAug,27.900,33.0937,8.3151,30.4548,1.2152,36.3826,7.6218
ResNet18-YawAug,28.000,33.2196,8.2792,30.5667,1.1143,36.5426,7.5825
ResNet18-YawAug,28.100,33.3499,8.2368,30.6834,1.0148,36.7082,7.5489
ResNet18-YawAug,28.200,33.4807,8.1898,30.8043,0.922,36.8727,7.5163
ResNet18-YawAug,28.300,33.6085,8.1457,30.9343,0.852,37.0353,7.4935
ResNet18-YawAug,28.400,33.7354,8.1056,31.0559,0.7657,37.2,7.464
ResNet18-YawAug,28.500,33.8637,8.0724,31.1882,0.6961,37.3621,7.4446
ResNet18-YawAug,28.600,33.998,8.0421,31.2957,0.5993,37.5183,7.4082
ResNet18-YawAug,28.700,34.1365,8.0086,31.4042,0.5126,37.6632,7.3592
ResNet18-YawAug,28.800,34.2701,7.9722,31.5142,0.4323,37.8128,7.3
ResNet18-YawAug,28.900,34.3951,7.9265,31.6325,0.3577,37.9611,7.2496
ResNet18-YawAug,29.000,34.5149,7.8739,31.7508,0.2719,38.1159,7.1987
ResNet18-YawAug,29.100,34.6362,7.8144,31.8605,0.1749,38.2495,7.1113
ResNet18-YawAug,29.200,34.7587,7.7548,31.9798,0.0817,38.3648,7.0044
ResNet18-YawAug,29.300,34.8765,7.6973,32.0933,-0.0112,38.4844,6.9077
ResNet18-YawAug,29.400,34.9937,7.6433,32.1987,-0.1159,38.586,6.7919
ResNet18-YawAug,29.500,35.1116,7.5942,32.3057,-0.2259,38.6929,6.682
ResNet18-YawAug,29.600,35.2327,7.544,32.4018,-0.3399,38.7963,6.5672
ResNet18-YawAug,29.700,35.3524,7.4906,32.489,-0.4565,38.9052,6.4615
ResNet18-YawAug,29.800,35.4691,7.4332,32.5619,-0.5805,38.9979,6.3404
ResNet18-YawAug,29.900,35.5777,7.3691,32.6494,-0.6959,39.1021,6.2259
ResNet18-YawAug,30.000,35.6808,7.2989,32.7339,-0.805,39.2034,6.1147
ResNet18-YawAug,30.100,35.7821,7.2233,32.8141,-0.9213,39.3032,6.0102
ResNet18-YawAug,30.200,35.8828,7.1402,32.8958,-1.0329,39.4031,5.903
ResNet18-YawAug,30.300,35.9773,7.0556,32.9555,-1.1551,39.4868,5.7846
ResNet18-YawAug,30.400,36.07,6.976,33.0091,-1.2753,39.558,5.6632
ResNet18-YawAug,30.500,36.1664,6.9005,33.0564,-1.4015,39.6203,5.5343
ResNet18-YawAug,30.600,36.2648,6.8233,33.0694,-1.5323,39.6496,5.397
ResNet18-YawAug,30.700,36.3616,6.7385,33.0279,-1.6557,39.6259,5.2644
ResNet18-YawAug,30.800,36.4477,6.6492,32.9651,-1.7702,39.5649,5.1406
ResNet18-YawAug,30.900,36.5216,6.5545,32.888,-1.8768,39.4912,5.0247
ResNet18-YawAug,31.000,36.5826,6.4537,32.8245,-1.9843,39.4378,4.904
ResNet18-YawAug,31.100,36.6313,6.3444,32.7795,-2.092,39.407,4.782
ResNet18-YawAug,31.200,36.6646,6.2265,32.7149,-2.1676,39.3545,4.6863
ResNet18-YawAug,31.300,36.6802,6.1094,32.6247,-2.2198,39.2739,4.6085
ResNet18-YawAug,31.400,36.6921,5.9975,32.5161,-2.2627,39.1811,4.5344
ResNet18-YawAug,31.500,36.707,5.8908,32.4087,-2.313,39.0864,4.4514
ResNet18-YawAug,31.600,36.7205,5.7778,32.2975,-2.3553,38.9991,4.3674
ResNet18-YawAug,31.700,36.7263,5.6662,32.1725,-2.3518,38.8793,4.3535
ResNet18-YawAug,31.800,36.7135,5.5608,32.0436,-2.3165,38.7436,4.3653
ResNet18-YawAug,31.900,36.6837,5.4632,31.9024,-2.3169,38.5985,4.3411
ResNet18-YawAug,32.000,36.638,5.3724,31.7646,-2.3466,38.4717,4.2666
ResNet18-YawAug,32.100,36.578,5.29,31.6267,-2.3538,38.3404,4.201
ResNet18-YawAug,32.200,36.5062,5.2093,31.4936,-2.3617,38.2048,4.1517
ResNet18-YawAug,32.300,36.4322,5.1403,31.3578,-2.3734,38.0679,4.0947
ResNet18-YawAug,32.400,36.359,5.0697,31.2146,-2.3674,37.9158,4.0562
ResNet18-YawAug,32.500,36.2795,5.001,31.0669,-2.3873,37.7656,4.0011
ResNet18-YawAug,32.600,36.186,4.9376,30.9196,-2.4053,37.6191,3.945
ResNet18-YawAug,32.700,36.0818,4.8799,30.7736,-2.4003,37.4834,3.8972
ResNet18-YawAug,32.800,35.9734,4.8351,30.6256,-2.3694,37.3345,3.892
ResNet18-YawAug,32.900,35.8621,4.8109,30.4739,-2.3323,37.1726,3.9076
ResNet18-YawAug,33.000,35.7459,4.799,30.3143,-2.31,37.0033,3.8964
ResNet18-YawAug,33.100,35.6223,4.7965,30.1547,-2.2891,36.8306,3.8915
ResNet18-YawAug,33.200,35.4998,4.7982,30.0047,-2.254,36.6638,3.8996
ResNet18-YawAug,33.300,35.3779,4.8029,29.8542,-2.2055,36.4964,3.9143
ResNet18-YawAug,33.400,35.2565,4.8072,29.7087,-2.1528,36.3283,3.9315
ResNet18-YawAug,33.500,35.1323,4.8104,29.5727,-2.0827,36.1605,3.9426
ResNet18-YawAug,33.600,34.9999,4.8188,29.4349,-2.0166,35.9958,3.9342
ResNet18-YawAug,33.700,34.8614,4.8303,29.3013,-1.95,35.8388,3.9408
ResNet18-YawAug,33.800,34.725,4.8447,29.1758,-1.8592,35.6777,3.9593
ResNet18-YawAug,33.900,34.5963,4.8712,29.0416,-1.7961,35.5193,3.9646
ResNet18-YawAug,34.000,34.4711,4.9035,28.8977,-1.7369,35.3551,3.9437
ResNet18-YawAug,34.100,34.3428,4.9372,28.7385,-1.7239,35.1971,3.8928
ResNet18-YawAug,34.200,34.2117,4.9709,28.5857,-1.6831,35.0308,3.8671
ResNet18-YawAug,34.300,34.0828,5.0026,28.4346,-1.6417,34.867,3.8623
ResNet18-YawAug,34.400,33.9552,5.0302,28.2934,-1.5874,34.7022,3.8516
ResNet18-YawAug,34.500,33.826,5.051,28.1762,-1.4994,34.5428,3.8799
ResNet18-YawAug,34.600,33.6896,5.0677,28.0547,-1.4075,34.3828,3.89
ResNet18-YawAug,34.700,33.5468,5.0842,27.946,-1.3134,34.2371,3.9287
ResNet18-YawAug,34.800,33.4077,5.1008,27.8376,-1.2087,34.083,3.9742
ResNet18-YawAug,34.900,33.2765,5.1241,27.7246,-1.1169,33.934,3.9883
ResNet18-YawAug,35.000,33.1487,5.1545,27.5904,-1.0492,33.7807,3.9626
ResNet18-YawAug,35.100,33.0167,5.1888,27.4369,-1.0155,33.6257,3.9108
ResNet18-YawAug,35.200,32.8803,5.2225,27.2909,-0.9672,33.4707,3.9517
ResNet18-YawAug,35.300,32.7461,5.2543,27.1372,-0.9239,33.3158,3.9754
ResNet18-YawAug,35.400,32.6129,5.2771,26.9892,-0.8848,33.1475,3.951
ResNet18-YawAug,35.500,32.4765,5.2927,26.8559,-0.8207,32.9837,3.9372
ResNet18-YawAug,35.600,32.3355,5.3055,26.7196,-0.7559,32.8195,3.9267
ResNet18-YawAug,35.700,32.1938,5.3169,26.5728,-0.7021,32.6581,3.9346
ResNet18-YawAug,35.800,32.0569,5.3292,26.4474,-0.6175,32.4983,3.9756
ResNet18-YawAug,35.900,31.9255,5.3481,26.3054,-0.5546,32.34,4.0221
ResNet18-YawAug,36.000,31.7951,5.3749,26.1574,-0.4961,32.1742,4.0411
ResNet18-YawAug,36.100,31.6602,5.4057,25.9969,-0.4602,32.0041,4.0483
ResNet18-YawAug,36.200,31.5235,5.4388,25.8425,-0.4071,31.8304,4.0656
ResNet18-YawAug,36.300,31.3899,5.4744,25.694,-0.3455,31.666,4.1068
ResNet18-YawAug,36.400,31.259,5.504,25.5556,-0.2732,31.5012,4.1494
ResNet18-YawAug,36.500,31.1277,5.5262,25.4346,-0.1838,31.3477,4.2059
ResNet18-YawAug,36.600,30.99,5.5477,25.3185,-0.0847,31.1921,4.2584
ResNet18-YawAug,36.700,30.8479,5.5685,25.2112,0.0209,31.054,4.3271
ResNet18-YawAug,36.800,30.7083,5.5903,25.1295,0.1419,30.9214,4.4076
ResNet18-YawAug,36.900,30.5772,5.6209,25.0243,0.2382,30.7974,4.4675
ResNet18-YawAug,37.000,30.4502,5.661,24.9049,0.3269,30.6453,4.5044
ResNet18-YawAug,37.100,30.3194,5.7036,24.7616,0.386,30.4931,4.5181
ResNet18-YawAug,37.200,30.185,5.7457,24.6187,0.4484,30.3261,4.5431
ResNet18-YawAug,37.300,30.0529,5.7858,24.4781,0.5147,30.1648,4.588
ResNet18-YawAug,37.400,29.9213,5.8198,24.3437,0.5877,30.0018,4.622
ResNet18-YawAug,37.500,29.7892,5.8441,24.2359,0.6894,29.8531,4.6864
ResNet18-YawAug,37.600,29.6527,5.8692,24.1263,0.7944,29.698,4.7384
ResNet18-YawAug,37.700,29.5145,5.8951,24.0189,0.9019,29.5489,4.7989
ResNet18-YawAug,37.800,29.3802,5.9205,23.9192,1.0135,29.4051,4.8724
ResNet18-YawAug,37.900,29.2526,5.952,23.8138,1.1141,29.2683,4.9467
ResNet18-YawAug,38.000,29.1278,5.9897,23.6847,1.198,29.1111,4.9979
ResNet18-YawAug,38.100,28.9987,6.03,23.5418,1.2668,28.9482,5.0451
ResNet18-YawAug,38.200,28.8665,6.0683,23.4007,1.3367,28.7874,5.0988
ResNet18-YawAug,38.300,28.7374,6.1031,23.2624,1.4094,28.6307,5.1603
ResNet18-YawAug,38.400,28.6108,6.1363,23.1271,1.4896,28.4732,5.2218
ResNet18-YawAug,38.500,28.4833,6.1617,23.0037,1.578,28.3249,5.2918
ResNet18-YawAug,38.600,28.3498,6.1848,22.8838,1.6743,28.2074,5.3963
ResNet18-YawAug,38.700,28.2112,6.2107,22.7702,1.777,28.1006,5.4925
ResNet18-YawAug,38.800,28.0783,6.2377,22.6853,1.9019,27.9691,5.5444
ResNet18-YawAug,38.900,27.953,6.2713,22.5832,2.0077,27.8719,5.6254
ResNet18-YawAug,39.000,27.8317,6.3127,22.4629,2.0886,27.7355,5.6794
ResNet18-YawAug,39.100,27.71,6.3598,22.3281,2.1406,27.6117,5.6898
ResNet18-YawAug,39.200,27.5862,6.4101,22.202,2.2059,27.4633,5.7056
ResNet18-YawAug,39.300,27.4671,6.4609,22.0845,2.2806,27.3258,5.7136
ResNet18-YawAug,39.400,27.3487,6.5064,21.9689,2.3571,27.1897,5.6937
ResNet18-YawAug,39.500,27.2299,6.5447,21.8585,2.444,27.0448,5.7396
ResNet18-YawAug,39.600,27.1096,6.5798,21.7351,2.4853,26.9024,5.7224
ResNet18-YawAug,39.700,26.9887,6.6195,21.6287,2.4942,26.7857,5.736
ResNet18-YawAug,39.800,26.8727,6.6651,21.5831,2.5611,26.734,5.7721
ResNet18-YawAug,39.900,26.7638,6.7169,21.5694,2.6504,26.7038,5.8376
ResNet18-YawAug,40.000,26.6583,6.7729,21.5379,2.7202,26.6443,5.9188
ResNet18-YawAug,40.100,26.551,6.8296,21.5178,2.8158,26.6031,6.0384
ResNet18-YawAug,40.200,26.4459,6.886,21.4839,2.9038,26.5407,6.1389
ResNet18-YawAug,40.300,26.3454,6.9416,21.4486,2.988,26.5216,6.2278
ResNet18-YawAug,40.400,26.2502,6.9964,21.4409,3.0883,26.4973,6.3505
ResNet18-YawAug,40.500,26.1608,7.0479,21.4263,3.2048,26.4689,6.472
ResNet18-YawAug,40.600,26.0742,7.0946,21.3875,3.3288,26.4226,6.604
ResNet18-YawAug,40.700,25.9926,7.1389,21.3487,3.4577,26.3831,6.7327
ResNet18-YawAug,40.800,25.9157,7.1833,21.2994,3.588,26.3276,6.8547
ResNet18-YawAug,40.900,25.8388,7.2306,21.2131,3.6949,26.2086,6.9385
ResNet18-YawAug,41.000,25.757,7.2805,21.1024,3.7845,26.0737,6.9932
ResNet18-YawAug,41.100,25.6721,7.3327,20.9832,3.8731,25.9382,7.0621
ResNet18-YawAug,41.200,25.5821,7.3813,20.8558,3.9467,25.8024,7.1298
ResNet18-YawAug,41.300,25.4824,7.4168,20.7112,4.0011,25.6436,7.1524
ResNet18-YawAug,41.400,25.3749,7.4417,20.5679,4.0591,25.4762,7.16
ResNet18-YawAug,41.500,25.2617,7.464,20.4404,4.1404,25.3128,7.1848
ResNet18-YawAug,41.600,25.143,7.4854,20.3194,4.2407,25.1589,7.2303
ResNet18-YawAug,41.700,25.0191,7.5039,20.2025,4.3385,25.0127,7.2893
ResNet18-YawAug,41.800,24.8955,7.5258,20.09,4.4518,24.8687,7.3535
ResNet18-YawAug,41.900,24.7743,7.5581,19.9676,4.5479,24.7271,7.4271
ResNet18-YawAug,42.000,24.6553,7.5986,19.8289,4.6308,24.5778,7.4933
ResNet18-YawAug,42.100,24.5331,7.6416,19.6745,4.6922,24.4259,7.5591
ResNet18-YawAug,42.200,24.4069,7.6876,19.5232,4.757,24.2743,7.629
ResNet18-YawAug,42.300,24.2818,7.732,19.3682,4.8115,24.1219,7.7005
ResNet18-YawAug,42.400,24.1576,7.7668,19.227,4.8851,23.958,7.7596
ResNet18-YawAug,42.500,24.031,7.7944,19.0936,4.971,23.8087,7.8398
ResNet18-YawAug,42.600,23.8971,7.8231,18.9531,5.0502,23.666,7.93
ResNet18-YawAug,42.700,23.7577,7.8541,18.8269,5.1465,23.5151,7.9776
ResNet18-YawAug,42.800,23.6237,7.8852,18.7049,5.2488,23.3706,8.0418
ResNet18-YawAug,42.900,23.495,7.9234,18.5805,5.3493,23.2178,8.0885
ResNet18-YawAug,43.000,23.3689,7.9711,18.4436,5.4282,23.0617,8.1164
ResNet18-YawAug,43.100,23.2403,8.0227,18.2939,5.4842,22.8982,8.1239
ResNet18-YawAug,43.200,23.1083,8.0726,18.1486,5.535,22.7384,8.1414
ResNet18-YawAug,43.300,22.9787,8.1165,17.9997,5.5794,22.5865,8.136
ResNet18-YawAug,43.400,22.8481,8.1484,17.8636,5.6347,22.4398,8.1651
ResNet18-YawAug,43.500,22.7155,8.173,17.7475,5.727,22.3098,8.2459
ResNet18-YawAug,43.600,22.5791,8.1981,17.6238,5.8149,22.1796,8.3389
ResNet18-YawAug,43.700,22.4415,8.2262,17.5021,5.9054,22.0459,8.4161
ResNet18-YawAug,43.800,22.3067,8.2562,17.3988,6.0177,21.8977,8.4875
ResNet18-YawAug,43.900,22.1765,8.2901,17.2912,6.116,21.7449,8.5434
ResNet18-YawAug,44.000,22.0475,8.327,17.1532,6.1724,21.5865,8.5832
ResNet18-YawAug,44.100,21.9159,8.3658,16.9985,6.2023,21.4311,8.628
ResNet18-YawAug,44.200,21.7838,8.3992,16.8542,6.2516,21.2642,8.6573
ResNet18-YawAug,44.300,21.6538,8.4274,16.7074,6.2941,21.0988,8.6746
ResNet18-YawAug,44.400,21.5246,8.4491,16.5724,6.3564,20.934,8.7124
ResNet18-YawAug,44.500,21.3943,8.4658,16.4277,6.3909,20.7728,8.7165
ResNet18-YawAug,44.600,21.2578,8.4833,16.285,6.451,20.6274,8.7833
ResNet18-YawAug,44.700,21.1183,8.501,16.1554,6.5253,20.4854,8.8086
ResNet18-YawAug,44.800,20.984,8.5199,16.03,6.6055,20.3731,8.8858
ResNet18-YawAug,44.900,20.8549,8.5448,15.8878,6.6558,20.2219,8.9117
ResNet18-YawAug,45.000,20.7275,8.5756,15.7337,6.669,20.068,8.9523
ResNet18-YawAug,45.100,20.5981,8.6089,15.5757,6.661,19.9072,8.958
ResNet18-YawAug,45.200,20.465,8.6425,15.4242,6.6881,19.7505,8.9855
ResNet18-YawAug,45.300,20.3344,8.6729,15.2738,6.7145,19.5967,9.0121
ResNet18-YawAug,45.400,20.2056,8.6956,15.1402,6.7725,19.4588,9.0624
ResNet18-YawAug,45.500,20.0771,8.7139,15.0077,6.8328,19.3141,9.1154
ResNet18-YawAug,45.600,19.9448,8.7353,14.8773,6.8951,19.1631,9.1331
ResNet18-YawAug,45.700,19.8101,8.7571,14.7575,6.9753,19.016,9.1423
ResNet18-YawAug,45.800,19.6789,8.7793,14.6554,7.0817,18.8644,9.1526
ResNet18-YawAug,45.900,19.5479,8.8051,14.5317,7.153,18.7216,9.1129
ResNet18-YawAug,46.000,19.4232,8.8357,14.4037,7.1892,18.5912,9.0404
ResNet18-YawAug,46.100,19.2944,8.8666,14.2587,7.1913,18.4789,8.9325
ResNet18-YawAug,46.200,19.163,8.8963,14.1191,7.2103,18.3399,8.8642
ResNet18-YawAug,46.300,19.0355,8.9224,13.9806,7.2483,18.2147,8.8298
ResNet18-YawAug,46.400,18.9096,8.9388,13.8661,7.3244,18.0709,8.8592
ResNet18-YawAug,46.500,18.7827,8.9459,13.7425,7.4006,17.9269,8.911
ResNet18-YawAug,46.600,18.6515,8.9491,13.6091,7.461,17.7772,8.896
ResNet18-YawAug,46.700,18.5164,8.9502,13.4829,7.5256,17.6332,8.8744
ResNet18-YawAug,46.800,18.3863,8.9495,13.3554,7.5917,17.4794,8.871
ResNet18-YawAug,46.900,18.2606,8.9551,13.2247,7.6504,17.3328,8.8845
ResNet18-YawAug,47.000,18.1345,8.9645,13.0954,7.7054,17.1843,8.8945
ResNet18-YawAug,47.100,18.0057,8.9722,12.9647,7.7432,17.0266,8.8796
ResNet18-YawAug,47.200,17.8743,8.9758,12.8349,7.7394,16.883,8.8381
ResNet18-YawAug,47.300,17.7468,8.9679,12.7053,7.7433,16.7424,8.7906
ResNet18-YawAug,47.400,17.6239,8.9462,12.5846,7.753,16.6088,8.7729
ResNet18-YawAug,47.500,17.5059,8.9126,12.4555,7.7741,16.4674,8.7688
ResNet18-YawAug,47.600,17.3891,8.8701,12.3272,7.7967,16.3243,8.7436
ResNet18-YawAug,47.700,17.2742,8.8189,12.2008,7.7898,16.1973,8.6748
ResNet18-YawAug,47.800,17.1698,8.7634,12.0758,7.7933,16.0621,8.6405
ResNet18-YawAug,47.900,17.0729,8.709,11.9503,7.7753,15.928,8.5703
ResNet18-YawAug,48.000,16.9783,8.6513,11.8258,7.7573,15.799,8.4981
ResNet18-YawAug,48.100,16.8866,8.5833,11.7339,7.6706,15.6811,8.4057
ResNet18-YawAug,48.200,16.8014,8.5057,11.6521,7.5747,15.5777,8.3049
ResNet18-YawAug,48.300,16.7309,8.422,11.5955,7.4572,15.5089,8.1803
ResNet18-YawAug,48.400,16.6716,8.3317,11.5156,7.3548,15.421,8.0713
ResNet18-YawAug,48.500,16.6279,8.2352,11.4324,7.2535,15.3381,7.9586
ResNet18-YawAug,48.600,16.5941,8.1313,11.368,7.1376,15.2791,7.8298
ResNet18-YawAug,48.700,16.5694,8.0214,11.3294,7.0164,15.2322,7.7023
ResNet18-YawAug,48.800,16.5561,7.9137,11.2837,6.8958,15.1877,7.5746
ResNet18-YawAug,48.900,16.5495,7.8125,11.2621,6.7635,15.1745,7.4305
ResNet18-YawAug,49.000,16.5492,7.7132,11.2504,6.6293,15.1593,7.2864
ResNet18-YawAug,49.100,16.5595,7.61,11.2759,6.4907,15.2142,7.1519
ResNet18-YawAug,49.200,16.5796,7.5035,11.3473,6.3661,15.3161,7.0418
ResNet18-YawAug,49.300,16.6066,7.3999,11.4197,6.2432,15.4221,6.9355
ResNet18-YawAug,49.400,16.6489,7.3044,11.4655,6.1232,15.5278,6.8342
ResNet18-YawAug,49.500,16.7054,7.2174,11.49,5.9866,15.5597,6.7042
ResNet18-YawAug,49.600,16.773,7.1328,11.5278,5.8497,15.5975,6.5587
ResNet18-YawAug,49.700,16.8518,7.0486,11.5704,5.7118,15.6582,6.4184
ResNet18-YawAug,49.800,16.9344,6.9694,11.6164,5.5952,15.7418,6.3016
ResNet18-YawAug,49.900,17.0144,6.8949,11.6932,5.4747,15.8448,6.1869
ResNet18-YawAug,50.000,17.0927,6.82,11.7916,5.3692,15.9763,6.106
ResNet18-YawAug,50.100,17.1779,6.7433,11.9075,5.273,16.1153,6.0321
ResNet18-YawAug,50.200,17.2708,6.6647,12.0424,5.1988,16.2673,5.9731
ResNet18-YawAug,50.300,17.3672,6.5851,12.1781,5.1302,16.4156,5.9163
ResNet18-YawAug,50.400,17.4661,6.5111,12.3185,5.0737,16.5648,5.8711
ResNet18-YawAug,50.500,17.5721,6.4504,12.4489,4.9991,16.7156,5.8321
ResNet18-YawAug,50.600,17.6839,6.3934,12.5756,4.9118,16.8601,5.797
ResNet18-YawAug,50.700,17.8026,6.3353,12.6982,4.8219,17.0155,5.8089
ResNet18-YawAug,50.800,17.9242,6.2785,12.8135,4.7337,17.1575,5.7639
ResNet18-YawAug,50.900,18.0427,6.222,12.8911,4.6701,17.2986,5.7203
ResNet18-YawAug,51.000,18.1557,6.158,12.9995,4.574,17.4472,5.6999
ResNet18-YawAug,51.100,18.2698,6.0911,13.1183,4.4849,17.5972,5.7379
ResNet18-YawAug,51.200,18.3875,6.0217,13.2013,4.4475,17.7486,5.7866
ResNet18-YawAug,51.300,18.5074,5.9519,13.3294,4.3962,17.9078,5.8011
ResNet18-YawAug,51.400,18.6274,5.8851,13.468,4.3598,18.0679,5.8169
ResNet18-YawAug,51.500,18.7488,5.8301,13.5957,4.2918,18.2286,5.8194
ResNet18-YawAug,51.600,18.8737,5.7821,13.7228,4.2107,18.3674,5.7761
ResNet18-YawAug,51.700,19.0047,5.7357,13.8489,4.1191,18.4875,5.6744
ResNet18-YawAug,51.800,19.1383,5.6926,13.969,4.0223,18.6103,5.5767
ResNet18-YawAug,51.900,19.2666,5.6524,14.0891,3.935,18.7404,5.49
ResNet18-YawAug,52.000,19.3895,5.6082,14.2134,3.8651,18.8863,5.4451
ResNet18-YawAug,52.100,19.5116,5.5613,14.3508,3.7975,19.0393,5.4281
ResNet18-YawAug,52.200,19.6371,5.5134,14.4904,3.7515,19.1959,5.3822
ResNet18-YawAug,52.300,19.7648,5.4657,14.6338,3.6911,19.3422,5.3116
ResNet18-YawAug,52.400,19.8894,5.4199,14.7751,3.6348,19.501,5.267
ResNet18-YawAug,52.500,20.0172,5.3854,14.9082,3.5676,19.6634,5.2229
ResNet18-YawAug,52.600,20.1453,5.3559,15.0356,3.484,19.8183,5.1702
ResNet18-YawAug,52.700,20.279,5.3239,15.1667,3.4042,19.98,5.1505
ResNet18-YawAug,52.800,20.4158,5.2915,15.2896,3.3193,20.123,5.0995
ResNet18-YawAug,52.900,20.5482,5.2593,15.3988,3.2481,20.2661,5.0379
ResNet18-YawAug,53.000,20.6751,5.2184,15.4984,3.1841,20.4157,4.9762
ResNet18-YawAug,53.100,20.7992,5.1717,15.623,3.1031,20.574,4.9561
ResNet18-YawAug,53.200,20.929,5.1202,15.7459,3.0311,20.7374,4.9617
ResNet18-YawAug,53.300,21.0586,5.0706,15.8826,2.9585,20.904,4.9421
ResNet18-YawAug,53.400,21.1853,5.0234,16.0152,2.8893,21.0654,4.8981
ResNet18-YawAug,53.500,21.3118,4.9813,16.1362,2.8048,21.2217,4.8463
ResNet18-YawAug,53.600,21.4428,4.9453,16.2513,2.701,21.3705,4.7812
ResNet18-YawAug,53.700,21.5793,4.9099,16.3677,2.5983,21.5243,4.7425
ResNet18-YawAug,53.800,21.7191,4.8749,16.477,2.4926,21.6614,4.6777
ResNet18-YawAug,53.900,21.8539,4.84,16.5816,2.3987,21.8018,4.6064
ResNet18-YawAug,54.000,21.9834,4.7979,16.6952,2.3014,21.9455,4.5497
ResNet18-YawAug,54.100,22.11,4.7495,16.817,2.2072,22.0965,4.4987
ResNet18-YawAug,54.200,22.2389,4.6972,16.9379,2.1158,22.2382,4.4561
ResNet18-YawAug,54.300,22.3701,4.6448,17.0636,2.0199,22.3865,4.3968
ResNet18-YawAug,54.400,22.4993,4.5955,17.1891,1.9336,22.5412,4.3337
ResNet18-YawAug,54.500,22.6276,4.5535,17.2978,1.8293,22.6864,4.2534
ResNet18-YawAug,54.600,22.7581,4.5181,17.3977,1.7099,22.8186,4.153
ResNet18-YawAug,54.700,22.8944,4.4819,17.4976,1.5934,22.9648,4.085
ResNet18-YawAug,54.800,23.0315,4.4452,17.6015,1.4857,23.0999,4.0031
ResNet18-YawAug,54.900,23.1644,4.4085,17.6835,1.3815,23.2295,3.9141
ResNet18-YawAug,55.000,23.2906,4.3659,17.7881,1.2817,23.3734,3.8438
ResNet18-YawAug,55.100,23.4142,4.3163,17.9103,1.2001,23.5323,3.8029
ResNet18-YawAug,55.200,23.539,4.261,18.0403,1.1257,23.7,3.7854
ResNet18-YawAug,55.300,23.6663,4.2053,18.1786,1.0532,23.8713,3.7721
ResNet18-YawAug,55.400,23.7908,4.1515,18.3189,0.9966,24.0385,3.7447
ResNet18-YawAug,55.500,23.9168,4.1009,18.4448,0.9233,24.2027,3.7104
ResNet18-YawAug,55.600,24.0452,4.0586,18.5674,0.8339,24.3522,3.6398
ResNet18-YawAug,55.700,24.1775,4.0193,18.6916,0.7459,24.5129,3.5928
ResNet18-YawAug,55.800,24.3145,3.9793,18.8158,0.6583,24.6605,3.5236
ResNet18-YawAug,55.900,24.4488,3.9393,18.9288,0.5859,24.8112,3.4614
ResNet18-YawAug,56.000,24.5761,3.8928,19.0509,0.5031,24.9645,3.4159
ResNet18-YawAug,56.100,24.6994,3.8421,19.1858,0.4405,25.1275,3.3928
ResNet18-YawAug,56.200,24.8268,3.7875,19.3275,0.3895,25.296,3.4172
ResNet18-YawAug,56.300,24.9573,3.7358,19.4755,0.3384,25.4661,3.4317
ResNet18-YawAug,56.400,25.0865,3.6874,19.6239,0.2951,25.6364,3.4309
ResNet18-YawAug,56.500,25.2134,3.646,19.7527,0.2304,25.8048,3.4211
ResNet18-YawAug,56.600,25.3422,3.612,19.8761,0.1424,25.9658,3.386
ResNet18-YawAug,56.700,25.4763,3.5795,19.9983,0.0504,26.1291,3.3666
ResNet18-YawAug,56.800,25.6141,3.5486,20.1172,-0.0416,26.2782,3.318
ResNet18-YawAug,56.900,25.7497,3.5177,20.2253,-0.1206,26.4264,3.2568
ResNet18-YawAug,57.000,25.8791,3.4808,20.3452,-0.1989,26.574,3.2149
ResNet18-YawAug,57.100,26.0062,3.4393,20.4788,-0.2582,26.7298,3.1793
ResNet18-YawAug,57.200,26.1374,3.3978,20.6167,-0.311,26.8873,3.2037
ResNet18-YawAug,57.300,26.2709,3.3579,20.7608,-0.3686,27.0534,3.2099
ResNet18-YawAug,57.400,26.403,3.321,20.9052,-0.4193,27.2215,3.2026
ResNet18-YawAug,57.500,26.5357,3.2933,21.031,-0.4815,27.39,3.1862
ResNet18-YawAug,57.600,26.6684,3.2729,21.1457,-0.5701,27.5524,3.1719
ResNet18-YawAug,57.700,26.8051,3.2543,21.2599,-0.664,27.713,3.1789
ResNet18-YawAug,57.800,26.9433,3.2355,21.3672,-0.7564,27.8652,3.1737
ResNet18-YawAug,57.900,27.079,3.2149,21.4644,-0.8292,28.0121,3.1475
ResNet18-YawAug,58.000,27.2057,3.1872,21.5276,-0.9261,28.1472,3.1501
ResNet18-YawAug,58.100,27.3329,3.1526,21.6463,-1.0017,28.3012,3.1501
ResNet18-YawAug,58.200,27.4664,3.1162,21.7109,-1.0299,28.4206,3.2411
ResNet18-YawAug,58.300,27.6033,3.0817,21.8399,-1.0837,28.557,3.3031
ResNet18-YawAug,58.400,27.7381,3.0479,21.963,-1.1064,28.7038,3.3123
ResNet18-YawAug,58.500,27.8713,3.0204,22.0768,-1.163,28.8542,3.3356
ResNet18-YawAug,58.600,28.0078,2.9989,22.1889,-1.2688,28.9894,3.3513
ResNet18-YawAug,58.700,28.1485,2.9743,22.3159,-1.3557,29.1464,3.3648
ResNet18-YawAug,58.800,28.292,2.9508,22.4489,-1.4359,29.2899,3.3904
ResNet18-YawAug,58.900,28.4301,2.9283,22.5685,-1.5069,29.4398,3.3933
ResNet18-YawAug,59.000,28.5613,2.8978,22.7019,-1.5831,29.6044,3.3987
ResNet18-YawAug,59.100,28.6896,2.8611,22.8491,-1.6402,29.7718,3.3933
ResNet18-YawAug,59.200,28.8206,2.8221,22.9989,-1.6665,29.9334,3.4425
ResNet18-YawAug,59.300,28.9546,2.7802,23.1544,-1.7039,30.1064,3.4632
ResNet18-YawAug,59.400,29.0874,2.7422,23.3045,-1.7236,30.2751,3.4902
ResNet18-YawAug,59.500,29.2191,2.7116,23.4375,-1.7542,30.4438,3.5082
ResNet18-YawAug,59.600,29.3522,2.6878,23.5553,-1.8339,30.6062,3.526
ResNet18-YawAug,59.700,29.4912,2.666,23.664,-1.9272,30.7204,3.4834
ResNet18-YawAug,59.800,29.6344,2.6462,23.7712,-2.0262,30.832,3.3835
ResNet18-YawAug,59.900,29.773,2.6252,23.8461,-2.1186,30.9069,3.2763
ResNet18-YawAug,60.000,29.9053,2.5996,23.8846,-2.1676,30.9736,3.1605
ResNet18-YawAug,60.100,30.0371,2.5701,23.9457,-2.1607,31.091,3.1162
ResNet18-YawAug,60.200,30.1712,2.5425,24.0318,-2.1411,31.1761,3.0121
ResNet18-YawAug,60.300,30.3078,2.5176,24.1651,-2.153,31.3011,2.9521
ResNet18-YawAug,60.400,30.4438,2.4922,24.3074,-2.16,31.4349,2.9242
ResNet18-YawAug,60.500,30.5803,2.4756,24.4302,-2.106,31.5776,2.928
ResNet18-YawAug,60.600,30.7166,2.4638,24.5678,-2.0661,31.6964,2.8468
ResNet18-YawAug,60.700,30.8563,2.4507,24.7033,-2.0258,31.7947,2.7465
ResNet18-YawAug,60.800,30.9984,2.4362,24.835,-1.9815,31.9173,2.7154
ResNet18-YawAug,60.900,31.1371,2.4175,24.9662,-1.9524,31.9747,2.607
ResNet18-YawAug,61.000,31.2714,2.3885,25.0919,-1.9166,32.0651,2.527
ResNet18-YawAug,61.100,31.4054,2.3567,25.2194,-1.8743,32.1835,2.4587
ResNet18-YawAug,61.200,31.5441,2.3219,25.3424,-1.8167,32.32,2.4809
ResNet18-YawAug,61.300,31.6844,2.2863,25.4789,-1.7889,32.4701,2.5142
ResNet18-YawAug,61.400,31.8195,2.257,25.6125,-1.7489,32.6096,2.5326
ResNet18-YawAug,61.500,31.9536,2.2263,25.7516,-1.7434,32.7614,2.5531
ResNet18-YawAug,61.600,32.0853,2.1977,25.8766,-1.7849,32.9087,2.5615
ResNet18-YawAug,61.700,32.218,2.1636,26.0131,-1.8005,33.0658,2.5525
ResNet18-YawAug,61.800,32.3519,2.1295,26.1484,-1.8087,33.2169,2.5342
ResNet18-YawAug,61.900,32.4808,2.0947,26.281,-1.8577,33.3503,2.4731
ResNet18-YawAug,62.000,32.6058,2.051,26.3752,-1.9543,33.466,2.3683
ResNet18-YawAug,62.100,32.7278,2.0041,26.4276,-1.9832,33.5935,2.2824
ResNet18-YawAug,62.200,32.8526,1.9553,26.537,-2.0341,33.7356,2.2098
ResNet18-YawAug,62.300,32.9815,1.9073,26.6534,-2.1166,33.8639,2.1115
ResNet18-YawAug,62.400,33.1085,1.8604,26.7716,-2.1948,33.9863,2.0146
ResNet18-YawAug,62.500,33.233,1.8192,26.9025,-2.2398,34.1158,1.9293
ResNet18-YawAug,62.600,33.3559,1.786,27.0299,-2.3016,34.2358,1.8289
ResNet18-YawAug,62.700,33.4804,1.7574,27.1458,-2.3801,34.3234,1.7105
ResNet18-YawAug,62.800,33.6075,1.7246,27.2563,-2.449,34.3907,1.5899
ResNet18-YawAug,62.900,33.733,1.6844,27.3642,-2.5298,34.4353,1.4465
ResNet18-YawAug,63.000,33.8468,1.6336,27.4772,-2.5998,34.4596,1.2906
ResNet18-YawAug,63.100,33.9545,1.5778,27.5844,-2.6879,34.52,1.151
ResNet18-YawAug,63.200,34.0572,1.5153,27.6765,-2.7992,34.6031,1.019
ResNet18-YawAug,63.300,34.1595,1.4445,27.7747,-2.9097,34.7116,0.8916
ResNet18-YawAug,63.400,34.2583,1.3693,27.8726,-3.0221,34.8234,0.7685
ResNet18-YawAug,63.500,34.3517,1.2979,27.9575,-3.1458,34.9349,0.6449
ResNet18-YawAug,63.600,34.4453,1.2322,28.0342,-3.2764,35.0395,0.515
ResNet18-YawAug,63.700,34.5412,1.1635,28.1054,-3.4118,35.1457,0.3833
ResNet18-YawAug,63.800,34.6387,1.0847,28.1662,-3.5477,35.2533,0.2554
ResNet18-YawAug,63.900,34.7384,1.0016,28.2182,-3.6863,35.3346,0.1142
ResNet18-YawAug,64.000,34.8301,0.9146,28.2577,-3.832,35.4103,-0.0362
ResNet18-YawAug,64.100,34.9087,0.8191,28.3021,-3.9777,35.4651,-0.1925
ResNet18-YawAug,64.200,34.9803,0.7172,28.3491,-4.1184,35.5676,-0.3275
ResNet18-YawAug,64.300,35.0534,0.6104,28.3993,-4.266,35.6279,-0.485
ResNet18-YawAug,64.400,35.1293,0.5003,28.4397,-4.4111,35.6913,-0.6333
ResNet18-YawAug,64.500,35.2039,0.3946,28.4846,-4.5516,35.764,-0.7785
ResNet18-YawAug,64.600,35.2754,0.2961,28.5213,-4.6917,35.8385,-0.9197
ResNet18-YawAug,64.700,35.3523,0.2022,28.5539,-4.8334,35.9217,-1.0496
ResNet18-YawAug,64.800,35.43,0.1013,28.5739,-4.9669,35.9485,-1.1958
ResNet18-YawAug,64.900,35.508,-0.0057,28.5473,-5.1033,35.9214,-1.3488
ResNet18-YawAug,65.000,35.5803,-0.1128,28.5016,-5.2349,35.8743,-1.4973
ResNet18-YawAug,65.100,35.6418,-0.2196,28.412,-5.3558,35.8104,-1.644
ResNet18-YawAug,65.200,35.693,-0.3298,28.3561,-5.4883,35.7681,-1.7951
ResNet18-YawAug,65.300,35.739,-0.4441,28.3006,-5.6187,35.7327,-1.9481
ResNet18-YawAug,65.400,35.7807,-0.5612,28.2842,-5.7534,35.7036,-2.0998
ResNet18-YawAug,65.500,35.8154,-0.6763,28.2421,-5.8744,35.6816,-2.2371
ResNet18-YawAug,65.600,35.8478,-0.7889,28.1848,-5.9922,35.6355,-2.3782
ResNet18-YawAug,65.700,35.8769,-0.8987,28.1063,-6.1045,35.5764,-2.5118
ResNet18-YawAug,65.800,35.8992,-1.0148,28.0458,-6.2187,35.5336,-2.6419
ResNet18-YawAug,65.900,35.913,-1.1365,27.9767,-6.3238,35.4756,-2.761
ResNet18-YawAug,66.000,35.9163,-1.2586,27.8651,-6.3867,35.3607,-2.8333
ResNet18-YawAug,66.100,35.9056,-1.3757,27.736,-6.4338,35.2297,-2.8989
ResNet18-YawAug,66.200,35.8787,-1.4864,27.6197,-6.4972,35.1297,-3.0037
ResNet18-YawAug,66.300,35.8348,-1.5962,27.5096,-6.5724,35.0245,-3.109
ResNet18-YawAug,66.400,35.7852,-1.7047,27.4078,-6.6522,34.9223,-3.2109
ResNet18-YawAug,66.500,35.7268,-1.8063,27.2904,-6.7009,34.799,-3.2837
ResNet18-YawAug,66.600,35.6669,-1.9002,27.1702,-6.7533,34.6735,-3.3639
ResNet18-YawAug,66.700,35.6084,-1.9912,27.0431,-6.7975,34.5519,-3.4486
ResNet18-YawAug,66.800,35.5429,-2.082,26.9146,-6.8545,34.4364,-3.5367
ResNet18-YawAug,66.900,35.4677,-2.1718,26.7816,-6.8845,34.3111,-3.5946
ResNet18-YawAug,67.000,35.3828,-2.2563,26.6419,-6.8785,34.1718,-3.6091
ResNet18-YawAug,67.100,35.2918,-2.3275,26.4964,-6.8692,34.0273,-3.6354
ResNet18-YawAug,67.200,35.1933,-2.3843,26.3461,-6.8729,33.8832,-3.6972
ResNet18-YawAug,67.300,35.0889,-2.4319,26.1963,-6.8868,33.7398,-3.7714
ResNet18-YawAug,67.400,34.9782,-2.4747,26.046,-6.893,33.5832,-3.8215
ResNet18-YawAug,67.500,34.8632,-2.5093,25.8975,-6.8805,33.4241,-3.8514
ResNet18-YawAug,67.600,34.7493,-2.5403,25.7494,-6.8533,33.2633,-3.8744
ResNet18-YawAug,67.700,34.6373,-2.5735,25.6075,-6.8133,33.0998,-3.8832
ResNet18-YawAug,67.800,34.5184,-2.6035,25.4583,-6.7863,32.9396,-3.9065
ResNet18-YawAug,67.900,34.3898,-2.629,25.3079,-6.7732,32.7814,-3.9166
ResNet18-YawAug,68.000,34.2561,-2.649,25.1671,-6.7169,32.6318,-3.8849
ResNet18-YawAug,68.100,34.1277,-2.6593,25.0332,-6.6394,32.4839,-3.8195
ResNet18-YawAug,68.200,34.0022,-2.6514,24.8857,-6.5866,32.3288,-3.7946
ResNet18-YawAug,68.300,33.8772,-2.6349,24.7285,-6.5583,32.1651,-3.8127
ResNet18-YawAug,68.400,33.747,-2.6134,24.5691,-6.5339,31.9984,-3.8312
ResNet18-YawAug,68.500,33.616,-2.5891,24.4208,-6.4958,31.8327,-3.8262
ResNet18-YawAug,68.600,33.4902,-2.5634,24.2684,-6.455,31.6687,-3.8046
ResNet18-YawAug,68.700,33.3663,-2.5445,24.1317,-6.3974,31.5066,-3.7799
ResNet18-YawAug,68.800,33.2389,-2.5292,24.0013,-6.3265,31.3478,-3.7422
ResNet18-YawAug,68.900,33.1038,-2.5121,23.8631,-6.2633,31.1878,-3.7283
ResNet18-YawAug,69.000,32.964,-2.4946,23.7415,-6.1802,31.0392,-3.6857
ResNet18-YawAug,69.100,32.8295,-2.4745,23.6125,-6.0852,30.8878,-3.627
ResNet18-YawAug,69.200,32.7001,-2.4431,23.4878,-5.9917,30.7338,-3.574
ResNet18-YawAug,69.300,32.5751,-2.4022,23.3456,-5.921,30.5775,-3.5313
ResNet18-YawAug,69.400,32.4463,-2.3579,23.1894,-5.8769,30.4177,-3.5016
ResNet18-YawAug,69.500,32.3134,-2.3132,23.0382,-5.8272,30.2534,-3.4999
ResNet18-YawAug,69.600,32.1845,-2.268,22.8851,-5.7778,30.0921,-3.4813
ResNet18-YawAug,69.700,32.0573,-2.2307,22.7404,-5.723,29.9319,-3.4617
ResNet18-YawAug,69.800,31.9282,-2.2015,22.6047,-5.6507,29.795,-3.3821
ResNet18-YawAug,69.900,31.7942,-2.1724,22.4687,-5.5806,29.6535,-3.3188
ResNet18-YawAug,70.000,31.6558,-2.1423,22.3338,-5.5105,29.5069,-3.2653
ResNet18-YawAug,70.100,31.5189,-2.1105,22.202,-5.4281,29.3652,-3.2092
ResNet18-YawAug,70.200,31.3873,-2.0709,22.0606,-5.3567,29.2048,-3.1558
ResNet18-YawAug,70.300,31.2584,-2.0229,21.9173,-5.291,29.0447,-3.1105
ResNet18-YawAug,70.400,31.1252,-1.9701,21.7641,-5.2427,28.8755,-3.0888
ResNet18-YawAug,70.500,30.9873,-1.9178,21.6124,-5.1979,28.7052,-3.0812
ResNet18-YawAug,70.600,30.8529,-1.8698,21.4628,-5.1416,28.5404,-3.05
ResNet18-YawAug,70.700,30.7218,-1.8277,21.3223,-5.0832,28.3801,-3.0112
ResNet18-YawAug,70.800,30.5926,-1.7934,21.2017,-4.9978,28.2294,-2.9494
ResNet18-YawAug,70.900,30.4549,-1.7583,21.0898,-4.8968,28.0771,-2.8976
ResNet18-YawAug,71.000,30.312,-1.7225,20.9933,-4.7806,27.9406,-2.8179
ResNet18-YawAug,71.100,30.1707,-1.6857,20.901,-4.658,27.8138,-2.7225
ResNet18-YawAug,71.200,30.0383,-1.6409,20.785,-4.5623,27.6666,-2.6693
ResNet18-YawAug,71.300,29.9089,-1.5888,20.655,-4.4899,27.5106,-2.6469
ResNet18-YawAug,71.400,29.7772,-1.5352,20.5012,-4.4501,27.3651,-2.6837
ResNet18-YawAug,71.500,29.6439,-1.4809,20.3527,-4.3994,27.2049,-2.6967
ResNet18-YawAug,71.600,29.5133,-1.4296,20.202,-4.3512,27.0407,-2.6799
ResNet18-YawAug,71.700,29.3848,-1.3863,20.0613,-4.292,26.8764,-2.6754
ResNet18-YawAug,71.800,29.2536,-1.3505,19.9414,-4.2034,26.7171,-2.6488
ResNet18-YawAug,71.900,29.1194,-1.3159,19.8198,-4.1159,26.5546,-2.646
ResNet18-YawAug,72.000,28.9808,-1.2805,19.714,-4.0235,26.3958,-2.6342
ResNet18-YawAug,72.100,28.8438,-1.2464,19.6305,-3.9052,26.2428,-2.6084
ResNet18-YawAug,72.200,28.7146,-1.2047,19.5504,-3.8067,26.0943,-2.5951
ResNet18-YawAug,72.300,28.5888,-1.1559,19.4379,-3.7242,25.9468,-2.6426
ResNet18-YawAug,72.400,28.4627,-1.105,19.2928,-3.7039,25.8127,-2.7301
ResNet18-YawAug,72.500,28.3314,-1.0522,19.1584,-3.6559,25.6597,-2.7814
ResNet18-YawAug,72.600,28.2034,-1.002,19.0183,-3.6193,25.5042,-2.8154
ResNet18-YawAug,72.700,28.0768,-0.9595,18.9006,-3.5523,25.361,-2.8256
ResNet18-YawAug,72.800,27.9456,-0.9243,18.8038,-3.4495,25.2473,-2.7864
ResNet18-YawAug,72.900,27.8104,-0.8924,18.7001,-3.3442,25.1333,-2.6864
ResNet18-YawAug,73.000,27.6692,-0.8614,18.5913,-3.2398,25.0138,-2.5991
ResNet18-YawAug,73.100,27.534,-0.8325,18.4973,-3.1135,24.8929,-2.5375
ResNet18-YawAug,73.200,27.4045,-0.8005,18.3915,-2.9958,24.7496,-2.4699
ResNet18-YawAug,73.300,27.2772,-0.7621,18.2734,-2.8856,24.5931,-2.4045
ResNet18-YawAug,73.400,27.1454,-0.7201,18.1284,-2.8056,24.4526,-2.353
ResNet18-YawAug,73.500,27.0108,-0.6774,17.9853,-2.7298,24.3017,-2.2807
ResNet18-YawAug,73.600,26.8773,-0.6358,17.837,-2.6597,24.159,-2.2013
ResNet18-YawAug,73.700,26.7453,-0.6038,17.7033,-2.5744,24.0161,-2.1314
ResNet18-YawAug,73.800,26.6104,-0.5796,17.5843,-2.4706,23.8602,-2.0848
ResNet18-YawAug,73.900,26.4689,-0.5544,17.4523,-2.3854,23.6974,-2.0701
ResNet18-YawAug,74.000,26.3226,-0.5279,17.3327,-2.2854,23.539,-2.0374
ResNet18-YawAug,74.100,26.1795,-0.4993,17.2154,-2.1864,23.3872,-1.9975
ResNet18-YawAug,74.200,26.0427,-0.463,17.0884,-2.0993,23.2333,-1.9852
ResNet18-YawAug,74.300,25.9099,-0.4211,16.9489,-2.0283,23.0759,-1.9868
ResNet18-YawAug,74.400,25.7733,-0.3755,16.7939,-1.9882,22.9161,-2.0156
ResNet18-YawAug,74.500,25.6332,-0.3284,16.6477,-1.9297,22.7501,-2.0215
ResNet18-YawAug,74.600,25.4966,-0.2843,16.4952,-1.8807,22.5827,-2.0175
ResNet18-YawAug,74.700,25.3609,-0.2509,16.3673,-1.7971,22.4159,-2.0025
ResNet18-YawAug,74.800,25.2233,-0.2242,16.2366,-1.7181,22.2555,-1.9847
ResNet18-YawAug,74.900,25.076,-0.1951,16.113,-1.6216,22.1161,-1.9499
ResNet18-YawAug,75.000,24.928,-0.1686,15.9952,-1.5211,21.9777,-1.8994
ResNet18-YawAug,75.100,24.7858,-0.1419,15.8791,-1.4183,21.8422,-1.8367
ResNet18-YawAug,75.200,24.6501,-0.1077,15.7438,-1.3332,21.7367,-1.7864
ResNet18-YawAug,75.300,24.5157,-0.0685,15.5945,-1.2744,21.5847,-1.7553
ResNet18-YawAug,75.400,24.3779,-0.0274,15.4376,-1.2308,21.429,-1.7278
ResNet18-YawAug,75.500,24.238,0.0134,15.2887,-1.1746,21.275,-1.6824
ResNet18-YawAug,75.600,24.1032,0.0498,15.137,-1.1202,21.1281,-1.6335
ResNet18-YawAug,75.700,23.967,0.0759,14.9988,-1.0511,20.9908,-1.5646
ResNet18-YawAug,75.800,23.83,0.0961,14.8571,-0.9867,20.8465,-1.4873
ResNet18-YawAug,75.900,23.686,0.1184,14.713,-0.9181,20.6899,-1.4572
ResNet18-YawAug,76.000,23.5395,0.1439,14.587,-0.8257,20.5331,-1.432
ResNet18-YawAug,76.100,23.398,0.1724,14.4665,-0.7224,20.3764,-1.3662
ResNet18-YawAug,76.200,23.2629,0.209,14.3239,-0.6497,20.2126,-1.3236
ResNet18-YawAug,76.300,23.1283,0.2496,14.1727,-0.5899,20.047,-1.2966
ResNet18-YawAug,76.400,22.9927,0.2897,14.0103,-0.5512,19.8906,-1.2418
ResNet18-YawAug,76.500,22.8539,0.3295,13.8617,-0.4882,19.7403,-1.1758
ResNet18-YawAug,76.600,22.7204,0.3653,13.7083,-0.4366,19.574,-1.1318
ResNet18-YawAug,76.700,22.5894,0.392,13.5807,-0.3543,19.4416,-1.045
ResNet18-YawAug,76.800,22.4555,0.4145,13.4416,-0.2822,19.2952,-0.9779
ResNet18-YawAug,76.900,22.3162,0.4394,13.3076,-0.1994,19.1295,-0.9466
ResNet18-YawAug,77.000,22.1744,0.4649,13.1968,-0.0901,18.9833,-0.8791
ResNet18-YawAug,77.100,22.0387,0.4937,13.0877,0.024,18.8402,-0.802
ResNet18-YawAug,77.200,21.9096,0.5327,12.9583,0.1151,18.6981,-0.732
ResNet18-YawAug,77.300,21.7813,0.5785,12.8098,0.1849,18.5461,-0.6698
ResNet18-YawAug,77.400,21.648,0.6284,12.6534,0.2405,18.3713,-0.647
ResNet18-YawAug,77.500,21.5141,0.6779,12.508,0.3107,18.2052,-0.5995
ResNet18-YawAug,77.600,21.3813,0.7229,12.3636,0.3806,18.0527,-0.5417
ResNet18-YawAug,77.700,21.2494,0.7579,12.2399,0.4687,17.9011,-0.4696
ResNet18-YawAug,77.800,21.1129,0.7875,12.1116,0.5564,17.7521,-0.3934
ResNet18-YawAug,77.900,20.9748,0.8163,11.9939,0.658,17.6394,-0.2892
ResNet18-YawAug,78.000,20.8342,0.8474,11.9051,0.7872,17.5273,-0.2007
ResNet18-YawAug,78.100,20.7001,0.8812,11.8018,0.9052,17.426,-0.1076
ResNet18-YawAug,78.200,20.572,0.9229,11.684,1.0057,17.3068,-0.0028
ResNet18-YawAug,78.300,20.4438,0.9688,11.5464,1.0872,17.1766,0.0963
ResNet18-YawAug,78.400,20.3128,1.0168,11.4027,1.1593,17.0488,0.1983
ResNet18-YawAug,78.500,20.1803,1.0659,11.2698,1.2456,16.9166,0.2892
ResNet18-YawAug,78.600,20.0515,1.1097,11.1325,1.3187,16.7894,0.3768
ResNet18-YawAug,78.700,19.9245,1.1428,11.0234,1.4202,16.6399,0.4432
ResNet18-YawAug,78.800,19.7923,1.1734,10.8935,1.5021,16.4825,0.4806
ResNet18-YawAug,78.900,19.6539,1.208,10.7778,1.5994,16.3271,0.5195
ResNet18-YawAug,79.000,19.516,1.2432,10.6838,1.7208,16.1862,0.5997
ResNet18-YawAug,79.100,19.3847,1.2803,10.5735,1.829,16.0398,0.6674
ResNet18-YawAug,79.200,19.2571,1.3213,10.4359,1.8979,15.881,0.6889
ResNet18-YawAug,79.300,19.1311,1.3653,10.2897,1.9502,15.7249,0.6939
ResNet18-YawAug,79.400,19.0011,1.4111,10.1384,1.9907,15.5657,0.7204
ResNet18-YawAug,79.500,18.8717,1.4561,9.9995,2.0504,15.4153,0.7537
ResNet18-YawAug,79.600,18.7438,1.4958,9.8587,2.1052,15.2738,0.8046
ResNet18-YawAug,79.700,18.6135,1.5264,9.7384,2.1846,15.1329,0.8631
ResNet18-YawAug,79.800,18.4835,1.5511,9.6111,2.2627,14.9968,0.9353
ResNet18-YawAug,79.900,18.3474,1.5773,9.4969,2.3546,14.8582,1.0003
ResNet18-YawAug,80.000,18.2126,1.6058,9.3955,2.4686,14.742,1.0685
ResNet18-YawAug,80.100,18.0829,1.6399,9.287,2.5789,14.6163,1.1673
ResNet18-YawAug,80.200,17.9587,1.6826,9.1889,2.7001,14.4891,1.2488
ResNet18-YawAug,80.300,17.8336,1.7299,9.0949,2.8161,14.3693,1.3127
ResNet18-YawAug,80.400,17.7065,1.7809,9.0017,2.9189,14.2514,1.3078
ResNet18-YawAug,80.500,17.5814,1.8298,8.9062,3.0172,14.1412,1.398
ResNet18-YawAug,80.600,17.4576,1.8679,8.7797,3.0847,14.0139,1.4733
ResNet18-YawAug,80.700,17.3358,1.8972,8.6718,3.1626,13.8951,1.5475
ResNet18-YawAug,80.800,17.211,1.924,8.5607,3.2191,13.7586,1.5602
ResNet18-YawAug,80.900,17.0818,1.9511,8.4506,3.2603,13.6362,1.6001
ResNet18-YawAug,81.000,16.9546,1.9748,8.339,3.2812,13.5172,1.5717
ResNet18-YawAug,81.100,16.8362,1.9977,8.2283,3.2964,13.391,1.5375
ResNet18-YawAug,81.200,16.7274,2.0188,8.1227,3.314,13.2689,1.4765
ResNet18-YawAug,81.300,16.6189,2.0339,8.0134,3.3132,13.1559,1.4101
ResNet18-YawAug,81.400,16.5116,2.0404,7.9128,3.269,13.0634,1.3453
ResNet18-YawAug,81.500,16.4109,2.0329,7.8294,3.1897,12.9862,1.2577
ResNet18-YawAug,81.600,16.3255,2.0085,7.7473,3.1081,12.9133,1.1635
ResNet18-YawAug,81.700,16.2569,1.9694,7.6648,3.0254,12.8518,1.0691
ResNet18-YawAug,81.800,16.2053,1.9185,7.5882,2.9444,12.7906,0.985
ResNet18-YawAug,81.900,16.1667,1.8585,7.5143,2.8632,12.7202,0.899
ResNet18-YawAug,82.000,16.1442,1.7934,7.4664,2.7589,12.6986,0.7837
ResNet18-YawAug,82.100,16.1328,1.7321,7.4131,2.654,12.6607,0.6673
ResNet18-YawAug,82.200,16.1331,1.6727,7.3197,2.5748,12.6205,0.605
ResNet18-YawAug,82.300,16.1463,1.6126,7.2234,2.5346,12.6092,0.6422
ResNet18-YawAug,82.400,16.1704,1.5535,7.263,2.5103,12.6208,0.7528
ResNet18-YawAug,82.500,16.2058,1.4957,7.3179,2.4687,12.6989,0.8605
ResNet18-YawAug,82.600,16.2514,1.4458,7.3498,2.4461,12.8222,0.8823
ResNet18-YawAug,82.700,16.3096,1.4044,7.3099,2.404,12.9378,0.9049
ResNet18-YawAug,82.800,16.3799,1.3686,7.2621,2.4141,12.9677,0.9607
ResNet18-YawAug,82.900,16.4633,1.3334,7.2969,2.4629,12.9468,1.0461
ResNet18-YawAug,83.000,16.5576,1.3024,7.3148,2.5132,12.9709,1.0812
ResNet18-YawAug,83.100,16.6569,1.2721,7.2933,2.6133,13.0712,1.0625
ResNet18-YawAug,83.200,16.7563,1.237,7.319,2.6715,13.2147,1.1048
ResNet18-YawAug,83.300,16.8573,1.1972,7.4525,2.6271,13.3804,1.1053
ResNet18-YawAug,83.400,16.9631,1.1543,7.5885,2.5958,13.5486,1.1273
ResNet18-YawAug,83.500,17.0778,1.1054,7.7404,2.5595,13.7161,1.156
ResNet18-YawAug,83.600,17.1974,1.0527,7.89,2.525,13.8858,1.1541
ResNet18-YawAug,83.700,17.3183,1.0052,8.0354,2.4755,14.0569,1.1496
ResNet18-YawAug,83.800,17.4433,0.964,8.1768,2.4124,14.2215,1.1264
ResNet18-YawAug,83.900,17.5732,0.9262,8.3171,2.3508,14.388,1.1167
ResNet18-YawAug,84.000,17.711,0.8848,8.4535,2.2841,14.5491,1.1012
ResNet18-YawAug,84.100,17.8472,0.8429,8.5829,2.2112,14.7127,1.0716
ResNet18-YawAug,84.200,17.9765,0.793,8.7235,2.1489,14.876,1.0743
ResNet18-YawAug,84.300,18.1023,0.7368,8.868,2.1006,15.0397,1.0944
ResNet18-YawAug,84.400,18.2318,0.6787,9.0156,2.0556,15.1954,1.1488
ResNet18-YawAug,84.500,18.3643,0.6213,9.1646,2.0091,15.3588,1.1769
ResNet18-YawAug,84.600,18.497,0.5663,9.3129,1.9783,15.5221,1.1973
ResNet18-YawAug,84.700,18.6298,0.5228,9.4522,1.9265,15.6873,1.1879
ResNet18-YawAug,84.800,18.7646,0.4869,9.592,1.8662,15.8504,1.1914
ResNet18-YawAug,84.900,18.904,0.4528,9.7323,1.8065,16.0152,1.194
ResNet18-YawAug,85.000,19.0481,0.4191,9.8688,1.7491,16.1664,1.1616
ResNet18-YawAug,85.100,19.1878,0.3844,9.9937,1.6752,16.3264,1.114
ResNet18-YawAug,85.200,19.3204,0.3417,10.1247,1.6011,16.4868,1.065
ResNet18-YawAug,85.300,19.4526,0.2957,10.2578,1.5292,16.6558,1.0378
ResNet18-YawAug,85.400,19.588,0.2478,10.3946,1.4751,16.8268,1.0439
ResNet18-YawAug,85.500,19.7256,0.2027,10.5437,1.4263,16.9996,1.022
ResNet18-YawAug,85.600,19.859,0.16,10.6844,1.3859,17.1639,1.004
ResNet18-YawAug,85.700,19.9915,0.1265,10.8233,1.3386,17.3196,0.9472
ResNet18-YawAug,85.800,20.1265,0.0995,10.9383,1.243,17.4666,0.8879
ResNet18-YawAug,85.900,20.2686,0.0717,11.0466,1.1481,17.6027,0.8065
ResNet18-YawAug,86.000,20.4151,0.0449,11.1448,1.0998,17.6908,0.6939
ResNet18-YawAug,86.100,20.5574,0.0182,11.2736,1.0323,17.7783,0.5658
ResNet18-YawAug,86.200,20.6929,-0.0151,11.3919,0.9665,17.8598,0.438
ResNet18-YawAug,86.300,20.8277,-0.0528,11.522,0.8906,17.9673,0.3151
ResNet18-YawAug,86.400,20.967,-0.0917,11.6649,0.8242,18.0787,0.1935
ResNet18-YawAug,86.500,21.1067,-0.1283,11.7984,0.7404,18.1942,0.0835
ResNet18-YawAug,86.600,21.241,-0.1623,11.9314,0.6557,18.3028,-0.0348
ResNet18-YawAug,86.700,21.377,-0.1909,12.0567,0.5617,18.4021,-0.1569
ResNet18-YawAug,86.800,21.5164,-0.2217,12.1795,0.4612,18.5567,-0.2258
ResNet18-YawAug,86.900,21.6623,-0.2584,12.312,0.3816,18.7165,-0.2527
ResNet18-YawAug,87.000,21.8083,-0.2939,12.4476,0.3212,18.8668,-0.3147
ResNet18-YawAug,87.100,21.9491,-0.3315,12.5809,0.2557,19.0151,-0.357
ResNet18-YawAug,87.200,22.0813,-0.3769,12.7284,0.2186,19.1617,-0.3641
ResNet18-YawAug,87.300,22.2161,-0.4282,12.8789,0.1808,19.3094,-0.3294
ResNet18-YawAug,87.400,22.3546,-0.4812,13.0347,0.159,19.4648,-0.2786
ResNet18-YawAug,87.500,22.4936,-0.5321,13.1877,0.1313,19.6311,-0.2758
ResNet18-YawAug,87.600,22.6293,-0.5786,13.3313,0.1026,19.7656,-0.3226
ResNet18-YawAug,87.700,22.7634,-0.6148,13.4641,0.0449,19.8857,-0.4131
ResNet18-YawAug,87.800,22.9016,-0.646,13.5817,-0.0502,19.9975,-0.5247
ResNet18-YawAug,87.900,23.0441,-0.6786,13.7051,-0.1319,20.0981,-0.6452
ResNet18-YawAug,88.000,23.1892,-0.7087,13.8294,-0.1992,20.1899,-0.7652
ResNet18-YawAug,88.100,23.3289,-0.7398,13.9524,-0.2776,20.3045,-0.874
ResNet18-YawAug,88.200,23.464,-0.7784,14.0662,-0.3317,20.4288,-0.9807
ResNet18-YawAug,88.300,23.6018,-0.8176,14.1941,-0.3999,20.5514,-1.0872
ResNet18-YawAug,88.400,23.7447,-0.8562,14.3355,-0.4425,20.6795,-1.1873
ResNet18-YawAug,88.500,23.886,-0.893,14.4794,-0.4768,20.798,-1.2833
ResNet18-YawAug,88.600,24.0241,-0.9247,14.6097,-0.544,20.9302,-1.3718
ResNet18-YawAug,88.700,24.1615,-0.9479,14.7385,-0.6184,21.0406,-1.482
ResNet18-YawAug,88.800,24.3031,-0.9701,14.8582,-0.7047,21.157,-1.5876
ResNet18-YawAug,88.900,24.4495,-0.9933,14.9813,-0.7803,21.2906,-1.6794
ResNet18-YawAug,89.000,24.5963,-1.0142,15.098,-0.8701,21.4322,-1.7672
ResNet18-YawAug,89.100,24.7358,-1.034,15.2323,-0.9379,21.6,-1.7993
ResNet18-YawAug,89.200,24.8715,-1.0583,15.3714,-0.9916,21.7704,-1.7991
ResNet18-YawAug,89.300,25.0083,-1.0825,15.5129,-1.0414,21.9413,-1.7853
ResNet18-YawAug,89.400,25.1537,-1.1082,15.661,-1.08,22.1094,-1.7754
ResNet18-YawAug,89.500,25.2992,-1.1317,15.8105,-1.1106,22.2768,-1.7685
ResNet18-YawAug,89.600,25.4414,-1.147,15.9543,-1.1557,22.4472,-1.7615
ResNet18-YawAug,89.700,25.5828,-1.1513,16.0921,-1.2167,22.6133,-1.7767
ResNet18-YawAug,89.800,25.7295,-1.1521,16.2295,-1.2672,22.7806,-1.7757
ResNet18-YawAug,89.900,25.8826,-1.1531,16.3649,-1.3265,22.9446,-1.7741
ResNet18-YawAug,90.000,26.0338,-1.1566,16.4901,-1.3904,23.1011,-1.8233
ResNet18-YawAug,90.100,26.1779,-1.1709,16.6127,-1.4595,23.2567,-1.8814
ResNet18-YawAug,90.200,26.3212,-1.1965,16.7512,-1.5216,23.4233,-1.918
ResNet18-YawAug,90.300,26.463,-1.2265,16.8849,-1.5848,23.5967,-1.9301
ResNet18-YawAug,90.400,26.608,-1.2559,17.0345,-1.6337,23.7702,-1.9328
ResNet18-YawAug,90.500,26.7525,-1.2852,17.1755,-1.6942,23.9372,-1.9474
ResNet18-YawAug,90.600,26.8912,-1.3096,17.3136,-1.7551,24.1083,-1.9616
ResNet18-YawAug,90.700,27.0307,-1.3277,17.4477,-1.8336,24.2711,-1.9958
ResNet18-YawAug,90.800,27.1763,-1.3456,17.5847,-1.8997,24.4365,-2.0162
ResNet18-YawAug,90.900,27.3266,-1.3646,17.7187,-1.9706,24.6011,-2.0402
ResNet18-YawAug,91.000,27.4759,-1.3841,17.8401,-2.0337,24.7578,-2.0905
ResNet18-YawAug,91.100,27.6152,-1.4122,17.9509,-2.0658,24.9188,-2.1255
ResNet18-YawAug,91.200,27.7532,-1.4471,18.0858,-2.1093,25.086,-2.1474
ResNet18-YawAug,91.300,27.8909,-1.4847,18.2135,-2.1408,25.2553,-2.1416
ResNet18-YawAug,91.400,28.0334,-1.5225,18.3567,-2.1827,25.4256,-2.1449
ResNet18-YawAug,91.500,28.1698,-1.5569,18.4948,-2.2302,25.587,-2.1624
ResNet18-YawAug,91.600,28.3044,-1.5884,18.6273,-2.2842,25.7474,-2.1949
ResNet18-YawAug,91.700,28.4398,-1.6139,18.7605,-2.3538,25.9023,-2.2439
ResNet18-YawAug,91.800,28.5849,-1.6382,18.8893,-2.4357,26.063,-2.2742
ResNet18-YawAug,91.900,28.7344,-1.6641,19.0163,-2.5137,26.2089,-2.3377
ResNet18-YawAug,92.000,28.8823,-1.6876,19.1215,-2.6005,26.3436,-2.4263
ResNet18-YawAug,92.100,29.0224,-1.7199,19.2131,-2.6622,26.4872,-2.5042
ResNet18-YawAug,92.200,29.1589,-1.7573,19.3333,-2.7037,26.6386,-2.5667
ResNet18-YawAug,92.300,29.2967,-1.7975,19.3826,-2.6886,26.8045,-2.5926
ResNet18-YawAug,92.400,29.4363,-1.837,19.5123,-2.7113,26.963,-2.6384
ResNet18-YawAug,92.500,29.573,-1.8739,19.5706,-2.7118,27.1189,-2.6844
ResNet18-YawAug,92.600,29.7078,-1.9036,19.608,-2.7083,27.2554,-2.7604
ResNet18-YawAug,92.700,29.8408,-1.9257,19.6515,-2.7348,27.3939,-2.8395
ResNet18-YawAug,92.800,29.9824,-1.9488,19.7457,-2.808,27.5388,-2.9149
ResNet18-YawAug,92.900,30.131,-1.9737,19.8646,-2.8296,27.668,-3.011
ResNet18-YawAug,93.000,30.2736,-1.9988,19.9229,-2.8462,27.8037,-3.1027
ResNet18-YawAug,93.100,30.4102,-2.0322,19.9914,-2.8893,27.9448,-3.191
ResNet18-YawAug,93.200,30.5465,-2.0704,20.1149,-2.971,28.0992,-3.2564
ResNet18-YawAug,93.300,30.6847,-2.1119,20.2036,-3.0179,28.2623,-3.3068
ResNet18-YawAug,93.400,30.8226,-2.1551,20.3391,-3.098,28.4193,-3.366
ResNet18-YawAug,93.500,30.956,-2.1968,20.4734,-3.1751,28.5457,-3.4602
ResNet18-YawAug,93.600,31.0849,-2.2306,20.6036,-3.2578,28.6667,-3.5541
ResNet18-YawAug,93.700,31.2167,-2.2604,20.7383,-3.3324,28.8076,-3.62
ResNet18-YawAug,93.800,31.355,-2.292,20.8821,-3.3881,28.9634,-3.6548
ResNet18-YawAug,93.900,31.4937,-2.3233,21.0246,-3.4405,29.1215,-3.6517
ResNet18-YawAug,94.000,31.6279,-2.3552,21.1613,-3.4904,29.2762,-3.6728
ResNet18-YawAug,94.100,31.7561,-2.3945,21.2833,-3.5277,29.4286,-3.6866
ResNet18-YawAug,94.200,31.8829,-2.439,21.4281,-3.5628,29.5884,-3.7003
ResNet18-YawAug,94.300,32.0104,-2.4872,21.5247,-3.5635,29.7479,-3.701
ResNet18-YawAug,94.400,32.139,-2.5387,21.6526,-3.5909,29.9036,-3.7432
ResNet18-YawAug,94.500,32.2634,-2.5873,21.7567,-3.6275,30.0448,-3.7581
ResNet18-YawAug,94.600,32.3872,-2.6221,21.8662,-3.6731,30.206,-3.7912
ResNet18-YawAug,94.700,32.5134,-2.6446,21.8992,-3.7244,30.3475,-3.8625
ResNet18-YawAug,94.800,32.6475,-2.6638,22.0038,-3.8026,30.5113,-3.8845
ResNet18-YawAug,94.900,32.7841,-2.6837,22.1361,-3.8304,30.6644,-3.9121
ResNet18-YawAug,95.000,32.917,-2.7031,22.198,-3.8999,30.8205,-3.9415
ResNet18-YawAug,95.100,33.0454,-2.7262,22.2466,-3.9802,30.9645,-3.988
ResNet18-YawAug,95.200,33.173,-2.7529,22.2669,-4.0699,31.1079,-4.0281
ResNet18-YawAug,95.300,33.3051,-2.7796,22.2453,-4.1226,31.2591,-4.0489
ResNet18-YawAug,95.400,33.4394,-2.8035,22.2371,-4.1593,31.4042,-4.0519
ResNet18-YawAug,95.500,33.57,-2.8227,22.1909,-4.196,31.5515,-4.0559
ResNet18-YawAug,95.600,33.6971,-2.8343,22.178,-4.293,31.6367,-4.1469
ResNet18-YawAug,95.700,33.8259,-2.8369,22.1674,-4.3686,31.7438,-4.2348
ResNet18-YawAug,95.800,33.9566,-2.8327,22.2645,-4.4095,31.8532,-4.2487
ResNet18-YawAug,95.900,34.0887,-2.8242,22.3623,-4.4509,31.9651,-4.1595
ResNet18-YawAug,96.000,34.2149,-2.8142,22.4669,-4.4865,32.0875,-4.1174
ResNet18-YawAug,96.100,34.3359,-2.8045,22.5854,-4.5069,32.2023,-4.0486
ResNet18-YawAug,96.200,34.457,-2.7908,22.6945,-4.4385,32.3104,-3.9501
ResNet18-YawAug,96.300,34.5815,-2.7706,22.7894,-4.3369,32.4249,-3.8448
ResNet18-YawAug,96.400,34.7078,-2.7464,22.8949,-4.241,32.543,-3.744
ResNet18-YawAug,96.500,34.8263,-2.7158,22.997,-4.1399,32.633,-3.6248
ResNet18-YawAug,96.600,34.9349,-2.6727,23.0999,-4.0471,32.7112,-3.5364
ResNet18-YawAug,96.700,35.0348,-2.6201,23.2241,-3.9813,32.8406,-3.4954
ResNet18-YawAug,96.800,35.128,-2.5573,23.3543,-3.9133,32.9697,-3.4233
ResNet18-YawAug,96.900,35.2172,-2.485,23.4786,-3.8316,33.0925,-3.3448
ResNet18-YawAug,97.000,35.3003,-2.4094,23.5996,-3.7426,33.2109,-3.2584
ResNet18-YawAug,97.100,35.3784,-2.3344,23.7051,-3.6414,33.3338,-3.1774
ResNet18-YawAug,97.200,35.4519,-2.2564,23.7947,-3.5348,33.4549,-3.0928
ResNet18-YawAug,97.300,35.5245,-2.1712,23.8851,-3.4134,33.5667,-2.9947
ResNet18-YawAug,97.400,35.5984,-2.0757,23.9442,-3.2766,33.6407,-2.8635
ResNet18-YawAug,97.500,35.6702,-1.9754,23.9772,-3.1356,33.6397,-2.7143
ResNet18-YawAug,97.600,35.7269,-1.869,23.975,-2.9854,33.6448,-2.5697
ResNet18-YawAug,97.700,35.7643,-1.755,24.0207,-2.8442,33.7356,-2.4696
ResNet18-YawAug,97.800,35.7932,-1.637,24.0491,-2.6948,33.822,-2.3476
ResNet18-YawAug,97.900,35.8137,-1.5138,24.0904,-2.5463,33.8931,-2.2118
ResNet18-YawAug,98.000,35.8245,-1.3909,24.1345,-2.3988,33.9442,-2.071
ResNet18-YawAug,98.100,35.8348,-1.2717,24.1744,-2.2493,33.993,-1.9234
ResNet18-YawAug,98.200,35.8437,-1.1536,24.1805,-2.0893,33.9806,-1.7554
ResNet18-YawAug,98.300,35.8496,-1.03,24.1849,-1.9311,33.9843,-1.6007
ResNet18-YawAug,98.400,35.8537,-0.8993,24.1805,-1.7692,33.979,-1.44
ResNet18-YawAug,98.500,35.8525,-0.7693,24.1936,-1.6104,33.9733,-1.2833
ResNet18-YawAug,98.600,35.8422,-0.6429,24.1853,-1.4495,33.9781,-1.1263
ResNet18-YawAug,98.700,35.8181,-0.5214,24.1929,-1.2872,33.9656,-0.9537
ResNet18-YawAug,98.800,35.787,-0.3976,24.2016,-1.1283,33.9579,-0.785
ResNet18-YawAug,98.900,35.7555,-0.2667,24.1742,-0.9765,33.9173,-0.6259
ResNet18-YawAug,99.000,35.7262,-0.1319,24.1934,-0.8314,33.9437,-0.489
ResNet18-YawAug,99.100,35.7049,-0.0004,24.2511,-0.6932,34.007,-0.3498
ResNet18-YawAug,99.200,35.6932,0.1273,24.2927,-0.5535,34.0713,-0.2116
ResNet18-YawAug,99.300,35.6857,0.2563,24.293,-0.4122,34.0846,-0.069
ResNet18-YawAug,99.400,35.6804,0.3892,24.2927,-0.2726,34.0617,0.0736
ResNet18-YawAug,99.500,35.6759,0.5249,24.2875,-0.1381,34.0259,0.2116
ResNet18-YawAug,99.600,35.6727,0.6588,24.2882,-0.0005,33.9949,0.3479
ResNet18-YawAug,99.700,35.6634,0.7902,24.2935,0.1267,33.972,0.4801
ResNet18-YawAug,99.800,35.6523,0.9249,24.3075,0.2473,33.9654,0.6011
ResNet18-YawAug,99.900,35.6404,1.0601,24.3238,0.3698,33.9657,0.7145
ResNet18-YawAug,100.000,35.6183,1.1881,24.3387,0.4955,33.9832,0.8176
ResNet18-YawAug,100.100,35.5848,1.2985,24.3507,0.6094,33.9991,0.9214
ResNet18-YawAug,100.200,35.5467,1.3933,24.3416,0.6628,33.9676,0.9587
ResNet18-YawAug,100.300,35.4975,1.4752,24.2533,0.6518,33.8792,0.8737
ResNet18-YawAug,100.400,35.4392,1.5452,24.1219,0.6582,33.7509,0.8542
ResNet18-YawAug,100.500,35.3775,1.6029,23.9852,0.6823,33.6083,0.82
ResNet18-YawAug,100.600,35.3102,1.6496,23.8433,0.679,33.4605,0.7863
ResNet18-YawAug,100.700,35.2348,1.6872,23.6974,0.7075,33.3276,0.8278
ResNet18-YawAug,100.800,35.1477,1.7186,23.5618,0.7629,33.2405,0.8765
ResNet18-YawAug,100.900,35.0469,1.7496,23.4333,0.8408,33.1137,0.9407
ResNet18-YawAug,101.000,34.9369,1.7811,23.297,0.8883,32.9713,0.968
ResNet18-YawAug,101.100,34.8276,1.8159,23.1692,0.9668,32.8368,1.0491
ResNet18-YawAug,101.200,34.7194,1.8552,23.02,1.0166,32.6709,1.0576
ResNet18-YawAug,101.300,34.607,1.8934,22.8631,1.0468,32.5032,1.0344
ResNet18-YawAug,101.400,34.4856,1.9341,22.7027,1.0692,32.3367,1.0072
ResNet18-YawAug,101.500,34.3557,1.9731,22.5535,1.1143,32.1689,1.0149
ResNet18-YawAug,101.600,34.2259,2.0082,22.4007,1.1548,32.0002,1.0188
ResNet18-YawAug,101.700,34.0963,2.0349,22.2612,1.2202,31.8322,1.0347
ResNet18-YawAug,101.800,33.9623,2.057,22.1237,1.2826,31.6668,1.0418
ResNet18-YawAug,101.900,33.8201,2.0797,21.9856,1.3483,31.5045,1.052
ResNet18-YawAug,102.000,33.6754,2.1025,21.8597,1.4318,31.3543,1.0909
ResNet18-YawAug,102.100,33.5365,2.1266,21.7354,1.5249,31.2015,1.1454
ResNet18-YawAug,102.200,33.4039,2.1596,21.6018,1.6083,31.0444,1.1927
ResNet18-YawAug,102.300,33.2716,2.1997,21.4531,1.6624,30.8795,1.2146
ResNet18-YawAug,102.400,33.1355,2.2433,21.2983,1.7052,30.7156,1.2054
ResNet18-YawAug,102.500,32.9962,2.286,21.1541,1.7634,30.5489,1.2222
ResNet18-YawAug,102.600,32.8594,2.3271,21.0059,1.8125,30.387,1.2368
ResNet18-YawAug,102.700,32.7235,2.3611,20.8842,1.8971,30.2321,1.288
ResNet18-YawAug,102.800,32.5853,2.389,20.768,1.9893,30.077,1.3312
ResNet18-YawAug,102.900,32.4418,2.4183,20.6496,2.0809,29.9243,1.379
ResNet18-YawAug,103.000,32.296,2.4489,20.5468,2.1874,29.7855,1.4519
ResNet18-YawAug,103.100,32.157,2.4809,20.4459,2.2983,29.6476,1.5373
ResNet18-YawAug,103.200,32.0242,2.5208,20.3268,2.3941,29.4985,1.6021
ResNet18-YawAug,103.300,31.8928,2.5669,20.1913,2.4669,29.3435,1.6523
ResNet18-YawAug,103.400,31.7582,2.6176,20.0454,2.5191,29.1795,1.6687
ResNet18-YawAug,103.500,31.6215,2.6662,19.9087,2.5862,29.019,1.7028
ResNet18-YawAug,103.600,31.487,2.7116,19.7679,2.6448,28.8582,1.7311
ResNet18-YawAug,103.700,31.3537,2.7504,19.6593,2.7429,28.7182,1.8068
ResNet18-YawAug,103.800,31.217,2.7845,19.5567,2.8459,28.5813,1.8834
ResNet18-YawAug,103.900,31.0756,2.817,19.4552,2.9553,28.4448,1.9604
ResNet18-YawAug,104.000,30.9321,2.8502,19.3616,3.0704,28.3138,2.0463
ResNet18-YawAug,104.100,30.7944,2.8849,19.2703,3.1933,28.191,2.1543
ResNet18-YawAug,104.200,30.6656,2.9251,19.1747,3.3061,28.1245,2.2756
ResNet18-YawAug,104.300,30.5389,2.9707,19.0406,3.379,27.997,2.3521
ResNet18-YawAug,104.400,30.408,3.017,18.8905,3.4289,27.8703,2.4364
ResNet18-YawAug,104.500,30.2726,3.0619,18.7458,3.4826,27.7289,2.5076
ResNet18-YawAug,104.600,30.1395,3.1052,18.5986,3.532,27.5853,2.5697
ResNet18-YawAug,104.700,30.01,3.1395,18.4698,3.6002,27.4702,2.6692
ResNet18-YawAug,104.800,29.8779,3.1672,18.3667,3.6996,27.3617,2.7817
ResNet18-YawAug,104.900,29.74,3.1949,18.2641,3.8068,27.2612,2.8987
ResNet18-YawAug,105.000,29.5978,3.2234,18.1792,3.9231,27.1791,2.9844
ResNet18-YawAug,105.100,29.4607,3.2501,18.0895,4.0471,27.0419,3.0639
ResNet18-YawAug,105.200,29.3294,3.2817,17.9793,4.148,26.8939,3.1305
ResNet18-YawAug,105.300,29.1981,3.3217,17.8461,4.2279,26.7333,3.1668
ResNet18-YawAug,105.400,29.0622,3.3637,17.7045,4.2918,26.5664,3.1812
ResNet18-YawAug,105.500,28.9211,3.4046,17.5618,4.3502,26.4009,3.2074
ResNet18-YawAug,105.600,28.7852,3.4429,17.417,4.4113,26.2379,3.24
ResNet18-YawAug,105.700,28.6518,3.4722,17.2953,4.4973,26.0906,3.3013
ResNet18-YawAug,105.800,28.5148,3.496,17.1893,4.5978,25.9544,3.3862
ResNet18-YawAug,105.900,28.3718,3.5189,17.0852,4.7104,25.8081,3.4513
ResNet18-YawAug,106.000,28.2271,3.5393,16.9938,4.8286,25.671,3.5346
ResNet18-YawAug,106.100,28.0877,3.5602,16.9002,4.9536,25.5311,3.6161
ResNet18-YawAug,106.200,27.9552,3.5877,16.7929,5.0615,25.391,3.6973
ResNet18-YawAug,106.300,27.8244,3.6214,16.6746,5.1568,25.2402,3.732
ResNet18-YawAug,106.400,27.6895,3.658,16.533,5.2225,25.0805,3.7361
ResNet18-YawAug,106.500,27.5506,3.6945,16.3923,5.285,24.924,3.7385
ResNet18-YawAug,106.600,27.4157,3.7308,16.2466,5.3454,24.7627,3.7536
ResNet18-YawAug,106.700,27.2828,3.7612,16.1128,5.4119,24.6032,3.7706
ResNet18-YawAug,106.800,27.1478,3.7835,15.9942,5.4926,24.4489,3.8022
ResNet18-YawAug,106.900,27.0069,3.8048,15.884,5.5933,24.2919,3.8341
ResNet18-YawAug,107.000,26.863,3.8263,15.7699,5.6884,24.1462,3.8932
ResNet18-YawAug,107.100,26.7229,3.8468,15.6637,5.7949,24.006,3.9665
ResNet18-YawAug,107.200,26.59,3.8745,15.5411,5.8795,23.8598,4.0179
ResNet18-YawAug,107.300,26.4632,3.9052,15.405,5.9507,23.7028,4.0241
ResNet18-YawAug,107.400,26.3301,3.9429,15.2551,6.0013,23.5463,4.0114
ResNet18-YawAug,107.500,26.1951,3.9824,15.1046,6.0493,23.3833,3.9983
ResNet18-YawAug,107.600,26.0642,4.021,14.9545,6.1033,23.2222,4.0128
ResNet18-YawAug,107.700,25.9341,4.056,14.8144,6.1665,23.0575,4.0198
ResNet18-YawAug,107.800,25.803,4.0846,14.6848,6.2448,22.9027,4.0487
ResNet18-YawAug,107.900,25.665,4.1125,14.5577,6.3291,22.7449,4.0534
ResNet18-YawAug,108.000,25.5226,4.1423,14.4342,6.42,22.5894,4.0745
ResNet18-YawAug,108.100,25.3855,4.1698,14.3375,6.5284,22.4476,4.1297
ResNet18-YawAug,108.200,25.2562,4.2058,14.2238,6.6151,22.3065,4.1497
ResNet18-YawAug,108.300,25.1295,4.2512,14.1002,6.696,22.1518,4.1558
ResNet18-YawAug,108.400,24.9991,4.3014,13.9547,6.7477,22.0048,4.1549
ResNet18-YawAug,108.500,24.8651,4.3522,13.815,6.8094,21.8452,4.1635
ResNet18-YawAug,108.600,24.7343,4.4011,13.6842,6.8808,21.7001,4.2192
ResNet18-YawAug,108.700,24.6036,4.4444,13.5717,6.9755,21.5521,4.2739
ResNet18-YawAug,108.800,24.4717,4.4811,13.4944,7.0997,21.4226,4.3719
ResNet18-YawAug,108.900,24.3349,4.5175,13.4073,7.2267,21.2814,4.4593
ResNet18-YawAug,109.000,24.1932,4.5556,13.3183,7.3527,21.1691,4.5776
ResNet18-YawAug,109.100,24.0566,4.5901,13.2353,7.4822,21.0515,4.693
ResNet18-YawAug,109.200,23.9264,4.6293,13.1393,7.5965,20.9332,4.7968
ResNet18-YawAug,109.300,23.7998,4.6771,13.0172,7.6889,20.7923,4.879
ResNet18-YawAug,109.400,23.6706,4.7286,12.8772,7.7683,20.637,4.9469
ResNet18-YawAug,109.500,23.54,4.7801,12.7311,7.8353,20.4764,4.9999
ResNet18-YawAug,109.600,23.4126,4.8293,12.5923,7.9138,20.3261,5.071
ResNet18-YawAug,109.700,23.2892,4.8726,12.468,8.0046,20.1875,5.154
ResNet18-YawAug,109.800,23.165,4.9093,12.3676,8.1174,20.0679,5.2594
ResNet18-YawAug,109.900,23.0337,4.9458,12.2643,8.2312,19.9277,5.3486
ResNet18-YawAug,110.000,22.897,4.9843,12.1718,8.3537,19.794,5.4445
ResNet18-YawAug,110.100,22.7615,5.0208,12.1037,8.4894,19.6652,5.5483
ResNet18-YawAug,110.200,22.6321,5.0617,12.0163,8.6034,19.5321,5.6367
ResNet18-YawAug,110.300,22.5086,5.1063,11.8888,8.6736,19.3747,5.6654
ResNet18-YawAug,110.400,22.3828,5.1556,11.7557,8.7514,19.2092,5.6917
ResNet18-YawAug,110.500,22.2532,5.2023,11.6065,8.7901,19.0393,5.6711
ResNet18-YawAug,110.600,22.1257,5.2449,11.4588,8.8381,18.8713,5.6787
ResNet18-YawAug,110.700,22.0024,5.2811,11.3155,8.8887,18.7076,5.6943
ResNet18-YawAug,110.800,21.8749,5.3097,11.2144,8.9943,18.564,5.7699
ResNet18-YawAug,110.900,21.7422,5.3335,11.0967,9.0934,18.4096,5.8262
ResNet18-YawAug,111.000,21.6026,5.3543,11.0011,9.2136,18.2739,5.9194
ResNet18-YawAug,111.100,21.4642,5.3735,10.9242,9.3462,18.1533,6.028
ResNet18-YawAug,111.200,21.3312,5.3972,10.861,9.4763,18.0727,6.1639
ResNet18-YawAug,111.300,21.2008,5.4275,10.7406,9.5719,17.9352,6.2474
ResNet18-YawAug,111.400,21.0676,5.4611,10.6122,9.6592,17.7882,6.3239
ResNet18-YawAug,111.500,20.9313,5.4955,10.4717,9.7293,17.6284,6.3714
ResNet18-YawAug,111.600,20.7963,5.5284,10.3368,9.8047,17.4748,6.4286
ResNet18-YawAug,111.700,20.6637,5.5565,10.2049,9.8822,17.322,6.4828
ResNet18-YawAug,111.800,20.5317,5.5791,10.0928,9.984,17.1898,6.5723
ResNet18-YawAug,111.900,20.3952,5.5992,9.9814,10.0936,17.0501,6.66
ResNet18-YawAug,112.000,20.2534,5.6184,9.8788,10.2066,16.9258,6.7623
ResNet18-YawAug,112.100,20.1153,5.6349,9.7996,10.3394,16.8203,6.8873
ResNet18-YawAug,112.200,19.9831,5.6555,9.706,10.4423,16.7022,6.9789
ResNet18-YawAug,112.300,19.8552,5.6808,9.5798,10.5221,16.5552,7.0349
ResNet18-YawAug,112.400,19.7241,5.7116,9.4392,10.5825,16.3982,7.0737
ResNet18-YawAug,112.500,19.5887,5.7442,9.2967,10.6411,16.2356,7.0884
ResNet18-YawAug,112.600,19.4536,5.7763,9.1628,10.7052,16.0773,7.117
ResNet18-YawAug,112.700,19.3225,5.8055,9.0274,10.7666,15.917,7.1444
ResNet18-YawAug,112.800,19.191,5.8282,8.8992,10.8347,15.7659,7.1882
ResNet18-YawAug,112.900,19.0561,5.8476,8.7746,10.9164,15.616,7.2406
ResNet18-YawAug,113.000,18.9164,5.868,8.6591,11.0072,15.4909,7.3388
ResNet18-YawAug,113.100,18.7778,5.8872,8.5765,11.1335,15.3854,7.4567
ResNet18-YawAug,113.200,18.6463,5.9111,8.4926,11.2614,15.2837,7.584
ResNet18-YawAug,113.300,18.5194,5.9408,8.3804,11.3624,15.1555,7.6865
ResNet18-YawAug,113.400,18.3953,5.9761,8.2541,11.4569,15.0198,7.7857
ResNet18-YawAug,113.500,18.2676,6.0159,8.1316,11.5558,14.893,7.8936
ResNet18-YawAug,113.600,18.1435,6.0595,8.0285,11.6681,14.774,7.999
ResNet18-YawAug,113.700,18.0243,6.1024,7.9281,11.7838,14.6594,8.1104
ResNet18-YawAug,113.800,17.9065,6.1406,7.822,11.894,14.5415,8.2247
ResNet18-YawAug,113.900,17.7839,6.1817,7.704,11.9897,14.4175,8.3264
ResNet18-YawAug,114.000,17.6576,6.2291,7.6074,12.1014,14.3384,8.4543
ResNet18-YawAug,114.100,17.5322,6.2789,7.5561,12.2361,14.2753,8.5869
ResNet18-YawAug,114.200,17.4153,6.3337,7.527,12.3781,14.2151,8.7231
ResNet18-YawAug,114.300,17.3105,6.4004,7.5105,12.5215,14.1743,8.8679
ResNet18-YawAug,114.400,17.2107,6.4764,7.4674,12.6535,14.1084,8.9988
ResNet18-YawAug,114.500,17.1122,6.5604,7.4435,12.7887,14.0713,9.1385
ResNet18-YawAug,114.600,17.0181,6.6492,7.4353,12.9214,14.0496,9.2776
ResNet18-YawAug,114.700,16.9282,6.7373,7.4384,13.0512,14.0421,9.4159
ResNet18-YawAug,114.800,16.8413,6.8259,7.4398,13.181,14.0319,9.5521
ResNet18-YawAug,114.900,16.7577,6.9208,7.4314,13.3098,14.0085,9.6857
ResNet18-YawAug,115.000,16.6796,7.0233,7.4319,13.4394,13.9871,9.8207
ResNet18-YawAug,115.100,16.604,7.1325,7.4544,13.563,14.0224,9.9494
ResNet18-YawAug,115.200,16.5459,7.2429,7.5134,13.6806,14.1036,10.0672
ResNet18-YawAug,115.300,16.5101,7.356,7.5963,13.7928,14.1925,10.1774
ResNet18-YawAug,115.400,16.4872,7.4686,7.6833,13.8974,14.273,10.2922
ResNet18-YawAug,115.500,16.4709,7.5819,7.7826,13.981,14.3644,10.3952
ResNet18-YawAug,115.600,16.4616,7.6985,7.8846,14.0589,14.4603,10.4881
ResNet18-YawAug,115.700,16.461,7.809,7.9941,14.1277,14.5667,10.5703
ResNet18-YawAug,115.800,16.4617,7.9173,8.1062,14.1956,14.6776,10.6464
ResNet18-YawAug,115.900,16.4696,8.0256,8.2136,14.2749,14.7742,10.7434
ResNet18-YawAug,116.000,16.488,8.1374,8.322,14.3529,14.8727,10.8431
ResNet18-YawAug,116.100,16.5159,8.2495,8.4445,14.4088,14.9774,10.9384
ResNet18-YawAug,116.200,16.5568,8.3522,8.574,14.4555,15.0979,11.0202
ResNet18-YawAug,116.300,16.6116,8.4388,8.6955,14.5343,15.233,11.0933
ResNet18-YawAug,116.400,16.6781,8.5144,8.8174,14.6079,15.3571,11.1879
ResNet18-YawAug,116.500,16.7526,8.5844,8.9417,14.6863,15.498,11.2576
ResNet18-YawAug,116.600,16.8351,8.651,9.0697,14.7487,15.637,11.3228
ResNet18-YawAug,116.700,16.9186,8.7116,9.1988,14.8053,15.7874,11.3744
ResNet18-YawAug,116.800,17.0037,8.7701,9.3371,14.8445,15.9395,11.4271
ResNet18-YawAug,116.900,17.0928,8.8284,9.4753,14.901,16.0873,11.4913
ResNet18-YawAug,117.000,17.1927,8.8847,9.6111,14.9573,16.2304,11.5587
ResNet18-YawAug,117.100,17.3025,8.9392,9.7466,15.0041,16.3744,11.6166
ResNet18-YawAug,117.200,17.4167,8.9862,9.8861,15.0163,16.52,11.625
ResNet18-YawAug,117.300,17.5336,9.0171,10.024,15.0141,16.6695,11.6427
ResNet18-YawAug,117.400,17.6556,9.0312,10.1649,14.9693,16.8392,11.6424
ResNet18-YawAug,117.500,17.7814,9.0337,10.3134,14.9306,17.0113,11.6516
ResNet18-YawAug,117.600,17.9115,9.0283,10.4579,14.8664,17.1809,11.633
ResNet18-YawAug,117.700,18.0394,9.0202,10.5902,14.7903,17.3453,11.5983
ResNet18-YawAug,117.800,18.1673,9.0127,10.7164,14.7052,17.508,11.5505
ResNet18-YawAug,117.900,18.296,9.0078,10.8426,14.6142,17.6682,11.5029
ResNet18-YawAug,118.000,18.4308,8.9983,10.9733,14.5549,17.8336,11.4902
ResNet18-YawAug,118.100,18.5715,8.9839,11.1112,14.508,17.9927,11.4848
ResNet18-YawAug,118.200,18.7082,8.9659,11.2384,14.4825,18.1452,11.455
ResNet18-YawAug,118.300,18.8365,8.9363,11.352,14.4937,18.3004,11.4368
ResNet18-YawAug,118.400,18.962,8.8978,11.4822,14.4909,18.4638,11.4493
ResNet18-YawAug,118.500,19.0909,8.8534,11.6199,14.4834,18.6325,11.4722
ResNet18-YawAug,118.600,19.2224,8.8066,11.7685,14.4488,18.8021,11.4818
ResNet18-YawAug,118.700,19.35,8.7591,11.9084,14.4027,18.9663,11.4708
ResNet18-YawAug,118.800,19.4776,8.7146,12.0413,14.3331,19.1278,11.4369
ResNet18-YawAug,118.900,19.6067,8.6755,12.1659,14.2479,19.278,11.3747
ResNet18-YawAug,119.000,19.7396,8.6379,12.3024,14.1772,19.3925,11.27
ResNet18-YawAug,119.100,19.8768,8.5974,12.4362,14.104,19.5425,11.2207
ResNet18-YawAug,119.200,20.0107,8.5593,12.5699,14.0458,19.6907,11.1587
ResNet18-YawAug,119.300,20.1376,8.5152,12.7,13.9699,19.7909,11.0541
ResNet18-YawAug,119.400,20.2607,8.4642,12.8408,13.9224,19.9214,10.9641
ResNet18-YawAug,119.500,20.3884,8.4105,12.9837,13.8988,20.0506,10.8784
ResNet18-YawAug,119.600,20.5205,8.3572,13.1318,13.878,20.1959,10.8138
ResNet18-YawAug,119.700,20.6499,8.3064,13.2754,13.853,20.3361,10.7473
ResNet18-YawAug,119.800,20.7772,8.2634,13.407,13.8158,20.4978,10.7298
ResNet18-YawAug,119.900,20.9049,8.2296,13.5339,13.7481,20.652,10.6873
ResNet18-YawAug,120.000,21.0396,8.1955,13.6575,13.6749,20.8034,10.6365
ResNet18-YawAug,120.100,21.1779,8.1611,13.7878,13.6054,20.9478,10.588
ResNet18-YawAug,120.200,21.314,8.1291,13.9012,13.5341,21.0859,10.5084
ResNet18-YawAug,120.300,21.4454,8.0923,14.0154,13.4533,21.2391,10.4753
ResNet18-YawAug,120.400,21.5737,8.0515,14.148,13.3816,21.4057,10.4563
ResNet18-YawAug,120.500,21.7049,8.0074,14.2851,13.3125,21.5688,10.4838
ResNet18-YawAug,120.600,21.839,7.9629,14.4282,13.2445,21.7406,10.4816
ResNet18-YawAug,120.700,21.972,7.92,14.5679,13.1826,21.9045,10.4622
ResNet18-YawAug,120.800,22.1034,7.8827,14.6959,13.1213,22.0706,10.4411
ResNet18-YawAug,120.900,22.2353,7.8542,14.8186,13.0353,22.2226,10.3836
ResNet18-YawAug,121.000,22.3734,7.8284,14.9414,12.9519,22.3776,10.3323
ResNet18-YawAug,121.100,22.5162,7.8029,15.0782,12.8967,22.5201,10.2748
ResNet18-YawAug,121.200,22.6563,7.7784,15.1632,12.8923,22.6652,10.2083
ResNet18-YawAug,121.300,22.7897,7.7481,15.2429,12.8829,22.8077,10.1519
ResNet18-YawAug,121.400,22.9204,7.712,15.3419,12.8538,22.9661,10.1204
ResNet18-YawAug,121.500,23.0542,7.6716,15.4411,12.85,23.1359,10.1206
ResNet18-YawAug,121.600,23.191,7.63,15.5828,12.8041,23.306,10.1112
ResNet18-YawAug,121.700,23.3256,7.5901,15.7266,12.7602,23.4716,10.0897
ResNet18-YawAug,121.800,23.4563,7.5556,15.8544,12.7037,23.6347,10.0635
ResNet18-YawAug,121.900,23.5914,7.5263,15.9829,12.6231,23.7913,10.0097
ResNet18-YawAug,122.000,23.7313,7.4988,16.111,12.5386,23.9531,9.9817
ResNet18-YawAug,122.100,23.8742,7.4717,16.2479,12.4694,24.1057,9.9478
ResNet18-YawAug,122.200,24.0127,7.4451,16.3749,12.4005,24.2593,9.8898
ResNet18-YawAug,122.300,24.146,7.4132,16.5003,12.3266,24.4057,9.8119
ResNet18-YawAug,122.400,24.2772,7.3749,16.6306,12.2625,24.5633,9.7538
ResNet18-YawAug,122.500,24.4117,7.3337,16.7563,12.2005,24.7318,9.716
ResNet18-YawAug,122.600,24.5486,7.2914,16.9002,12.1438,24.8998,9.6788
ResNet18-YawAug,122.700,24.681,7.2476,17.0354,12.0746,25.0583,9.6276
ResNet18-YawAug,122.800,24.8103,7.2104,17.1442,12.0196,25.2145,9.5764
ResNet18-YawAug,122.900,24.9413,7.1809,17.2593,11.9356,25.3519,9.487
ResNet18-YawAug,123.000,25.0785,7.1523,17.3881,11.8573,25.5039,9.4269
ResNet18-YawAug,123.100,25.2194,7.1225,17.524,11.7892,25.6376,9.3465
ResNet18-YawAug,123.200,25.3574,7.0921,17.6091,11.7522,25.7846,9.2749
ResNet18-YawAug,123.300,25.4869,7.057,17.6769,11.7225,25.914,9.1833
ResNet18-YawAug,123.400,25.6152,7.0165,17.801,11.6612,26.0737,9.145
ResNet18-YawAug,123.500,25.7466,6.9724,17.901,11.611,26.2415,9.1363
ResNet18-YawAug,123.600,25.8813,6.9286,18.0379,11.5464,26.4137,9.1144
ResNet18-YawAug,123.700,26.0121,6.8866,18.1724,11.4765,26.5731,9.0675
ResNet18-YawAug,123.800,26.1418,6.8502,18.2798,11.3853,26.7298,9.0135
ResNet18-YawAug,123.900,26.2726,6.8215,18.3819,11.273,26.8763,8.9436
ResNet18-YawAug,124.000,26.4095,6.7947,18.4872,11.16,27.0242,8.8721
ResNet18-YawAug,124.100,26.5509,6.7688,18.6095,11.0682,27.1649,8.8017
ResNet18-YawAug,124.200,26.6899,6.7454,18.7018,10.9917,27.3053,8.7243
ResNet18-YawAug,124.300,26.8219,6.7185,18.7887,10.9282,27.4449,8.6597
ResNet18-YawAug,124.400,26.9496,6.6836,18.8954,10.8722,27.6023,8.6316
ResNet18-YawAug,124.500,27.0814,6.6446,18.9746,10.8535,27.7672,8.6483
ResNet18-YawAug,124.600,27.2168,6.605,19.1207,10.8084,27.9383,8.6641
ResNet18-YawAug,124.700,27.3507,6.5669,19.2648,10.7768,28.1051,8.6565
ResNet18-YawAug,124.800,27.4833,6.535,19.3921,10.7482,28.27,8.6489
ResNet18-YawAug,124.900,27.6178,6.512,19.5229,10.6806,28.426,8.6079
ResNet18-YawAug,125.000,27.7579,6.4918,19.6524,10.6169,28.5828,8.5607
ResNet18-YawAug,125.100,27.9048,6.473,19.7884,10.5559,28.7374,8.512
ResNet18-YawAug,125.200,28.047,6.4541,19.9044,10.5137,28.8819,8.4363
ResNet18-YawAug,125.300,28.1844,6.4322,20.0212,10.4426,29.0301,8.3764
ResNet18-YawAug,125.400,28.3197,6.4046,20.1365,10.3734,29.1862,8.3148
ResNet18-YawAug,125.500,28.4545,6.3753,20.2546,10.3141,29.351,8.2754
ResNet18-YawAug,125.600,28.5929,6.346,20.3842,10.2295,29.5148,8.2207
ResNet18-YawAug,125.700,28.7289,6.3188,20.5061,10.137,29.6699,8.1583
ResNet18-YawAug,125.800,28.8611,6.2962,20.6153,10.0338,29.8233,8.0878
ResNet18-YawAug,125.900,28.9964,6.2781,20.7176,9.9198,29.9589,7.9987
ResNet18-YawAug,126.000,29.1365,6.2591,20.8144,9.8055,30.1014,7.9201
ResNet18-YawAug,126.100,29.282,6.2418,20.9184,9.6997,30.2336,7.823
ResNet18-YawAug,126.200,29.4202,6.2245,21.0166,9.6224,30.3486,7.7181
ResNet18-YawAug,126.300,29.5547,6.1978,21.1162,9.5855,30.449,7.6049
ResNet18-YawAug,126.400,29.6852,6.1653,21.2435,9.5228,30.5787,7.5289
ResNet18-YawAug,126.500,29.8183,6.1278,21.3742,9.4614,30.7443,7.4967
ResNet18-YawAug,126.600,29.9528,6.0852,21.5218,9.4215,30.9125,7.4833
ResNet18-YawAug,126.700,30.085,6.0445,21.6621,9.3692,31.0773,7.4604
ResNet18-YawAug,126.800,30.213,6.0068,21.7971,9.308,31.2388,7.4235
ResNet18-YawAug,126.900,30.3431,5.9735,21.9157,9.2155,31.3918,7.3698
ResNet18-YawAug,127.000,30.48,5.9405,22.0265,9.1227,31.554,7.3475
ResNet18-YawAug,127.100,30.6202,5.9062,22.1249,9.0218,31.7062,7.3142
ResNet18-YawAug,127.200,30.7583,5.8751,22.1615,8.9491,31.8455,7.2368
ResNet18-YawAug,127.300,30.8901,5.8401,22.1532,8.8884,31.9659,7.1434
ResNet18-YawAug,127.400,31.0199,5.7991,22.2102,8.808,32.1073,7.0822
ResNet18-YawAug,127.500,31.1529,5.7553,22.2401,8.7441,32.2674,7.0607
ResNet18-YawAug,127.600,31.2908,5.7115,22.3141,8.6538,32.39,6.9855
ResNet18-YawAug,127.700,31.4291,5.6715,22.4374,8.5806,32.5455,6.9522
ResNet18-YawAug,127.800,31.5652,5.6373,22.5565,8.5419,32.7011,6.9254
ResNet18-YawAug,127.900,31.7002,5.6103,22.6706,8.4759,32.8453,6.8622
ResNet18-YawAug,128.000,31.8412,5.5854,22.7942,8.4257,32.9911,6.8349
ResNet18-YawAug,128.100,31.9856,5.5601,22.9374,8.4109,33.1441,6.7776
ResNet18-YawAug,128.200,32.1275,5.5346,23.0277,8.4661,33.2498,6.8189
ResNet18-YawAug,128.300,32.2618,5.5062,23.0945,8.548,33.3322,6.91
ResNet18-YawAug,128.400,32.3925,5.4736,23.1907,8.6145,33.4227,6.9981
ResNet18-YawAug,128.500,32.5278,5.4355,23.2898,8.6827,33.5172,7.0906
ResNet18-YawAug,128.600,32.6635,5.3956,23.4099,8.6875,33.6409,7.1146
ResNet18-YawAug,128.700,32.7951,5.3562,23.5485,8.6629,33.7865,7.1088
ResNet18-YawAug,128.800,32.9246,5.3219,23.6714,8.6135,33.9075,7.1002
ResNet18-YawAug,128.900,33.0546,5.2926,23.7744,8.528,34.0281,7.0302
ResNet18-YawAug,129.000,33.1898,5.2629,23.8824,8.4511,34.1564,6.9396
ResNet18-YawAug,129.100,33.3314,5.232,24.0006,8.3981,34.2995,6.8833
ResNet18-YawAug,129.200,33.4717,5.2033,24.045,8.3737,34.4213,6.7842
ResNet18-YawAug,129.300,33.606,5.1723,24.0566,8.3952,34.5536,6.7332
ResNet18-YawAug,129.400,33.7362,5.1369,24.0321,8.4233,34.702,6.6897
ResNet18-YawAug,129.500,33.8665,5.098,23.9748,8.5078,34.8574,6.6924
ResNet18-YawAug,129.600,33.9973,5.0549,24.0531,8.5733,35.0152,6.7018
ResNet18-YawAug,129.700,34.1265,5.0199,24.0697,8.6637,35.1683,6.7133
ResNet18-YawAug,129.800,34.2537,4.9909,24.0849,8.6708,35.3115,6.6889
ResNet18-YawAug,129.900,34.3824,4.9688,24.1491,8.5958,35.3236,6.569
ResNet18-YawAug,130.000,34.5161,4.9486,24.2482,8.5125,35.4077,6.4737
ResNet18-YawAug,130.100,34.6527,4.9335,24.365,8.4886,35.4951,6.4057
ResNet18-YawAug,130.200,34.783,4.9238,24.4924,8.44,35.5716,6.4052
ResNet18-YawAug,130.300,34.9072,4.9122,24.6,8.3781,35.7066,6.376
ResNet18-YawAug,130.400,35.0285,4.8958,24.6961,8.3458,35.8333,6.3346
ResNet18-YawAug,130.500,35.153,4.8795,24.7723,8.3793,35.9719,6.3689
ResNet18-YawAug,130.600,35.2824,4.867,24.8803,8.4625,36.0873,6.4321
ResNet18-YawAug,130.700,35.4099,4.8576,24.997,8.4635,36.2277,6.4101
ResNet18-YawAug,130.800,35.5331,4.8558,25.1021,8.4885,36.3605,6.4179
ResNet18-YawAug,130.900,35.6539,4.8683,25.2427,8.4598,36.4931,6.3809
ResNet18-YawAug,131.000,35.7729,4.8877,25.3859,8.4439,36.6255,6.3421
ResNet18-YawAug,131.100,35.8928,4.9112,25.5277,8.4461,36.7597,6.3154
ResNet18-YawAug,131.200,36.0077,4.9421,25.6667,8.4337,36.8927,6.294
ResNet18-YawAug,131.300,36.1166,4.9736,25.8081,8.4347,37.0302,6.2868
ResNet18-YawAug,131.400,36.2231,5.0024,25.9484,8.441,37.1689,6.2729
ResNet18-YawAug,131.500,36.3304,5.037,26.0877,8.4626,37.3189,6.2935
ResNet18-YawAug,131.600,36.4363,5.0843,26.217,8.5147,37.458,6.3525
ResNet18-YawAug,131.700,36.5341,5.142,26.3338,8.5808,37.5798,6.4265
ResNet18-YawAug,131.800,36.6142,5.21,26.4423,8.6549,37.6883,6.4827
ResNet18-YawAug,131.900,36.6792,5.2875,26.5648,8.7199,37.8014,6.5591
ResNet18-YawAug,132.000,36.7315,5.3736,26.6688,8.8143,37.8987,6.6563
ResNet18-YawAug,132.100,36.7761,5.4672,26.7745,8.9029,37.9681,6.7688
ResNet18-YawAug,132.200,36.8114,5.5657,26.8405,9.025,38.0115,6.8945
ResNet18-YawAug,132.300,36.8428,5.6626,26.8862,9.1513,38.0498,7.0259
ResNet18-YawAug,132.400,36.8716,5.7592,26.8636,9.2831,38.0671,7.161
ResNet18-YawAug,132.500,36.8915,5.8636,26.8198,9.4048,38.0218,7.2952
ResNet18-YawAug,132.600,36.8991,5.9741,26.7529,9.5267,37.9767,7.4301
ResNet18-YawAug,132.700,36.8955,6.0861,26.6647,9.6311,37.8861,7.546
ResNet18-YawAug,132.800,36.8739,6.1908,26.5452,9.7126,37.7776,7.6457
ResNet18-YawAug,132.900,36.8339,6.2862,26.4426,9.8106,37.7202,7.7629
ResNet18-YawAug,133.000,36.7783,6.3742,26.3875,9.9381,37.6878,7.9043
ResNet18-YawAug,133.100,36.7097,6.4564,26.2979,10.053,37.6303,8.0348
ResNet18-YawAug,133.200,36.6342,6.5388,26.21,10.1626,37.5449,8.126
ResNet18-YawAug,133.300,36.5588,6.6187,26.1055,10.2689,37.4795,8.1991
ResNet18-YawAug,133.400,36.4867,6.7011,25.9923,10.3628,37.3491,8.2665
ResNet18-YawAug,133.500,36.4105,6.7846,25.8433,10.4199,37.1855,8.2428
ResNet18-YawAug,133.600,36.3211,6.8751,25.6871,10.4578,37.0219,8.2234
ResNet18-YawAug,133.700,36.2293,6.9607,25.5364,10.5047,36.867,8.218
ResNet18-YawAug,133.800,36.1328,7.0428,25.3824,10.5493,36.7084,8.2191
ResNet18-YawAug,133.900,36.0306,7.1133,25.2344,10.5911,36.544,8.2168
ResNet18-YawAug,134.000,35.9217,7.1747,25.1022,10.6506,36.3877,8.2234
ResNet18-YawAug,134.100,35.8045,7.2321,24.9937,10.7538,36.2887,8.3272
ResNet18-YawAug,134.200,35.681,7.2877,24.8877,10.8606,36.1982,8.4362
ResNet18-YawAug,134.300,35.5581,7.3413,24.8103,10.9918,36.0586,8.4795
ResNet18-YawAug,134.400,35.4412,7.3974,24.6967,11.091,35.9146,8.5233
ResNet18-YawAug,134.500,35.3256,7.4551,24.5744,11.1849,35.7587,8.5613
ResNet18-YawAug,134.600,35.2045,7.5138,24.4333,11.254,35.602,8.5661
ResNet18-YawAug,134.700,35.0798,7.5727,24.2976,11.3294,35.4643,8.6402
ResNet18-YawAug,134.800,34.9556,7.6297,24.1634,11.4107,35.323,8.7036
ResNet18-YawAug,134.900,34.8304,7.6792,24.0301,11.489,35.1608,8.7454
ResNet18-YawAug,135.000,34.7014,7.7186,23.9185,11.5903,35.0175,8.8161
ResNet18-YawAug,135.100,34.5664,7.7569,23.8074,11.6942,34.8679,8.8752
ResNet18-YawAug,135.200,34.4279,7.7955,23.705,11.8054,34.7348,8.9605
ResNet18-YawAug,135.300,34.2928,7.8326,23.6063,11.9223,34.6045,9.0552
ResNet18-YawAug,135.400,34.1651,7.8728,23.4959,12.0198,34.4667,9.1045
ResNet18-YawAug,135.500,34.0422,7.9176,23.3542,12.0823,34.3057,9.1106
ResNet18-YawAug,135.600,33.9165,7.9647,23.2045,12.1429,34.1353,9.112
ResNet18-YawAug,135.700,33.7882,8.0144,23.0526,12.185,33.9692,9.1037
ResNet18-YawAug,135.800,33.6616,8.0614,22.9147,12.2542,33.8071,9.1383
ResNet18-YawAug,135.900,33.5355,8.1045,22.7759,12.3229,33.6402,9.1682
ResNet18-YawAug,136.000,33.4067,8.1403,22.6574,12.4106,33.4824,9.2113
ResNet18-YawAug,136.100,33.2739,8.1741,22.5352,12.4953,33.3252,9.2361
ResNet18-YawAug,136.200,33.1368,8.211,22.4261,12.5976,33.1725,9.2898
ResNet18-YawAug,136.300,33.0012,8.2459,22.3381,12.717,33.0277,9.3584
ResNet18-YawAug,136.400,32.8717,8.2834,22.2415,12.8167,32.881,9.4066
ResNet18-YawAug,136.500,32.7465,8.3274,22.1037,12.873,32.7284,9.3832
ResNet18-YawAug,136.600,32.6187,8.3733,21.9555,12.9118,32.5698,9.3582
ResNet18-YawAug,136.700,32.4861,8.4195,21.8067,12.9554,32.4108,9.3309
ResNet18-YawAug,136.800,32.3529,8.4625,21.6654,13.0057,32.2499,9.342
ResNet18-YawAug,136.900,32.2207,8.501,21.5266,13.0603,32.0893,9.3425
ResNet18-YawAug,137.000,32.0879,8.5307,21.4032,13.1329,31.9423,9.3963
ResNet18-YawAug,137.100,31.9502,8.5559,21.2859,13.2224,31.7868,9.4295
ResNet18-YawAug,137.200,31.807,8.5799,21.1668,13.3144,31.6458,9.5065
ResNet18-YawAug,137.300,31.6651,8.6014,21.0801,13.4422,31.5161,9.6106
ResNet18-YawAug,137.400,31.53,8.6254,20.9657,13.5373,31.379,9.6928
ResNet18-YawAug,137.500,31.3993,8.6584,20.8311,13.6106,31.2258,9.7434
ResNet18-YawAug,137.600,31.2671,8.6976,20.6816,13.6714,31.0576,9.7701
ResNet18-YawAug,137.700,31.1313,8.7399,20.529,13.7303,30.8846,9.7925
ResNet18-YawAug,137.800,30.9984,8.782,20.3883,13.8036,30.7218,9.8398
ResNet18-YawAug,137.900,30.8676,8.8223,20.2471,13.8726,30.5634,9.8919
ResNet18-YawAug,138.000,30.737,8.8567,20.1293,13.9654,30.4181,9.9707
ResNet18-YawAug,138.100,30.6004,8.8892,20.0075,14.062,30.2624,10.0072
ResNet18-YawAug,138.200,30.4583,8.9229,19.8861,14.1584,30.109,10.0585
ResNet18-YawAug,138.300,30.3169,8.9557,19.7866,14.2791,29.9659,10.1363
ResNet18-YawAug,138.400,30.1825,8.9945,19.6747,14.3702,29.8256,10.2073
ResNet18-YawAug,138.500,30.0545,9.0411,19.5387,14.4374,29.6714,10.2031
ResNet18-YawAug,138.600,29.9257,9.0955,19.389,14.4881,29.5059,10.2125
ResNet18-YawAug,138.700,29.7932,9.1543,19.2324,14.523,29.3377,10.2004
ResNet18-YawAug,138.800,29.6612,9.2093,19.0866,14.577,29.1734,10.2257
ResNet18-YawAug,138.900,29.5318,9.2583,18.9379,14.6227,29.0083,10.2398
ResNet18-YawAug,139.000,29.4009,9.3002,18.8107,14.695,28.8527,10.278
ResNet18-YawAug,139.100,29.2668,9.3392,18.6824,14.7721,28.6941,10.2951
ResNet18-YawAug,139.200,29.1263,9.3776,18.5548,14.8477,28.5378,10.3088
ResNet18-YawAug,139.300,28.9859,9.4137,18.4568,14.962,28.3898,10.3682
ResNet18-YawAug,139.400,28.8528,9.4518,18.3476,15.054,28.2465,10.4009
ResNet18-YawAug,139.500,28.726,9.4958,18.2173,15.1279,28.09,10.4127
ResNet18-YawAug,139.600,28.5984,9.5435,18.0744,15.1833,27.9324,10.3924
ResNet18-YawAug,139.700,28.466,9.5922,17.9235,15.2303,27.7653,10.3813
ResNet18-YawAug,139.800,28.334,9.639,17.787,15.2993,27.6009,10.4021
ResNet18-YawAug,139.900,28.2041,9.6789,17.647,15.36,27.4347,10.4194
ResNet18-YawAug,140.000,28.0704,9.7091,17.5272,15.4458,27.2781,10.4572
ResNet18-YawAug,140.100,27.9326,9.7355,17.4023,15.5309,27.1163,10.4825
ResNet18-YawAug,140.200,27.7872,9.7608,17.2886,15.6311,26.965,10.5355
ResNet18-YawAug,140.300,27.6447,9.7821,17.1932,15.7508,26.8154,10.6028
ResNet18-YawAug,140.400,27.5082,9.8079,17.0763,15.8407,26.6716,10.6527
ResNet18-YawAug,140.500,27.3759,9.8389,16.9369,15.9001,26.5165,10.6475
ResNet18-YawAug,140.600,27.2414,9.8733,16.7874,15.9377,26.3786,10.7106
ResNet18-YawAug,140.700,27.1019,9.9104,16.6346,15.9757,26.2343,10.7706
ResNet18-YawAug,140.800,26.966,9.9471,16.4951,16.0417,26.0931,10.8357
ResNet18-YawAug,140.900,26.8305,9.9804,16.3508,16.0931,25.9665,10.9111
ResNet18-YawAug,141.000,26.694,10.0045,16.2289,16.1761,25.8127,10.9562
ResNet18-YawAug,141.100,26.5546,10.0261,16.1022,16.2609,25.65,10.9569
ResNet18-YawAug,141.200,26.4111,10.0501,15.9785,16.3492,25.4905,10.9871
ResNet18-YawAug,141.300,26.2685,10.075,15.8752,16.4628,25.3341,11.0302
ResNet18-YawAug,141.400,26.1316,10.1037,15.7569,16.5543,25.1991,11.1039
ResNet18-YawAug,141.500,25.9997,10.1412,15.6212,16.6322,25.0468,11.1679
ResNet18-YawAug,141.600,25.8649,10.1847,15.4705,16.6892,24.8803,11.1968
ResNet18-YawAug,141.700,25.7266,10.2312,15.3171,16.7413,24.7088,11.2147
ResNet18-YawAug,141.800,25.5893,10.2767,15.1723,16.8032,24.545,11.257
ResNet18-YawAug,141.900,25.4554,10.3178,15.0283,16.8656,24.384,11.3017
ResNet18-YawAug,142.000,25.3205,10.3513,14.9063,16.9493,24.2366,11.3655
ResNet18-YawAug,142.100,25.1804,10.3828,14.777,17.0326,24.0816,11.4157
ResNet18-YawAug,142.200,25.0353,10.4153,14.6642,17.1286,23.9326,11.4746
ResNet18-YawAug,142.300,24.8895,10.4455,14.5725,17.2481,23.7913,11.5574
ResNet18-YawAug,142.400,24.7521,10.4793,14.4674,17.3399,23.64,11.6085
ResNet18-YawAug,142.500,24.619,10.519,14.3317,17.4051,23.4778,11.6179
ResNet18-YawAug,142.600,24.4831,10.5615,14.1847,17.4594,23.3143,11.5995
ResNet18-YawAug,142.700,24.3431,10.6054,14.0336,17.5117,23.1441,11.5918
ResNet18-YawAug,142.800,24.2054,10.6488,13.8905,17.576,22.9753,11.6201
ResNet18-YawAug,142.900,24.0724,10.6878,13.748,17.6365,22.8098,11.6481
ResNet18-YawAug,143.000,23.9379,10.7184,13.6269,17.7212,22.6501,11.6966
ResNet18-YawAug,143.100,23.7994,10.7434,13.5068,17.8189,22.4861,11.721
ResNet18-YawAug,143.200,23.6552,10.7674,13.4007,17.9303,22.3253,11.7611
ResNet18-YawAug,143.300,23.513,10.7899,13.3047,18.0515,22.173,11.8246
ResNet18-YawAug,143.400,23.3768,10.8171,13.206,18.1568,22.0287,11.8991
ResNet18-YawAug,143.500,23.2446,10.8518,13.0839,18.2447,21.8735,11.9479
ResNet18-YawAug,143.600,23.1094,10.8926,12.9472,18.3206,21.7102,11.9839
ResNet18-YawAug,143.700,22.9699,10.9355,12.7983,18.3658,21.5432,11.9732
ResNet18-YawAug,143.800,22.8307,10.9763,12.6698,18.4435,21.3839,12.0118
ResNet18-YawAug,143.900,22.6956,11.0115,12.5313,18.5083,21.2222,12.0369
ResNet18-YawAug,144.000,22.5589,11.038,12.4224,18.6006,21.0739,12.0826
ResNet18-YawAug,144.100,22.4168,11.061,12.3226,18.7075,20.9318,12.1506
ResNet18-YawAug,144.200,22.2693,11.0843,12.229,18.8171,20.8016,12.2327
ResNet18-YawAug,144.300,22.1225,11.1074,12.1515,18.9362,20.6832,12.3261
ResNet18-YawAug,144.400,21.9827,11.1354,12.0386,19.0174,20.5496,12.3901
ResNet18-YawAug,144.500,21.8481,11.1678,11.9201,19.0939,20.3986,12.4371
ResNet18-YawAug,144.600,21.7117,11.2016,11.7849,19.1645,20.2443,12.4922
ResNet18-YawAug,144.700,21.5699,11.229,11.6506,19.2343,20.0916,12.5467
ResNet18-YawAug,144.800,21.429,11.252,11.5086,19.2933,19.9351,12.5906
ResNet18-YawAug,144.900,21.2945,11.2755,11.3682,19.3525,19.7802,12.6374
ResNet18-YawAug,145.000,21.1602,11.3026,11.2437,19.4377,19.6366,12.7098
ResNet18-YawAug,145.100,21.0218,11.33,11.1153,19.523,19.4893,12.7816
ResNet18-YawAug,145.200,20.8762,11.3577,10.985,19.6089,19.3399,12.8545
ResNet18-YawAug,145.300,20.7323,11.3848,10.8592,19.7095,19.1939,12.9432
ResNet18-YawAug,145.400,20.5984,11.4172,10.7271,19.8045,19.0415,13.0264
ResNet18-YawAug,145.500,20.467,11.4554,10.5789,19.8719,18.8748,13.0699
ResNet18-YawAug,145.600,20.3314,11.4974,10.4239,19.935,18.6976,13.0928
ResNet18-YawAug,145.700,20.1924,11.5406,10.2645,19.9803,18.5236,13.1
ResNet18-YawAug,145.800,20.0544,11.5805,10.1102,20.0343,18.3525,13.1271
ResNet18-YawAug,145.900,19.9176,11.6152,9.9532,20.0715,18.1813,13.1448
ResNet18-YawAug,146.000,19.7807,11.6435,9.8099,20.1319,18.0114,13.178
ResNet18-YawAug,146.100,19.6395,11.6687,9.666,20.1959,17.8408,13.1806
ResNet18-YawAug,146.200,19.493,11.6953,9.5323,20.2601,17.6753,13.1767
ResNet18-YawAug,146.300,19.3468,11.7228,9.4134,20.3412,17.5228,13.207
ResNet18-YawAug,146.400,19.2082,11.7575,9.2941,20.4101,17.3743,13.2403
ResNet18-YawAug,146.500,19.0735,11.7991,9.1618,20.4787,17.2145,13.2609
ResNet18-YawAug,146.600,18.9345,11.8453,9.0159,20.5283,17.0487,13.2601
ResNet18-YawAug,146.700,18.7925,11.8931,8.8703,20.5765,16.8833,13.2667
ResNet18-YawAug,146.800,18.6533,11.9368,8.729,20.6295,16.7226,13.2944
ResNet18-YawAug,146.900,18.516,11.9766,8.5912,20.6915,16.5616,13.3266
ResNet18-YawAug,147.000,18.3774,12.012,8.475,20.778,16.4143,13.3836
ResNet18-YawAug,147.100,18.235,12.0438,8.354,20.8754,16.2599,13.4464
ResNet18-YawAug,147.200,18.0883,12.0738,8.2351,20.9738,16.1108,13.5167
ResNet18-YawAug,147.300,17.9459,12.1025,8.1206,21.077,15.9698,13.5951
ResNet18-YawAug,147.400,17.8121,12.1372,7.9824,21.1461,15.8202,13.655
ResNet18-YawAug,147.500,17.6825,12.179,7.8411,21.2145,15.6613,13.6998
ResNet18-YawAug,147.600,17.5501,12.2222,7.6894,21.277,15.4902,13.7325
ResNet18-YawAug,147.700,17.4135,12.266,7.5366,21.3261,15.3213,13.7514
ResNet18-YawAug,147.800,17.2764,12.3085,7.3916,21.3927,15.1602,13.8019
ResNet18-YawAug,147.900,17.1407,12.3453,7.2497,21.4571,14.9998,13.8494
ResNet18-YawAug,148.000,17.0057,12.3764,7.1207,21.5324,14.8448,13.902
ResNet18-YawAug,148.100,16.8658,12.4066,6.9924,21.6192,14.683,13.9472
ResNet18-YawAug,148.200,16.7226,12.4377,6.8664,21.707,14.5289,13.998
ResNet18-YawAug,148.300,16.5834,12.4676,6.7706,21.8172,14.3866,14.0738
ResNet18-YawAug,148.400,16.4503,12.503,6.6531,21.8973,14.2476,14.1193
ResNet18-YawAug,148.500,16.3209,12.5462,6.518,21.9698,14.0849,14.137
ResNet18-YawAug,148.600,16.1889,12.5946,6.3682,22.0246,13.915,14.1388
ResNet18-YawAug,148.700,16.0544,12.6443,6.2184,22.0754,13.7454,14.153
ResNet18-YawAug,148.800,15.9214,12.6929,6.0765,22.1422,13.5826,14.1925
ResNet18-YawAug,148.900,15.7896,12.7355,5.9428,22.2166,13.4196,14.232
ResNet18-YawAug,149.000,15.6547,12.7708,5.8251,22.3113,13.2686,14.2989
ResNet18-YawAug,149.100,15.5166,12.8048,5.7013,22.4041,13.1104,14.3537
ResNet18-YawAug,149.200,15.375,12.8387,5.578,22.4943,12.9592,14.4181
ResNet18-YawAug,149.300,15.237,12.8723,5.4622,22.5972,12.8059,14.486
ResNet18-YawAug,149.400,15.1042,12.9106,5.3291,22.6746,12.6457,14.528
ResNet18-YawAug,149.500,14.9758,12.9554,5.1958,22.7548,12.4812,14.5582
ResNet18-YawAug,149.600,14.8444,13.0049,5.047,22.8056,12.3128,14.5595
ResNet18-YawAug,149.700,14.7068,13.0532,4.8996,22.8538,12.1493,14.574
ResNet18-YawAug,149.800,14.5726,13.0974,4.7506,22.906,11.9855,14.5974
ResNet18-YawAug,149.900,14.4423,13.1338,4.6156,22.9716,11.8235,14.624
ResNet18-YawAug,150.000,14.3105,13.1628,4.4999,23.0589,11.6755,14.689
ResNet18-YawAug,150.100,14.1738,13.1885,4.3914,23.1591,11.5183,14.7269
ResNet18-YawAug,150.200,14.0316,13.2134,4.2858,23.2519,11.3785,14.7629
ResNet18-YawAug,150.300,13.8915,13.2371,4.252,23.3891,11.2442,14.8242
ResNet18-YawAug,150.400,13.7573,13.2647,4.1947,23.4913,11.1309,14.9012
ResNet18-YawAug,150.500,13.6247,13.2995,4.1169,23.5996,10.9946,14.9623
ResNet18-YawAug,150.600,13.488,13.338,4.0033,23.6648,10.8559,14.9819
ResNet18-YawAug,150.700,13.3481,13.3778,3.9028,23.743,10.7014,15.0133
ResNet18-YawAug,150.800,13.2113,13.4145,3.7878,23.8106,10.5726,15.0769
ResNet18-YawAug,150.900,13.0769,13.4439,3.6754,23.8964,10.4329,15.1341
ResNet18-YawAug,151.000,12.9415,13.4634,3.5815,24.0075,10.2974,15.2206
ResNet18-YawAug,151.100,12.8003,13.4754,3.4764,24.1182,10.1527,15.299
ResNet18-YawAug,151.200,12.656,13.4817,3.3661,24.2192,10.0129,15.3881
ResNet18-YawAug,151.300,12.5153,13.4859,3.2553,24.3224,9.8939,15.4732
ResNet18-YawAug,151.400,12.381,13.4932,3.1233,24.386,9.7457,15.5023
ResNet18-YawAug,151.500,12.2485,13.5054,2.988,24.4464,9.5994,15.5185
ResNet18-YawAug,151.600,12.1105,13.5211,2.844,24.4652,9.4544,15.4715
ResNet18-YawAug,151.700,11.97,13.5333,2.6999,24.469,9.3042,15.4126
ResNet18-YawAug,151.800,11.8321,13.5358,2.5544,24.4674,9.1526,15.3676
ResNet18-YawAug,151.900,11.698,13.5265,2.413,24.4939,9.0115,15.3999
ResNet18-YawAug,152.000,11.5652,13.5049,2.2786,24.5482,8.8708,15.45
ResNet18-YawAug,152.100,11.4314,13.4752,2.136,24.5792,8.7139,15.4561
ResNet18-YawAug,152.200,11.2969,13.4409,1.9991,24.6136,8.5546,15.4379
ResNet18-YawAug,152.300,11.1695,13.4073,1.8739,24.6726,8.4037,15.4088
ResNet18-YawAug,152.400,11.0419,13.3796,1.7424,24.7178,8.2655,15.3653
ResNet18-YawAug,152.500,10.912,13.3565,1.6044,24.7465,8.1362,15.3923
ResNet18-YawAug,152.600,10.7775,13.3312,1.4899,24.795,8.0203,15.3252
ResNet18-YawAug,152.700,10.6398,13.2986,1.3688,24.8,7.895,15.2448
ResNet18-YawAug,152.800,10.5098,13.257,1.2617,24.8352,7.7848,15.1438
ResNet18-YawAug,152.900,10.3892,13.2038,1.1687,24.9023,7.6467,15.1155
ResNet18-YawAug,153.000,10.2766,13.1393,1.0396,24.9396,7.5008,15.1176
ResNet18-YawAug,153.100,10.1658,13.0628,0.8958,24.9252,7.3493,15.0774
ResNet18-YawAug,153.200,10.0581,12.9766,0.769,24.8951,7.2055,15.0287
ResNet18-YawAug,153.300,9.9539,12.8905,0.6395,24.8741,7.0922,14.921
ResNet18-YawAug,153.400,9.8531,12.8066,0.5087,24.8106,6.9983,14.7919
ResNet18-YawAug,153.500,9.7515,12.7201,0.3764,24.732,6.911,14.657
ResNet18-YawAug,153.600,9.6482,12.6268,0.2469,24.645,6.8367,14.5207
ResNet18-YawAug,153.700,9.5443,12.527,0.1266,24.5534,6.7597,14.3774
ResNet18-YawAug,153.800,9.4476,12.4252,0.0044,24.4613,6.6981,14.2322
ResNet18-YawAug,153.900,9.361,12.3184,-0.1341,24.4091,6.6159,14.0866
ResNet18-YawAug,154.000,9.284,12.2043,-0.2712,24.3422,6.5463,13.9404
ResNet18-YawAug,154.100,9.2079,12.0833,-0.4107,24.272,6.4768,13.7907
ResNet18-YawAug,154.200,9.132,11.9564,-0.5407,24.2069,6.3858,13.6642
ResNet18-YawAug,154.300,9.0555,11.8345,-0.6628,24.1317,6.2736,13.5485
ResNet18-YawAug,154.400,8.9719,11.7223,-0.7894,24.0556,6.1654,13.4266
ResNet18-YawAug,154.500,8.883,11.6132,-0.9176,23.9776,6.0887,13.2834
ResNet18-YawAug,154.600,8.7885,11.5027,-1.0479,23.9078,6.0326,13.1246
ResNet18-YawAug,154.700,8.6918,11.3907,-1.1686,23.8307,5.9463,12.9865
ResNet18-YawAug,154.800,8.5988,11.279,-1.2903,23.779,5.863,12.86
ResNet18-YawAug,154.900,8.5125,11.1652,-1.4209,23.7229,5.7645,12.7358
ResNet18-YawAug,155.000,8.4296,11.0453,-1.5548,23.6553,5.6725,12.5996
ResNet18-YawAug,155.100,8.3459,10.9165,-1.6943,23.6207,5.5576,12.4793
ResNet18-YawAug,155.200,8.2624,10.7827,-1.8194,23.6115,5.4336,12.3727
ResNet18-YawAug,155.300,8.1752,10.6594,-1.9429,23.5608,5.3152,12.2688
ResNet18-YawAug,155.400,8.0847,10.5475,-2.0751,23.503,5.2057,12.1517
ResNet18-YawAug,155.500,7.9905,10.4368,-2.21,23.4463,5.1057,12.0206
ResNet18-YawAug,155.600,7.8918,10.3229,-2.3359,23.3768,5.0165,11.8798
ResNet18-YawAug,155.700,7.7937,10.208,-2.4665,23.3252,4.908,11.7652
ResNet18-YawAug,155.800,7.7016,10.0945,-2.6014,23.2744,4.8012,11.6469
ResNet18-YawAug,155.900,7.6179,9.9809,-2.7426,23.248,4.6866,11.5406
ResNet18-YawAug,156.000,7.5352,9.8633,-2.888,23.2069,4.5686,11.4307
ResNet18-YawAug,156.100,7.4489,9.74,-3.0253,23.1655,4.4536,11.3193
ResNet18-YawAug,156.200,7.3638,9.6186,-3.1331,23.1781,4.3307,11.2238
ResNet18-YawAug,156.300,7.2773,9.5048,-3.2459,23.1545,4.2265,11.1084
ResNet18-YawAug,156.400,7.1862,9.3958,-3.3617,23.1273,4.1624,10.9688
ResNet18-YawAug,156.500,7.0912,9.2858,-3.4815,23.0568,4.0769,10.8251
ResNet18-YawAug,156.600,6.9943,9.1728,-3.5906,22.9616,4.0055,10.6757
ResNet18-YawAug,156.700,6.9003,9.0589,-3.6863,22.8668,3.9286,10.5354
ResNet18-YawAug,156.800,6.8131,8.948,-3.8153,22.8048,3.8456,10.3979
ResNet18-YawAug,156.900,6.7324,8.8349,-3.9443,22.7633,3.7289,10.2947
ResNet18-YawAug,157.000,6.6519,8.7147,-4.0817,22.7035,3.6192,10.1762
ResNet18-YawAug,157.100,6.5714,8.5876,-4.2057,22.6238,3.5096,10.0619
ResNet18-YawAug,157.200,6.4925,8.4611,-4.3243,22.5685,3.3895,9.9541
ResNet18-YawAug,157.300,6.4126,8.3418,-4.4396,22.4874,3.2873,9.8228
ResNet18-YawAug,157.400,6.333,8.2293,-4.5554,22.3968,3.1844,9.693
ResNet18-YawAug,157.500,6.249,8.1132,-4.674,22.3091,3.1137,9.5577
ResNet18-YawAug,157.600,6.1633,7.9931,-4.7751,22.2023,3.0249,9.4373
ResNet18-YawAug,157.700,6.0808,7.8729,-4.8763,22.1116,2.9503,9.3033
ResNet18-YawAug,157.800,6.0073,7.7498,-5.0049,22.069,2.8568,9.169
ResNet18-YawAug,157.900,5.943,7.6238,-5.1425,22.0037,2.784,9.0241
ResNet18-YawAug,158.000,5.88,7.4929,-5.2762,21.9317,2.7031,8.8779
ResNet18-YawAug,158.100,5.8145,7.358,-5.3949,21.8656,2.6039,8.7516
ResNet18-YawAug,158.200,5.7486,7.2286,-5.5053,21.8128,2.536,8.6513
ResNet18-YawAug,158.300,5.6823,7.1071,-5.6132,21.7276,2.465,8.503
ResNet18-YawAug,158.400,5.6147,6.9883,-5.7264,21.6357,2.4061,8.3432
ResNet18-YawAug,158.500,5.5411,6.8651,-5.8484,21.5496,2.3523,8.1777
ResNet18-YawAug,158.600,5.4643,6.7412,-5.9519,21.4418,2.3012,8.0147
ResNet18-YawAug,158.700,5.3861,6.6204,-6.0645,21.3469,2.2356,7.8615
ResNet18-YawAug,158.800,5.3108,6.5003,-6.1931,21.284,2.1505,7.7195
ResNet18-YawAug,158.900,5.2398,6.3803,-6.3278,21.2138,2.0791,7.5677
ResNet18-YawAug,159.000,5.1695,6.2522,-6.469,21.1533,2.0126,7.4157
ResNet18-YawAug,159.100,5.0966,6.1183,-6.6009,21.0896,1.9236,7.2827
ResNet18-YawAug,159.200,5.023,5.9905,-6.736,21.0368,1.8479,7.1499
ResNet18-YawAug,159.300,4.9421,5.8732,-6.8587,20.9611,1.8193,7.0017
ResNet18-YawAug,159.400,4.8546,5.7575,-6.9928,20.8906,1.84,6.851
ResNet18-YawAug,159.500,4.7603,5.6417,-7.1029,20.7895,1.8671,6.6923
ResNet18-YawAug,159.600,4.6668,5.5237,-7.2205,20.6967,1.8202,6.5354
ResNet18-YawAug,159.700,4.582,5.4044,-7.3392,20.6192,1.7733,6.3853
ResNet18-YawAug,159.800,4.5062,5.282,-7.4707,20.5622,1.6898,6.2518
ResNet18-YawAug,159.900,4.4365,5.1561,-7.5994,20.4908,1.5998,6.1164
ResNet18-YawAug,160.000,4.3665,5.0245,-7.7309,20.4369,1.4804,6.0066
ResNet18-YawAug,160.100,4.3026,4.892,-7.8182,20.4322,1.3617,5.9016
ResNet18-YawAug,160.200,4.2392,4.7652,-7.9207,20.3512,1.2599,5.7846
ResNet18-YawAug,160.300,4.1734,4.6456,-8.0432,20.3149,1.1698,5.6584
ResNet18-YawAug,160.400,4.1038,4.5213,-8.1704,20.2632,1.1121,5.5067
ResNet18-YawAug,160.500,4.0327,4.3947,-8.2862,20.1961,1.0636,5.3489
ResNet18-YawAug,160.600,3.9663,4.2683,-8.4035,20.1205,0.9997,5.1995
ResNet18-YawAug,160.700,3.9069,4.1425,-8.5354,20.0652,0.9211,5.0609
ResNet18-YawAug,160.800,3.8565,4.0153,-8.6709,20.0312,0.8283,4.9284
ResNet18-YawAug,160.900,3.8084,3.8799,-8.8159,19.9906,0.7201,4.8037
ResNet18-YawAug,161.000,3.7631,3.7375,-8.9591,19.9498,0.6079,4.6862
ResNet18-YawAug,161.100,3.7208,3.5948,-9.0927,19.9084,0.4784,4.592
ResNet18-YawAug,161.200,3.6752,3.4611,-9.2134,19.841,0.3819,4.4663
ResNet18-YawAug,161.300,3.6236,3.3336,-9.3059,19.7545,0.3249,4.3211
ResNet18-YawAug,161.400,3.5659,3.2037,-9.4036,19.6619,0.2865,4.165
ResNet18-YawAug,161.500,3.5052,3.0711,-9.4863,19.5443,0.2766,4.0056
ResNet18-YawAug,161.600,3.4458,2.9371,-9.5628,19.4297,0.2402,3.8516
ResNet18-YawAug,161.700,3.3955,2.805,-9.6193,19.3162,0.2121,3.6925
ResNet18-YawAug,161.800,3.354,2.6723,-9.7217,19.236,0.1433,3.5577
ResNet18-YawAug,161.900,3.314,2.535,-9.8537,19.206,0.0625,3.4786
ResNet18-YawAug,162.000,3.2747,2.3928,-9.9879,19.1691,-0.0663,3.4122
ResNet18-YawAug,162.100,3.2331,2.2556,-10.1283,19.1942,-0.2068,3.4183
ResNet18-YawAug,162.200,3.1854,2.1272,-10.2675,19.2118,-0.3407,3.3687
ResNet18-YawAug,162.300,3.1342,1.9999,-10.4055,19.1866,-0.4592,3.2982
ResNet18-YawAug,162.400,3.081,1.873,-10.5308,19.1321,-0.5708,3.1988
ResNet18-YawAug,162.500,3.0244,1.7442,-10.6521,19.064,-0.6827,3.1101
ResNet18-YawAug,162.600,2.9729,1.6192,-10.7597,18.9899,-0.7894,3.0061
ResNet18-YawAug,162.700,2.9289,1.4949,-10.8501,18.9246,-0.8848,2.9001
ResNet18-YawAug,162.800,2.8864,1.3698,-10.9487,18.8505,-0.9957,2.8071
ResNet18-YawAug,162.900,2.8396,1.2452,-11.0367,18.7708,-1.0399,2.6771
ResNet18-YawAug,163.000,2.7871,1.1224,-11.0829,18.7255,-1.0706,2.574
ResNet18-YawAug,163.100,2.729,1.0098,-11.1628,18.7399,-1.1462,2.5213
ResNet18-YawAug,163.200,2.6561,0.9045,-11.2447,18.7816,-1.2774,2.5407
ResNet18-YawAug,163.300,2.577,0.8049,-11.3441,18.7806,-1.3992,2.5413
ResNet18-YawAug,163.400,2.4949,0.7086,-11.4483,18.7877,-1.5296,2.5293
ResNet18-YawAug,163.500,2.4003,0.6177,-11.5719,18.7874,-1.667,2.5289
ResNet18-YawAug,163.600,2.3091,0.5305,-11.6821,18.7457,-1.7924,2.502
ResNet18-YawAug,163.700,2.224,0.4403,-11.8011,18.6996,-1.9243,2.4767
ResNet18-YawAug,163.800,2.1402,0.3511,-11.9223,18.6426,-2.0593,2.4429
ResNet18-YawAug,163.900,2.0518,0.2635,-12.0493,18.596,-2.1818,2.3614
ResNet18-YawAug,164.000,1.9563,0.1831,-12.1654,18.536,-2.3016,2.2937
ResNet18-YawAug,164.100,1.8584,0.1176,-12.2802,18.4812,-2.4121,2.2141
ResNet18-YawAug,164.200,1.7538,0.0751,-12.3938,18.409,-2.4984,2.0998
ResNet18-YawAug,164.300,1.6454,0.0453,-12.4969,18.3493,-2.5558,1.9814
ResNet18-YawAug,164.400,1.5324,0.0299,-12.5306,18.2247,-2.5833,1.842
ResNet18-YawAug,164.500,1.417,0.0221,-12.5318,18.1048,-2.615,1.7178
ResNet18-YawAug,164.600,1.307,0.0115,-12.5596,17.9797,-2.6216,1.5808
ResNet18-YawAug,164.700,1.1984,-0.0016,-12.5789,17.8538,-2.5993,1.4533
ResNet18-YawAug,164.800,1.0882,-0.0177,-12.6167,17.7459,-2.6075,1.3261
ResNet18-YawAug,164.900,0.9768,-0.0361,-12.6853,17.6544,-2.669,1.2331
ResNet18-YawAug,165.000,0.8632,-0.0508,-12.7573,17.5734,-2.7134,1.1303
ResNet18-YawAug,165.100,0.7554,-0.0578,-12.8343,17.5136,-2.7681,1.0401
ResNet18-YawAug,165.200,0.6566,-0.052,-12.9155,17.4789,-2.843,1.0239
ResNet18-YawAug,165.300,0.5674,-0.0421,-12.9946,17.4691,-2.8788,1.0505
ResNet18-YawAug,165.400,0.4846,-0.0297,-13.0078,17.4647,-2.8415,1.0813
ResNet18-YawAug,165.500,0.4096,-0.0061,-13.0172,17.4662,-2.82,1.0782
ResNet18-YawAug,165.600,0.3453,0.0254,-13.0174,17.4494,-2.8157,1.0579
ResNet18-YawAug,165.700,0.2896,0.0632,-13.0179,17.4396,-2.8191,1.0399
ResNet18-YawAug,165.800,0.2445,0.099,-13.0289,17.4357,-2.8275,1.0308
ResNet18-YawAug,165.900,0.2137,0.1311,-13.0352,17.425,-2.8358,1.0162
ResNet18-YawAug,166.000,0.1951,0.1547,-13.0357,17.4067,-2.8302,0.9849
ResNet18-YawAug,166.100,0.1791,0.1682,-13.0451,17.397,-2.8395,0.9554
ResNet18-YawAug,166.200,0.1551,0.1829,-13.0559,17.3934,-2.8532,0.9327
ResNet18-YawAug,166.300,0.1222,0.2003,-13.0641,17.3932,-2.8643,0.9275
ResNet18-YawAug,166.400,0.084,0.2184,-13.0753,17.3932,-2.8758,0.9184
ResNet18-YawAug,166.500,0.0427,0.231,-13.0878,17.3925,-2.8791,0.9069
ResNet18-YawAug,166.600,0.0006,0.2394,-13.097,17.3929,-2.8856,0.8866
ResNet18-YawAug,166.700,-0.0317,0.2423,-13.1037,17.3962,-2.8994,0.876
ResNet18-YawAug,166.800,-0.0516,0.2423,-13.1112,17.4003,-2.9082,0.8736
ResNet18-YawAug,166.900,-0.0638,0.2383,-13.1187,17.405,-2.9135,0.8762
ResNet18-YawAug,167.000,-0.0725,0.2288,-13.1229,17.4057,-2.925,0.8762
ResNet18-YawAug,167.100,-0.0784,0.2076,-13.1254,17.4052,-2.9309,0.8745
ResNet18-YawAug,167.200,-0.0851,0.1702,-13.1284,17.4039,-2.9364,0.8704
ResNet18-YawAug,167.300,-0.092,0.1166,-13.132,17.4,-2.9488,0.8672
ResNet18-YawAug,167.400,-0.0994,0.0547,-13.1371,17.3923,-2.963,0.8548
ResNet18-YawAug,167.500,-0.1068,-0.0033,-13.1423,17.387,-2.9676,0.8488
ResNet18-YawAug,167.600,-0.1142,-0.0515,-13.1471,17.3832,-2.9706,0.8463
ResNet18-YawAug,167.700,-0.118,-0.0858,-13.1476,17.3823,-2.9704,0.846
ResNet18-YawAug,167.800,-0.1222,-0.1088,-13.1477,17.3823,-2.9717,0.8477
ResNet18-YawAug,167.900,-0.1313,-0.1216,-13.1493,17.3828,-2.9758,0.8605
ResNet18-YawAug,168.000,-0.1501,-0.1244,-13.1545,17.3858,-2.9945,0.8733
ResNet18-YawAug,168.100,-0.1825,-0.1154,-13.1623,17.3978,-3.0235,0.8462
ResNet18-YawAug,168.200,-0.2318,-0.0888,-13.1638,17.4059,-3.036,0.8164
ResNet18-YawAug,168.300,-0.2916,-0.0422,-13.1624,17.4103,-3.0357,0.8014
ResNet18-YawAug,168.400,-0.3511,0.0295,-13.1604,17.4134,-3.0343,0.8048
ResNet18-YawAug,168.500,-0.3868,0.1185,-13.1582,17.4239,-3.0321,0.8181
ResNet18-YawAug,168.600,-0.3968,0.2117,-13.1536,17.4456,-3.0259,0.8357
ResNet18-YawAug,168.700,-0.3749,0.2912,-13.1511,17.4825,-3.0165,0.8505
ResNet18-YawAug,168.800,-0.3326,0.3545,-13.1484,17.5161,-3.0072,0.8596
ResNet18-YawAug,168.900,-0.2774,0.4012,-13.1422,17.5536,-2.9979,0.8819
ResNet18-YawAug,169.000,-0.2129,0.4305,-13.1395,17.5932,-2.9946,0.9012
ResNet18-YawAug,169.100,-0.1481,0.4461,-13.1398,17.6295,-2.9848,0.9173
ResNet18-YawAug,169.200,-0.084,0.4511,-13.1404,17.6618,-2.9776,0.9408
ResNet18-YawAug,169.300,-0.0242,0.4504,-13.1431,17.6923,-2.9729,0.9686
ResNet18-YawAug,169.400,0.0299,0.4447,-13.1399,17.722,-2.9633,0.9973
ResNet18-YawAug,169.500,0.0784,0.431,-13.1355,17.7545,-2.9639,1.0222
ResNet18-YawAug,169.600,0.1215,0.4111,-13.1276,17.7819,-2.9714,1.0425
ResNet18-YawAug,169.700,0.1582,0.3808,-13.1279,17.8075,-2.9926,1.0645
ResNet18-YawAug,169.800,0.1901,0.3389,-13.1467,17.8266,-3.0261,1.0861
ResNet18-YawAug,169.900,0.2107,0.2912,-13.1782,17.8426,-3.0457,1.0983
ResNet18-YawAug,170.000,0.2152,0.2375,-13.2105,17.858,-3.0499,1.0963
ResNet18-YawAug,170.100,0.2069,0.1795,-13.2409,17.8724,-3.0546,1.0927
ResNet18-YawAug,170.200,0.1851,0.12,-13.2683,17.8823,-3.0631,1.0885
ResNet18-YawAug,170.300,0.1518,0.0609,-13.2916,17.8905,-3.0715,1.087
ResNet18-YawAug,170.400,0.1078,0.0065,-13.3048,17.9029,-3.0744,1.0872
ResNet18-YawAug,170.500,0.0561,-0.0329,-13.3088,17.9056,-3.0726,1.0787
ResNet18-YawAug,170.600,0.0032,-0.0577,-13.3104,17.9051,-3.0773,1.0539
ResNet18-YawAug,170.700,-0.0456,-0.0685,-13.3127,17.9037,-3.0962,1.0116
ResNet18-YawAug,170.800,-0.0862,-0.0662,-13.3162,17.9028,-3.1262,0.9419
ResNet18-YawAug,170.900,-0.1171,-0.0509,-13.3046,17.9141,-3.1327,0.9118
ResNet18-YawAug,171.000,-0.1365,-0.0255,-13.2964,17.9206,-3.1366,0.8955
ResNet18-YawAug,171.100,-0.1447,0.0104,-13.2906,17.9228,-3.1328,0.8961
ResNet18-YawAug,171.200,-0.1419,0.055,-13.2735,17.9289,-3.1269,0.9014
ResNet18-YawAug,171.300,-0.1323,0.1054,-13.2459,17.9371,-3.1104,0.9152
ResNet18-YawAug,171.400,-0.1194,0.1542,-13.2224,17.9407,-3.1041,0.9208
ResNet18-YawAug,171.500,-0.1048,0.1948,-13.208,17.9374,-3.1025,0.9213
ResNet18-YawAug,171.600,-0.0916,0.2257,-13.1982,17.9326,-3.1024,0.9213
ResNet18-YawAug,171.700,-0.0814,0.2454,-13.1917,17.9307,-3.1019,0.921
ResNet18-YawAug,171.800,-0.0729,0.2593,-13.1852,17.9285,-3.1019,0.9211
ResNet18-YawAug,171.900,-0.0592,0.2777,-13.1866,17.925,-3.1021,0.9198
ResNet18-YawAug,172.000,-0.0444,0.3006,-13.1961,17.9178,-3.104,0.9125
ResNet18-YawAug,172.100,-0.0345,0.3211,-13.2042,17.9118,-3.1081,0.9015
ResNet18-YawAug,172.200,-0.0294,0.3348,-13.2076,17.9092,-3.1099,0.8952
ResNet18-YawAug,172.300,-0.0279,0.3416,-13.2101,17.9066,-3.1122,0.8895
ResNet18-YawAug,172.400,-0.0274,0.3445,-13.2151,17.9022,-3.1178,0.8773
ResNet18-YawAug,172.500,-0.0295,0.3372,-13.2171,17.9009,-3.1201,0.8711
ResNet18-YawAug,172.600,-0.0365,0.3116,-13.2175,17.9007,-3.1216,0.8697
ResNet18-YawAug,172.700,-0.046,0.2755,-13.2199,17.8984,-3.124,0.866
ResNet18-YawAug,172.800,-0.0523,0.2448,-13.223,17.895,-3.1263,0.8625
ResNet18-YawAug,172.900,-0.0506,0.2321,-13.2257,17.8921,-3.1273,0.8614
ResNet18-YawAug,173.000,-0.0454,0.2326,-13.2297,17.8876,-3.1279,0.8604
ResNet18-YawAug,173.100,-0.0393,0.2371,-13.2325,17.885,-3.1291,0.8594
ResNet18-YawAug,173.200,-0.0352,0.2409,-13.2331,17.8846,-3.1298,0.8591
ResNet18-YawAug,173.300,-0.0333,0.2422,-13.2339,17.8842,-3.1301,0.859
ResNet18-YawAug,173.400,-0.0324,0.2429,-13.234,17.8842,-3.1301,0.8591
ResNet18-YawAug,173.500,-0.0311,0.2426,-13.2377,17.8845,-3.1302,0.8591
ResNet18-YawAug,173.600,-0.029,0.2434,-13.2382,17.8855,-3.131,0.8598
ResNet18-YawAug,173.700,-0.0227,0.2411,-13.2404,17.8873,-3.1337,0.8622
ResNet18-YawAug,173.800,-0.0039,0.238,-13.2421,17.8896,-3.1317,0.8639
ResNet18-YawAug,173.900,0.0284,0.2467,-13.2429,17.8904,-3.1297,0.8622
ResNet18-YawAug,174.000,0.0609,0.2731,-13.2483,17.8872,-3.1321,0.8643
ResNet18-YawAug,174.100,0.0838,0.305,-13.2559,17.8827,-3.1486,0.8675
ResNet18-YawAug,174.200,0.1005,0.3296,-13.2606,17.8785,-3.1649,0.8684
ResNet18-YawAug,174.300,0.1131,0.35,-13.2636,17.8768,-3.181,0.8663
ResNet18-YawAug,174.400,0.1206,0.3613,-13.2653,17.8756,-3.194,0.8623
ResNet18-YawAug,174.500,0.1241,0.3647,-13.2677,17.875,-3.2067,0.8567
ResNet18-YawAug,174.600,0.124,0.3604,-13.2719,17.8745,-3.2145,0.8555
ResNet18-YawAug,174.700,0.1159,0.3415,-13.2799,17.875,-3.2228,0.8527
ResNet18-YawAug,174.800,0.0845,0.2986,-13.2953,17.8786,-3.2268,0.8514
ResNet18-YawAug,174.900,0.0254,0.2625,-13.3196,17.8806,-3.2335,0.8477
ResNet18-YawAug,175.000,-0.0425,0.2568,-13.3435,17.8826,-3.2406,0.8451
ResNet18-YawAug,175.100,-0.0951,0.2755,-13.3535,17.8858,-3.2412,0.8457
ResNet18-YawAug,175.200,-0.1273,0.3047,-13.3535,17.8858,-3.2412,0.8457
ResNet18-YawAug,175.300,-0.1422,0.3306,-13.3535,17.8858,-3.2412,0.8457
ResNet18-YawAug,175.400,-0.148,0.3503,-13.3535,17.8858,-3.2412,0.8457
ResNet18-YawAug,175.500,-0.1502,0.3602,-13.3535,17.8858,-3.2412,0.8457
ResNet18-YawAug,175.600,-0.1504,0.3593,-13.3535,17.8858,-3.2412,0.8457
ResNet18-YawAug,175.700,-0.1498,0.348,-13.3535,17.8858,-3.2412,0.8457
ResNet18-YawAug,175.800,-0.1411,0.3129,-13.3535,17.8858,-3.2412,0.8457
ResNet18-YawAug,175.900,-0.1183,0.2742,-13.3535,17.8858,-3.2412,0.8457
ResNet18-YawAug,176.000,-0.0915,0.2508,-13.3535,17.8858,-3.2412,0.8457
Transformer-YawAug,0.000,4.0646,2.2921,4.0646,2.2921,4.0646,2.2921
Transformer-YawAug,0.100,4.0945,2.4337,4.0955,2.3844,4.1366,2.4224
Transformer-YawAug,0.200,4.1254,2.5773,4.122,2.4746,4.1845,2.5675
Transformer-YawAug,0.300,4.1593,2.7152,4.1644,2.5649,4.2309,2.7228
Transformer-YawAug,0.400,4.1994,2.8458,4.1679,2.6599,4.2235,2.8726
Transformer-YawAug,0.500,4.2453,2.9752,4.1768,2.7584,4.2167,3.0302
Transformer-YawAug,0.600,4.2959,3.1068,4.1824,2.8514,4.2135,3.167
Transformer-YawAug,0.700,4.3474,3.2399,4.194,2.9491,4.2133,3.3188
Transformer-YawAug,0.800,4.395,3.3706,4.2231,3.0433,4.2478,3.4718
Transformer-YawAug,0.900,4.4333,3.4997,4.254,3.1374,4.2929,3.6253
Transformer-YawAug,1.000,4.4669,3.6338,4.291,3.2289,4.3339,3.78
Transformer-YawAug,1.100,4.4977,3.7706,4.3367,3.3153,4.382,3.929
Transformer-YawAug,1.200,4.5276,3.9109,4.3824,3.3993,4.4116,4.0703
Transformer-YawAug,1.300,4.557,4.045,4.415,3.4897,4.4286,4.2259
Transformer-YawAug,1.400,4.5947,4.1732,4.4484,3.5773,4.4582,4.3701
Transformer-YawAug,1.500,4.6385,4.2986,4.471,3.6688,4.4672,4.5167
Transformer-YawAug,1.600,4.6841,4.4271,4.5019,3.7451,4.4905,4.6469
Transformer-YawAug,1.700,4.7304,4.5593,4.5365,3.8236,4.5185,4.7812
Transformer-YawAug,1.800,4.7713,4.6898,4.5787,3.8885,4.5501,4.8706
Transformer-YawAug,1.900,4.8028,4.8189,4.6083,3.966,4.5384,4.9788
Transformer-YawAug,2.000,4.8285,4.9438,4.6474,4.0463,4.5571,5.1113
Transformer-YawAug,2.100,4.8531,5.0652,4.6984,4.1246,4.5977,5.2537
Transformer-YawAug,2.200,4.882,5.1896,4.697,4.2123,4.5646,5.3891
Transformer-YawAug,2.300,4.9149,5.3083,4.7376,4.2955,4.583,5.5306
Transformer-YawAug,2.400,4.9526,5.4267,4.7474,4.3848,4.571,5.6724
Transformer-YawAug,2.500,4.9941,5.5451,4.7612,4.4753,4.5728,5.8168
Transformer-YawAug,2.600,5.0331,5.6632,4.7502,4.5648,4.5606,5.9565
Transformer-YawAug,2.700,5.0747,5.7831,4.762,4.6574,4.5533,6.0998
Transformer-YawAug,2.800,5.1111,5.8946,4.7756,4.7445,4.5289,6.2384
Transformer-YawAug,2.900,5.1557,6.0087,4.8293,4.8146,4.5378,6.3782
Transformer-YawAug,3.000,5.1947,6.1281,4.8864,4.8851,4.5487,6.5221
Transformer-YawAug,3.100,5.2379,6.2464,4.9496,4.9497,4.5633,6.6687
Transformer-YawAug,3.200,5.2812,6.3681,4.999,5.0202,4.5774,6.8062
Transformer-YawAug,3.300,5.3254,6.4865,5.0525,5.0855,4.6304,6.935
Transformer-YawAug,3.400,5.3785,6.5994,5.1096,5.1515,4.6819,7.0654
Transformer-YawAug,3.500,5.4357,6.7095,5.1587,5.225,4.7304,7.1985
Transformer-YawAug,3.600,5.4917,6.8158,5.2146,5.2938,4.7495,7.3406
Transformer-YawAug,3.700,5.5504,6.9196,5.2586,5.3706,4.7727,7.4824
Transformer-YawAug,3.800,5.6122,7.0242,5.3107,5.4389,4.8342,7.6093
Transformer-YawAug,3.900,5.6751,7.1269,5.3741,5.4962,4.8975,7.7315
Transformer-YawAug,4.000,5.7311,7.2281,5.4545,5.5325,4.9991,7.8301
Transformer-YawAug,4.100,5.7902,7.3273,5.5226,5.5875,5.069,7.9486
Transformer-YawAug,4.200,5.8558,7.4284,5.5949,5.6388,5.1659,8.0532
Transformer-YawAug,4.300,5.9228,7.5313,5.6605,5.6967,5.2389,8.1734
Transformer-YawAug,4.400,5.9926,7.6322,5.7339,5.7463,5.2994,8.2966
Transformer-YawAug,4.500,6.0659,7.7307,5.8148,5.7686,5.3908,8.3995
Transformer-YawAug,4.600,6.1376,7.8327,5.9091,5.7778,5.5241,8.4655
Transformer-YawAug,4.700,6.2116,7.937,6.0014,5.784,5.6476,8.5397
Transformer-YawAug,4.800,6.2898,8.0419,6.0928,5.8004,5.7828,8.5895
Transformer-YawAug,4.900,6.3632,8.1464,6.1769,5.7972,5.916,8.6052
Transformer-YawAug,5.000,6.4345,8.2529,6.2606,5.8072,6.0396,8.6496
Transformer-YawAug,5.100,6.5067,8.3594,6.35,5.8103,6.1774,8.6829
Transformer-YawAug,5.200,6.5782,8.4683,6.4424,5.8104,6.3222,8.7124
Transformer-YawAug,5.300,6.6515,8.5797,6.518,5.8186,6.4324,8.7492
Transformer-YawAug,5.400,6.7254,8.6901,6.6004,5.815,6.5627,8.7719
Transformer-YawAug,5.500,6.7975,8.7934,6.6931,5.8242,6.7059,8.8156
Transformer-YawAug,5.600,6.8627,8.8927,6.7802,5.8428,6.8367,8.8701
Transformer-YawAug,5.700,6.9256,8.9889,6.8655,5.8708,6.9618,8.94
Transformer-YawAug,5.800,6.9999,9.0878,6.94,5.9189,7.0461,9.0453
Transformer-YawAug,5.900,7.0756,9.1926,7.0114,5.9735,7.1371,9.1493
Transformer-YawAug,6.000,7.1429,9.3029,7.0733,6.04,7.1882,9.2696
Transformer-YawAug,6.100,7.2043,9.4139,7.144,6.0971,7.2694,9.3889
Transformer-YawAug,6.200,7.2624,9.5279,7.2082,6.1626,7.3507,9.5127
Transformer-YawAug,6.300,7.3185,9.6462,7.275,6.2228,7.4354,9.6333
Transformer-YawAug,6.400,7.3756,9.7654,7.345,6.2811,7.5327,9.7432
Transformer-YawAug,6.500,7.4349,9.8758,7.4189,6.3365,7.6344,9.8518
Transformer-YawAug,6.600,7.4939,9.9848,7.4734,6.4145,7.7049,9.9877
Transformer-YawAug,6.700,7.5524,10.0914,7.5171,6.4968,7.7525,10.1308
Transformer-YawAug,6.800,7.6156,10.1999,7.555,6.5837,7.7903,10.2799
Transformer-YawAug,6.900,7.6799,10.3141,7.5926,6.6659,7.8235,10.422
Transformer-YawAug,7.000,7.7396,10.4247,7.6262,6.7529,7.8496,10.5733
Transformer-YawAug,7.100,7.7915,10.5374,7.672,6.8326,7.8938,10.7163
Transformer-YawAug,7.200,7.84,10.652,7.7224,6.9142,7.9556,10.8594
Transformer-YawAug,7.300,7.8879,10.7675,7.7846,6.9835,8.0315,10.9882
Transformer-YawAug,7.400,7.9384,10.8819,7.8432,7.0565,8.1064,11.1182
Transformer-YawAug,7.500,7.9959,10.99,7.9231,7.1014,8.2231,11.2073
Transformer-YawAug,7.600,8.0646,11.0902,7.9837,7.1677,8.3028,11.3254
Transformer-YawAug,7.700,8.1399,11.1855,8.0556,7.2257,8.4003,11.4344
Transformer-YawAug,7.800,8.2171,11.2793,8.1127,7.2806,8.4628,11.5372
Transformer-YawAug,7.900,8.298,11.375,8.1852,7.3306,8.5542,11.6392
Transformer-YawAug,8.000,8.3789,11.4715,8.2623,7.3776,8.6572,11.7446
Transformer-YawAug,8.100,8.4548,11.5639,8.3422,7.4211,8.7243,11.8747
Transformer-YawAug,8.200,8.5288,11.6595,8.4192,7.4689,8.8194,11.9937
Transformer-YawAug,8.300,8.6053,11.7565,8.5063,7.4967,8.9026,12.1172
Transformer-YawAug,8.400,8.6821,11.8533,8.5907,7.5333,9.001,12.2265
Transformer-YawAug,8.500,8.7614,11.9492,8.6758,7.5608,9.1256,12.3031
Transformer-YawAug,8.600,8.8447,12.0386,8.7649,7.5781,9.2558,12.3739
Transformer-YawAug,8.700,8.9315,12.1216,8.8526,7.6093,9.3821,12.4571
Transformer-YawAug,8.800,9.0245,12.1984,8.9346,7.6563,9.4964,12.5624
Transformer-YawAug,8.900,9.1204,12.2723,9.0165,7.7038,9.611,12.6663
Transformer-YawAug,9.000,9.2196,12.3537,9.0914,7.7508,9.7217,12.7693
Transformer-YawAug,9.100,9.3089,12.4355,9.1673,7.8055,9.8269,12.8821
Transformer-YawAug,9.200,9.388,12.5213,9.2413,7.8588,9.9379,12.9883
Transformer-YawAug,9.300,9.4617,12.6111,9.3115,7.9204,10.0359,13.099
Transformer-YawAug,9.400,9.5361,12.7077,9.3885,7.9686,10.1469,13.1918
Transformer-YawAug,9.500,9.6105,12.8082,9.4723,8.0,10.276,13.2649
Transformer-YawAug,9.600,9.6855,12.9008,9.556,8.0255,10.3999,13.333
Transformer-YawAug,9.700,9.7626,12.9874,9.6281,8.0739,10.5042,13.4313
Transformer-YawAug,9.800,9.8413,13.0641,9.6972,8.1287,10.6014,13.5328
Transformer-YawAug,9.900,9.9266,13.1355,9.7608,8.1826,10.6923,13.6309
Transformer-YawAug,10.000,10.0203,13.2065,9.8261,8.2313,10.7935,13.7147
Transformer-YawAug,10.100,10.1146,13.2752,9.8934,8.2714,10.8856,13.7934
Transformer-YawAug,10.200,10.2053,13.3421,9.9655,8.3107,10.9949,13.865
Transformer-YawAug,10.300,10.2911,13.4092,10.0438,8.341,11.1144,13.9231
Transformer-YawAug,10.400,10.3786,13.4775,10.1282,8.3593,11.2445,13.9661
Transformer-YawAug,10.500,10.472,13.5446,10.2138,8.3761,11.3741,14.0046
Transformer-YawAug,10.600,10.57,13.6068,10.2998,8.3833,11.5097,14.011
Transformer-YawAug,10.700,10.672,13.6549,10.3872,8.372,11.6502,13.9886
Transformer-YawAug,10.800,10.7777,13.6866,10.478,8.3693,11.7965,13.988
Transformer-YawAug,10.900,10.8876,13.707,10.5717,8.3814,11.9444,13.9768
Transformer-YawAug,11.000,11.0021,13.7228,10.6662,8.3989,12.0881,14.0141
Transformer-YawAug,11.100,11.1208,13.7343,10.7609,8.3986,12.238,14.0366
Transformer-YawAug,11.200,11.2374,13.7436,10.8568,8.4049,12.3869,14.076
Transformer-YawAug,11.300,11.3497,13.7575,10.9516,8.4014,12.5393,14.1123
Transformer-YawAug,11.400,11.4633,13.7769,11.0496,8.4099,12.6928,14.1559
Transformer-YawAug,11.500,11.5839,13.7952,11.1479,8.3992,12.8507,14.1688
Transformer-YawAug,11.600,11.7113,13.815,11.2455,8.4038,12.995,14.213
Transformer-YawAug,11.700,11.8359,13.831,11.3384,8.3762,13.1407,14.1827
Transformer-YawAug,11.800,11.9591,13.8361,11.4317,8.3491,13.2858,14.1708
Transformer-YawAug,11.900,12.0819,13.8263,11.5266,8.3225,13.4309,14.1249
Transformer-YawAug,12.000,12.2104,13.8057,11.6252,8.3004,13.5873,14.115
Transformer-YawAug,12.100,12.3422,13.7807,11.7214,8.2738,13.743,14.1122
Transformer-YawAug,12.200,12.4706,13.752,11.8142,8.2392,13.8993,14.0929
Transformer-YawAug,12.300,12.6,13.7335,11.908,8.2125,14.0565,14.0743
Transformer-YawAug,12.400,12.7269,13.7191,12.0025,8.1818,14.2048,14.0283
Transformer-YawAug,12.500,12.8575,13.7035,12.0979,8.1586,14.3595,14.0272
Transformer-YawAug,12.600,12.993,13.6839,12.1946,8.1331,14.5107,13.9748
Transformer-YawAug,12.700,13.1284,13.6596,12.2895,8.11,14.6631,13.9355
Transformer-YawAug,12.800,13.2588,13.6277,12.3844,8.08,14.816,13.899
Transformer-YawAug,12.900,13.3821,13.5868,12.4828,8.0607,14.9719,13.8817
Transformer-YawAug,13.000,13.5024,13.5411,12.5823,8.0428,15.1269,13.8709
Transformer-YawAug,13.100,13.625,13.4941,12.6807,8.0268,15.2839,13.8678
Transformer-YawAug,13.200,13.7492,13.4467,12.7752,8.0012,15.4382,13.8536
Transformer-YawAug,13.300,13.874,13.4058,12.8696,7.9753,15.5957,13.8349
Transformer-YawAug,13.400,13.9987,13.3751,12.9664,7.9558,15.7516,13.8052
Transformer-YawAug,13.500,14.1272,13.3505,13.0621,7.929,15.9085,13.776
Transformer-YawAug,13.600,14.2626,13.3264,13.16,7.9021,16.0645,13.7496
Transformer-YawAug,13.700,14.3998,13.2976,13.2548,7.8746,16.2214,13.7205
Transformer-YawAug,13.800,14.5308,13.2631,13.3485,7.8399,16.3754,13.6899
Transformer-YawAug,13.900,14.6549,13.2188,13.4464,7.8192,16.5337,13.6955
Transformer-YawAug,14.000,14.7792,13.1711,13.5471,7.8092,16.6779,13.7188
Transformer-YawAug,14.100,14.9092,13.1259,13.6473,7.7924,16.8323,13.7348
Transformer-YawAug,14.200,15.0411,13.0839,13.745,7.7717,16.9867,13.7401
Transformer-YawAug,14.300,15.1675,13.045,13.842,7.746,17.1423,13.7099
Transformer-YawAug,14.400,15.2941,13.0139,13.9372,7.7214,17.3019,13.6908
Transformer-YawAug,14.500,15.4221,12.9867,14.032,7.6851,17.4516,13.6329
Transformer-YawAug,14.600,15.5555,12.9571,14.1281,7.6545,17.6051,13.5987
Transformer-YawAug,14.700,15.6896,12.9255,14.2228,7.6211,17.7562,13.5504
Transformer-YawAug,14.800,15.8174,12.8934,14.3177,7.5881,17.9125,13.5137
Transformer-YawAug,14.900,15.9427,12.8518,14.4135,7.5518,18.0651,13.4702
Transformer-YawAug,15.000,16.0648,12.8063,14.5125,7.5265,18.2178,13.4705
Transformer-YawAug,15.100,16.1942,12.7639,14.6095,7.4942,18.3666,13.412
Transformer-YawAug,15.200,16.327,12.7229,14.704,7.4614,18.5185,13.3653
Transformer-YawAug,15.300,16.4581,12.6866,14.7988,7.4272,18.6757,13.3257
Transformer-YawAug,15.400,16.5875,12.6589,14.8938,7.4107,18.8046,13.2461
Transformer-YawAug,15.500,16.7217,12.6383,14.9855,7.3725,18.8977,13.1554
Transformer-YawAug,15.600,16.8628,12.6135,15.0733,7.3434,19.0244,13.1166
Transformer-YawAug,15.700,17.0057,12.5853,15.1589,7.3078,19.1458,13.0615
Transformer-YawAug,15.800,17.1374,12.5502,15.22,7.2465,19.2706,12.9923
Transformer-YawAug,15.900,17.261,12.507,15.2681,7.1895,19.3969,12.931
Transformer-YawAug,16.000,17.3847,12.46,15.3378,7.1241,19.5283,12.8527
Transformer-YawAug,16.100,17.51,12.4084,15.4075,7.069,19.663,12.7994
Transformer-YawAug,16.200,17.6402,12.3565,15.4805,7.0272,19.7902,12.7626
Transformer-YawAug,16.300,17.7648,12.3107,15.5691,6.9935,19.9442,12.738
Transformer-YawAug,16.400,17.888,12.27,15.654,6.9648,20.098,12.7042
Transformer-YawAug,16.500,18.0154,12.2262,15.7459,6.9316,20.2421,12.6556
Transformer-YawAug,16.600,18.1487,12.1776,15.8345,6.8991,20.3658,12.578
Transformer-YawAug,16.700,18.2839,12.1311,15.921,6.8782,20.479,12.4952
Transformer-YawAug,16.800,18.4127,12.0859,16.0079,6.8465,20.6189,12.4438
Transformer-YawAug,16.900,18.5351,12.0344,16.0863,6.8314,20.7251,12.4464
Transformer-YawAug,17.000,18.6547,11.9769,16.1656,6.8166,20.8411,12.459
Transformer-YawAug,17.100,18.7752,11.9145,16.2458,6.8146,20.9385,12.4315
Transformer-YawAug,17.200,18.8989,11.8549,16.3308,6.7936,21.0466,12.4269
Transformer-YawAug,17.300,19.0208,11.7981,16.4207,6.7714,21.1564,12.3898
Transformer-YawAug,17.400,19.141,11.7482,16.5082,6.7456,21.2666,12.348
Transformer-YawAug,17.500,19.2643,11.7022,16.5978,6.7196,21.3878,12.2988
Transformer-YawAug,17.600,19.3937,11.6569,16.6906,6.692,21.4844,12.2361
Transformer-YawAug,17.700,19.5253,11.6131,16.7817,6.6738,21.6195,12.1825
Transformer-YawAug,17.800,19.6518,11.5708,16.8723,6.6504,21.747,12.1319
Transformer-YawAug,17.900,19.7749,11.5238,16.9584,6.6174,21.8849,12.0848
Transformer-YawAug,18.000,19.8948,11.4705,17.0545,6.6095,21.9985,12.0404
Transformer-YawAug,18.100,20.0185,11.4144,17.153,6.5935,22.1264,11.9885
Transformer-YawAug,18.200,20.1456,11.3554,17.2506,6.5843,22.2389,11.9399
Transformer-YawAug,18.300,20.2708,11.2948,17.3467,6.5663,22.3795,11.8986
Transformer-YawAug,18.400,20.3958,11.2403,17.4444,6.5572,22.5137,11.8603
Transformer-YawAug,18.500,20.5261,11.1988,17.5427,6.5368,22.6599,11.8261
Transformer-YawAug,18.600,20.6568,11.157,17.6405,6.5221,22.7991,11.7806
Transformer-YawAug,18.700,20.7928,11.1186,17.7365,6.5082,22.9467,11.7387
Transformer-YawAug,18.800,20.9231,11.0797,17.8317,6.4911,23.0931,11.7109
Transformer-YawAug,18.900,21.0511,11.0387,17.9247,6.4882,23.2142,11.6934
Transformer-YawAug,19.000,21.1762,10.9936,18.0225,6.493,23.3108,11.6769
Transformer-YawAug,19.100,21.3056,10.9488,18.123,6.4898,23.427,11.669
Transformer-YawAug,19.200,21.4405,10.9047,18.217,6.4922,23.5013,11.6204
Transformer-YawAug,19.300,21.5711,10.8628,18.3145,6.4755,23.6452,11.5822
Transformer-YawAug,19.400,21.7024,10.8296,18.4074,6.4733,23.7213,11.55
Transformer-YawAug,19.500,21.8343,10.8047,18.5072,6.4612,23.8236,11.5135
Transformer-YawAug,19.600,21.9744,10.7844,18.6072,6.4531,23.8908,11.5015
Transformer-YawAug,19.700,22.1178,10.7654,18.702,6.4492,24.0182,11.4714
Transformer-YawAug,19.800,22.2576,10.7473,18.7961,6.4382,24.1521,11.4522
Transformer-YawAug,19.900,22.3927,10.7235,18.8813,6.4314,24.2755,11.4417
Transformer-YawAug,20.000,22.5232,10.6954,18.9727,6.437,24.3977,11.4675
Transformer-YawAug,20.100,22.6569,10.664,19.0684,6.4379,24.5278,11.4924
Transformer-YawAug,20.200,22.7912,10.6316,19.1627,6.4447,24.6284,11.4805
Transformer-YawAug,20.300,22.9252,10.5994,19.2587,6.4313,24.7614,11.4439
Transformer-YawAug,20.400,23.0576,10.5732,19.349,6.4493,24.8289,11.4324
Transformer-YawAug,20.500,23.1909,10.5548,19.4427,6.4348,24.9216,11.3753
Transformer-YawAug,20.600,23.3292,10.5374,19.5382,6.4294,24.9698,11.3324
Transformer-YawAug,20.700,23.4709,10.5196,19.633,6.4139,25.0915,11.2728
Transformer-YawAug,20.800,23.6079,10.5016,19.7276,6.3994,25.221,11.2553
Transformer-YawAug,20.900,23.737,10.4802,19.8159,6.3867,25.3122,11.2539
Transformer-YawAug,21.000,23.8647,10.4528,19.9157,6.3863,25.4264,11.2465
Transformer-YawAug,21.100,23.9996,10.4197,20.015,6.3908,25.5145,11.2333
Transformer-YawAug,21.200,24.1351,10.3846,20.1154,6.3884,25.6459,11.2219
Transformer-YawAug,21.300,24.268,10.3496,20.2132,6.3733,25.7903,11.1914
Transformer-YawAug,21.400,24.3933,10.3229,20.3099,6.3556,25.9368,11.157
Transformer-YawAug,21.500,24.5231,10.3019,20.4095,6.3417,26.0684,11.1295
Transformer-YawAug,21.600,24.6598,10.2841,20.5098,6.3261,26.2084,11.104
Transformer-YawAug,21.700,24.8026,10.2666,20.61,6.3211,26.3335,11.0751
Transformer-YawAug,21.800,24.9427,10.2503,20.7058,6.3075,26.4884,11.0723
Transformer-YawAug,21.900,25.0768,10.2293,20.8029,6.2893,26.6409,11.0547
Transformer-YawAug,22.000,25.2074,10.2022,20.9043,6.2818,26.7981,11.0389
Transformer-YawAug,22.100,25.3416,10.1698,21.0037,6.2637,26.9447,11.0124
Transformer-YawAug,22.200,25.477,10.1372,21.1036,6.246,27.0849,10.9823
Transformer-YawAug,22.300,25.6126,10.1073,21.2007,6.2175,27.2377,10.9402
Transformer-YawAug,22.400,25.7452,10.0822,21.2967,6.1889,27.3919,10.8984
Transformer-YawAug,22.500,25.8778,10.0645,21.3982,6.1663,27.5485,10.8677
Transformer-YawAug,22.600,26.0145,10.0498,21.4983,6.1443,27.7034,10.8414
Transformer-YawAug,22.700,26.1604,10.035,21.5976,6.1258,27.8563,10.8095
Transformer-YawAug,22.800,26.3003,10.0204,21.6944,6.1027,28.0133,10.7828
Transformer-YawAug,22.900,26.431,9.9976,21.7917,6.08,28.1679,10.7595
Transformer-YawAug,23.000,26.5598,9.9675,21.8918,6.0618,28.3236,10.7498
Transformer-YawAug,23.100,26.6917,9.9326,21.9929,6.0508,28.4599,10.7337
Transformer-YawAug,23.200,26.8276,9.8959,22.0924,6.0339,28.6028,10.7415
Transformer-YawAug,23.300,26.9605,9.8588,22.1875,6.0047,28.7492,10.7061
Transformer-YawAug,23.400,27.0925,9.8286,22.2821,5.9841,28.8837,10.6732
Transformer-YawAug,23.500,27.2248,9.8063,22.3821,5.971,29.0015,10.6285
Transformer-YawAug,23.600,27.3623,9.7839,22.4844,5.9513,29.1173,10.6097
Transformer-YawAug,23.700,27.5053,9.762,22.5844,5.9418,29.2075,10.5626
Transformer-YawAug,23.800,27.6476,9.7399,22.6796,5.9275,29.3487,10.5409
Transformer-YawAug,23.900,27.7819,9.712,22.7693,5.9042,29.4775,10.4867
Transformer-YawAug,24.000,27.9123,9.6789,22.8638,5.8952,29.6032,10.429
Transformer-YawAug,24.100,28.047,9.6435,22.9638,5.8774,29.7489,10.3821
Transformer-YawAug,24.200,28.1848,9.6061,23.0586,5.8706,29.8841,10.3564
Transformer-YawAug,24.300,28.3219,9.5708,23.1508,5.8424,30.0309,10.3131
Transformer-YawAug,24.400,28.453,9.5401,23.2454,5.8193,30.1671,10.2528
Transformer-YawAug,24.500,28.5849,9.5152,23.3409,5.7906,30.2907,10.1606
Transformer-YawAug,24.600,28.7228,9.4915,23.4382,5.7697,30.3986,10.0591
Transformer-YawAug,24.700,28.8648,9.466,23.5301,5.7375,30.5285,9.9761
Transformer-YawAug,24.800,29.0029,9.4355,23.62,5.6987,30.6653,9.9061
Transformer-YawAug,24.900,29.1336,9.3982,23.7111,5.6685,30.801,9.8538
Transformer-YawAug,25.000,29.2606,9.3571,23.8069,5.6473,30.9331,9.7828
Transformer-YawAug,25.100,29.3914,9.3131,23.9045,5.6173,31.0728,9.7337
Transformer-YawAug,25.200,29.5246,9.269,24.0003,5.5966,31.1948,9.6891
Transformer-YawAug,25.300,29.6549,9.2244,24.0921,5.563,31.3336,9.6386
Transformer-YawAug,25.400,29.7828,9.1851,24.1848,5.5316,31.3982,9.5107
Transformer-YawAug,25.500,29.9134,9.1516,24.2776,5.4951,31.513,9.4093
Transformer-YawAug,25.600,30.0494,9.1177,24.3732,5.4681,31.6155,9.2989
Transformer-YawAug,25.700,30.181,9.0812,24.4661,5.4487,31.72,9.1997
Transformer-YawAug,25.800,30.3153,9.0405,24.5583,5.4178,31.8351,9.1215
Transformer-YawAug,25.900,30.4419,8.9937,24.639,5.397,31.9206,9.0719
Transformer-YawAug,26.000,30.5678,8.9423,24.7389,5.3843,32.0098,9.007
Transformer-YawAug,26.100,30.6969,8.8913,24.8401,5.3706,32.1191,8.9963
Transformer-YawAug,26.200,30.8319,8.8421,24.938,5.356,32.2085,8.9373
Transformer-YawAug,26.300,30.9623,8.7952,25.0351,5.3443,32.3465,8.9219
Transformer-YawAug,26.400,31.0902,8.7564,25.1344,5.3344,32.4445,8.8634
Transformer-YawAug,26.500,31.2206,8.7267,25.2339,5.3182,32.5773,8.831
Transformer-YawAug,26.600,31.3632,8.694,25.3345,5.2972,32.7099,8.7757
Transformer-YawAug,26.700,31.5047,8.668,25.4312,5.2893,32.8576,8.7536
Transformer-YawAug,26.800,31.6413,8.6425,25.5247,5.2622,32.9993,8.7073
Transformer-YawAug,26.900,31.7708,8.6119,25.6152,5.2568,33.1411,8.7143
Transformer-YawAug,27.000,31.8987,8.5752,25.7141,5.2419,33.2754,8.6831
Transformer-YawAug,27.100,32.0302,8.5362,25.8116,5.2243,33.427,8.6601
Transformer-YawAug,27.200,32.165,8.4981,25.9038,5.196,33.5727,8.6319
Transformer-YawAug,27.300,32.2965,8.461,25.9966,5.1689,33.7152,8.5901
Transformer-YawAug,27.400,32.4255,8.4304,26.0916,5.1378,33.8645,8.5409
Transformer-YawAug,27.500,32.5569,8.4081,26.1812,5.0969,34.0113,8.492
Transformer-YawAug,27.600,32.6944,8.3856,26.2742,5.0559,34.1704,8.4583
Transformer-YawAug,27.700,32.8298,8.3664,26.3659,5.0222,34.3247,8.4299
Transformer-YawAug,27.800,32.9645,8.3438,26.4486,4.9679,34.4502,8.34
Transformer-YawAug,27.900,33.0937,8.3151,26.5344,4.9183,34.5562,8.2301
Transformer-YawAug,28.000,33.2196,8.2792,26.6248,4.8765,34.6568,8.1206
Transformer-YawAug,28.100,33.3499,8.2368,26.7174,4.8348,34.787,8.042
Transformer-YawAug,28.200,33.4807,8.1898,26.8058,4.7903,34.9145,7.9579
Transformer-YawAug,28.300,33.6085,8.1457,26.8957,4.7532,35.0444,7.8877
Transformer-YawAug,28.400,33.7354,8.1056,26.9865,4.7121,35.1758,7.8058
Transformer-YawAug,28.500,33.8637,8.0724,27.0752,4.6703,35.2821,7.6957
Transformer-YawAug,28.600,33.998,8.0421,27.1684,4.6358,35.4208,7.625
Transformer-YawAug,28.700,34.1365,8.0086,27.2588,4.6006,35.5609,7.5628
Transformer-YawAug,28.800,34.2701,7.9722,27.3406,4.5556,35.707,7.5046
Transformer-YawAug,28.900,34.3951,7.9265,27.4158,4.4992,35.8451,7.4396
Transformer-YawAug,29.000,34.5149,7.8739,27.5012,4.453,35.9969,7.3918
Transformer-YawAug,29.100,34.6362,7.8144,27.5798,4.3909,36.134,7.3194
Transformer-YawAug,29.200,34.7587,7.7548,27.6549,4.3295,36.2672,7.2475
Transformer-YawAug,29.300,34.8765,7.6973,27.735,4.2718,36.4004,7.1729
Transformer-YawAug,29.400,34.9937,7.6433,27.8072,4.2041,36.5314,7.0952
Transformer-YawAug,29.500,35.1116,7.5942,27.8873,4.148,36.6679,7.0368
Transformer-YawAug,29.600,35.2327,7.544,27.9674,4.0904,36.8035,6.9751
Transformer-YawAug,29.700,35.3524,7.4906,28.0411,4.0308,36.922,6.8909
Transformer-YawAug,29.800,35.4691,7.4332,28.1054,3.9647,37.0343,6.795
Transformer-YawAug,29.900,35.5777,7.3691,28.1663,3.8967,37.1529,6.7101
Transformer-YawAug,30.000,35.6808,7.2989,28.2288,3.8335,37.2709,6.6301
Transformer-YawAug,30.100,35.7821,7.2233,28.2695,3.7614,37.3434,6.5227
Transformer-YawAug,30.200,35.8828,7.1402,28.2904,3.6811,37.4094,6.4074
Transformer-YawAug,30.300,35.9773,7.0556,28.3085,3.6091,37.4649,6.3007
Transformer-YawAug,30.400,36.07,6.976,28.3232,3.536,37.5061,6.1874
Transformer-YawAug,30.500,36.1664,6.9005,28.3293,3.4694,37.5447,6.0852
Transformer-YawAug,30.600,36.2648,6.8233,28.33,3.401,37.5732,5.9777
Transformer-YawAug,30.700,36.3616,6.7385,28.3161,3.3372,37.5767,5.8736
Transformer-YawAug,30.800,36.4477,6.6492,28.2876,3.2813,37.5539,5.7731
Transformer-YawAug,30.900,36.5216,6.5545,28.2402,3.2374,37.5029,5.6844
Transformer-YawAug,31.000,36.5826,6.4537,28.1866,3.2082,37.4266,5.6222
Transformer-YawAug,31.100,36.6313,6.3444,28.1531,3.1831,37.3834,5.5708
Transformer-YawAug,31.200,36.6646,6.2265,28.0992,3.1961,37.2953,5.5595
Transformer-YawAug,31.300,36.6802,6.1094,28.0466,3.19,37.2116,5.527
Transformer-YawAug,31.400,36.6921,5.9975,27.9836,3.1696,37.128,5.4619
Transformer-YawAug,31.500,36.707,5.8908,27.9219,3.1477,37.0504,5.3937
Transformer-YawAug,31.600,36.7205,5.7778,27.8719,3.1143,36.991,5.3182
Transformer-YawAug,31.700,36.7263,5.6662,27.8176,3.0839,36.9176,5.2416
Transformer-YawAug,31.800,36.7135,5.5608,27.7544,3.056,36.8253,5.1747
Transformer-YawAug,31.900,36.6837,5.4632,27.6882,3.039,36.7195,5.1277
Transformer-YawAug,32.000,36.638,5.3724,27.6207,3.0247,36.6155,5.0778
Transformer-YawAug,32.100,36.578,5.29,27.5632,3.0083,36.5197,5.0222
Transformer-YawAug,32.200,36.5062,5.2093,27.4941,3.0112,36.4102,4.9988
Transformer-YawAug,32.300,36.4322,5.1403,27.4258,3.0236,36.2925,4.9807
Transformer-YawAug,32.400,36.359,5.0697,27.3475,3.0335,36.166,4.9798
Transformer-YawAug,32.500,36.2795,5.001,27.268,3.0338,36.0353,5.0045
Transformer-YawAug,32.600,36.186,4.9376,27.1845,3.0213,35.8992,4.9813
Transformer-YawAug,32.700,36.0818,4.8799,27.0996,3.0075,35.7638,4.9429
Transformer-YawAug,32.800,35.9734,4.8351,27.0119,3.0095,35.621,4.9384
Transformer-YawAug,32.900,35.8621,4.8109,26.9219,3.022,35.4712,4.9412
Transformer-YawAug,33.000,35.7459,4.799,26.8301,3.0452,35.3174,4.9396
Transformer-YawAug,33.100,35.6223,4.7965,26.7365,3.0486,35.1679,4.9248
Transformer-YawAug,33.200,35.4998,4.7982,26.6426,3.0477,35.0185,4.8976
Transformer-YawAug,33.300,35.3779,4.8029,26.5495,3.0543,34.865,4.8882
Transformer-YawAug,33.400,35.2565,4.8072,26.4626,3.0923,34.7083,4.905
Transformer-YawAug,33.500,35.1323,4.8104,26.3717,3.1189,34.5509,4.9131
Transformer-YawAug,33.600,34.9999,4.8188,26.2797,3.1434,34.3962,4.9346
Transformer-YawAug,33.700,34.8614,4.8303,26.1842,3.1498,34.2382,4.9343
Transformer-YawAug,33.800,34.725,4.8447,26.0976,3.1861,34.0877,4.9718
Transformer-YawAug,33.900,34.5963,4.8712,26.0054,3.2022,33.9352,4.9901
Transformer-YawAug,34.000,34.4711,4.9035,25.9318,3.2564,33.7989,5.0343
Transformer-YawAug,34.100,34.3428,4.9372,25.8405,3.2763,33.6475,5.0506
Transformer-YawAug,34.200,34.2117,4.9709,25.7561,3.2923,33.5115,5.0768
Transformer-YawAug,34.300,34.0828,5.0026,25.6607,3.3131,33.3532,5.0933
Transformer-YawAug,34.400,33.9552,5.0302,25.5776,3.3564,33.203,5.1389
Transformer-YawAug,34.500,33.826,5.051,25.483,3.3905,33.0436,5.1752
Transformer-YawAug,34.600,33.6896,5.0677,25.3927,3.4292,32.8869,5.2174
Transformer-YawAug,34.700,33.5468,5.0842,25.2984,3.4616,32.7259,5.2466
Transformer-YawAug,34.800,33.4077,5.1008,25.2163,3.5026,32.5755,5.2861
Transformer-YawAug,34.900,33.2765,5.1241,25.1347,3.5299,32.4231,5.2852
Transformer-YawAug,35.000,33.1487,5.1545,25.0757,3.5558,32.2944,5.2784
Transformer-YawAug,35.100,33.0167,5.1888,24.9937,3.5453,32.1551,5.2379
Transformer-YawAug,35.200,32.8803,5.2225,24.9483,3.5357,32.0318,5.178
Transformer-YawAug,35.300,32.7461,5.2543,24.8647,3.5463,31.882,5.1696
Transformer-YawAug,35.400,32.6129,5.2771,24.8073,3.529,31.7787,5.1481
Transformer-YawAug,35.500,32.4765,5.2927,24.7326,3.5446,31.664,5.1582
Transformer-YawAug,35.600,32.3355,5.3055,24.6711,3.5436,31.5628,5.1832
Transformer-YawAug,35.700,32.1938,5.3169,24.6031,3.5681,31.442,5.2306
Transformer-YawAug,35.800,32.0569,5.3292,24.5265,3.5939,31.3013,5.2717
Transformer-YawAug,35.900,31.9255,5.3481,24.4451,3.6256,31.1534,5.3011
Transformer-YawAug,36.000,31.7951,5.3749,24.371,3.678,31.0083,5.3376
Transformer-YawAug,36.100,31.6602,5.4057,24.2931,3.7244,30.8584,5.3654
Transformer-YawAug,36.200,31.5235,5.4388,24.2069,3.7415,30.7041,5.3807
Transformer-YawAug,36.300,31.3899,5.4744,24.118,3.7801,30.5469,5.4163
Transformer-YawAug,36.400,31.259,5.504,24.0355,3.8302,30.3885,5.4494
Transformer-YawAug,36.500,31.1277,5.5262,23.9505,3.8837,30.2267,5.4819
Transformer-YawAug,36.600,30.99,5.5477,23.8634,3.9204,30.0711,5.5236
Transformer-YawAug,36.700,30.8479,5.5685,23.7769,3.9632,29.9178,5.5723
Transformer-YawAug,36.800,30.7083,5.5903,23.6915,4.0008,29.7637,5.6166
Transformer-YawAug,36.900,30.5772,5.6209,23.625,4.0467,29.6206,5.6632
Transformer-YawAug,37.000,30.4502,5.661,23.562,4.1107,29.4696,5.6914
Transformer-YawAug,37.100,30.3194,5.7036,23.5017,4.1604,29.3485,5.7019
Transformer-YawAug,37.200,30.185,5.7457,23.4388,4.1793,29.2151,5.7434
Transformer-YawAug,37.300,30.0529,5.7858,23.3543,4.2167,29.0642,5.7771
Transformer-YawAug,37.400,29.9213,5.8198,23.2848,4.2518,28.936,5.8257
Transformer-YawAug,37.500,29.7892,5.8441,23.2308,4.3166,28.8231,5.9132
Transformer-YawAug,37.600,29.6527,5.8692,23.169,4.3693,28.7213,6.0085
Transformer-YawAug,37.700,29.5145,5.8951,23.102,4.4184,28.6123,6.0947
Transformer-YawAug,37.800,29.3802,5.9205,23.0214,4.4587,28.4666,6.1426
Transformer-YawAug,37.900,29.2526,5.952,22.9675,4.5152,28.3464,6.2138
Transformer-YawAug,38.000,29.1278,5.9897,22.9111,4.5841,28.2077,6.2774
Transformer-YawAug,38.100,28.9987,6.03,22.8547,4.6562,28.0694,6.3416
Transformer-YawAug,38.200,28.8665,6.0683,22.7935,4.7121,27.932,6.3973
Transformer-YawAug,38.300,28.7374,6.1031,22.723,4.7695,27.7849,6.444
Transformer-YawAug,38.400,28.6108,6.1363,22.6576,4.8277,27.6327,6.4775
Transformer-YawAug,38.500,28.4833,6.1617,22.5924,4.8946,27.4833,6.5337
Transformer-YawAug,38.600,28.3498,6.1848,22.5225,4.9571,27.3278,6.5576
Transformer-YawAug,38.700,28.2112,6.2107,22.4534,5.02,27.1834,6.6234
Transformer-YawAug,38.800,28.0783,6.2377,22.3801,5.0814,27.0379,6.6725
Transformer-YawAug,38.900,27.953,6.2713,22.3139,5.1445,26.8972,6.7341
Transformer-YawAug,39.000,27.8317,6.3127,22.2421,5.2071,26.7521,6.7549
Transformer-YawAug,39.100,27.71,6.3598,22.1682,5.2649,26.6006,6.7887
Transformer-YawAug,39.200,27.5862,6.4101,22.099,5.3138,26.4511,6.8025
Transformer-YawAug,39.300,27.4671,6.4609,22.0251,5.3629,26.3104,6.835
Transformer-YawAug,39.400,27.3487,6.5064,21.9475,5.4032,26.1717,6.8279
Transformer-YawAug,39.500,27.2299,6.5447,21.8691,5.4433,26.0278,6.8635
Transformer-YawAug,39.600,27.1096,6.5798,21.8043,5.4518,25.8986,6.8693
Transformer-YawAug,39.700,26.9887,6.6195,21.739,5.4738,25.7949,6.91
Transformer-YawAug,39.800,26.8727,6.6651,21.7168,5.4746,25.7823,6.9109
Transformer-YawAug,39.900,26.7638,6.7169,21.6833,5.4896,25.7396,6.9253
Transformer-YawAug,40.000,26.6583,6.7729,21.6446,5.5118,25.7117,6.9467
Transformer-YawAug,40.100,26.551,6.8296,21.6154,5.5564,25.6603,6.9963
Transformer-YawAug,40.200,26.4459,6.886,21.5913,5.6086,25.6166,7.0689
Transformer-YawAug,40.300,26.3454,6.9416,21.5838,5.667,25.5836,7.151
Transformer-YawAug,40.400,26.2502,6.9964,21.5799,5.7371,25.5371,7.2612
Transformer-YawAug,40.500,26.1608,7.0479,21.5716,5.8097,25.4853,7.3669
Transformer-YawAug,40.600,26.0742,7.0946,21.5586,5.8871,25.4355,7.4818
Transformer-YawAug,40.700,25.9926,7.1389,21.5399,5.9629,25.3871,7.5941
Transformer-YawAug,40.800,25.9157,7.1833,21.5106,6.039,25.301,7.6935
Transformer-YawAug,40.900,25.8388,7.2306,21.4698,6.1132,25.2125,7.7937
Transformer-YawAug,41.000,25.757,7.2805,21.4197,6.1886,25.0898,7.8583
Transformer-YawAug,41.100,25.6721,7.3327,21.3503,6.2419,24.9514,7.9054
Transformer-YawAug,41.200,25.5821,7.3813,21.2817,6.2984,24.809,7.95
Transformer-YawAug,41.300,25.4824,7.4168,21.194,6.3177,24.6585,7.9552
Transformer-YawAug,41.400,25.3749,7.4417,21.102,6.3431,24.4999,7.9446
Transformer-YawAug,41.500,25.2617,7.464,21.0085,6.3566,24.3433,7.9329
Transformer-YawAug,41.600,25.143,7.4854,20.917,6.3864,24.1869,7.9439
Transformer-YawAug,41.700,25.0191,7.5039,20.8259,6.4153,24.0359,7.9487
Transformer-YawAug,41.800,24.8955,7.5258,20.7409,6.4568,23.8903,7.9905
Transformer-YawAug,41.900,24.7743,7.5581,20.6525,6.4945,23.7412,8.0305
Transformer-YawAug,42.000,24.6553,7.5986,20.5783,6.5565,23.588,8.0548
Transformer-YawAug,42.100,24.5331,7.6416,20.4888,6.5957,23.4367,8.1034
Transformer-YawAug,42.200,24.4069,7.6876,20.4003,6.6254,23.2786,8.1324
Transformer-YawAug,42.300,24.2818,7.732,20.3075,6.6524,23.1246,8.1644
Transformer-YawAug,42.400,24.1576,7.7668,20.2156,6.6764,22.9609,8.1702
Transformer-YawAug,42.500,24.031,7.7944,20.1187,6.7047,22.8014,8.1967
Transformer-YawAug,42.600,23.8971,7.8231,20.0226,6.7271,22.6448,8.2209
Transformer-YawAug,42.700,23.7577,7.8541,19.9301,6.7605,22.4893,8.2548
Transformer-YawAug,42.800,23.6237,7.8852,19.8428,6.8039,22.3386,8.2999
Transformer-YawAug,42.900,23.495,7.9234,19.7506,6.8261,22.1785,8.3155
Transformer-YawAug,43.000,23.3689,7.9711,19.6669,6.8626,22.0305,8.345
Transformer-YawAug,43.100,23.2403,8.0227,19.5724,6.8646,21.8746,8.3287
Transformer-YawAug,43.200,23.1083,8.0726,19.4847,6.895,21.7195,8.3534
Transformer-YawAug,43.300,22.9787,8.1165,19.3975,6.8972,21.5728,8.3536
Transformer-YawAug,43.400,22.8481,8.1484,19.3219,6.9356,21.4396,8.3847
Transformer-YawAug,43.500,22.7155,8.173,19.2461,6.9444,21.3109,8.4079
Transformer-YawAug,43.600,22.5791,8.1981,19.1701,6.9578,21.1788,8.446
Transformer-YawAug,43.700,22.4415,8.2262,19.0896,6.977,21.0429,8.4586
Transformer-YawAug,43.800,22.3067,8.2562,19.0069,7.0162,20.896,8.5033
Transformer-YawAug,43.900,22.1765,8.2901,18.9417,7.0691,20.7694,8.5285
Transformer-YawAug,44.000,22.0475,8.327,18.866,7.1234,20.6156,8.5579
Transformer-YawAug,44.100,21.9159,8.3658,18.7922,7.1802,20.4808,8.6213
Transformer-YawAug,44.200,21.7838,8.3992,18.7076,7.2172,20.3277,8.6484
Transformer-YawAug,44.300,21.6538,8.4274,18.622,7.2596,20.1726,8.6792
Transformer-YawAug,44.400,21.5246,8.4491,18.5395,7.3102,20.0131,8.7004
Transformer-YawAug,44.500,21.3943,8.4658,18.45,7.3486,19.8575,8.7126
Transformer-YawAug,44.600,21.2578,8.4833,18.3601,7.3796,19.7028,8.7067
Transformer-YawAug,44.700,21.1183,8.501,18.2788,7.4143,19.5674,8.7165
Transformer-YawAug,44.800,20.984,8.5199,18.1893,7.4429,19.4212,8.713
Transformer-YawAug,44.900,20.8549,8.5448,18.1035,7.4615,19.2921,8.6933
Transformer-YawAug,45.000,20.7275,8.5756,18.0146,7.4935,19.1671,8.6808
Transformer-YawAug,45.100,20.5981,8.6089,17.9263,7.5181,19.018,8.6734
Transformer-YawAug,45.200,20.465,8.6425,17.8347,7.5337,18.8634,8.6723
Transformer-YawAug,45.300,20.3344,8.6729,17.7431,7.552,18.7122,8.684
Transformer-YawAug,45.400,20.2056,8.6956,17.6573,7.5853,18.5659,8.7094
Transformer-YawAug,45.500,20.0771,8.7139,17.5629,7.6124,18.4094,8.7228
Transformer-YawAug,45.600,19.9448,8.7353,17.4718,7.6275,18.2603,8.7072
Transformer-YawAug,45.700,19.8101,8.7571,17.3834,7.6556,18.1111,8.7089
Transformer-YawAug,45.800,19.6789,8.7793,17.2936,7.6777,17.9585,8.7054
Transformer-YawAug,45.900,19.5479,8.8051,17.2083,7.6971,17.8073,8.6956
Transformer-YawAug,46.000,19.4232,8.8357,17.1212,7.7062,17.6602,8.6715
Transformer-YawAug,46.100,19.2944,8.8666,17.0364,7.7299,17.5125,8.6832
Transformer-YawAug,46.200,19.163,8.8963,16.9469,7.7236,17.3658,8.6629
Transformer-YawAug,46.300,19.0355,8.9224,16.8532,7.7316,17.2131,8.6562
Transformer-YawAug,46.400,18.9096,8.9388,16.758,7.7471,17.058,8.6514
Transformer-YawAug,46.500,18.7827,8.9459,16.6633,7.7636,16.9049,8.6551
Transformer-YawAug,46.600,18.6515,8.9491,16.5701,7.7717,16.7534,8.6442
Transformer-YawAug,46.700,18.5164,8.9502,16.4828,7.7828,16.6086,8.6426
Transformer-YawAug,46.800,18.3863,8.9495,16.4005,7.7956,16.4662,8.6376
Transformer-YawAug,46.900,18.2606,8.9551,16.3182,7.8127,16.3233,8.6338
Transformer-YawAug,47.000,18.1345,8.9645,16.244,7.8391,16.1868,8.62
Transformer-YawAug,47.100,18.0057,8.9722,16.1656,7.8456,16.0529,8.5701
Transformer-YawAug,47.200,17.8743,8.9758,16.0891,7.84,15.9343,8.5071
Transformer-YawAug,47.300,17.7468,8.9679,16.0125,7.8197,15.8277,8.4295
Transformer-YawAug,47.400,17.6239,8.9462,15.9358,7.8031,15.7121,8.3731
Transformer-YawAug,47.500,17.5059,8.9126,15.8579,7.7841,15.5949,8.3069
Transformer-YawAug,47.600,17.3891,8.8701,15.786,7.7659,15.4937,8.226
Transformer-YawAug,47.700,17.2742,8.8189,15.7192,7.7319,15.4037,8.1325
Transformer-YawAug,47.800,17.1698,8.7634,15.6551,7.6989,15.3116,8.0532
Transformer-YawAug,47.900,17.0729,8.709,15.5887,7.6627,15.219,7.9707
Transformer-YawAug,48.000,16.9783,8.6513,15.5227,7.6332,15.1276,7.8875
Transformer-YawAug,48.100,16.8866,8.5833,15.4659,7.5883,15.0528,7.7865
Transformer-YawAug,48.200,16.8014,8.5057,15.4258,7.5256,15.0105,7.6694
Transformer-YawAug,48.300,16.7309,8.422,15.3996,7.4552,14.9857,7.5504
Transformer-YawAug,48.400,16.6716,8.3317,15.3758,7.3815,14.9649,7.4272
Transformer-YawAug,48.500,16.6279,8.2352,15.357,7.3085,14.9409,7.3066
Transformer-YawAug,48.600,16.5941,8.1313,15.3424,7.2344,14.9269,7.1812
Transformer-YawAug,48.700,16.5694,8.0214,15.3447,7.1617,14.93,7.063
Transformer-YawAug,48.800,16.5561,7.9137,15.3659,7.089,14.9704,6.9473
Transformer-YawAug,48.900,16.5495,7.8125,15.3755,7.0143,14.9971,6.8238
Transformer-YawAug,49.000,16.5492,7.7132,15.3955,6.9334,15.0217,6.6952
Transformer-YawAug,49.100,16.5595,7.61,15.4211,6.8528,15.0629,6.5687
Transformer-YawAug,49.200,16.5796,7.5035,15.4624,6.7755,15.1424,6.4527
Transformer-YawAug,49.300,16.6066,7.3999,15.5028,6.6974,15.2311,6.3455
Transformer-YawAug,49.400,16.6489,7.3044,15.5663,6.6299,15.3159,6.2218
Transformer-YawAug,49.500,16.7054,7.2174,15.6275,6.5591,15.4116,6.1175
Transformer-YawAug,49.600,16.773,7.1328,15.6863,6.4864,15.4996,6.0082
Transformer-YawAug,49.700,16.8518,7.0486,15.7431,6.4136,15.591,5.9019
Transformer-YawAug,49.800,16.9344,6.9694,15.8134,6.3533,15.6921,5.8049
Transformer-YawAug,49.900,17.0144,6.8949,15.8805,6.2861,15.805,5.7164
Transformer-YawAug,50.000,17.0927,6.82,15.9658,6.2379,15.9462,5.6644
Transformer-YawAug,50.100,17.1779,6.7433,16.0519,6.1925,16.0874,5.6193
Transformer-YawAug,50.200,17.2708,6.6647,16.1397,6.1465,16.2325,5.5629
Transformer-YawAug,50.300,17.3672,6.5851,16.2267,6.0997,16.3776,5.5038
Transformer-YawAug,50.400,17.4661,6.5111,16.3178,6.0592,16.5251,5.4529
Transformer-YawAug,50.500,17.5721,6.4504,16.4146,6.0312,16.6822,5.4211
Transformer-YawAug,50.600,17.6839,6.3934,16.5086,5.9949,16.8339,5.3819
Transformer-YawAug,50.700,17.8026,6.3353,16.6065,5.9665,16.9913,5.3582
Transformer-YawAug,50.800,17.9242,6.2785,16.6981,5.9332,17.1411,5.3112
Transformer-YawAug,50.900,18.0427,6.222,16.7888,5.899,17.293,5.277
Transformer-YawAug,51.000,18.1557,6.158,16.8805,5.867,17.4417,5.2593
Transformer-YawAug,51.100,18.2698,6.0911,16.9763,5.8552,17.5892,5.2617
Transformer-YawAug,51.200,18.3875,6.0217,17.0744,5.8344,17.7319,5.24
Transformer-YawAug,51.300,18.5074,5.9519,17.1714,5.8212,17.8813,5.2403
Transformer-YawAug,51.400,18.6274,5.8851,17.2691,5.7976,18.0291,5.2043
Transformer-YawAug,51.500,18.7488,5.8301,17.3645,5.7765,18.1814,5.1909
Transformer-YawAug,51.600,18.8737,5.7821,17.4608,5.7399,18.3357,5.1616
Transformer-YawAug,51.700,19.0047,5.7357,17.5562,5.7115,18.4864,5.1216
Transformer-YawAug,51.800,19.1383,5.6926,17.6508,5.6781,18.6238,5.0834
Transformer-YawAug,51.900,19.2666,5.6524,17.7421,5.6377,18.7737,5.0445
Transformer-YawAug,52.000,19.3895,5.6082,17.8407,5.6155,18.9319,5.0409
Transformer-YawAug,52.100,19.5116,5.5613,17.9401,5.5931,19.0947,5.0347
Transformer-YawAug,52.200,19.6371,5.5134,18.0409,5.5732,19.2543,5.0297
Transformer-YawAug,52.300,19.7648,5.4657,18.1375,5.546,19.4104,4.9982
Transformer-YawAug,52.400,19.8894,5.4199,18.2347,5.5262,19.5683,4.9935
Transformer-YawAug,52.500,20.0172,5.3854,18.3324,5.5034,19.7226,4.9622
Transformer-YawAug,52.600,20.1453,5.3559,18.4326,5.4856,19.8786,4.9286
Transformer-YawAug,52.700,20.279,5.3239,18.5325,5.4604,20.0312,4.8788
Transformer-YawAug,52.800,20.4158,5.2915,18.6313,5.4565,20.1881,4.8502
Transformer-YawAug,52.900,20.5482,5.2593,18.7213,5.416,20.3328,4.787
Transformer-YawAug,53.000,20.6751,5.2184,18.8156,5.3979,20.4737,4.7505
Transformer-YawAug,53.100,20.7992,5.1717,18.9114,5.3641,20.6135,4.6937
Transformer-YawAug,53.200,20.929,5.1202,19.0106,5.3418,20.7643,4.6548
Transformer-YawAug,53.300,21.0586,5.0706,19.1056,5.3092,20.908,4.603
Transformer-YawAug,53.400,21.1853,5.0234,19.1994,5.2784,21.0632,4.5664
Transformer-YawAug,53.500,21.3118,4.9813,19.2938,5.2408,21.2156,4.5102
Transformer-YawAug,53.600,21.4428,4.9453,19.3889,5.205,21.3668,4.4512
Transformer-YawAug,53.700,21.5793,4.9099,19.4842,5.165,21.5156,4.3874
Transformer-YawAug,53.800,21.7191,4.8749,19.5806,5.1422,21.6698,4.3454
Transformer-YawAug,53.900,21.8539,4.84,19.6708,5.0985,21.8122,4.2738
Transformer-YawAug,54.000,21.9834,4.7979,19.7645,5.0669,21.9665,4.2323
Transformer-YawAug,54.100,22.11,4.7495,19.8616,5.0335,22.1122,4.2018
Transformer-YawAug,54.200,22.2389,4.6972,19.9566,4.9966,22.2699,4.1843
Transformer-YawAug,54.300,22.3701,4.6448,20.0513,4.9591,22.4142,4.1283
Transformer-YawAug,54.400,22.4993,4.5955,20.1392,4.915,22.5649,4.0828
Transformer-YawAug,54.500,22.6276,4.5535,20.2327,4.8756,22.7155,4.0396
Transformer-YawAug,54.600,22.7581,4.5181,20.3259,4.8376,22.861,3.9877
Transformer-YawAug,54.700,22.8944,4.4819,20.423,4.8043,22.9883,3.9052
Transformer-YawAug,54.800,23.0315,4.4452,20.5168,4.7753,23.1306,3.843
Transformer-YawAug,54.900,23.1644,4.4085,20.6045,4.7306,23.2542,3.7496
Transformer-YawAug,55.000,23.2906,4.3659,20.6902,4.6883,23.3936,3.6849
Transformer-YawAug,55.100,23.4142,4.3163,20.7833,4.6489,23.5126,3.6001
Transformer-YawAug,55.200,23.539,4.261,20.8782,4.6148,23.6503,3.5521
Transformer-YawAug,55.300,23.6663,4.2053,20.9722,4.5828,23.7791,3.5127
Transformer-YawAug,55.400,23.7908,4.1515,21.063,4.5426,23.9261,3.4815
Transformer-YawAug,55.500,23.9168,4.1009,21.1563,4.5044,24.0684,3.4144
Transformer-YawAug,55.600,24.0452,4.0586,21.2511,4.4676,24.2175,3.3514
Transformer-YawAug,55.700,24.1775,4.0193,21.3474,4.43,24.3673,3.291
Transformer-YawAug,55.800,24.3145,3.9793,21.4448,4.4126,24.5255,3.2572
Transformer-YawAug,55.900,24.4488,3.9393,21.5344,4.3717,24.6626,3.1897
Transformer-YawAug,56.000,24.5761,3.8928,21.6256,4.3557,24.8058,3.1794
Transformer-YawAug,56.100,24.6994,3.8421,21.7249,4.3358,24.9445,3.157
Transformer-YawAug,56.200,24.8268,3.7875,21.8245,4.318,25.0878,3.1719
Transformer-YawAug,56.300,24.9573,3.7358,21.9233,4.2983,25.2125,3.1326
Transformer-YawAug,56.400,25.0865,3.6874,22.0204,4.274,25.3669,3.1148
Transformer-YawAug,56.500,25.2134,3.646,22.1196,4.2531,25.5198,3.0873
Transformer-YawAug,56.600,25.3422,3.612,22.2185,4.2309,25.6701,3.051
Transformer-YawAug,56.700,25.4763,3.5795,22.3186,4.2063,25.8253,3.0101
Transformer-YawAug,56.800,25.6141,3.5486,22.4153,4.1919,25.9813,2.9876
Transformer-YawAug,56.900,25.7497,3.5177,22.5075,4.1598,26.1311,2.9381
Transformer-YawAug,57.000,25.8791,3.4808,22.5962,4.1415,26.2886,2.9333
Transformer-YawAug,57.100,26.0062,3.4393,22.6904,4.1253,26.4354,2.9289
Transformer-YawAug,57.200,26.1374,3.3978,22.7873,4.1026,26.5916,2.9413
Transformer-YawAug,57.300,26.2709,3.3579,22.8828,4.0882,26.7375,2.9202
Transformer-YawAug,57.400,26.403,3.321,22.9771,4.0588,26.8959,2.9043
Transformer-YawAug,57.500,26.5357,3.2933,23.0749,4.0437,27.0461,2.9036
Transformer-YawAug,57.600,26.6684,3.2729,23.1714,4.0215,27.1978,2.8717
Transformer-YawAug,57.700,26.8051,3.2543,23.2689,4.0036,27.3505,2.8642
Transformer-YawAug,57.800,26.9433,3.2355,23.3618,3.9857,27.5058,2.8402
Transformer-YawAug,57.900,27.079,3.2149,23.4548,3.954,27.649,2.8009
Transformer-YawAug,58.000,27.2057,3.1872,23.5434,3.9244,27.7892,2.7841
Transformer-YawAug,58.100,27.3329,3.1526,23.6424,3.9121,27.9151,2.7924
Transformer-YawAug,58.200,27.4664,3.1162,23.7396,3.8912,28.0503,2.8003
Transformer-YawAug,58.300,27.6033,3.0817,23.8355,3.8868,28.1655,2.7952
Transformer-YawAug,58.400,27.7381,3.0479,23.9269,3.8492,28.3207,2.7612
Transformer-YawAug,58.500,27.8713,3.0204,24.023,3.8321,28.4784,2.7483
Transformer-YawAug,58.600,28.0078,2.9989,24.1156,3.7918,28.6317,2.71
Transformer-YawAug,58.700,28.1485,2.9743,24.2154,3.7701,28.7841,2.6652
Transformer-YawAug,58.800,28.292,2.9508,24.3115,3.7508,28.9319,2.6056
Transformer-YawAug,58.900,28.4301,2.9283,24.4071,3.7279,29.0756,2.5433
Transformer-YawAug,59.000,28.5613,2.8978,24.4979,3.7022,29.211,2.5004
Transformer-YawAug,59.100,28.6896,2.8611,24.5957,3.6802,29.3329,2.4911
Transformer-YawAug,59.200,28.8206,2.8221,24.6941,3.6543,29.4738,2.4768
Transformer-YawAug,59.300,28.9546,2.7802,24.7935,3.6376,29.5777,2.4918
Transformer-YawAug,59.400,29.0874,2.7422,24.8902,3.6212,29.7282,2.4782
Transformer-YawAug,59.500,29.2191,2.7116,24.989,3.6012,29.8708,2.4765
Transformer-YawAug,59.600,29.3522,2.6878,25.0873,3.5817,30.0232,2.4736
Transformer-YawAug,59.700,29.4912,2.666,25.1859,3.5555,30.1775,2.4641
Transformer-YawAug,59.800,29.6344,2.6462,25.28,3.5395,30.3281,2.4531
Transformer-YawAug,59.900,29.773,2.6252,25.3686,3.5031,30.4789,2.4352
Transformer-YawAug,60.000,29.9053,2.5996,25.4636,3.4897,30.6117,2.4367
Transformer-YawAug,60.100,30.0371,2.5701,25.5595,3.4837,30.7437,2.448
Transformer-YawAug,60.200,30.1712,2.5425,25.6508,3.4626,30.8633,2.4366
Transformer-YawAug,60.300,30.3078,2.5176,25.7394,3.4371,30.9882,2.4324
Transformer-YawAug,60.400,30.4438,2.4922,25.8245,3.4026,31.1183,2.412
Transformer-YawAug,60.500,30.5803,2.4756,25.9076,3.4025,31.2444,2.4213
Transformer-YawAug,60.600,30.7166,2.4638,25.9821,3.3847,31.337,2.39
Transformer-YawAug,60.700,30.8563,2.4507,26.062,3.3553,31.4568,2.3873
Transformer-YawAug,60.800,30.9984,2.4362,26.1349,3.3357,31.5822,2.4119
Transformer-YawAug,60.900,31.1371,2.4175,26.1904,3.303,31.6732,2.4464
Transformer-YawAug,61.000,31.2714,2.3885,26.2609,3.2616,31.7709,2.4622
Transformer-YawAug,61.100,31.4054,2.3567,26.2885,3.2176,31.8755,2.4314
Transformer-YawAug,61.200,31.5441,2.3219,26.3243,3.1592,31.9796,2.3967
Transformer-YawAug,61.300,31.6844,2.2863,26.3826,3.13,32.0919,2.3517
Transformer-YawAug,61.400,31.8195,2.257,26.4635,3.1038,32.2254,2.343
Transformer-YawAug,61.500,31.9536,2.2263,26.5423,3.0731,32.3487,2.2956
Transformer-YawAug,61.600,32.0853,2.1977,26.6229,3.0374,32.4662,2.2374
Transformer-YawAug,61.700,32.218,2.1636,26.7049,3.0038,32.5877,2.1759
Transformer-YawAug,61.800,32.3519,2.1295,26.7883,2.9766,32.7154,2.1089
Transformer-YawAug,61.900,32.4808,2.0947,26.8703,2.9366,32.8407,2.0444
Transformer-YawAug,62.000,32.6058,2.051,26.9303,2.8922,32.976,1.995
Transformer-YawAug,62.100,32.7278,2.0041,27.009,2.8522,33.116,1.9596
Transformer-YawAug,62.200,32.8526,1.9553,27.0768,2.8337,33.251,1.925
Transformer-YawAug,62.300,32.9815,1.9073,27.1364,2.7708,33.3903,1.888
Transformer-YawAug,62.400,33.1085,1.8604,27.1982,2.7071,33.5358,1.8517
Transformer-YawAug,62.500,33.233,1.8192,27.2749,2.6542,33.678,1.8021
Transformer-YawAug,62.600,33.3559,1.786,27.3466,2.5933,33.8282,1.7798
Transformer-YawAug,62.700,33.4804,1.7574,27.4213,2.536,33.97,1.7366
Transformer-YawAug,62.800,33.6075,1.7246,27.4873,2.4677,34.1114,1.6931
Transformer-YawAug,62.900,33.733,1.6844,27.5544,2.4101,34.2454,1.6579
Transformer-YawAug,63.000,33.8468,1.6336,27.6016,2.329,34.3732,1.6014
Transformer-YawAug,63.100,33.9545,1.5778,27.665,2.2631,34.5141,1.5652
Transformer-YawAug,63.200,34.0572,1.5153,27.7291,2.192,34.6458,1.4852
Transformer-YawAug,63.300,34.1595,1.4445,27.8064,2.1316,34.7896,1.4278
Transformer-YawAug,63.400,34.2583,1.3693,27.8701,2.0615,34.9216,1.3574
Transformer-YawAug,63.500,34.3517,1.2979,27.9376,1.9915,35.058,1.2825
Transformer-YawAug,63.600,34.4453,1.2322,27.9923,1.9129,35.1782,1.1854
Transformer-YawAug,63.700,34.5412,1.1635,28.0615,1.8431,35.3109,1.1005
Transformer-YawAug,63.800,34.6387,1.0847,28.1257,1.7661,35.4182,0.986
Transformer-YawAug,63.900,34.7384,1.0016,28.192,1.6953,35.5411,0.8879
Transformer-YawAug,64.000,34.8301,0.9146,28.2435,1.6125,35.6497,0.7763
Transformer-YawAug,64.100,34.9087,0.8191,28.2873,1.5252,35.7641,0.6723
Transformer-YawAug,64.200,34.9803,0.7172,28.3325,1.4375,35.847,0.5455
Transformer-YawAug,64.300,35.0534,0.6104,28.3713,1.3494,35.949,0.4318
Transformer-YawAug,64.400,35.1293,0.5003,28.4053,1.2565,36.0524,0.3145
Transformer-YawAug,64.500,35.2039,0.3946,28.4378,1.1662,36.1375,0.1894
Transformer-YawAug,64.600,35.2754,0.2961,28.4866,1.084,36.2321,0.0746
Transformer-YawAug,64.700,35.3523,0.2022,28.5091,0.9966,36.3231,-0.0422
Transformer-YawAug,64.800,35.43,0.1013,28.5521,0.9163,36.3998,-0.1582
Transformer-YawAug,64.900,35.508,-0.0057,28.5722,0.8251,36.4383,-0.2988
Transformer-YawAug,65.000,35.5803,-0.1128,28.577,0.7364,36.4472,-0.4227
Transformer-YawAug,65.100,35.6418,-0.2196,28.5737,0.6517,36.4546,-0.5533
Transformer-YawAug,65.200,35.693,-0.3298,28.5442,0.5745,36.4728,-0.6875
Transformer-YawAug,65.300,35.739,-0.4441,28.5252,0.501,36.4834,-0.811
Transformer-YawAug,65.400,35.7807,-0.5612,28.4913,0.4408,36.4626,-0.9275
Transformer-YawAug,65.500,35.8154,-0.6763,28.4629,0.381,36.4375,-1.042
Transformer-YawAug,65.600,35.8478,-0.7889,28.4371,0.314,36.4,-1.1608
Transformer-YawAug,65.700,35.8769,-0.8987,28.4069,0.2493,36.3596,-1.2765
Transformer-YawAug,65.800,35.8992,-1.0148,28.3867,0.1804,36.3518,-1.3917
Transformer-YawAug,65.900,35.913,-1.1365,28.3519,0.1189,36.3183,-1.5004
Transformer-YawAug,66.000,35.9163,-1.2586,28.3163,0.0573,36.281,-1.6084
Transformer-YawAug,66.100,35.9056,-1.3757,28.2624,0.0048,36.2025,-1.6996
Transformer-YawAug,66.200,35.8787,-1.4864,28.2027,-0.042,36.1212,-1.7844
Transformer-YawAug,66.300,35.8348,-1.5962,28.143,-0.0791,36.0252,-1.8492
Transformer-YawAug,66.400,35.7852,-1.7047,28.0837,-0.1167,35.9315,-1.9183
Transformer-YawAug,66.500,35.7268,-1.8063,28.0156,-0.1385,35.8251,-1.9622
Transformer-YawAug,66.600,35.6669,-1.9002,27.9437,-0.1593,35.7033,-1.9763
Transformer-YawAug,66.700,35.6084,-1.9912,27.8716,-0.1848,35.577,-2.0112
Transformer-YawAug,66.800,35.5429,-2.082,27.8004,-0.2184,35.4654,-2.0544
Transformer-YawAug,66.900,35.4677,-2.1718,27.7308,-0.2534,35.3753,-2.1415
Transformer-YawAug,67.000,35.3828,-2.2563,27.6605,-0.2944,35.2755,-2.2233
Transformer-YawAug,67.100,35.2918,-2.3275,27.5786,-0.3107,35.1446,-2.2701
Transformer-YawAug,67.200,35.1933,-2.3843,27.4924,-0.3115,35.006,-2.3048
Transformer-YawAug,67.300,35.0889,-2.4319,27.4057,-0.3131,34.8673,-2.3373
Transformer-YawAug,67.400,34.9782,-2.4747,27.3165,-0.3083,34.7205,-2.3598
Transformer-YawAug,67.500,34.8632,-2.5093,27.2328,-0.2866,34.5775,-2.3399
Transformer-YawAug,67.600,34.7493,-2.5403,27.1447,-0.2643,34.424,-2.3357
Transformer-YawAug,67.700,34.6373,-2.5735,27.0568,-0.2377,34.271,-2.3328
Transformer-YawAug,67.800,34.5184,-2.6035,26.9667,-0.209,34.1148,-2.3115
Transformer-YawAug,67.900,34.3898,-2.629,26.8719,-0.201,33.9592,-2.3224
Transformer-YawAug,68.000,34.2561,-2.649,26.7783,-0.1918,33.8031,-2.3199
Transformer-YawAug,68.100,34.1277,-2.6593,26.6838,-0.1778,33.6469,-2.3064
Transformer-YawAug,68.200,34.0022,-2.6514,26.5936,-0.1753,33.4958,-2.3107
Transformer-YawAug,68.300,33.8772,-2.6349,26.5026,-0.1427,33.3416,-2.31
Transformer-YawAug,68.400,33.747,-2.6134,26.4159,-0.1356,33.2011,-2.3126
Transformer-YawAug,68.500,33.616,-2.5891,26.3226,-0.1195,33.0438,-2.3209
Transformer-YawAug,68.600,33.4902,-2.5634,26.2299,-0.0994,32.886,-2.3213
Transformer-YawAug,68.700,33.3663,-2.5445,26.1419,-0.0573,32.7241,-2.3279
Transformer-YawAug,68.800,33.2389,-2.5292,26.0445,-0.041,32.5651,-2.3447
Transformer-YawAug,68.900,33.1038,-2.5121,25.9497,-0.011,32.4042,-2.3388
Transformer-YawAug,69.000,32.964,-2.4946,25.8519,0.0003,32.2471,-2.3598
Transformer-YawAug,69.100,32.8295,-2.4745,25.7605,0.0275,32.0884,-2.3454
Transformer-YawAug,69.200,32.7001,-2.4431,25.6675,0.052,31.9276,-2.3467
Transformer-YawAug,69.300,32.5751,-2.4022,25.5797,0.0856,31.7719,-2.3739
Transformer-YawAug,69.400,32.4463,-2.3579,25.4856,0.0963,31.619,-2.354
Transformer-YawAug,69.500,32.3134,-2.3132,25.3988,0.1204,31.4632,-2.359
Transformer-YawAug,69.600,32.1845,-2.268,25.3033,0.1309,31.3057,-2.3772
Transformer-YawAug,69.700,32.0573,-2.2307,25.2151,0.1484,31.1485,-2.4059
Transformer-YawAug,69.800,31.9282,-2.2015,25.1215,0.1666,30.9989,-2.3689
Transformer-YawAug,69.900,31.7942,-2.1724,25.0327,0.1775,30.8481,-2.3761
Transformer-YawAug,70.000,31.6558,-2.1423,24.9434,0.1746,30.7138,-2.3738
Transformer-YawAug,70.100,31.5189,-2.1105,24.8593,0.1959,30.6012,-2.3669
Transformer-YawAug,70.200,31.3873,-2.0709,24.7741,0.2111,30.452,-2.3645
Transformer-YawAug,70.300,31.2584,-2.0229,24.7024,0.2619,30.31,-2.3153
Transformer-YawAug,70.400,31.1252,-1.9701,24.615,0.2915,30.1579,-2.3122
Transformer-YawAug,70.500,30.9873,-1.9178,24.5448,0.318,30.06,-2.2565
Transformer-YawAug,70.600,30.8529,-1.8698,24.4619,0.3563,29.9118,-2.2163
Transformer-YawAug,70.700,30.7218,-1.8277,24.3899,0.4075,29.7684,-2.1498
Transformer-YawAug,70.800,30.5926,-1.7934,24.3154,0.4605,29.6267,-2.0777
Transformer-YawAug,70.900,30.4549,-1.7583,24.2437,0.503,29.4874,-2.0052
Transformer-YawAug,71.000,30.312,-1.7225,24.1555,0.534,29.3342,-1.959
Transformer-YawAug,71.100,30.1707,-1.6857,24.0817,0.5568,29.1928,-1.8985
Transformer-YawAug,71.200,30.0383,-1.6409,23.9989,0.5802,29.0442,-1.8596
Transformer-YawAug,71.300,29.9089,-1.5888,23.9257,0.6318,28.9051,-1.8424
Transformer-YawAug,71.400,29.7772,-1.5352,23.8502,0.6495,28.769,-1.8316
Transformer-YawAug,71.500,29.6439,-1.4809,23.791,0.6326,28.6473,-1.8057
Transformer-YawAug,71.600,29.5133,-1.4296,23.7012,0.659,28.4938,-1.778
Transformer-YawAug,71.700,29.3848,-1.3863,23.6238,0.6952,28.3411,-1.7566
Transformer-YawAug,71.800,29.2536,-1.3505,23.5363,0.7237,28.1896,-1.7284
Transformer-YawAug,71.900,29.1194,-1.3159,23.4584,0.753,28.065,-1.664
Transformer-YawAug,72.000,28.9808,-1.2805,23.3685,0.7771,27.9143,-1.6289
Transformer-YawAug,72.100,28.8438,-1.2464,23.294,0.799,27.778,-1.5915
Transformer-YawAug,72.200,28.7146,-1.2047,23.2391,0.7729,27.6617,-1.6051
Transformer-YawAug,72.300,28.5888,-1.1559,23.208,0.7539,27.5832,-1.6514
Transformer-YawAug,72.400,28.4627,-1.105,23.1689,0.6956,27.5125,-1.7268
Transformer-YawAug,72.500,28.3314,-1.0522,23.1683,0.6527,27.4927,-1.7086
Transformer-YawAug,72.600,28.2034,-1.002,23.0951,0.6663,27.3701,-1.6891
Transformer-YawAug,72.700,28.0768,-0.9595,23.0465,0.6666,27.2775,-1.7109
Transformer-YawAug,72.800,27.9456,-0.9243,22.9745,0.6778,27.2094,-1.674
Transformer-YawAug,72.900,27.8104,-0.8924,22.9054,0.677,27.0872,-1.663
Transformer-YawAug,73.000,27.6692,-0.8614,22.8291,0.7016,26.9905,-1.6255
Transformer-YawAug,73.100,27.534,-0.8325,22.7507,0.7244,26.8754,-1.6119
Transformer-YawAug,73.200,27.4045,-0.8005,22.6753,0.7633,26.7217,-1.5882
Transformer-YawAug,73.300,27.2772,-0.7621,22.6034,0.8146,26.5714,-1.5806
Transformer-YawAug,73.400,27.1454,-0.7201,22.5272,0.8588,26.4256,-1.5422
Transformer-YawAug,73.500,27.0108,-0.6774,22.4633,0.8632,26.2782,-1.5074
Transformer-YawAug,73.600,26.8773,-0.6358,22.3705,0.8905,26.1302,-1.4509
Transformer-YawAug,73.700,26.7453,-0.6038,22.303,0.9072,25.986,-1.4521
Transformer-YawAug,73.800,26.6104,-0.5796,22.2191,0.9346,25.828,-1.465
Transformer-YawAug,73.900,26.4689,-0.5544,22.1529,0.961,25.6738,-1.4663
Transformer-YawAug,74.000,26.3226,-0.5279,22.0706,0.9833,25.5173,-1.4477
Transformer-YawAug,74.100,26.1795,-0.4993,22.0026,1.0204,25.3701,-1.4074
Transformer-YawAug,74.200,26.0427,-0.463,21.9469,1.0341,25.2283,-1.4239
Transformer-YawAug,74.300,25.9099,-0.4211,21.9036,1.0815,25.0927,-1.4294
Transformer-YawAug,74.400,25.7733,-0.3755,21.849,1.0886,24.9682,-1.44
Transformer-YawAug,74.500,25.6332,-0.3284,21.8033,1.0906,24.8634,-1.4015
Transformer-YawAug,74.600,25.4966,-0.2843,21.7401,1.1096,24.7297,-1.3713
Transformer-YawAug,74.700,25.3609,-0.2509,21.6814,1.0799,24.589,-1.4134
Transformer-YawAug,74.800,25.2233,-0.2242,21.6068,1.1052,24.4398,-1.3916
Transformer-YawAug,74.900,25.076,-0.1951,21.5374,1.0863,24.2899,-1.4029
Transformer-YawAug,75.000,24.928,-0.1686,21.4595,1.0821,24.149,-1.4012
Transformer-YawAug,75.100,24.7858,-0.1419,21.3802,1.0693,24.0102,-1.391
Transformer-YawAug,75.200,24.6501,-0.1077,21.3108,1.0937,23.8749,-1.3861
Transformer-YawAug,75.300,24.5157,-0.0685,21.2317,1.106,23.7513,-1.4083
Transformer-YawAug,75.400,24.3779,-0.0274,21.1557,1.1273,23.6165,-1.3674
Transformer-YawAug,75.500,24.238,0.0134,21.0815,1.1375,23.4636,-1.3397
Transformer-YawAug,75.600,24.1032,0.0498,20.9981,1.1546,23.3133,-1.3095
Transformer-YawAug,75.700,23.967,0.0759,20.9276,1.1727,23.1722,-1.2885
Transformer-YawAug,75.800,23.83,0.0961,20.8534,1.1835,23.0142,-1.2658
Transformer-YawAug,75.900,23.686,0.1184,20.7855,1.1801,22.8607,-1.2455
Transformer-YawAug,76.000,23.5395,0.1439,20.7301,1.1603,22.7185,-1.2119
Transformer-YawAug,76.100,23.398,0.1724,20.6466,1.1786,22.5686,-1.1724
Transformer-YawAug,76.200,23.2629,0.209,20.572,1.2077,22.4166,-1.1525
Transformer-YawAug,76.300,23.1283,0.2496,20.491,1.2517,22.2655,-1.1643
Transformer-YawAug,76.400,22.9927,0.2897,20.4127,1.2846,22.1145,-1.1425
Transformer-YawAug,76.500,22.8539,0.3295,20.3285,1.2968,21.9587,-1.1276
Transformer-YawAug,76.600,22.7204,0.3653,20.2433,1.345,21.7989,-1.097
Transformer-YawAug,76.700,22.5894,0.392,20.1669,1.3986,21.6601,-1.0517
Transformer-YawAug,76.800,22.4555,0.4145,20.0806,1.4441,21.5095,-0.9911
Transformer-YawAug,76.900,22.3162,0.4394,20.0018,1.4871,21.3588,-0.9348
Transformer-YawAug,77.000,22.1744,0.4649,19.9162,1.5172,21.2099,-0.8775
Transformer-YawAug,77.100,22.0387,0.4937,19.837,1.563,21.0699,-0.8125
Transformer-YawAug,77.200,21.9096,0.5327,19.7702,1.6219,20.95,-0.7409
Transformer-YawAug,77.300,21.7813,0.5785,19.7008,1.6853,20.8145,-0.7045
Transformer-YawAug,77.400,21.648,0.6284,19.6386,1.7296,20.6625,-0.6585
Transformer-YawAug,77.500,21.5141,0.6779,19.573,1.7513,20.5182,-0.6211
Transformer-YawAug,77.600,21.3813,0.7229,19.4943,1.7947,20.3784,-0.5643
Transformer-YawAug,77.700,21.2494,0.7579,19.429,1.8354,20.2251,-0.5461
Transformer-YawAug,77.800,21.1129,0.7875,19.3445,1.8697,20.0722,-0.5057
Transformer-YawAug,77.900,20.9748,0.8163,19.286,1.9075,19.9222,-0.4593
Transformer-YawAug,78.000,20.8342,0.8474,19.2061,1.9493,19.781,-0.4313
Transformer-YawAug,78.100,20.7001,0.8812,19.1432,1.9996,19.6505,-0.3656
Transformer-YawAug,78.200,20.572,0.9229,19.0674,2.0441,19.5133,-0.3575
Transformer-YawAug,78.300,20.4438,0.9688,19.0039,2.1077,19.3817,-0.2973
Transformer-YawAug,78.400,20.3128,1.0168,18.9423,2.1236,19.2491,-0.3086
Transformer-YawAug,78.500,20.1803,1.0659,18.8634,2.1719,19.1022,-0.2679
Transformer-YawAug,78.600,20.0515,1.1097,18.7902,2.2136,18.9675,-0.2193
Transformer-YawAug,78.700,19.9245,1.1428,18.7176,2.2535,18.8166,-0.1909
Transformer-YawAug,78.800,19.7923,1.1734,18.6457,2.3105,18.6675,-0.1316
Transformer-YawAug,78.900,19.6539,1.208,18.5686,2.3402,18.5216,-0.0911
Transformer-YawAug,79.000,19.516,1.2432,18.4943,2.3859,18.3806,-0.0261
Transformer-YawAug,79.100,19.3847,1.2803,18.4117,2.4245,18.226,0.0008
Transformer-YawAug,79.200,19.2571,1.3213,18.3418,2.462,18.0746,0.01
Transformer-YawAug,79.300,19.1311,1.3653,18.2564,2.4918,17.9254,-0.0196
Transformer-YawAug,79.400,19.0011,1.4111,18.2005,2.5057,17.7802,-0.0001
Transformer-YawAug,79.500,18.8717,1.4561,18.1133,2.5305,17.6322,0.0344
Transformer-YawAug,79.600,18.7438,1.4958,18.0354,2.5454,17.4806,0.0599
Transformer-YawAug,79.700,18.6135,1.5264,17.9595,2.5775,17.3338,0.1091
Transformer-YawAug,79.800,18.4835,1.5511,17.8718,2.6146,17.1822,0.1514
Transformer-YawAug,79.900,18.3474,1.5773,17.7894,2.6519,17.0372,0.1887
Transformer-YawAug,80.000,18.2126,1.6058,17.7136,2.6946,16.9005,0.238
Transformer-YawAug,80.100,18.0829,1.6399,17.6341,2.7447,16.7615,0.3003
Transformer-YawAug,80.200,17.9587,1.6826,17.5648,2.8061,16.6135,0.3449
Transformer-YawAug,80.300,17.8336,1.7299,17.4871,2.8521,16.4641,0.3759
Transformer-YawAug,80.400,17.7065,1.7809,17.4299,2.8937,16.3141,0.391
Transformer-YawAug,80.500,17.5814,1.8298,17.351,2.9082,16.1779,0.4138
Transformer-YawAug,80.600,17.4576,1.8679,17.2711,2.9296,16.0432,0.4257
Transformer-YawAug,80.700,17.3358,1.8972,17.189,2.9505,15.9089,0.4398
Transformer-YawAug,80.800,17.211,1.924,17.1133,2.9628,15.7815,0.4269
Transformer-YawAug,80.900,17.0818,1.9511,17.0396,2.954,15.6678,0.3865
Transformer-YawAug,81.000,16.9546,1.9748,16.9753,2.9376,15.5756,0.3333
Transformer-YawAug,81.100,16.8362,1.9977,16.9137,2.9168,15.4923,0.281
Transformer-YawAug,81.200,16.7274,2.0188,16.8513,2.9044,15.4104,0.2314
Transformer-YawAug,81.300,16.6189,2.0339,16.7921,2.885,15.3355,0.1722
Transformer-YawAug,81.400,16.5116,2.0404,16.7391,2.8508,15.288,0.0783
Transformer-YawAug,81.500,16.4109,2.0329,16.7015,2.8023,15.2818,-0.0282
Transformer-YawAug,81.600,16.3255,2.0085,16.6796,2.745,15.285,-0.1344
Transformer-YawAug,81.700,16.2569,1.9694,16.6613,2.6843,15.2818,-0.2398
Transformer-YawAug,81.800,16.2053,1.9185,16.6385,2.6237,15.3147,-0.3359
Transformer-YawAug,81.900,16.1667,1.8585,16.6195,2.5658,15.3286,-0.4381
Transformer-YawAug,82.000,16.1442,1.7934,16.6382,2.5057,15.3831,-0.5294
Transformer-YawAug,82.100,16.1328,1.7321,16.6686,2.4477,15.4615,-0.6031
Transformer-YawAug,82.200,16.1331,1.6727,16.7111,2.392,15.557,-0.6578
Transformer-YawAug,82.300,16.1463,1.6126,16.771,2.3499,15.6538,-0.7208
Transformer-YawAug,82.400,16.1704,1.5535,16.8366,2.3044,15.769,-0.7565
Transformer-YawAug,82.500,16.2058,1.4957,16.9058,2.2612,15.8729,-0.7727
Transformer-YawAug,82.600,16.2514,1.4458,16.9826,2.2254,16.0038,-0.7972
Transformer-YawAug,82.700,16.3096,1.4044,17.0701,2.1969,16.1445,-0.8081
Transformer-YawAug,82.800,16.3799,1.3686,17.1619,2.1663,16.2899,-0.8124
Transformer-YawAug,82.900,16.4633,1.3334,17.2512,2.1311,16.4272,-0.8339
Transformer-YawAug,83.000,16.5576,1.3024,17.3247,2.075,16.5595,-0.8792
Transformer-YawAug,83.100,16.6569,1.2721,17.4058,2.0255,16.6818,-0.8986
Transformer-YawAug,83.200,16.7563,1.237,17.4949,1.9845,16.7782,-0.9842
Transformer-YawAug,83.300,16.8573,1.1972,17.5925,1.9627,16.8625,-1.0963
Transformer-YawAug,83.400,16.9631,1.1543,17.6887,1.9306,16.9753,-1.1923
Transformer-YawAug,83.500,17.0778,1.1054,17.7847,1.8971,17.0871,-1.2594
Transformer-YawAug,83.600,17.1974,1.0527,17.8789,1.8645,17.2378,-1.3116
Transformer-YawAug,83.700,17.3183,1.0052,17.9799,1.8416,17.3923,-1.3451
Transformer-YawAug,83.800,17.4433,0.964,18.079,1.8132,17.552,-1.3637
Transformer-YawAug,83.900,17.5732,0.9262,18.1797,1.7862,17.7094,-1.4021
Transformer-YawAug,84.000,17.711,0.8848,18.2796,1.777,17.8677,-1.412
Transformer-YawAug,84.100,17.8472,0.8429,18.3764,1.7475,18.0189,-1.4686
Transformer-YawAug,84.200,17.9765,0.793,18.4738,1.729,18.1744,-1.4667
Transformer-YawAug,84.300,18.1023,0.7368,18.5752,1.7116,18.3285,-1.4966
Transformer-YawAug,84.400,18.2318,0.6787,18.6778,1.7043,18.4753,-1.4723
Transformer-YawAug,84.500,18.3643,0.6213,18.7779,1.6816,18.6284,-1.5075
Transformer-YawAug,84.600,18.497,0.5663,18.8771,1.6617,18.7823,-1.5328
Transformer-YawAug,84.700,18.6298,0.5228,18.9785,1.654,18.9405,-1.5523
Transformer-YawAug,84.800,18.7646,0.4869,19.0813,1.6411,19.0905,-1.5745
Transformer-YawAug,84.900,18.904,0.4528,19.1846,1.6418,19.2481,-1.582
Transformer-YawAug,85.000,19.0481,0.4191,19.2851,1.636,19.3975,-1.5892
Transformer-YawAug,85.100,19.1878,0.3844,19.3795,1.6261,19.5531,-1.5912
Transformer-YawAug,85.200,19.3204,0.3417,19.4739,1.6025,19.7009,-1.6224
Transformer-YawAug,85.300,19.4526,0.2957,19.5666,1.605,19.8343,-1.5897
Transformer-YawAug,85.400,19.588,0.2478,19.6646,1.5849,19.9719,-1.6129
Transformer-YawAug,85.500,19.7256,0.2027,19.7607,1.5675,20.1125,-1.6144
Transformer-YawAug,85.600,19.859,0.16,19.8579,1.5392,20.2629,-1.6395
Transformer-YawAug,85.700,19.9915,0.1265,19.9452,1.5364,20.3843,-1.7016
Transformer-YawAug,85.800,20.1265,0.0995,20.0422,1.5149,20.5095,-1.7188
Transformer-YawAug,85.900,20.2686,0.0717,20.1293,1.5056,20.6265,-1.7465
Transformer-YawAug,86.000,20.4151,0.0449,20.214,1.5023,20.7436,-1.7406
Transformer-YawAug,86.100,20.5574,0.0182,20.2968,1.4664,20.8683,-1.7822
Transformer-YawAug,86.200,20.6929,-0.0151,20.3668,1.4702,20.8844,-1.7757
Transformer-YawAug,86.300,20.8277,-0.0528,20.4605,1.4436,20.9324,-1.8161
Transformer-YawAug,86.400,20.967,-0.0917,20.5463,1.4181,21.054,-1.8435
Transformer-YawAug,86.500,21.1067,-0.1283,20.6358,1.3816,21.1946,-1.8778
Transformer-YawAug,86.600,21.241,-0.1623,20.7275,1.3461,21.3399,-1.9072
Transformer-YawAug,86.700,21.377,-0.1909,20.8242,1.3146,21.4886,-1.9619
Transformer-YawAug,86.800,21.5164,-0.2217,20.9225,1.2855,21.6446,-1.997
Transformer-YawAug,86.900,21.6623,-0.2584,21.0223,1.2687,21.7938,-2.0235
Transformer-YawAug,87.000,21.8083,-0.2939,21.1189,1.2559,21.9515,-2.0363
Transformer-YawAug,87.100,21.9491,-0.3315,21.2124,1.238,22.0999,-2.0683
Transformer-YawAug,87.200,22.0813,-0.3769,21.2946,1.2417,22.2351,-2.0351
Transformer-YawAug,87.300,22.2161,-0.4282,21.3947,1.235,22.3603,-2.0034
Transformer-YawAug,87.400,22.3546,-0.4812,21.4869,1.2404,22.4448,-1.9729
Transformer-YawAug,87.500,22.4936,-0.5321,21.5868,1.2329,22.5909,-1.9705
Transformer-YawAug,87.600,22.6293,-0.5786,21.6854,1.2303,22.7349,-1.978
Transformer-YawAug,87.700,22.7634,-0.6148,21.7838,1.2294,22.8789,-1.9936
Transformer-YawAug,87.800,22.9016,-0.646,21.8833,1.2136,23.0223,-2.022
Transformer-YawAug,87.900,23.0441,-0.6786,21.9816,1.2124,23.1545,-1.994
Transformer-YawAug,88.000,23.1892,-0.7087,22.0778,1.1995,23.2817,-1.9529
Transformer-YawAug,88.100,23.3289,-0.7398,22.1456,1.2229,23.3488,-1.9081
Transformer-YawAug,88.200,23.464,-0.7784,22.2239,1.2025,23.4474,-1.9339
Transformer-YawAug,88.300,23.6018,-0.8176,22.2851,1.2246,23.4857,-1.8873
Transformer-YawAug,88.400,23.7447,-0.8562,22.3703,1.2063,23.6099,-1.9106
Transformer-YawAug,88.500,23.886,-0.893,22.4522,1.1921,23.7019,-1.8918
Transformer-YawAug,88.600,24.0241,-0.9247,22.5365,1.1587,23.8422,-1.9168
Transformer-YawAug,88.700,24.1615,-0.9479,22.6105,1.1665,23.9608,-1.9269
Transformer-YawAug,88.800,24.3031,-0.9701,22.7033,1.1385,24.0958,-1.9425
Transformer-YawAug,88.900,24.4495,-0.9933,22.7914,1.1412,24.1777,-1.9293
Transformer-YawAug,89.000,24.5963,-1.0142,22.8818,1.1208,24.2886,-1.9222
Transformer-YawAug,89.100,24.7358,-1.034,22.9799,1.1186,24.4461,-1.9288
Transformer-YawAug,89.200,24.8715,-1.0583,23.0795,1.1307,24.5973,-1.8956
Transformer-YawAug,89.300,25.0083,-1.0825,23.178,1.14,24.745,-1.8709
Transformer-YawAug,89.400,25.1537,-1.1082,23.2794,1.1451,24.8922,-1.86
Transformer-YawAug,89.500,25.2992,-1.1317,23.3789,1.1365,25.0472,-1.8625
Transformer-YawAug,89.600,25.4414,-1.147,23.4798,1.1409,25.2014,-1.8748
Transformer-YawAug,89.700,25.5828,-1.1513,23.5806,1.1524,25.3446,-1.902
Transformer-YawAug,89.800,25.7295,-1.1521,23.683,1.1629,25.4866,-1.911
Transformer-YawAug,89.900,25.8826,-1.1531,23.7809,1.172,25.606,-1.9485
Transformer-YawAug,90.000,26.0338,-1.1566,23.8774,1.1725,25.7494,-1.9541
Transformer-YawAug,90.100,26.1779,-1.1709,23.9747,1.1667,25.884,-1.9852
Transformer-YawAug,90.200,26.3212,-1.1965,24.0695,1.1809,25.9908,-1.9916
Transformer-YawAug,90.300,26.463,-1.2265,24.1729,1.1786,26.1265,-2.0007
Transformer-YawAug,90.400,26.608,-1.2559,24.2716,1.1823,26.1956,-2.0069
Transformer-YawAug,90.500,26.7525,-1.2852,24.3711,1.1683,26.3471,-2.0036
Transformer-YawAug,90.600,26.8912,-1.3096,24.4645,1.1666,26.4693,-2.0598
Transformer-YawAug,90.700,27.0307,-1.3277,24.5658,1.17,26.6021,-2.0899
Transformer-YawAug,90.800,27.1763,-1.3456,24.6665,1.1742,26.7042,-2.1301
Transformer-YawAug,90.900,27.3266,-1.3646,24.7608,1.1993,26.8251,-2.1098
Transformer-YawAug,91.000,27.4759,-1.3841,24.8548,1.1972,26.9658,-2.1124
Transformer-YawAug,91.100,27.6152,-1.4122,24.9467,1.2034,27.0745,-2.104
Transformer-YawAug,91.200,27.7532,-1.4471,25.0435,1.2073,27.1829,-2.1574
Transformer-YawAug,91.300,27.8909,-1.4847,25.1453,1.2016,27.3029,-2.164
Transformer-YawAug,91.400,28.0334,-1.5225,25.2402,1.2007,27.3777,-2.2036
Transformer-YawAug,91.500,28.1698,-1.5569,25.34,1.1906,27.5209,-2.1926
Transformer-YawAug,91.600,28.3044,-1.5884,25.4366,1.1834,27.6533,-2.2369
Transformer-YawAug,91.700,28.4398,-1.6139,25.538,1.1736,27.8016,-2.2435
Transformer-YawAug,91.800,28.5849,-1.6382,25.6387,1.1605,27.9274,-2.2869
Transformer-YawAug,91.900,28.7344,-1.6641,25.737,1.1686,28.0747,-2.2874
Transformer-YawAug,92.000,28.8823,-1.6876,25.8316,1.1524,28.202,-2.3516
Transformer-YawAug,92.100,29.0224,-1.7199,25.9042,1.1793,28.2699,-2.3093
Transformer-YawAug,92.200,29.1589,-1.7573,25.9995,1.1674,28.3662,-2.3437
Transformer-YawAug,92.300,29.2967,-1.7975,26.0829,1.1792,28.4234,-2.2703
Transformer-YawAug,92.400,29.4363,-1.837,26.1743,1.1762,28.5178,-2.2682
Transformer-YawAug,92.500,29.573,-1.8739,26.266,1.1662,28.623,-2.2689
Transformer-YawAug,92.600,29.7078,-1.9036,26.3562,1.1684,28.7065,-2.2209
Transformer-YawAug,92.700,29.8408,-1.9257,26.4494,1.1641,28.809,-2.2625
Transformer-YawAug,92.800,29.9824,-1.9488,26.5454,1.1728,28.873,-2.2462
Transformer-YawAug,92.900,30.131,-1.9737,26.6387,1.1796,28.9783,-2.2444
Transformer-YawAug,93.000,30.2736,-1.9988,26.7319,1.1715,29.1,-2.2351
Transformer-YawAug,93.100,30.4102,-2.0322,26.8295,1.1599,29.2217,-2.2489
Transformer-YawAug,93.200,30.5465,-2.0704,26.9285,1.1482,29.3478,-2.2694
Transformer-YawAug,93.300,30.6847,-2.1119,27.0292,1.1291,29.4842,-2.2896
Transformer-YawAug,93.400,30.8226,-2.1551,27.1276,1.1148,29.6271,-2.2747
Transformer-YawAug,93.500,30.956,-2.1968,27.2258,1.0913,29.7803,-2.3013
Transformer-YawAug,93.600,31.0849,-2.2306,27.3216,1.0629,29.9349,-2.3413
Transformer-YawAug,93.700,31.2167,-2.2604,27.421,1.0393,30.0926,-2.3708
Transformer-YawAug,93.800,31.355,-2.292,27.522,1.0233,30.2519,-2.3894
Transformer-YawAug,93.900,31.4937,-2.3233,27.6204,1.0087,30.4025,-2.4052
Transformer-YawAug,94.000,31.6279,-2.3552,27.7154,0.9829,30.5551,-2.441
Transformer-YawAug,94.100,31.7561,-2.3945,27.8135,0.9672,30.7106,-2.4576
Transformer-YawAug,94.200,31.8829,-2.439,27.9137,0.9519,30.8689,-2.4661
Transformer-YawAug,94.300,32.0104,-2.4872,28.013,0.9425,31.0164,-2.4517
Transformer-YawAug,94.400,32.139,-2.5387,28.111,0.9208,31.1769,-2.471
Transformer-YawAug,94.500,32.2634,-2.5873,28.2069,0.9041,31.3332,-2.462
Transformer-YawAug,94.600,32.3872,-2.6221,28.3023,0.8866,31.4801,-2.5019
Transformer-YawAug,94.700,32.5134,-2.6446,28.3987,0.8725,31.6265,-2.5399
Transformer-YawAug,94.800,32.6475,-2.6638,28.4933,0.8617,31.7715,-2.5866
Transformer-YawAug,94.900,32.7841,-2.6837,28.586,0.8611,31.9203,-2.6072
Transformer-YawAug,95.000,32.917,-2.7031,28.6638,0.8413,32.0552,-2.6347
Transformer-YawAug,95.100,33.0454,-2.7262,28.7401,0.8341,32.1827,-2.6638
Transformer-YawAug,95.200,33.173,-2.7529,28.8235,0.844,32.3161,-2.6731
Transformer-YawAug,95.300,33.3051,-2.7796,28.9071,0.8626,32.4512,-2.6736
Transformer-YawAug,95.400,33.4394,-2.8035,28.9964,0.8825,32.583,-2.6718
Transformer-YawAug,95.500,33.57,-2.8227,29.0859,0.8965,32.7191,-2.6541
Transformer-YawAug,95.600,33.6971,-2.8343,29.1772,0.9051,32.864,-2.6474
Transformer-YawAug,95.700,33.8259,-2.8369,29.2686,0.9011,33.0075,-2.6446
Transformer-YawAug,95.800,33.9566,-2.8327,29.3567,0.9071,33.1448,-2.6209
Transformer-YawAug,95.900,34.0887,-2.8242,29.4419,0.9241,33.2701,-2.5561
Transformer-YawAug,96.000,34.2149,-2.8142,29.5271,0.9332,33.4021,-2.5165
Transformer-YawAug,96.100,34.3359,-2.8045,29.6127,0.9481,33.5188,-2.4408
Transformer-YawAug,96.200,34.457,-2.7908,29.6888,0.975,33.6357,-2.3771
Transformer-YawAug,96.300,34.5815,-2.7706,29.7624,1.0041,33.7438,-2.2899
Transformer-YawAug,96.400,34.7078,-2.7464,29.8363,1.0424,33.8652,-2.2258
Transformer-YawAug,96.500,34.8263,-2.7158,29.9042,1.0976,33.9586,-2.1189
Transformer-YawAug,96.600,34.9349,-2.6727,29.9725,1.1541,34.0615,-2.0345
Transformer-YawAug,96.700,35.0348,-2.6201,30.044,1.2085,34.1646,-1.953
Transformer-YawAug,96.800,35.128,-2.5573,30.1199,1.2514,34.2693,-1.8785
Transformer-YawAug,96.900,35.2172,-2.485,30.1872,1.3063,34.3666,-1.7914
Transformer-YawAug,97.000,35.3003,-2.4094,30.253,1.3609,34.4592,-1.7073
Transformer-YawAug,97.100,35.3784,-2.3344,30.3146,1.4236,34.5461,-1.6068
Transformer-YawAug,97.200,35.4519,-2.2564,30.3818,1.4816,34.6245,-1.4946
Transformer-YawAug,97.300,35.5245,-2.1712,30.4324,1.5545,34.6991,-1.3765
Transformer-YawAug,97.400,35.5984,-2.0757,30.4838,1.6238,34.7397,-1.2405
Transformer-YawAug,97.500,35.6702,-1.9754,30.5023,1.7104,34.7584,-1.0966
Transformer-YawAug,97.600,35.7269,-1.869,30.5289,1.7985,34.746,-0.9505
Transformer-YawAug,97.700,35.7643,-1.755,30.54,1.887,34.7759,-0.8063
Transformer-YawAug,97.800,35.7932,-1.637,30.5595,1.9762,34.8063,-0.6653
Transformer-YawAug,97.900,35.8137,-1.5138,30.5923,2.0647,34.8362,-0.5198
Transformer-YawAug,98.000,35.8245,-1.3909,30.5958,2.1589,34.8522,-0.3767
Transformer-YawAug,98.100,35.8348,-1.2717,30.6116,2.253,34.8636,-0.2283
Transformer-YawAug,98.200,35.8437,-1.1536,30.6173,2.3489,34.84,-0.0757
Transformer-YawAug,98.300,35.8496,-1.03,30.6254,2.4443,34.8414,0.0734
Transformer-YawAug,98.400,35.8537,-0.8993,30.6255,2.5402,34.8333,0.2246
Transformer-YawAug,98.500,35.8525,-0.7693,30.6339,2.6363,34.8208,0.379
Transformer-YawAug,98.600,35.8422,-0.6429,30.6294,2.733,34.7909,0.5317
Transformer-YawAug,98.700,35.8181,-0.5214,30.6194,2.8314,34.7635,0.6888
Transformer-YawAug,98.800,35.787,-0.3976,30.6089,2.9275,34.7254,0.8403
Transformer-YawAug,98.900,35.7555,-0.2667,30.5924,3.0212,34.6803,0.9882
Transformer-YawAug,99.000,35.7262,-0.1319,30.5981,3.1135,34.6295,1.1268
Transformer-YawAug,99.100,35.7049,-0.0004,30.6251,3.2016,34.6006,1.2696
Transformer-YawAug,99.200,35.6932,0.1273,30.6437,3.29,34.5557,1.4032
Transformer-YawAug,99.300,35.6857,0.2563,30.6256,3.3777,34.5358,1.5386
Transformer-YawAug,99.400,35.6804,0.3892,30.5942,3.4578,34.4737,1.6455
Transformer-YawAug,99.500,35.6759,0.5249,30.5548,3.524,34.3845,1.7246
Transformer-YawAug,99.600,35.6727,0.6588,30.5221,3.5874,34.3278,1.8192
Transformer-YawAug,99.700,35.6634,0.7902,30.5369,3.6546,34.3247,1.9207
Transformer-YawAug,99.800,35.6523,0.9249,30.5364,3.7205,34.3087,2.0154
Transformer-YawAug,99.900,35.6404,1.0601,30.5238,3.781,34.2308,2.0872
Transformer-YawAug,100.000,35.6183,1.1881,30.4894,3.8373,34.1282,2.1362
Transformer-YawAug,100.100,35.5848,1.2985,30.442,3.888,34.0274,2.1942
Transformer-YawAug,100.200,35.5467,1.3933,30.3966,3.9462,33.9103,2.2279
Transformer-YawAug,100.300,35.4975,1.4752,30.3461,4.0034,33.8031,2.2394
Transformer-YawAug,100.400,35.4392,1.5452,30.2813,4.0511,33.6827,2.2833
Transformer-YawAug,100.500,35.3775,1.6029,30.2342,4.0924,33.6043,2.3227
Transformer-YawAug,100.600,35.3102,1.6496,30.1662,4.0805,33.5017,2.2819
Transformer-YawAug,100.700,35.2348,1.6872,30.1068,4.0496,33.3473,2.2801
Transformer-YawAug,100.800,35.1477,1.7186,30.0499,4.0091,33.1947,2.3031
Transformer-YawAug,100.900,35.0469,1.7496,29.9916,3.9643,33.0515,2.3208
Transformer-YawAug,101.000,34.9369,1.7811,29.9385,3.9463,32.9636,2.291
Transformer-YawAug,101.100,34.8276,1.8159,29.864,3.9729,32.8367,2.2919
Transformer-YawAug,101.200,34.7194,1.8552,29.8096,4.027,32.7178,2.3525
Transformer-YawAug,101.300,34.607,1.8934,29.7314,4.0755,32.571,2.3927
Transformer-YawAug,101.400,34.4856,1.9341,29.6551,4.1134,32.4313,2.4333
Transformer-YawAug,101.500,34.3557,1.9731,29.5714,4.1425,32.2825,2.4662
Transformer-YawAug,101.600,34.2259,2.0082,29.4815,4.176,32.1276,2.4982
Transformer-YawAug,101.700,34.0963,2.0349,29.4081,4.2286,31.982,2.5486
Transformer-YawAug,101.800,33.9623,2.057,29.3276,4.2709,31.8384,2.5989
Transformer-YawAug,101.900,33.8201,2.0797,29.244,4.301,31.6871,2.6402
Transformer-YawAug,102.000,33.6754,2.1025,29.1615,4.3258,31.5346,2.6767
Transformer-YawAug,102.100,33.5365,2.1266,29.0729,4.3496,31.3868,2.7322
Transformer-YawAug,102.200,33.4039,2.1596,28.9949,4.3843,31.243,2.7671
Transformer-YawAug,102.300,33.2716,2.1997,28.9171,4.4269,31.1005,2.7795
Transformer-YawAug,102.400,33.1355,2.2433,28.8367,4.4532,30.9627,2.8162
Transformer-YawAug,102.500,32.9962,2.286,28.7616,4.4569,30.8342,2.8468
Transformer-YawAug,102.600,32.8594,2.3271,28.6783,4.4783,30.6879,2.8842
Transformer-YawAug,102.700,32.7235,2.3611,28.6105,4.519,30.5597,2.9408
Transformer-YawAug,102.800,32.5853,2.389,28.5381,4.555,30.4314,2.9962
Transformer-YawAug,102.900,32.4418,2.4183,28.4699,4.5753,30.3366,3.0726
Transformer-YawAug,103.000,32.296,2.4489,28.4035,4.5866,30.2233,3.1313
Transformer-YawAug,103.100,32.157,2.4809,28.3281,4.5942,30.1078,3.1622
Transformer-YawAug,103.200,32.0242,2.5208,28.2847,4.6266,30.0337,3.2184
Transformer-YawAug,103.300,31.8928,2.5669,28.2299,4.6761,29.9283,3.2777
Transformer-YawAug,103.400,31.7582,2.6176,28.1843,4.7159,29.8468,3.3476
Transformer-YawAug,103.500,31.6215,2.6662,28.1334,4.7424,29.7593,3.4012
Transformer-YawAug,103.600,31.487,2.7116,28.0673,4.7722,29.6517,3.4428
Transformer-YawAug,103.700,31.3537,2.7504,28.0092,4.8345,29.542,3.5351
Transformer-YawAug,103.800,31.217,2.7845,27.9354,4.8742,29.4168,3.5992
Transformer-YawAug,103.900,31.0756,2.817,27.8607,4.9121,29.2909,3.6653
Transformer-YawAug,104.000,30.9321,2.8502,27.7979,4.9202,29.1762,3.7084
Transformer-YawAug,104.100,30.7944,2.8849,27.7207,4.9438,29.0463,3.7379
Transformer-YawAug,104.200,30.6656,2.9251,27.6668,4.9521,28.9634,3.6794
Transformer-YawAug,104.300,30.5389,2.9707,27.6116,4.9718,28.87,3.6344
Transformer-YawAug,104.400,30.408,3.017,27.541,4.9732,28.7435,3.6062
Transformer-YawAug,104.500,30.2726,3.0619,27.4675,4.9733,28.5972,3.5919
Transformer-YawAug,104.600,30.1395,3.1052,27.3808,4.9672,28.4545,3.5728
Transformer-YawAug,104.700,30.01,3.1395,27.305,5.0012,28.3135,3.6038
Transformer-YawAug,104.800,29.8779,3.1672,27.2268,4.9989,28.1611,3.598
Transformer-YawAug,104.900,29.74,3.1949,27.1566,5.0227,28.0228,3.6258
Transformer-YawAug,105.000,29.5978,3.2234,27.0783,5.0189,27.9324,3.5645
Transformer-YawAug,105.100,29.4607,3.2501,27.0142,5.0647,27.8166,3.6297
Transformer-YawAug,105.200,29.3294,3.2817,26.949,5.0668,27.7085,3.6104
Transformer-YawAug,105.300,29.1981,3.3217,26.8886,5.1251,27.5918,3.6685
Transformer-YawAug,105.400,29.0622,3.3637,26.8336,5.0905,27.4858,3.6441
Transformer-YawAug,105.500,28.9211,3.4046,26.7552,5.1242,27.364,3.6984
Transformer-YawAug,105.600,28.7852,3.4429,26.6795,5.1217,27.2422,3.7007
Transformer-YawAug,105.700,28.6518,3.4722,26.6069,5.1667,27.114,3.7503
Transformer-YawAug,105.800,28.5148,3.496,26.5293,5.1858,26.9935,3.7876
Transformer-YawAug,105.900,28.3718,3.5189,26.4474,5.2202,26.8523,3.8354
Transformer-YawAug,106.000,28.2271,3.5393,26.3576,5.2448,26.6996,3.8564
Transformer-YawAug,106.100,28.0877,3.5602,26.2978,5.2901,26.5868,3.9276
Transformer-YawAug,106.200,27.9552,3.5877,26.2401,5.3254,26.4593,3.9635
Transformer-YawAug,106.300,27.8244,3.6214,26.2074,5.3768,26.3824,4.0197
Transformer-YawAug,106.400,27.6895,3.658,26.15,5.3896,26.2641,4.0271
Transformer-YawAug,106.500,27.5506,3.6945,26.1001,5.4185,26.1772,4.1112
Transformer-YawAug,106.600,27.4157,3.7308,26.0177,5.4506,26.0337,4.1437
Transformer-YawAug,106.700,27.2828,3.7612,25.9653,5.4701,25.9258,4.173
Transformer-YawAug,106.800,27.1478,3.7835,25.8973,5.5162,25.8107,4.2414
Transformer-YawAug,106.900,27.0069,3.8048,25.8255,5.5403,25.7139,4.298
Transformer-YawAug,107.000,26.863,3.8263,25.7382,5.5641,25.5797,4.3333
Transformer-YawAug,107.100,26.7229,3.8468,25.6654,5.5908,25.4581,4.3711
Transformer-YawAug,107.200,26.59,3.8745,25.6049,5.6192,25.3445,4.4194
Transformer-YawAug,107.300,26.4632,3.9052,25.5444,5.6774,25.2185,4.4727
Transformer-YawAug,107.400,26.3301,3.9429,25.48,5.7048,25.1135,4.4865
Transformer-YawAug,107.500,26.1951,3.9824,25.4014,5.723,25.0033,4.5331
Transformer-YawAug,107.600,26.0642,4.021,25.317,5.7624,24.8659,4.5881
Transformer-YawAug,107.700,25.9341,4.056,25.2401,5.796,24.7162,4.6217
Transformer-YawAug,107.800,25.803,4.0846,25.1594,5.826,24.5688,4.6462
Transformer-YawAug,107.900,25.665,4.1125,25.0824,5.8338,24.4206,4.665
Transformer-YawAug,108.000,25.5226,4.1423,25.0084,5.8555,24.2842,4.709
Transformer-YawAug,108.100,25.3855,4.1698,24.93,5.8834,24.1407,4.7548
Transformer-YawAug,108.200,25.2562,4.2058,24.8695,5.906,23.9986,4.7951
Transformer-YawAug,108.300,25.1295,4.2512,24.8156,5.9456,23.8548,4.8077
Transformer-YawAug,108.400,24.9991,4.3014,24.7561,5.9713,23.7396,4.8172
Transformer-YawAug,108.500,24.8651,4.3522,24.6995,5.9679,23.6114,4.8457
Transformer-YawAug,108.600,24.7343,4.4011,24.6197,6.0039,23.4704,4.8884
Transformer-YawAug,108.700,24.6036,4.4444,24.5588,6.0404,23.3351,4.927
Transformer-YawAug,108.800,24.4717,4.4811,24.4883,6.0839,23.2037,4.968
Transformer-YawAug,108.900,24.3349,4.5175,24.4249,6.1135,23.096,5.0427
Transformer-YawAug,109.000,24.1932,4.5556,24.348,6.158,22.9627,5.0925
Transformer-YawAug,109.100,24.0566,4.5901,24.2644,6.1959,22.8204,5.1359
Transformer-YawAug,109.200,23.9264,4.6293,24.1894,6.2403,22.6867,5.1775
Transformer-YawAug,109.300,23.7998,4.6771,24.1222,6.2992,22.5593,5.2431
Transformer-YawAug,109.400,23.6706,4.7286,24.0528,6.3583,22.4295,5.3113
Transformer-YawAug,109.500,23.54,4.7801,23.9797,6.4044,22.2969,5.3543
Transformer-YawAug,109.600,23.4126,4.8293,23.8985,6.4566,22.1523,5.4079
Transformer-YawAug,109.700,23.2892,4.8726,23.8279,6.5138,22.0193,5.4697
Transformer-YawAug,109.800,23.165,4.9093,23.7675,6.5914,21.8972,5.5706
Transformer-YawAug,109.900,23.0337,4.9458,23.6969,6.6462,21.7749,5.6544
Transformer-YawAug,110.000,22.897,4.9843,23.629,6.7084,21.6631,5.7553
Transformer-YawAug,110.100,22.7615,5.0208,23.5512,6.7465,21.5311,5.8139
Transformer-YawAug,110.200,22.6321,5.0617,23.479,6.7853,21.4055,5.8574
Transformer-YawAug,110.300,22.5086,5.1063,23.4095,6.8355,21.2628,5.9012
Transformer-YawAug,110.400,22.3828,5.1556,23.3396,6.8842,21.1306,5.9474
Transformer-YawAug,110.500,22.2532,5.2023,23.2606,6.9105,20.9947,5.9841
Transformer-YawAug,110.600,22.1257,5.2449,23.1792,6.9402,20.855,6.0237
Transformer-YawAug,110.700,22.0024,5.2811,23.1012,6.9794,20.726,6.0713
Transformer-YawAug,110.800,21.8749,5.3097,23.0316,7.0183,20.6143,6.136
Transformer-YawAug,110.900,21.7422,5.3335,22.9488,7.0497,20.4768,6.1834
Transformer-YawAug,111.000,21.6026,5.3543,22.8764,7.0679,20.3446,6.2412
Transformer-YawAug,111.100,21.4642,5.3735,22.8047,7.112,20.2124,6.3048
Transformer-YawAug,111.200,21.3312,5.3972,22.7424,7.146,20.1005,6.3475
Transformer-YawAug,111.300,21.2008,5.4275,22.6988,7.2088,20.0096,6.4321
Transformer-YawAug,111.400,21.0676,5.4611,22.6361,7.2498,19.89,6.4845
Transformer-YawAug,111.500,20.9313,5.4955,22.5822,7.2845,19.7996,6.533
Transformer-YawAug,111.600,20.7963,5.5284,22.5082,7.3121,19.6748,6.5579
Transformer-YawAug,111.700,20.6637,5.5565,22.4457,7.3583,19.5657,6.6135
Transformer-YawAug,111.800,20.5317,5.5791,22.3912,7.4082,19.4713,6.6828
Transformer-YawAug,111.900,20.3952,5.5992,22.3311,7.4541,19.3684,6.744
Transformer-YawAug,112.000,20.2534,5.6184,22.2633,7.4951,19.2549,6.7995
Transformer-YawAug,112.100,20.1153,5.6349,22.1968,7.5427,19.1357,6.8604
Transformer-YawAug,112.200,19.9831,5.6555,22.1337,7.588,19.025,6.9252
Transformer-YawAug,112.300,19.8552,5.6808,22.0861,7.6471,18.9278,7.0062
Transformer-YawAug,112.400,19.7241,5.7116,22.0129,7.6875,18.7955,7.0434
Transformer-YawAug,112.500,19.5887,5.7442,21.945,7.737,18.6724,7.1153
Transformer-YawAug,112.600,19.4536,5.7763,21.8647,7.7716,18.5341,7.153
Transformer-YawAug,112.700,19.3225,5.8055,21.7872,7.8014,18.4079,7.1853
Transformer-YawAug,112.800,19.191,5.8282,21.7394,7.8453,18.3209,7.2533
Transformer-YawAug,112.900,19.0561,5.8476,21.6761,7.8944,18.2063,7.3224
Transformer-YawAug,113.000,18.9164,5.868,21.6078,7.9459,18.0687,7.3566
Transformer-YawAug,113.100,18.7778,5.8872,21.5394,8.0007,17.9424,7.4141
Transformer-YawAug,113.200,18.6463,5.9111,21.4667,8.0629,17.8065,7.4872
Transformer-YawAug,113.300,18.5194,5.9408,21.3889,8.1168,17.6609,7.538
Transformer-YawAug,113.400,18.3953,5.9761,21.3137,8.1766,17.5174,7.5983
Transformer-YawAug,113.500,18.2676,6.0159,21.2378,8.2301,17.3773,7.6546
Transformer-YawAug,113.600,18.1435,6.0595,21.1667,8.2866,17.2459,7.7251
Transformer-YawAug,113.700,18.0243,6.1024,21.096,8.345,17.1093,7.7895
Transformer-YawAug,113.800,17.9065,6.1406,21.0405,8.4179,16.9814,7.8698
Transformer-YawAug,113.900,17.7839,6.1817,20.9862,8.4888,16.8604,7.9528
Transformer-YawAug,114.000,17.6576,6.2291,20.946,8.5637,16.741,8.0201
Transformer-YawAug,114.100,17.5322,6.2789,20.9147,8.6401,16.6594,8.1226
Transformer-YawAug,114.200,17.4153,6.3337,20.8948,8.7184,16.6063,8.2384
Transformer-YawAug,114.300,17.3105,6.4004,20.8869,8.7983,16.5788,8.365
Transformer-YawAug,114.400,17.2107,6.4764,20.8571,8.8664,16.5194,8.4677
Transformer-YawAug,114.500,17.1122,6.5604,20.8594,8.9371,16.5066,8.5822
Transformer-YawAug,114.600,17.0181,6.6492,20.8865,8.9935,16.5383,8.679
Transformer-YawAug,114.700,16.9282,6.7373,20.8977,9.0592,16.5426,8.7873
Transformer-YawAug,114.800,16.8413,6.8259,20.9319,9.1178,16.5909,8.8867
Transformer-YawAug,114.900,16.7577,6.9208,20.9724,9.1733,16.634,8.9878
Transformer-YawAug,115.000,16.6796,7.0233,21.0071,9.2266,16.6545,9.0895
Transformer-YawAug,115.100,16.604,7.1325,21.047,9.2732,16.6854,9.1873
Transformer-YawAug,115.200,16.5459,7.2429,21.0909,9.3249,16.7455,9.2847
Transformer-YawAug,115.300,16.5101,7.356,21.1348,9.383,16.8104,9.3752
Transformer-YawAug,115.400,16.4872,7.4686,21.1793,9.4404,16.8745,9.4608
Transformer-YawAug,115.500,16.4709,7.5819,21.2178,9.4925,16.9373,9.5316
Transformer-YawAug,115.600,16.4616,7.6985,21.2685,9.5216,17.0163,9.5769
Transformer-YawAug,115.700,16.461,7.809,21.3234,9.5543,17.107,9.6115
Transformer-YawAug,115.800,16.4617,7.9173,21.3789,9.587,17.2038,9.6389
Transformer-YawAug,115.900,16.4696,8.0256,21.4412,9.6266,17.305,9.6964
Transformer-YawAug,116.000,16.488,8.1374,21.5038,9.6554,17.3928,9.7303
Transformer-YawAug,116.100,16.5159,8.2495,21.5791,9.6679,17.4954,9.7864
Transformer-YawAug,116.200,16.5568,8.3522,21.6521,9.687,17.606,9.8328
Transformer-YawAug,116.300,16.6116,8.4388,21.729,9.7163,17.7212,9.9
Transformer-YawAug,116.400,16.6781,8.5144,21.7985,9.7615,17.8146,9.9905
Transformer-YawAug,116.500,16.7526,8.5844,21.8691,9.8043,17.9231,10.0679
Transformer-YawAug,116.600,16.8351,8.651,21.9456,9.8324,18.0356,10.1283
Transformer-YawAug,116.700,16.9186,8.7116,22.0271,9.8438,18.1645,10.154
Transformer-YawAug,116.800,17.0037,8.7701,22.1097,9.8656,18.2994,10.1806
Transformer-YawAug,116.900,17.0928,8.8284,22.1941,9.8864,18.4391,10.2064
Transformer-YawAug,117.000,17.1927,8.8847,22.2808,9.9064,18.5794,10.2369
Transformer-YawAug,117.100,17.3025,8.9392,22.3695,9.915,18.7176,10.2474
Transformer-YawAug,117.200,17.4167,8.9862,22.4571,9.8884,18.8598,10.217
Transformer-YawAug,117.300,17.5336,9.0171,22.5398,9.8479,19.0062,10.1866
Transformer-YawAug,117.400,17.6556,9.0312,22.6223,9.8057,19.1397,10.1169
Transformer-YawAug,117.500,17.7814,9.0337,22.7165,9.7788,19.2752,10.0925
Transformer-YawAug,117.600,17.9115,9.0283,22.8073,9.7421,19.4169,10.0495
Transformer-YawAug,117.700,18.0394,9.0202,22.8961,9.6983,19.5686,10.0133
Transformer-YawAug,117.800,18.1673,9.0127,22.9875,9.6669,19.7151,9.9597
Transformer-YawAug,117.900,18.296,9.0078,23.0791,9.6246,19.8599,9.9038
Transformer-YawAug,118.000,18.4308,8.9983,23.1728,9.5948,19.9793,9.8188
Transformer-YawAug,118.100,18.5715,8.9839,23.2649,9.5713,20.1011,9.7406
Transformer-YawAug,118.200,18.7082,8.9659,23.3581,9.5503,20.2355,9.6714
Transformer-YawAug,118.300,18.8365,8.9363,23.4304,9.5006,20.3579,9.6142
Transformer-YawAug,118.400,18.962,8.8978,23.5166,9.476,20.4623,9.5484
Transformer-YawAug,118.500,19.0909,8.8534,23.6126,9.4467,20.5752,9.5067
Transformer-YawAug,118.600,19.2224,8.8066,23.7059,9.4195,20.6877,9.4572
Transformer-YawAug,118.700,19.35,8.7591,23.8003,9.3837,20.8399,9.4258
Transformer-YawAug,118.800,19.4776,8.7146,23.8961,9.3547,20.998,9.4053
Transformer-YawAug,118.900,19.6067,8.6755,23.9937,9.3232,21.1597,9.4124
Transformer-YawAug,119.000,19.7396,8.6379,24.0923,9.2934,21.3067,9.369
Transformer-YawAug,119.100,19.8768,8.5974,24.1902,9.2786,21.465,9.3717
Transformer-YawAug,119.200,20.0107,8.5593,24.2827,9.2444,21.6185,9.3384
Transformer-YawAug,119.300,20.1376,8.5152,24.3743,9.2195,21.7554,9.3184
Transformer-YawAug,119.400,20.2607,8.4642,24.4716,9.1945,21.8728,9.309
Transformer-YawAug,119.500,20.3884,8.4105,24.5692,9.1701,22.0013,9.2744
Transformer-YawAug,119.600,20.5205,8.3572,24.6652,9.1456,22.1274,9.2873
Transformer-YawAug,119.700,20.6499,8.3064,24.7569,9.1087,22.2573,9.2369
Transformer-YawAug,119.800,20.7772,8.2634,24.8527,9.0819,22.3889,9.1982
Transformer-YawAug,119.900,20.9049,8.2296,24.9447,9.0401,22.5161,9.1452
Transformer-YawAug,120.000,21.0396,8.1955,25.0441,9.0174,22.6288,9.1024
Transformer-YawAug,120.100,21.1779,8.1611,25.1385,8.9888,22.7596,9.0297
Transformer-YawAug,120.200,21.314,8.1291,25.2339,8.963,22.8978,8.9747
Transformer-YawAug,120.300,21.4454,8.0923,25.3255,8.9287,23.0337,8.9267
Transformer-YawAug,120.400,21.5737,8.0515,25.4249,8.9164,23.1645,8.8775
Transformer-YawAug,120.500,21.7049,8.0074,25.5215,8.8852,23.2938,8.8161
Transformer-YawAug,120.600,21.839,7.9629,25.6191,8.8619,23.4093,8.7724
Transformer-YawAug,120.700,21.972,7.92,25.7115,8.8227,23.5485,8.7106
Transformer-YawAug,120.800,22.1034,7.8827,25.8077,8.8018,23.6601,8.621
Transformer-YawAug,120.900,22.2353,7.8542,25.9022,8.7677,23.7635,8.5348
Transformer-YawAug,121.000,22.3734,7.8284,26.002,8.7484,23.8606,8.4506
Transformer-YawAug,121.100,22.5162,7.8029,26.093,8.7266,23.9797,8.386
Transformer-YawAug,121.200,22.6563,7.7784,26.1827,8.7037,24.0987,8.3305
Transformer-YawAug,121.300,22.7897,7.7481,26.2612,8.6785,24.1762,8.2892
Transformer-YawAug,121.400,22.9204,7.712,26.344,8.6729,24.2249,8.2485
Transformer-YawAug,121.500,23.0542,7.6716,26.4367,8.6516,24.306,8.2411
Transformer-YawAug,121.600,23.191,7.63,26.528,8.6432,24.3542,8.1935
Transformer-YawAug,121.700,23.3256,7.5901,26.6216,8.616,24.4845,8.1484
Transformer-YawAug,121.800,23.4563,7.5556,26.7131,8.6092,24.5799,8.1281
Transformer-YawAug,121.900,23.5914,7.5263,26.8101,8.5903,24.7083,8.089
Transformer-YawAug,122.000,23.7313,7.4988,26.9061,8.5784,24.8072,8.0503
Transformer-YawAug,122.100,23.8742,7.4717,26.9996,8.5611,24.9513,8.0201
Transformer-YawAug,122.200,24.0127,7.4451,27.0939,8.5398,25.0961,7.9755
Transformer-YawAug,122.300,24.146,7.4132,27.1817,8.5074,25.2383,7.9258
Transformer-YawAug,122.400,24.2772,7.3749,27.2734,8.4865,25.3439,7.8716
Transformer-YawAug,122.500,24.4117,7.3337,27.3716,8.4595,25.4789,7.8387
Transformer-YawAug,122.600,24.5486,7.2914,27.4648,8.4371,25.5759,7.7826
Transformer-YawAug,122.700,24.681,7.2476,27.5579,8.3994,25.7246,7.7455
Transformer-YawAug,122.800,24.8103,7.2104,27.6487,8.3734,25.8389,7.6739
Transformer-YawAug,122.900,24.9413,7.1809,27.7427,8.3387,25.9729,7.6111
Transformer-YawAug,123.000,25.0785,7.1523,27.8389,8.3175,26.0863,7.5429
Transformer-YawAug,123.100,25.2194,7.1225,27.9312,8.3002,26.231,7.4938
Transformer-YawAug,123.200,25.3574,7.0921,28.0213,8.2728,26.3636,7.4318
Transformer-YawAug,123.300,25.4869,7.057,28.1094,8.2491,26.4927,7.3908
Transformer-YawAug,123.400,25.6152,7.0165,28.2062,8.2368,26.6202,7.3382
Transformer-YawAug,123.500,25.7466,6.9724,28.3065,8.2257,26.7428,7.3437
Transformer-YawAug,123.600,25.8813,6.9286,28.4023,8.2072,26.8688,7.2827
Transformer-YawAug,123.700,26.0121,6.8866,28.4979,8.1766,27.0184,7.2384
Transformer-YawAug,123.800,26.1418,6.8502,28.5911,8.1605,27.1629,7.1932
Transformer-YawAug,123.900,26.2726,6.8215,28.6883,8.1315,27.3064,7.1468
Transformer-YawAug,124.000,26.4095,6.7947,28.786,8.1123,27.4359,7.0791
Transformer-YawAug,124.100,26.5509,6.7688,28.882,8.0985,27.5677,7.018
Transformer-YawAug,124.200,26.6899,6.7454,28.974,8.0797,27.7147,6.988
Transformer-YawAug,124.300,26.8219,6.7185,29.0632,8.0568,27.8258,6.9574
Transformer-YawAug,124.400,26.9496,6.6836,29.161,8.0472,27.952,6.9263
Transformer-YawAug,124.500,27.0814,6.6446,29.261,8.0376,28.074,6.8993
Transformer-YawAug,124.600,27.2168,6.605,29.3582,8.028,28.1739,6.8564
Transformer-YawAug,124.700,27.3507,6.5669,29.4555,8.012,28.3227,6.8345
Transformer-YawAug,124.800,27.4833,6.535,29.5484,8.0005,28.4365,6.7859
Transformer-YawAug,124.900,27.6178,6.512,29.648,7.9877,28.5336,6.7532
Transformer-YawAug,125.000,27.7579,6.4918,29.7421,7.9821,28.6153,6.7099
Transformer-YawAug,125.100,27.9048,6.473,29.8386,7.9817,28.7121,6.6936
Transformer-YawAug,125.200,28.047,6.4541,29.9311,7.9695,28.8383,6.6746
Transformer-YawAug,125.300,28.1844,6.4322,30.0207,7.9463,28.9666,6.6368
Transformer-YawAug,125.400,28.3197,6.4046,30.116,7.9341,29.0965,6.5728
Transformer-YawAug,125.500,28.4545,6.3753,30.2134,7.9049,29.2317,6.5092
Transformer-YawAug,125.600,28.5929,6.346,30.3052,7.8714,29.3541,6.4407
Transformer-YawAug,125.700,28.7289,6.3188,30.3882,7.8166,29.4942,6.3641
Transformer-YawAug,125.800,28.8611,6.2962,30.4778,7.7733,29.6199,6.2742
Transformer-YawAug,125.900,28.9964,6.2781,30.5634,7.7201,29.7084,6.147
Transformer-YawAug,126.000,29.1365,6.2591,30.6535,7.6741,29.7773,6.0197
Transformer-YawAug,126.100,29.282,6.2418,30.7379,7.6217,29.8872,5.9096
Transformer-YawAug,126.200,29.4202,6.2245,30.8179,7.5667,30.0101,5.8194
Transformer-YawAug,126.300,29.5547,6.1978,30.8906,7.5063,30.1488,5.7831
Transformer-YawAug,126.400,29.6852,6.1653,30.9719,7.4609,30.2785,5.7349
Transformer-YawAug,126.500,29.8183,6.1278,31.0627,7.427,30.3902,5.6623
Transformer-YawAug,126.600,29.9528,6.0852,31.1567,7.3999,30.5095,5.6422
Transformer-YawAug,126.700,30.085,6.0445,31.2508,7.3676,30.6409,5.5974
Transformer-YawAug,126.800,30.213,6.0068,31.3418,7.3348,30.7861,5.5594
Transformer-YawAug,126.900,30.3431,5.9735,31.4379,7.3055,30.9267,5.5668
Transformer-YawAug,127.000,30.48,5.9405,31.5324,7.2703,31.0666,5.5509
Transformer-YawAug,127.100,30.6202,5.9062,31.6292,7.2599,31.1859,5.5212
Transformer-YawAug,127.200,30.7583,5.8751,31.7206,7.2385,31.3244,5.5174
Transformer-YawAug,127.300,30.8901,5.8401,31.808,7.2165,31.4168,5.4972
Transformer-YawAug,127.400,31.0199,5.7991,31.8948,7.2112,31.4712,5.4991
Transformer-YawAug,127.500,31.1529,5.7553,31.9896,7.1988,31.5108,5.4924
Transformer-YawAug,127.600,31.2908,5.7115,32.0754,7.1908,31.5605,5.4555
Transformer-YawAug,127.700,31.4291,5.6715,32.1692,7.1575,31.6704,5.4226
Transformer-YawAug,127.800,31.5652,5.6373,32.2469,7.1523,31.741,5.3999
Transformer-YawAug,127.900,31.7002,5.6103,32.337,7.1506,31.756,5.397
Transformer-YawAug,128.000,31.8412,5.5854,32.4243,7.1368,31.8526,5.3927
Transformer-YawAug,128.100,31.9856,5.5601,32.5071,7.137,31.856,5.4237
Transformer-YawAug,128.200,32.1275,5.5346,32.5872,7.1174,31.9881,5.4219
Transformer-YawAug,128.300,32.2618,5.5062,32.6473,7.1075,32.0929,5.4304
Transformer-YawAug,128.400,32.3925,5.4736,32.7246,7.1057,32.2138,5.4576
Transformer-YawAug,128.500,32.5278,5.4355,32.8148,7.0889,32.3588,5.464
Transformer-YawAug,128.600,32.6635,5.3956,32.9029,7.0799,32.4994,5.4795
Transformer-YawAug,128.700,32.7951,5.3562,32.9911,7.0353,32.6515,5.4392
Transformer-YawAug,128.800,32.9246,5.3219,33.0811,7.0068,32.8006,5.4208
Transformer-YawAug,128.900,33.0546,5.2926,33.1701,6.9638,32.9534,5.3807
Transformer-YawAug,129.000,33.1898,5.2629,33.264,6.9392,33.0517,5.3127
Transformer-YawAug,129.100,33.3314,5.232,33.3523,6.902,33.1805,5.229
Transformer-YawAug,129.200,33.4717,5.2033,33.4269,6.8575,33.3086,5.1626
Transformer-YawAug,129.300,33.606,5.1723,33.4964,6.8143,33.4322,5.1004
Transformer-YawAug,129.400,33.7362,5.1369,33.5493,6.8034,33.5469,5.0411
Transformer-YawAug,129.500,33.8665,5.098,33.6264,6.7942,33.6575,4.997
Transformer-YawAug,129.600,33.9973,5.0549,33.7016,6.8094,33.7657,5.0144
Transformer-YawAug,129.700,34.1265,5.0199,33.7927,6.789,33.915,5.0064
Transformer-YawAug,129.800,34.2537,4.9909,33.8678,6.7986,34.0454,5.026
Transformer-YawAug,129.900,34.3824,4.9688,33.9604,6.7743,34.2003,5.0065
Transformer-YawAug,130.000,34.5161,4.9486,34.0536,6.7621,34.3429,5.0334
Transformer-YawAug,130.100,34.6527,4.9335,34.1464,6.7459,34.4955,5.0189
Transformer-YawAug,130.200,34.783,4.9238,34.2365,6.7379,34.6336,5.0591
Transformer-YawAug,130.300,34.9072,4.9122,34.3269,6.719,34.7813,5.0614
Transformer-YawAug,130.400,35.0285,4.8958,34.4174,6.7206,34.9184,5.0977
Transformer-YawAug,130.500,35.153,4.8795,34.5074,6.7377,35.0542,5.1502
Transformer-YawAug,130.600,35.2824,4.867,34.5911,6.7717,35.1773,5.2238
Transformer-YawAug,130.700,35.4099,4.8576,34.673,6.7991,35.2999,5.2892
Transformer-YawAug,130.800,35.5331,4.8558,34.7557,6.8271,35.4309,5.3157
Transformer-YawAug,130.900,35.6539,4.8683,34.8386,6.8433,35.5589,5.3472
Transformer-YawAug,131.000,35.7729,4.8877,34.9194,6.8608,35.6776,5.3866
Transformer-YawAug,131.100,35.8928,4.9112,34.9942,6.8908,35.7892,5.4373
Transformer-YawAug,131.200,36.0077,4.9421,35.0645,6.921,35.885,5.5029
Transformer-YawAug,131.300,36.1166,4.9736,35.1342,6.9529,35.9877,5.5654
Transformer-YawAug,131.400,36.2231,5.0024,35.2055,6.9748,36.0912,5.6251
Transformer-YawAug,131.500,36.3304,5.037,35.2781,7.0025,36.1912,5.6972
Transformer-YawAug,131.600,36.4363,5.0843,35.3376,7.0489,36.2686,5.7961
Transformer-YawAug,131.700,36.5341,5.142,35.3664,7.1228,36.3073,5.915
Transformer-YawAug,131.800,36.6142,5.21,35.3952,7.1987,36.3511,6.0278
Transformer-YawAug,131.900,36.6792,5.2875,35.4182,7.2781,36.3731,6.1475
Transformer-YawAug,132.000,36.7315,5.3736,35.4405,7.3539,36.3988,6.2615
Transformer-YawAug,132.100,36.7761,5.4672,35.45,7.4341,36.4037,6.3813
Transformer-YawAug,132.200,36.8114,5.5657,35.4454,7.5095,36.3808,6.4904
Transformer-YawAug,132.300,36.8428,5.6626,35.4408,7.5888,36.3592,6.609
Transformer-YawAug,132.400,36.8716,5.7592,35.4373,7.6659,36.328,6.7272
Transformer-YawAug,132.500,36.8915,5.8636,35.4348,7.7489,36.3093,6.8565
Transformer-YawAug,132.600,36.8991,5.9741,35.4208,7.8338,36.2557,6.9794
Transformer-YawAug,132.700,36.8955,6.0861,35.3817,7.9111,36.1679,7.0835
Transformer-YawAug,132.800,36.8739,6.1908,35.3251,7.9754,36.0568,7.1689
Transformer-YawAug,132.900,36.8339,6.2862,35.2645,8.0345,35.9315,7.239
Transformer-YawAug,133.000,36.7783,6.3742,35.2018,8.0985,35.8301,7.3369
Transformer-YawAug,133.100,36.7097,6.4564,35.1445,8.1684,35.7302,7.4345
Transformer-YawAug,133.200,36.6342,6.5388,35.0784,8.2228,35.6304,7.5272
Transformer-YawAug,133.300,36.5588,6.6187,35.0162,8.2896,35.5322,7.6278
Transformer-YawAug,133.400,36.4867,6.7011,34.9672,8.3684,35.4087,7.7114
Transformer-YawAug,133.500,36.4105,6.7846,34.9117,8.4431,35.2802,7.7897
Transformer-YawAug,133.600,36.3211,6.8751,34.8442,8.5034,35.1538,7.8709
Transformer-YawAug,133.700,36.2293,6.9607,34.7847,8.5488,35.0213,7.9419
Transformer-YawAug,133.800,36.1328,7.0428,34.7064,8.6031,34.8778,8.0015
Transformer-YawAug,133.900,36.0306,7.1133,34.6346,8.6393,34.7505,8.0353
Transformer-YawAug,134.000,35.9217,7.1747,34.5656,8.6684,34.6473,8.0556
Transformer-YawAug,134.100,35.8045,7.2321,34.4963,8.6821,34.4992,8.0942
Transformer-YawAug,134.200,35.681,7.2877,34.4139,8.7233,34.3596,8.1543
Transformer-YawAug,134.300,35.5581,7.3413,34.3415,8.7712,34.2182,8.1944
Transformer-YawAug,134.400,35.4412,7.3974,34.2732,8.8212,34.0745,8.2168
Transformer-YawAug,134.500,35.3256,7.4551,34.2051,8.8848,33.9233,8.2449
Transformer-YawAug,134.600,35.2045,7.5138,34.1309,8.9372,33.7897,8.2675
Transformer-YawAug,134.700,35.0798,7.5727,34.0592,8.9617,33.6422,8.2816
Transformer-YawAug,134.800,34.9556,7.6297,33.9793,9.014,33.4908,8.3283
Transformer-YawAug,134.900,34.8304,7.6792,33.919,9.0623,33.3736,8.3879
Transformer-YawAug,135.000,34.7014,7.7186,33.8526,9.1184,33.2507,8.4527
Transformer-YawAug,135.100,34.5664,7.7569,33.7791,9.1535,33.124,8.5031
Transformer-YawAug,135.200,34.4279,7.7955,33.7074,9.195,32.997,8.5591
Transformer-YawAug,135.300,34.2928,7.8326,33.6327,9.2442,32.8595,8.6206
Transformer-YawAug,135.400,34.1651,7.8728,33.5655,9.2703,32.7317,8.6439
Transformer-YawAug,135.500,34.0422,7.9176,33.501,9.3309,32.583,8.6831
Transformer-YawAug,135.600,33.9165,7.9647,33.4248,9.3712,32.439,8.6979
Transformer-YawAug,135.700,33.7882,8.0144,33.3506,9.4016,32.2999,8.733
Transformer-YawAug,135.800,33.6616,8.0614,33.261,9.4191,32.1467,8.7436
Transformer-YawAug,135.900,33.5355,8.1045,33.1931,9.4811,32.0074,8.8087
Transformer-YawAug,136.000,33.4067,8.1403,33.1302,9.5399,31.8612,8.8558
Transformer-YawAug,136.100,33.2739,8.1741,33.0577,9.6011,31.7227,8.9297
Transformer-YawAug,136.200,33.1368,8.211,32.9872,9.6295,31.6021,9.0099
Transformer-YawAug,136.300,33.0012,8.2459,32.9156,9.6697,31.466,9.0752
Transformer-YawAug,136.400,32.8717,8.2834,32.8379,9.7062,31.3199,9.1146
Transformer-YawAug,136.500,32.7465,8.3274,32.7838,9.7678,31.1909,9.1547
Transformer-YawAug,136.600,32.6187,8.3733,32.7013,9.7927,31.0425,9.1522
Transformer-YawAug,136.700,32.4861,8.4195,32.6299,9.818,30.9041,9.2033
Transformer-YawAug,136.800,32.3529,8.4625,32.5446,9.842,30.7497,9.2172
Transformer-YawAug,136.900,32.2207,8.501,32.4726,9.8652,30.6182,9.2448
Transformer-YawAug,137.000,32.0879,8.5307,32.407,9.9087,30.507,9.3115
Transformer-YawAug,137.100,31.9502,8.5559,32.3341,9.9334,30.3937,9.3719
Transformer-YawAug,137.200,31.807,8.5799,32.2604,9.9517,30.2768,9.4224
Transformer-YawAug,137.300,31.6651,8.6014,32.1906,9.9806,30.1587,9.4768
Transformer-YawAug,137.400,31.53,8.6254,32.1106,10.0023,30.0304,9.5196
Transformer-YawAug,137.500,31.3993,8.6584,32.0542,10.0529,29.9267,9.5938
Transformer-YawAug,137.600,31.2671,8.6976,31.9829,10.0966,29.797,9.6486
Transformer-YawAug,137.700,31.1313,8.7399,31.9077,10.1337,29.6814,9.7184
Transformer-YawAug,137.800,30.9984,8.782,31.8195,10.1703,29.5269,9.7541
Transformer-YawAug,137.900,30.8676,8.8223,31.7389,10.2088,29.3694,9.787
Transformer-YawAug,138.000,30.737,8.8567,31.6674,10.2665,29.2115,9.8208
Transformer-YawAug,138.100,30.6004,8.8892,31.5813,10.3111,29.0521,9.8548
Transformer-YawAug,138.200,30.4583,8.9229,31.4967,10.3395,28.8995,9.9069
Transformer-YawAug,138.300,30.3169,8.9557,31.4087,10.3775,28.7477,9.9528
Transformer-YawAug,138.400,30.1825,8.9945,31.3249,10.4087,28.6012,10.0014
Transformer-YawAug,138.500,30.0545,9.0411,31.2658,10.4517,28.4612,10.0162
Transformer-YawAug,138.600,29.9257,9.0955,31.1925,10.4654,28.3405,10.0235
Transformer-YawAug,138.700,29.7932,9.1543,31.1362,10.4625,28.2617,10.0519
Transformer-YawAug,138.800,29.6612,9.2093,31.0505,10.4846,28.1249,10.0779
Transformer-YawAug,138.900,29.5318,9.2583,30.9737,10.4905,27.9946,10.0979
Transformer-YawAug,139.000,29.4009,9.3002,30.8963,10.5232,27.8582,10.1337
Transformer-YawAug,139.100,29.2668,9.3392,30.8135,10.5369,27.7237,10.1664
Transformer-YawAug,139.200,29.1263,9.3776,30.729,10.5592,27.581,10.2128
Transformer-YawAug,139.300,28.9859,9.4137,30.6515,10.5863,27.4418,10.2509
Transformer-YawAug,139.400,28.8528,9.4518,30.5762,10.5982,27.3004,10.2686
Transformer-YawAug,139.500,28.726,9.4958,30.5357,10.6232,27.1863,10.274
Transformer-YawAug,139.600,28.5984,9.5435,30.471,10.6285,27.066,10.2514
Transformer-YawAug,139.700,28.466,9.5922,30.4463,10.6133,26.9887,10.2887
Transformer-YawAug,139.800,28.334,9.639,30.3669,10.6416,26.8541,10.3346
Transformer-YawAug,139.900,28.2041,9.6789,30.3042,10.6479,26.7344,10.3718
Transformer-YawAug,140.000,28.0704,9.7091,30.2396,10.6796,26.608,10.4162
Transformer-YawAug,140.100,27.9326,9.7355,30.1755,10.6858,26.4883,10.456
Transformer-YawAug,140.200,27.7872,9.7608,30.1073,10.6993,26.3519,10.4892
Transformer-YawAug,140.300,27.6447,9.7821,30.0378,10.7083,26.2127,10.5285
Transformer-YawAug,140.400,27.5082,9.8079,29.9668,10.7244,26.0761,10.5481
Transformer-YawAug,140.500,27.3759,9.8389,29.9118,10.7404,25.9494,10.5367
Transformer-YawAug,140.600,27.2414,9.8733,29.8566,10.7469,25.828,10.5549
Transformer-YawAug,140.700,27.1019,9.9104,29.8123,10.726,25.7391,10.5499
Transformer-YawAug,140.800,26.966,9.9471,29.7324,10.748,25.5987,10.5941
Transformer-YawAug,140.900,26.8305,9.9804,29.6812,10.7462,25.532,10.6324
Transformer-YawAug,141.000,26.694,10.0045,29.6183,10.768,25.3928,10.6189
Transformer-YawAug,141.100,26.5546,10.0261,29.5618,10.7981,25.2756,10.6636
Transformer-YawAug,141.200,26.4111,10.0501,29.5128,10.8109,25.1684,10.7083
Transformer-YawAug,141.300,26.2685,10.075,29.4471,10.842,25.0376,10.7564
Transformer-YawAug,141.400,26.1316,10.1037,29.3901,10.8683,24.9283,10.7894
Transformer-YawAug,141.500,25.9997,10.1412,29.3529,10.9149,24.8547,10.8502
Transformer-YawAug,141.600,25.8649,10.1847,29.295,10.929,24.7581,10.8552
Transformer-YawAug,141.700,25.7266,10.2312,29.2526,10.9446,24.7024,10.8972
Transformer-YawAug,141.800,25.5893,10.2767,29.1809,10.9689,24.5879,10.9205
Transformer-YawAug,141.900,25.4554,10.3178,29.1329,10.9791,24.5125,10.9333
Transformer-YawAug,142.000,25.3205,10.3513,29.075,11.0098,24.4191,10.9743
Transformer-YawAug,142.100,25.1804,10.3828,29.014,11.0319,24.3198,11.0147
Transformer-YawAug,142.200,25.0353,10.4153,28.9526,11.0325,24.2255,11.0452
Transformer-YawAug,142.300,24.8895,10.4455,28.8912,11.0481,24.1244,11.0721
Transformer-YawAug,142.400,24.7521,10.4793,28.8358,11.0415,24.0307,11.0626
Transformer-YawAug,142.500,24.619,10.519,28.8016,11.0779,23.9509,11.0861
Transformer-YawAug,142.600,24.4831,10.5615,28.7415,11.0834,23.8397,11.0508
Transformer-YawAug,142.700,24.3431,10.6054,28.686,11.1032,23.7471,11.1069
Transformer-YawAug,142.800,24.2054,10.6488,28.6007,11.1251,23.6006,11.1098
Transformer-YawAug,142.900,24.0724,10.6878,28.539,11.1444,23.4723,11.1157
Transformer-YawAug,143.000,23.9379,10.7184,28.4676,11.18,23.343,11.1599
Transformer-YawAug,143.100,23.7994,10.7434,28.3988,11.2101,23.2135,11.1992
Transformer-YawAug,143.200,23.6552,10.7674,28.3265,11.2326,23.0763,11.2432
Transformer-YawAug,143.300,23.513,10.7899,28.2475,11.2611,22.9478,11.2893
Transformer-YawAug,143.400,23.3768,10.8171,28.1975,11.2956,22.846,11.3278
Transformer-YawAug,143.500,23.2446,10.8518,28.1521,11.3621,22.7325,11.4097
Transformer-YawAug,143.600,23.1094,10.8926,28.1076,11.4031,22.633,11.4417
Transformer-YawAug,143.700,22.9699,10.9355,28.0346,11.4364,22.5019,11.4858
Transformer-YawAug,143.800,22.8307,10.9763,27.9626,11.4561,22.3725,11.5053
Transformer-YawAug,143.900,22.6956,11.0115,27.883,11.4855,22.2389,11.5301
Transformer-YawAug,144.000,22.5589,11.038,27.8156,11.5327,22.1155,11.5873
Transformer-YawAug,144.100,22.4168,11.061,27.7431,11.5827,21.9803,11.6433
Transformer-YawAug,144.200,22.2693,11.0843,27.6627,11.6249,21.8478,11.6974
Transformer-YawAug,144.300,22.1225,11.1074,27.5766,11.6379,21.7111,11.7067
Transformer-YawAug,144.400,21.9827,11.1354,27.491,11.6588,21.5697,11.719
Transformer-YawAug,144.500,21.8481,11.1678,27.4141,11.6963,21.436,11.7479
Transformer-YawAug,144.600,21.7117,11.2016,27.3346,11.7371,21.3004,11.7833
Transformer-YawAug,144.700,21.5699,11.229,27.2481,11.7738,21.1526,11.8122
Transformer-YawAug,144.800,21.429,11.252,27.1601,11.8044,21.0039,11.8304
Transformer-YawAug,144.900,21.2945,11.2755,27.0878,11.86,20.8692,11.8938
Transformer-YawAug,145.000,21.1602,11.3026,27.0445,11.9267,20.7763,11.9872
Transformer-YawAug,145.100,21.0218,11.33,26.9904,11.9902,20.6696,12.0774
Transformer-YawAug,145.200,20.8762,11.3577,26.9626,12.0355,20.6046,12.1586
Transformer-YawAug,145.300,20.7323,11.3848,26.8998,12.0775,20.492,12.2189
Transformer-YawAug,145.400,20.5984,11.4172,26.8347,12.1263,20.3625,12.2787
Transformer-YawAug,145.500,20.467,11.4554,26.7767,12.1866,20.2321,12.3379
Transformer-YawAug,145.600,20.3314,11.4974,26.7145,12.2376,20.1,12.3882
Transformer-YawAug,145.700,20.1924,11.5406,26.6394,12.2662,19.9741,12.4429
Transformer-YawAug,145.800,20.0544,11.5805,26.5686,12.295,19.8463,12.4876
Transformer-YawAug,145.900,19.9176,11.6152,26.4945,12.3115,19.7185,12.5061
Transformer-YawAug,146.000,19.7807,11.6435,26.4436,12.3599,19.6172,12.5823
Transformer-YawAug,146.100,19.6395,11.6687,26.3842,12.3783,19.5319,12.621
Transformer-YawAug,146.200,19.493,11.6953,26.342,12.4054,19.4523,12.7093
Transformer-YawAug,146.300,19.3468,11.7228,26.295,12.4025,19.3524,12.7215
Transformer-YawAug,146.400,19.2082,11.7575,26.2788,12.4397,19.2905,12.7895
Transformer-YawAug,146.500,19.0735,11.7991,26.2596,12.4956,19.218,12.8692
Transformer-YawAug,146.600,18.9345,11.8453,26.2378,12.5447,19.1591,12.9502
Transformer-YawAug,146.700,18.7925,11.8931,26.2075,12.5673,19.0964,13.0314
Transformer-YawAug,146.800,18.6533,11.9368,26.1474,12.5928,18.9912,13.0953
Transformer-YawAug,146.900,18.516,11.9766,26.0751,12.6407,18.8629,13.1779
Transformer-YawAug,147.000,18.3774,12.012,26.0136,12.6914,18.7485,13.2656
Transformer-YawAug,147.100,18.235,12.0438,25.9422,12.7279,18.63,13.3516
Transformer-YawAug,147.200,18.0883,12.0738,25.8813,12.7563,18.5223,13.4298
Transformer-YawAug,147.300,17.9459,12.1025,25.7984,12.757,18.3799,13.4534
Transformer-YawAug,147.400,17.8121,12.1372,25.7257,12.7836,18.2582,13.4823
Transformer-YawAug,147.500,17.6825,12.179,25.6708,12.7879,18.157,13.4745
Transformer-YawAug,147.600,17.5501,12.2222,25.5969,12.8248,18.0316,13.5136
Transformer-YawAug,147.700,17.4135,12.266,25.5453,12.7953,17.9534,13.5074
Transformer-YawAug,147.800,17.2764,12.3085,25.4596,12.8267,17.811,13.5421
Transformer-YawAug,147.900,17.1407,12.3453,25.3851,12.8483,17.6903,13.5769
Transformer-YawAug,148.000,17.0057,12.3764,25.3086,12.8866,17.5549,13.6147
Transformer-YawAug,148.100,16.8658,12.4066,25.2324,12.9067,17.4283,13.6654
Transformer-YawAug,148.200,16.7226,12.4377,25.1684,12.9348,17.3007,13.7144
Transformer-YawAug,148.300,16.5834,12.4676,25.0958,12.9601,17.1651,13.7502
Transformer-YawAug,148.400,16.4503,12.503,25.0509,12.9886,17.045,13.7871
Transformer-YawAug,148.500,16.3209,12.5462,25.0143,13.0306,16.9413,13.8287
Transformer-YawAug,148.600,16.1889,12.5946,24.9599,13.0753,16.8358,13.8834
Transformer-YawAug,148.700,16.0544,12.6443,24.9177,13.0602,16.7628,13.9147
Transformer-YawAug,148.800,15.9214,12.6929,24.8272,13.0857,16.6158,13.9396
Transformer-YawAug,148.900,15.7896,12.7355,24.7603,13.1183,16.4888,13.9982
Transformer-YawAug,149.000,15.6547,12.7708,24.676,13.1343,16.3476,14.0035
Transformer-YawAug,149.100,15.5166,12.8048,24.5941,13.1531,16.2134,14.0495
Transformer-YawAug,149.200,15.375,12.8387,24.5084,13.1498,16.0734,14.038
Transformer-YawAug,149.300,15.237,12.8723,24.4205,13.176,15.9199,14.06
Transformer-YawAug,149.400,15.1042,12.9106,24.3347,13.1712,15.7755,14.0231
Transformer-YawAug,149.500,14.9758,12.9554,24.2713,13.1961,15.665,14.003
Transformer-YawAug,149.600,14.8444,13.0049,24.1939,13.19,15.5407,13.9446
Transformer-YawAug,149.700,14.7068,13.0532,24.1448,13.1833,15.4096,13.9511
Transformer-YawAug,149.800,14.5726,13.0974,24.0584,13.2204,15.2553,13.9722
Transformer-YawAug,149.900,14.4423,13.1338,24.0062,13.2411,15.1265,13.9856
Transformer-YawAug,150.000,14.3105,13.1628,23.9269,13.2836,14.9783,14.008
Transformer-YawAug,150.100,14.1738,13.1885,23.866,13.2957,14.8712,14.0405
Transformer-YawAug,150.200,14.0316,13.2134,23.7906,13.328,14.7359,14.0916
Transformer-YawAug,150.300,13.8915,13.2371,23.7272,13.3389,14.6004,14.1201
Transformer-YawAug,150.400,13.7573,13.2647,23.6696,13.362,14.4694,14.1409
Transformer-YawAug,150.500,13.6247,13.2995,23.6246,13.4089,14.3679,14.1782
Transformer-YawAug,150.600,13.488,13.338,23.562,13.4396,14.2575,14.2107
Transformer-YawAug,150.700,13.3481,13.3778,23.5275,13.4125,14.202,14.2668
Transformer-YawAug,150.800,13.2113,13.4145,23.4357,13.4321,14.049,14.2726
Transformer-YawAug,150.900,13.0769,13.4439,23.3579,13.4726,13.8971,14.2647
Transformer-YawAug,151.000,12.9415,13.4634,23.2701,13.5174,13.7411,14.2731
Transformer-YawAug,151.100,12.8003,13.4754,23.188,13.5673,13.5878,14.303
Transformer-YawAug,151.200,12.656,13.4817,23.1047,13.6118,13.4384,14.3191
Transformer-YawAug,151.300,12.5153,13.4859,23.0217,13.6562,13.3026,14.3831
Transformer-YawAug,151.400,12.381,13.4932,22.9408,13.6922,13.159,14.3575
Transformer-YawAug,151.500,12.2485,13.5054,22.8569,13.7386,13.0133,14.3802
Transformer-YawAug,151.600,12.1105,13.5211,22.7742,13.7455,12.8637,14.3381
Transformer-YawAug,151.700,11.97,13.5333,22.6832,13.7443,12.7138,14.3056
Transformer-YawAug,151.800,11.8321,13.5358,22.5909,13.732,12.57,14.248
Transformer-YawAug,151.900,11.698,13.5265,22.4966,13.7387,12.4211,14.2072
Transformer-YawAug,152.000,11.5652,13.5049,22.3997,13.7383,12.2672,14.1857
Transformer-YawAug,152.100,11.4314,13.4752,22.3074,13.742,12.1203,14.1548
Transformer-YawAug,152.200,11.2969,13.4409,22.2179,13.7415,11.9831,14.1012
Transformer-YawAug,152.300,11.1695,13.4073,22.1319,13.7524,11.856,14.0423
Transformer-YawAug,152.400,11.0419,13.3796,22.0431,13.7486,11.7325,13.9655
Transformer-YawAug,152.500,10.912,13.3565,21.9558,13.7561,11.5988,13.9157
Transformer-YawAug,152.600,10.7775,13.3312,21.8718,13.7379,11.4756,13.8422
Transformer-YawAug,152.700,10.6398,13.2986,21.7877,13.7114,11.3622,13.7743
Transformer-YawAug,152.800,10.5098,13.257,21.7118,13.6718,11.2568,13.6815
Transformer-YawAug,152.900,10.3892,13.2038,21.6267,13.6425,11.1463,13.5886
Transformer-YawAug,153.000,10.2766,13.1393,21.5497,13.5977,11.0503,13.4722
Transformer-YawAug,153.100,10.1658,13.0628,21.4641,13.5693,10.9283,13.3871
Transformer-YawAug,153.200,10.0581,12.9766,21.387,13.5261,10.8153,13.2973
Transformer-YawAug,153.300,9.9539,12.8905,21.3031,13.4985,10.7082,13.1947
Transformer-YawAug,153.400,9.8531,12.8066,21.2271,13.4478,10.6311,13.0638
Transformer-YawAug,153.500,9.7515,12.7201,21.1414,13.419,10.5294,12.9429
Transformer-YawAug,153.600,9.6482,12.6268,21.0659,13.3655,10.4462,12.81
Transformer-YawAug,153.700,9.5443,12.527,20.9997,13.2948,10.3444,12.6888
Transformer-YawAug,153.800,9.4476,12.4252,20.9336,13.2236,10.2659,12.5477
Transformer-YawAug,153.900,9.361,12.3184,20.8754,13.147,10.1843,12.415
Transformer-YawAug,154.000,9.284,12.2043,20.8304,13.0634,10.1281,12.2853
Transformer-YawAug,154.100,9.2079,12.0833,20.7886,12.9814,10.0375,12.1727
Transformer-YawAug,154.200,9.132,11.9564,20.7763,12.9046,9.965,12.0706
Transformer-YawAug,154.300,9.0555,11.8345,20.7361,12.8373,9.8784,11.9421
Transformer-YawAug,154.400,8.9719,11.7223,20.6839,12.7781,9.7996,11.8346
Transformer-YawAug,154.500,8.883,11.6132,20.6427,12.7339,9.7321,11.7186
Transformer-YawAug,154.600,8.7885,11.5027,20.5848,12.6815,9.67,11.6366
Transformer-YawAug,154.700,8.6918,11.3907,20.5339,12.6082,9.6137,11.511
Transformer-YawAug,154.800,8.5988,11.279,20.4671,12.5495,9.5276,11.423
Transformer-YawAug,154.900,8.5125,11.1652,20.3972,12.4942,9.4593,11.3172
Transformer-YawAug,155.000,8.4296,11.0453,20.3245,12.4402,9.3659,11.2344
Transformer-YawAug,155.100,8.3459,10.9165,20.2631,12.3929,9.3308,11.1646
Transformer-YawAug,155.200,8.2624,10.7827,20.2319,12.322,9.2507,11.0574
Transformer-YawAug,155.300,8.1752,10.6594,20.1997,12.329,9.2267,11.0088
Transformer-YawAug,155.400,8.0847,10.5475,20.1633,12.295,9.19,10.9309
Transformer-YawAug,155.500,7.9905,10.4368,20.131,12.2839,9.2007,10.8972
Transformer-YawAug,155.600,7.8918,10.3229,20.0795,12.2208,9.1941,10.7934
Transformer-YawAug,155.700,7.7937,10.208,20.0303,12.1777,9.165,10.7042
Transformer-YawAug,155.800,7.7016,10.0945,19.9736,12.1163,9.1266,10.5935
Transformer-YawAug,155.900,7.6179,9.9809,19.8974,12.0933,9.0359,10.5241
Transformer-YawAug,156.000,7.5352,9.8633,19.8303,12.0339,8.9814,10.4429
Transformer-YawAug,156.100,7.4489,9.74,19.7795,11.9883,8.9021,10.3905
Transformer-YawAug,156.200,7.3638,9.6186,19.7523,11.9744,8.8777,10.3091
Transformer-YawAug,156.300,7.2773,9.5048,19.7095,11.9413,8.8287,10.2003
Transformer-YawAug,156.400,7.1862,9.3958,19.6589,11.9066,8.7618,10.1125
Transformer-YawAug,156.500,7.0912,9.2858,19.6075,11.8732,8.6892,10.0541
Transformer-YawAug,156.600,6.9943,9.1728,19.5749,11.8069,8.6993,9.9977
Transformer-YawAug,156.700,6.9003,9.0589,19.5167,11.7462,8.6763,9.8932
Transformer-YawAug,156.800,6.8131,8.948,19.4484,11.6962,8.6013,9.7965
Transformer-YawAug,156.900,6.7324,8.8349,19.3927,11.6315,8.612,9.703
Transformer-YawAug,157.000,6.6519,8.7147,19.3243,11.5717,8.5665,9.5795
Transformer-YawAug,157.100,6.5714,8.5876,19.2982,11.5326,8.5986,9.5026
Transformer-YawAug,157.200,6.4925,8.4611,19.2721,11.5171,8.5213,9.3867
Transformer-YawAug,157.300,6.4126,8.3418,19.2731,11.5062,8.5473,9.3204
Transformer-YawAug,157.400,6.333,8.2293,19.2557,11.4953,8.5152,9.2141
Transformer-YawAug,157.500,6.249,8.1132,19.2745,11.4514,8.546,9.1507
Transformer-YawAug,157.600,6.1633,7.9931,19.2424,11.3871,8.4872,9.0432
Transformer-YawAug,157.700,6.0808,7.8729,19.206,11.3381,8.4716,9.0045
Transformer-YawAug,157.800,6.0073,7.7498,19.1604,11.2905,8.4305,8.9355
Transformer-YawAug,157.900,5.943,7.6238,19.1097,11.2704,8.4163,8.9802
Transformer-YawAug,158.000,5.88,7.4929,19.0727,11.2256,8.3815,8.9829
Transformer-YawAug,158.100,5.8145,7.358,19.0395,11.1711,8.3582,8.9582
Transformer-YawAug,158.200,5.7486,7.2286,19.0354,11.155,8.3475,8.9024
Transformer-YawAug,158.300,5.6823,7.1071,18.9768,11.1112,8.2816,8.8603
Transformer-YawAug,158.400,5.6147,6.9883,18.9365,11.081,8.2196,8.8472
Transformer-YawAug,158.500,5.5411,6.8651,18.8722,11.0204,8.1358,8.7663
Transformer-YawAug,158.600,5.4643,6.7412,18.8298,10.9419,8.0815,8.6698
Transformer-YawAug,158.700,5.3861,6.6204,18.7827,10.8586,8.0011,8.5281
Transformer-YawAug,158.800,5.3108,6.5003,18.7341,10.7901,7.9475,8.385
Transformer-YawAug,158.900,5.2398,6.3803,18.675,10.7119,7.8646,8.2437
Transformer-YawAug,159.000,5.1695,6.2522,18.6226,10.6569,7.7821,8.1065
Transformer-YawAug,159.100,5.0966,6.1183,18.6025,10.5852,7.7171,7.962
Transformer-YawAug,159.200,5.023,5.9905,18.5331,10.5343,7.607,7.8582
Transformer-YawAug,159.300,4.9421,5.8732,18.5463,10.4607,7.5824,7.7271
Transformer-YawAug,159.400,4.8546,5.7575,18.4891,10.4084,7.5237,7.6145
Transformer-YawAug,159.500,4.7603,5.6417,18.5024,10.3423,7.5163,7.5122
Transformer-YawAug,159.600,4.6668,5.5237,18.4432,10.2662,7.4543,7.3852
Transformer-YawAug,159.700,4.582,5.4044,18.4055,10.2003,7.4006,7.2834
Transformer-YawAug,159.800,4.5062,5.282,18.3403,10.1297,7.3595,7.159
Transformer-YawAug,159.900,4.4365,5.1561,18.2798,10.0607,7.3015,7.0576
Transformer-YawAug,160.000,4.3665,5.0245,18.2336,9.9844,7.2887,6.9529
Transformer-YawAug,160.100,4.3026,4.892,18.1876,9.9177,7.2508,6.828
Transformer-YawAug,160.200,4.2392,4.7652,18.1461,9.9025,7.2222,6.7142
Transformer-YawAug,160.300,4.1734,4.6456,18.0826,9.8499,7.1445,6.5847
Transformer-YawAug,160.400,4.1038,4.5213,18.0589,9.7968,7.1201,6.454
Transformer-YawAug,160.500,4.0327,4.3947,17.9994,9.7253,7.0345,6.3365
Transformer-YawAug,160.600,3.9663,4.2683,17.9599,9.6535,6.9755,6.1954
Transformer-YawAug,160.700,3.9069,4.1425,17.9063,9.5733,6.9025,6.054
Transformer-YawAug,160.800,3.8565,4.0153,17.8644,9.4988,6.8064,5.9395
Transformer-YawAug,160.900,3.8084,3.8799,17.815,9.4146,6.7365,5.7913
Transformer-YawAug,161.000,3.7631,3.7375,17.778,9.3461,6.6515,5.663
Transformer-YawAug,161.100,3.7208,3.5948,17.7461,9.3191,6.5758,5.5275
Transformer-YawAug,161.200,3.6752,3.4611,17.6958,9.2562,6.5028,5.3885
Transformer-YawAug,161.300,3.6236,3.3336,17.6815,9.2412,6.4741,5.265
Transformer-YawAug,161.400,3.5659,3.2037,17.6284,9.1958,6.4284,5.122
Transformer-YawAug,161.500,3.5052,3.0711,17.6287,9.1373,6.3769,5.0134
Transformer-YawAug,161.600,3.4458,2.9371,17.5864,9.056,6.3425,4.8657
Transformer-YawAug,161.700,3.3955,2.805,17.5367,9.0019,6.279,4.7824
Transformer-YawAug,161.800,3.354,2.6723,17.5069,8.9259,6.2492,4.6865
Transformer-YawAug,161.900,3.314,2.535,17.4523,8.8715,6.1767,4.5868
Transformer-YawAug,162.000,3.2747,2.3928,17.4133,8.8115,6.1341,4.481
Transformer-YawAug,162.100,3.2331,2.2556,17.3492,8.7761,6.0301,4.4011
Transformer-YawAug,162.200,3.1854,2.1272,17.308,8.716,5.9745,4.264
Transformer-YawAug,162.300,3.1342,1.9999,17.2354,8.695,5.9013,4.1474
Transformer-YawAug,162.400,3.081,1.873,17.1807,8.6241,5.8706,4.0013
Transformer-YawAug,162.500,3.0244,1.7442,17.115,8.567,5.7745,3.9107
Transformer-YawAug,162.600,2.9729,1.6192,17.0458,8.5217,5.6918,3.8031
Transformer-YawAug,162.700,2.9289,1.4949,17.0154,8.447,5.6056,3.6926
Transformer-YawAug,162.800,2.8864,1.3698,16.9559,8.3961,5.5057,3.5979
Transformer-YawAug,162.900,2.8396,1.2452,16.9283,8.3255,5.4167,3.4924
Transformer-YawAug,163.000,2.7871,1.1224,16.8575,8.2898,5.3285,3.4046
Transformer-YawAug,163.100,2.729,1.0098,16.7946,8.2553,5.2658,3.321
Transformer-YawAug,163.200,2.6561,0.9045,16.7105,8.2343,5.129,3.2867
Transformer-YawAug,163.300,2.577,0.8049,16.6293,8.2454,5.0395,3.3144
Transformer-YawAug,163.400,2.4949,0.7086,16.5579,8.2723,4.9414,3.3532
Transformer-YawAug,163.500,2.4003,0.6177,16.5122,8.3175,4.87,3.4212
Transformer-YawAug,163.600,2.3091,0.5305,16.4433,8.3442,4.7492,3.4169
Transformer-YawAug,163.700,2.224,0.4403,16.3685,8.3666,4.6215,3.4139
Transformer-YawAug,163.800,2.1402,0.3511,16.2885,8.3725,4.4874,3.4073
Transformer-YawAug,163.900,2.0518,0.2635,16.2068,8.3435,4.3444,3.4357
Transformer-YawAug,164.000,1.9563,0.1831,16.1318,8.3075,4.2057,3.4081
Transformer-YawAug,164.100,1.8584,0.1176,16.0428,8.3051,4.0593,3.4268
Transformer-YawAug,164.200,1.7538,0.0751,15.9531,8.3157,3.9081,3.4338
Transformer-YawAug,164.300,1.6454,0.0453,15.8656,8.3266,3.7559,3.4338
Transformer-YawAug,164.400,1.5324,0.0299,15.8011,8.2957,3.6643,3.3913
Transformer-YawAug,164.500,1.417,0.0221,15.7623,8.2423,3.6165,3.3054
Transformer-YawAug,164.600,1.307,0.0115,15.7404,8.1777,3.5433,3.2418
Transformer-YawAug,164.700,1.1984,-0.0016,15.6692,8.1674,3.4178,3.2388
Transformer-YawAug,164.800,1.0882,-0.0177,15.6105,8.1293,3.3061,3.2041
Transformer-YawAug,164.900,0.9768,-0.0361,15.5524,8.0986,3.2013,3.1537
Transformer-YawAug,165.000,0.8632,-0.0508,15.5053,8.0606,3.1489,3.0778
Transformer-YawAug,165.100,0.7554,-0.0578,15.4555,8.0409,3.07,3.0341
Transformer-YawAug,165.200,0.6566,-0.052,15.4723,8.0824,3.0109,3.0587
Transformer-YawAug,165.300,0.5674,-0.0421,15.506,8.1171,2.9957,3.1135
Transformer-YawAug,165.400,0.4846,-0.0297,15.5181,8.1519,2.9587,3.153
Transformer-YawAug,165.500,0.4096,-0.0061,15.5033,8.1799,2.9228,3.1599
Transformer-YawAug,165.600,0.3453,0.0254,15.4982,8.1815,2.9156,3.1451
Transformer-YawAug,165.700,0.2896,0.0632,15.4888,8.1854,2.8986,3.1259
Transformer-YawAug,165.800,0.2445,0.099,15.4743,8.1997,2.8782,3.1181
Transformer-YawAug,165.900,0.2137,0.1311,15.4637,8.2044,2.8564,3.1137
Transformer-YawAug,166.000,0.1951,0.1547,15.4531,8.2023,2.8353,3.1099
Transformer-YawAug,166.100,0.1791,0.1682,15.4462,8.1965,2.826,3.0997
Transformer-YawAug,166.200,0.1551,0.1829,15.4416,8.1892,2.8213,3.091
Transformer-YawAug,166.300,0.1222,0.2003,15.4379,8.1837,2.8199,3.0818
Transformer-YawAug,166.400,0.084,0.2184,15.4295,8.1783,2.8171,3.0771
Transformer-YawAug,166.500,0.0427,0.231,15.4205,8.1706,2.8181,3.0735
Transformer-YawAug,166.600,0.0006,0.2394,15.4062,8.1558,2.8176,3.0724
Transformer-YawAug,166.700,-0.0317,0.2423,15.3871,8.138,2.817,3.0716
Transformer-YawAug,166.800,-0.0516,0.2423,15.3715,8.1212,2.8159,3.0707
Transformer-YawAug,166.900,-0.0638,0.2383,15.3573,8.108,2.8121,3.0626
Transformer-YawAug,167.000,-0.0725,0.2288,15.3456,8.0969,2.8095,3.0552
Transformer-YawAug,167.100,-0.0784,0.2076,15.3428,8.093,2.8091,3.0531
Transformer-YawAug,167.200,-0.0851,0.1702,15.3404,8.0884,2.8086,3.0496
Transformer-YawAug,167.300,-0.092,0.1166,15.3366,8.0822,2.8015,3.0351
Transformer-YawAug,167.400,-0.0994,0.0547,15.3266,8.0761,2.7897,3.0187
Transformer-YawAug,167.500,-0.1068,-0.0033,15.3134,8.07,2.7713,3.0053
Transformer-YawAug,167.600,-0.1142,-0.0515,15.2954,8.0636,2.745,2.9934
Transformer-YawAug,167.700,-0.118,-0.0858,15.2873,8.0676,2.7384,2.9995
Transformer-YawAug,167.800,-0.1222,-0.1088,15.2807,8.0735,2.7352,3.006
Transformer-YawAug,167.900,-0.1313,-0.1216,15.2639,8.0715,2.7158,2.9981
Transformer-YawAug,168.000,-0.1501,-0.1244,15.2423,8.0606,2.6885,2.9821
Transformer-YawAug,168.100,-0.1825,-0.1154,15.2203,8.0491,2.6607,2.9546
Transformer-YawAug,168.200,-0.2318,-0.0888,15.2053,8.0409,2.6431,2.916
Transformer-YawAug,168.300,-0.2916,-0.0422,15.1975,8.0211,2.6383,2.8801
Transformer-YawAug,168.400,-0.3511,0.0295,15.1947,8.0017,2.6409,2.8502
Transformer-YawAug,168.500,-0.3868,0.1185,15.1935,7.9864,2.6461,2.8222
Transformer-YawAug,168.600,-0.3968,0.2117,15.193,7.9793,2.6506,2.8091
Transformer-YawAug,168.700,-0.3749,0.2912,15.1998,7.9732,2.6696,2.8048
Transformer-YawAug,168.800,-0.3326,0.3545,15.2058,7.9679,2.6876,2.8048
Transformer-YawAug,168.900,-0.2774,0.4012,15.211,7.9642,2.7024,2.8072
Transformer-YawAug,169.000,-0.2129,0.4305,15.2128,7.961,2.6998,2.7951
Transformer-YawAug,169.100,-0.1481,0.4461,15.2135,7.9594,2.6935,2.7834
Transformer-YawAug,169.200,-0.084,0.4511,15.2134,7.9595,2.6858,2.7714
Transformer-YawAug,169.300,-0.0242,0.4504,15.2135,7.9612,2.6768,2.762
Transformer-YawAug,169.400,0.0299,0.4447,15.215,7.9662,2.668,2.7677
Transformer-YawAug,169.500,0.0784,0.431,15.2164,7.9714,2.6621,2.7906
Transformer-YawAug,169.600,0.1215,0.4111,15.2193,7.9784,2.6541,2.8142
Transformer-YawAug,169.700,0.1582,0.3808,15.2265,7.9915,2.6444,2.8347
Transformer-YawAug,169.800,0.1901,0.3389,15.2358,8.0065,2.6347,2.8571
Transformer-YawAug,169.900,0.2107,0.2912,15.2409,8.0193,2.6196,2.8647
Transformer-YawAug,170.000,0.2152,0.2375,15.2379,8.0287,2.6005,2.8593
Transformer-YawAug,170.100,0.2069,0.1795,15.2299,8.0353,2.5798,2.8547
Transformer-YawAug,170.200,0.1851,0.12,15.2171,8.0418,2.5565,2.8511
Transformer-YawAug,170.300,0.1518,0.0609,15.2045,8.049,2.5346,2.8505
Transformer-YawAug,170.400,0.1078,0.0065,15.1889,8.0579,2.5201,2.8485
Transformer-YawAug,170.500,0.0561,-0.0329,15.1652,8.0573,2.5102,2.8461
Transformer-YawAug,170.600,0.0032,-0.0577,15.1383,8.0497,2.5024,2.8405
Transformer-YawAug,170.700,-0.0456,-0.0685,15.1178,8.0424,2.5006,2.8317
Transformer-YawAug,170.800,-0.0862,-0.0662,15.1027,8.0353,2.4966,2.8132
Transformer-YawAug,170.900,-0.1171,-0.0509,15.0743,8.0088,2.473,2.7747
Transformer-YawAug,171.000,-0.1365,-0.0255,15.0449,7.9719,2.4369,2.724
Transformer-YawAug,171.100,-0.1447,0.0104,15.0125,7.9332,2.3957,2.6567
Transformer-YawAug,171.200,-0.1419,0.055,14.9749,7.8986,2.3511,2.5774
Transformer-YawAug,171.300,-0.1323,0.1054,14.9472,7.8771,2.3158,2.5148
Transformer-YawAug,171.400,-0.1194,0.1542,14.9449,7.8774,2.3157,2.5015
Transformer-YawAug,171.500,-0.1048,0.1948,14.9423,7.8744,2.3186,2.4872
Transformer-YawAug,171.600,-0.0916,0.2257,14.9367,7.8686,2.3159,2.476
Transformer-YawAug,171.700,-0.0814,0.2454,14.9314,7.864,2.3138,2.4713
Transformer-YawAug,171.800,-0.0729,0.2593,14.9268,7.859,2.3151,2.4671
Transformer-YawAug,171.900,-0.0592,0.2777,14.9227,7.8528,2.3172,2.4628
Transformer-YawAug,172.000,-0.0444,0.3006,14.9161,7.843,2.3192,2.4566
Transformer-YawAug,172.100,-0.0345,0.3211,14.9028,7.8292,2.3192,2.4439
Transformer-YawAug,172.200,-0.0294,0.3348,14.8932,7.8169,2.3173,2.43
Transformer-YawAug,172.300,-0.0279,0.3416,14.8883,7.81,2.3172,2.4161
Transformer-YawAug,172.400,-0.0274,0.3445,14.8851,7.8055,2.3165,2.4017
Transformer-YawAug,172.500,-0.0295,0.3372,14.8828,7.8024,2.315,2.3925
Transformer-YawAug,172.600,-0.0365,0.3116,14.8804,7.7999,2.3128,2.3856
Transformer-YawAug,172.700,-0.046,0.2755,14.8778,7.7973,2.3093,2.3754
Transformer-YawAug,172.800,-0.0523,0.2448,14.8753,7.794,2.3068,2.3697
Transformer-YawAug,172.900,-0.0506,0.2321,14.8725,7.7898,2.3047,2.3642
Transformer-YawAug,173.000,-0.0454,0.2326,14.8708,7.7865,2.3035,2.3591
Transformer-YawAug,173.100,-0.0393,0.2371,14.8694,7.7837,2.3024,2.3528
Transformer-YawAug,173.200,-0.0352,0.2409,14.8681,7.7807,2.3017,2.3461
Transformer-YawAug,173.300,-0.0333,0.2422,14.8672,7.7783,2.3027,2.3393
Transformer-YawAug,173.400,-0.0324,0.2429,14.8675,7.7768,2.3058,2.3344
Transformer-YawAug,173.500,-0.0311,0.2426,14.8678,7.7761,2.3074,2.3338
Transformer-YawAug,173.600,-0.029,0.2434,14.8689,7.7757,2.3091,2.3349
Transformer-YawAug,173.700,-0.0227,0.2411,14.8689,7.7777,2.3097,2.3376
Transformer-YawAug,173.800,-0.0039,0.238,14.8671,7.7791,2.3077,2.3365
Transformer-YawAug,173.900,0.0284,0.2467,14.8649,7.7818,2.3066,2.3373
Transformer-YawAug,174.000,0.0609,0.2731,14.8633,7.7834,2.3107,2.3388
Transformer-YawAug,174.100,0.0838,0.305,14.8615,7.7829,2.3138,2.339
Transformer-YawAug,174.200,0.1005,0.3296,14.8595,7.7821,2.3148,2.3367
Transformer-YawAug,174.300,0.1131,0.35,14.8542,7.7798,2.3072,2.3338
Transformer-YawAug,174.400,0.1206,0.3613,14.8491,7.7774,2.2902,2.3305
Transformer-YawAug,174.500,0.1241,0.3647,14.8458,7.7771,2.2676,2.3252
Transformer-YawAug,174.600,0.124,0.3604,14.8453,7.7791,2.2449,2.3222
Transformer-YawAug,174.700,0.1159,0.3415,14.8411,7.7774,2.2328,2.3164
Transformer-YawAug,174.800,0.0845,0.2986,14.8384,7.7762,2.2317,2.3119
Transformer-YawAug,174.900,0.0254,0.2625,14.8363,7.775,2.2303,2.3079
Transformer-YawAug,175.000,-0.0425,0.2568,14.8328,7.7724,2.2247,2.304
Transformer-YawAug,175.100,-0.0951,0.2755,14.8293,7.7721,2.218,2.2999
Transformer-YawAug,175.200,-0.1273,0.3047,14.8293,7.7721,2.218,2.2999
Transformer-YawAug,175.300,-0.1422,0.3306,14.8293,7.7721,2.218,2.2999
Transformer-YawAug,175.400,-0.148,0.3503,14.8293,7.7721,2.218,2.2999
Transformer-YawAug,175.500,-0.1502,0.3602,14.8293,7.7721,2.218,2.2999
Transformer-YawAug,175.600,-0.1504,0.3593,14.8293,7.7721,2.218,2.2999
Transformer-YawAug,175.700,-0.1498,0.348,14.8293,7.7721,2.218,2.2999
Transformer-YawAug,175.800,-0.1411,0.3129,14.8293,7.7721,2.218,2.2999
Transformer-YawAug,175.900,-0.1183,0.2742,14.8293,7.7721,2.218,2.2999
Transformer-YawAug,176.000,-0.0915,0.2508,14.8293,7.7721,2.218,2.2999
IMUNet-YawAug,0.000,4.0646,2.2921,4.0646,2.2921,4.0646,2.2921
IMUNet-YawAug,0.100,4.0945,2.4337,4.0282,2.4684,4.0852,2.4999
IMUNet-YawAug,0.200,4.1254,2.5773,4.0167,2.6415,4.1206,2.6969
IMUNet-YawAug,0.300,4.1593,2.7152,4.0253,2.813,4.1682,2.881
IMUNet-YawAug,0.400,4.1994,2.8458,4.0119,2.9671,4.1798,3.0493
IMUNet-YawAug,0.500,4.2453,2.9752,3.9719,3.1033,4.1803,3.2233
IMUNet-YawAug,0.600,4.2959,3.1068,3.9097,3.2302,4.1629,3.3978
IMUNet-YawAug,0.700,4.3474,3.2399,3.8948,3.3887,4.1931,3.5835
IMUNet-YawAug,0.800,4.395,3.3706,3.8854,3.5438,4.218,3.7598
IMUNet-YawAug,0.900,4.4333,3.4997,3.8648,3.7071,4.2208,3.9468
IMUNet-YawAug,1.000,4.4669,3.6338,3.8667,3.8512,4.2598,4.1203
IMUNet-YawAug,1.100,4.4977,3.7706,3.8783,4.0055,4.3151,4.2931
IMUNet-YawAug,1.200,4.5276,3.9109,3.9129,4.1601,4.382,4.4592
IMUNet-YawAug,1.300,4.557,4.045,3.9335,4.2869,4.4301,4.6079
IMUNet-YawAug,1.400,4.5947,4.1732,3.9101,4.4099,4.479,4.7596
IMUNet-YawAug,1.500,4.6385,4.2986,3.9189,4.4377,4.5058,4.8295
IMUNet-YawAug,1.600,4.6841,4.4271,3.9143,4.4459,4.5021,4.8375
IMUNet-YawAug,1.700,4.7304,4.5593,3.9038,4.4833,4.499,4.8775
IMUNet-YawAug,1.800,4.7713,4.6898,3.8597,4.5427,4.5202,5.0173
IMUNet-YawAug,1.900,4.8028,4.8189,3.7487,4.5618,4.4324,5.0279
IMUNet-YawAug,2.000,4.8285,4.9438,3.6265,4.616,4.3032,5.0782
IMUNet-YawAug,2.100,4.8531,5.0652,3.5054,4.6592,4.1708,5.0962
IMUNet-YawAug,2.200,4.882,5.1896,3.4147,4.7264,4.0798,5.1697
IMUNet-YawAug,2.300,4.9149,5.3083,3.3279,4.8186,4.0002,5.2731
IMUNet-YawAug,2.400,4.9526,5.4267,3.2209,4.9191,3.9187,5.3953
IMUNet-YawAug,2.500,4.9941,5.5451,3.1233,5.0366,3.8473,5.5447
IMUNet-YawAug,2.600,5.0331,5.6632,3.0203,5.1471,3.7835,5.6827
IMUNet-YawAug,2.700,5.0747,5.7831,2.9492,5.2748,3.7285,5.8469
IMUNet-YawAug,2.800,5.1111,5.8946,2.882,5.4179,3.6624,5.9938
IMUNet-YawAug,2.900,5.1557,6.0087,2.8544,5.5745,3.6633,6.1706
IMUNet-YawAug,3.000,5.1947,6.1281,2.8303,5.7265,3.6912,6.3495
IMUNet-YawAug,3.100,5.2379,6.2464,2.7705,5.8663,3.7057,6.5259
IMUNet-YawAug,3.200,5.2812,6.3681,2.7537,6.02,3.772,6.7021
IMUNet-YawAug,3.300,5.3254,6.4865,2.759,6.1764,3.8309,6.8691
IMUNet-YawAug,3.400,5.3785,6.5994,2.7782,6.3337,3.9305,7.0252
IMUNet-YawAug,3.500,5.4357,6.7095,2.7972,6.4927,4.0053,7.1951
IMUNet-YawAug,3.600,5.4917,6.8158,2.8021,6.6503,4.0568,7.3715
IMUNet-YawAug,3.700,5.5504,6.9196,2.8043,6.8118,4.1152,7.5434
IMUNet-YawAug,3.800,5.6122,7.0242,2.8442,6.9733,4.1748,7.7164
IMUNet-YawAug,3.900,5.6751,7.1269,2.901,7.1253,4.2212,7.8892
IMUNet-YawAug,4.000,5.7311,7.2281,2.9478,7.277,4.2705,8.0634
IMUNet-YawAug,4.100,5.7902,7.3273,2.9742,7.4125,4.3081,8.2127
IMUNet-YawAug,4.200,5.8558,7.4284,2.9846,7.5455,4.3403,8.3536
IMUNet-YawAug,4.300,5.9228,7.5313,3.0193,7.6432,4.3938,8.4511
IMUNet-YawAug,4.400,5.9926,7.6322,3.092,7.7355,4.4321,8.589
IMUNet-YawAug,4.500,6.0659,7.7307,3.1248,7.7688,4.4187,8.6271
IMUNet-YawAug,4.600,6.1376,7.8327,3.1024,7.8222,4.3975,8.6881
IMUNet-YawAug,4.700,6.2116,7.937,3.0354,7.845,4.3557,8.7598
IMUNet-YawAug,4.800,6.2898,8.0419,2.9816,7.9493,4.3007,8.8818
IMUNet-YawAug,4.900,6.3632,8.1464,2.9656,8.0094,4.3046,8.9534
IMUNet-YawAug,5.000,6.4345,8.2529,2.9973,8.11,4.3526,9.0573
IMUNet-YawAug,5.100,6.5067,8.3594,3.0532,8.1907,4.4302,9.1314
IMUNet-YawAug,5.200,6.5782,8.4683,3.0995,8.2059,4.482,9.1344
IMUNet-YawAug,5.300,6.6515,8.5797,3.1976,8.2019,4.5874,9.1071
IMUNet-YawAug,5.400,6.7254,8.6901,3.3373,8.245,4.7472,9.13
IMUNet-YawAug,5.500,6.7975,8.7934,3.4866,8.2908,4.9174,9.1481
IMUNet-YawAug,5.600,6.8627,8.8927,3.6013,8.3733,5.0545,9.2143
IMUNet-YawAug,5.700,6.9256,8.9889,3.6771,8.49,5.1557,9.3274
IMUNet-YawAug,5.800,6.9999,9.0878,3.7424,8.6306,5.2868,9.4454
IMUNet-YawAug,5.900,7.0756,9.1926,3.8136,8.7665,5.3873,9.5744
IMUNet-YawAug,6.000,7.1429,9.3029,3.8761,8.9146,5.4964,9.7399
IMUNet-YawAug,6.100,7.2043,9.4139,3.9773,9.0394,5.6172,9.8766
IMUNet-YawAug,6.200,7.2624,9.5279,4.0644,9.1583,5.7543,10.0059
IMUNet-YawAug,6.300,7.3185,9.6462,4.1733,9.2632,5.8798,10.1313
IMUNet-YawAug,6.400,7.3756,9.7654,4.2988,9.3426,6.0212,10.2321
IMUNet-YawAug,6.500,7.4349,9.8758,4.3888,9.3591,6.1288,10.2702
IMUNet-YawAug,6.600,7.4939,9.9848,4.4861,9.3981,6.2302,10.3158
IMUNet-YawAug,6.700,7.5524,10.0914,4.4956,9.5151,6.2726,10.4434
IMUNet-YawAug,6.800,7.6156,10.1999,4.4768,9.6287,6.3093,10.577
IMUNet-YawAug,6.900,7.6799,10.3141,4.4767,9.7724,6.3422,10.7422
IMUNet-YawAug,7.000,7.7396,10.4247,4.4842,9.9268,6.389,10.9041
IMUNet-YawAug,7.100,7.7915,10.5374,4.46,10.0866,6.393,11.0884
IMUNet-YawAug,7.200,7.84,10.652,4.4243,10.21,6.3817,11.2369
IMUNet-YawAug,7.300,7.8879,10.7675,4.4156,10.3412,6.3826,11.3922
IMUNet-YawAug,7.400,7.9384,10.8819,4.4542,10.4461,6.3951,11.5298
IMUNet-YawAug,7.500,7.9959,10.99,4.505,10.5499,6.4596,11.6361
IMUNet-YawAug,7.600,8.0646,11.0902,4.5904,10.607,6.5296,11.7103
IMUNet-YawAug,7.700,8.1399,11.1855,4.6296,10.7266,6.5714,11.8493
IMUNet-YawAug,7.800,8.2171,11.2793,4.6792,10.8564,6.6436,11.9931
IMUNet-YawAug,7.900,8.298,11.375,4.7089,10.9891,6.7004,12.1385
IMUNet-YawAug,8.000,8.3789,11.4715,4.756,11.1309,6.7747,12.2862
IMUNet-YawAug,8.100,8.4548,11.5639,4.7877,11.2845,6.8759,12.4341
IMUNet-YawAug,8.200,8.5288,11.6595,4.8647,11.4047,6.9788,12.5784
IMUNet-YawAug,8.300,8.6053,11.7565,4.9186,11.5318,7.0966,12.7117
IMUNet-YawAug,8.400,8.6821,11.8533,4.9874,11.6571,7.1874,12.8552
IMUNet-YawAug,8.500,8.7614,11.9492,5.0587,11.7716,7.2803,12.9896
IMUNet-YawAug,8.600,8.8447,12.0386,5.1856,11.8736,7.4075,13.1185
IMUNet-YawAug,8.700,8.9315,12.1216,5.307,11.9743,7.5594,13.2234
IMUNet-YawAug,8.800,9.0245,12.1984,5.4103,12.0919,7.6962,13.3555
IMUNet-YawAug,8.900,9.1204,12.2723,5.5152,12.2159,7.8266,13.4887
IMUNet-YawAug,9.000,9.2196,12.3537,5.6321,12.3378,7.9944,13.5854
IMUNet-YawAug,9.100,9.3089,12.4355,5.7507,12.4638,8.1574,13.7055
IMUNet-YawAug,9.200,9.388,12.5213,5.8436,12.593,8.2988,13.8072
IMUNet-YawAug,9.300,9.4617,12.6111,5.944,12.69,8.4378,13.8801
IMUNet-YawAug,9.400,9.5361,12.7077,6.0412,12.7681,8.5508,13.9517
IMUNet-YawAug,9.500,9.6105,12.8082,6.1615,12.802,8.7261,13.9452
IMUNet-YawAug,9.600,9.6855,12.9008,6.3004,12.838,8.8974,13.937
IMUNet-YawAug,9.700,9.7626,12.9874,6.4441,12.8562,9.0208,13.9504
IMUNet-YawAug,9.800,9.8413,13.0641,6.5634,12.9212,9.1574,13.9916
IMUNet-YawAug,9.900,9.9266,13.1355,6.6809,12.9805,9.3174,14.0273
IMUNet-YawAug,10.000,10.0203,13.2065,6.7867,13.0729,9.4603,14.1047
IMUNet-YawAug,10.100,10.1146,13.2752,6.8901,13.1777,9.6159,14.1563
IMUNet-YawAug,10.200,10.2053,13.3421,6.9875,13.2885,9.774,14.2139
IMUNet-YawAug,10.300,10.2911,13.4092,7.101,13.3788,9.9315,14.2483
IMUNet-YawAug,10.400,10.3786,13.4775,7.2149,13.4682,10.1019,14.2809
IMUNet-YawAug,10.500,10.472,13.5446,7.3422,13.5658,10.275,14.3073
IMUNet-YawAug,10.600,10.57,13.6068,7.4765,13.6429,10.4454,14.3269
IMUNet-YawAug,10.700,10.672,13.6549,7.6346,13.6797,10.5843,14.2874
IMUNet-YawAug,10.800,10.7777,13.6866,7.7964,13.7339,10.7616,14.2883
IMUNet-YawAug,10.900,10.8876,13.707,7.9454,13.7874,10.9124,14.3258
IMUNet-YawAug,11.000,11.0021,13.7228,8.096,13.8561,11.0764,14.3268
IMUNet-YawAug,11.100,11.1208,13.7343,8.26,13.9132,11.2522,14.3845
IMUNet-YawAug,11.200,11.2374,13.7436,8.4168,13.984,11.4305,14.3845
IMUNet-YawAug,11.300,11.3497,13.7575,8.5726,14.0417,11.6097,14.4126
IMUNet-YawAug,11.400,11.4633,13.7769,8.7348,14.0559,11.7558,14.4008
IMUNet-YawAug,11.500,11.5839,13.7952,8.8861,14.0714,11.9165,14.4226
IMUNet-YawAug,11.600,11.7113,13.815,9.0367,14.0532,12.0392,14.3346
IMUNet-YawAug,11.700,11.8359,13.831,9.1944,14.039,12.183,14.2736
IMUNet-YawAug,11.800,11.9591,13.8361,9.3606,13.9852,12.3174,14.1246
IMUNet-YawAug,11.900,12.0819,13.8263,9.5256,13.9837,12.4739,14.0086
IMUNet-YawAug,12.000,12.2104,13.8057,9.6853,13.962,12.6085,13.9103
IMUNet-YawAug,12.100,12.3422,13.7807,9.8487,13.9613,12.7785,13.8413
IMUNet-YawAug,12.200,12.4706,13.752,10.0198,13.9752,12.9476,13.7634
IMUNet-YawAug,12.300,12.6,13.7335,10.1816,14.0224,13.1303,13.7348
IMUNet-YawAug,12.400,12.7269,13.7191,10.3451,14.0338,13.3202,13.7148
IMUNet-YawAug,12.500,12.8575,13.7035,10.5046,14.0481,13.5094,13.7103
IMUNet-YawAug,12.600,12.993,13.6839,10.6621,14.0708,13.6995,13.671
IMUNet-YawAug,12.700,13.1284,13.6596,10.8233,14.0863,13.8633,13.6383
IMUNet-YawAug,12.800,13.2588,13.6277,10.9789,14.0945,14.0232,13.6562
IMUNet-YawAug,12.900,13.3821,13.5868,11.1357,14.1206,14.1721,13.6969
IMUNet-YawAug,13.000,13.5024,13.5411,11.289,14.124,14.3134,13.6304
IMUNet-YawAug,13.100,13.625,13.4941,11.4327,14.1749,14.4676,13.5852
IMUNet-YawAug,13.200,13.7492,13.4467,11.5827,14.1527,14.6206,13.4941
IMUNet-YawAug,13.300,13.874,13.4058,11.7491,14.1534,14.7949,13.4196
IMUNet-YawAug,13.400,13.9987,13.3751,11.9159,14.129,14.9761,13.3717
IMUNet-YawAug,13.500,14.1272,13.3505,12.0777,14.0967,15.1843,13.3366
IMUNet-YawAug,13.600,14.2626,13.3264,12.2405,14.0495,15.3829,13.2955
IMUNet-YawAug,13.700,14.3998,13.2976,12.4112,14.0192,15.5615,13.264
IMUNet-YawAug,13.800,14.5308,13.2631,12.584,13.9802,15.744,13.2228
IMUNet-YawAug,13.900,14.6549,13.2188,12.7461,13.9365,15.8981,13.2016
IMUNet-YawAug,14.000,14.7792,13.1711,12.9053,13.9141,16.0754,13.174
IMUNet-YawAug,14.100,14.9092,13.1259,13.0567,13.9699,16.2561,13.1951
IMUNet-YawAug,14.200,15.0411,13.0839,13.2208,13.9901,16.4604,13.1677
IMUNet-YawAug,14.300,15.1675,13.045,13.3908,14.0222,16.6568,13.148
IMUNet-YawAug,14.400,15.2941,13.0139,13.5453,14.0704,16.8445,13.1184
IMUNet-YawAug,14.500,15.4221,12.9867,13.7049,14.0685,17.0488,13.1129
IMUNet-YawAug,14.600,15.5555,12.9571,13.8692,14.064,17.2489,13.0853
IMUNet-YawAug,14.700,15.6896,12.9255,14.0257,14.0611,17.4155,13.0381
IMUNet-YawAug,14.800,15.8174,12.8934,14.1806,14.0901,17.5551,12.9962
IMUNet-YawAug,14.900,15.9427,12.8518,14.3337,14.0912,17.6725,12.9745
IMUNet-YawAug,15.000,16.0648,12.8063,14.471,14.1037,17.7868,12.9682
IMUNet-YawAug,15.100,16.1942,12.7639,14.5926,14.1936,17.8559,13.0183
IMUNet-YawAug,15.200,16.327,12.7229,14.7362,14.2238,17.9661,13.0
IMUNet-YawAug,15.300,16.4581,12.6866,14.8848,14.2426,18.0321,12.9622
IMUNet-YawAug,15.400,16.5875,12.6589,15.0172,14.2184,18.0976,12.9781
IMUNet-YawAug,15.500,16.7217,12.6383,15.1285,14.1528,18.2402,12.9647
IMUNet-YawAug,15.600,16.8628,12.6135,15.2554,14.0626,18.3919,12.8568
IMUNet-YawAug,15.700,17.0057,12.5853,15.4039,14.0042,18.5514,12.7602
IMUNet-YawAug,15.800,17.1374,12.5502,15.5425,13.905,18.6282,12.5953
IMUNet-YawAug,15.900,17.261,12.507,15.6808,13.8555,18.7479,12.4666
IMUNet-YawAug,16.000,17.3847,12.46,15.8316,13.8094,18.8695,12.3539
IMUNet-YawAug,16.100,17.51,12.4084,15.9949,13.8255,19.0461,12.3356
IMUNet-YawAug,16.200,17.6402,12.3565,16.1551,13.8324,19.2217,12.3001
IMUNet-YawAug,16.300,17.7648,12.3107,16.3143,13.884,19.4209,12.2893
IMUNet-YawAug,16.400,17.888,12.27,16.4521,13.9147,19.5941,12.2784
IMUNet-YawAug,16.500,18.0154,12.2262,16.5702,13.9361,19.7657,12.2458
IMUNet-YawAug,16.600,18.1487,12.1776,16.6716,13.952,19.9417,12.2807
IMUNet-YawAug,16.700,18.2839,12.1311,16.8128,13.9555,20.0909,12.2422
IMUNet-YawAug,16.800,18.4127,12.0859,16.9602,13.9376,20.2299,12.2513
IMUNet-YawAug,16.900,18.5351,12.0344,17.0516,13.9793,20.3503,12.244
IMUNet-YawAug,17.000,18.6547,11.9769,17.1868,14.0089,20.5165,12.2649
IMUNet-YawAug,17.100,18.7752,11.9145,17.2682,14.1323,20.6562,12.2886
IMUNet-YawAug,17.200,18.8989,11.8549,17.3815,14.157,20.8311,12.334
IMUNet-YawAug,17.300,19.0208,11.7981,17.5268,14.2311,20.9939,12.3954
IMUNet-YawAug,17.400,19.141,11.7482,17.6716,14.2709,21.1784,12.4056
IMUNet-YawAug,17.500,19.2643,11.7022,17.7902,14.2774,21.3461,12.3481
IMUNet-YawAug,17.600,19.3937,11.6569,17.9168,14.2491,21.5354,12.3343
IMUNet-YawAug,17.700,19.5253,11.6131,18.0665,14.2424,21.7232,12.3067
IMUNet-YawAug,17.800,19.6518,11.5708,18.2156,14.1971,21.8779,12.2425
IMUNet-YawAug,17.900,19.7749,11.5238,18.2734,14.165,22.0008,12.2333
IMUNet-YawAug,18.000,19.8948,11.4705,18.3973,14.1376,22.1414,12.2158
IMUNet-YawAug,18.100,20.0185,11.4144,18.5262,14.2074,22.2929,12.2172
IMUNet-YawAug,18.200,20.1456,11.3554,18.6075,14.2228,22.47,12.2334
IMUNet-YawAug,18.300,20.2708,11.2948,18.7519,14.2375,22.6162,12.2611
IMUNet-YawAug,18.400,20.3958,11.2403,18.8404,14.2866,22.8042,12.2822
IMUNet-YawAug,18.500,20.5261,11.1988,18.9391,14.2677,22.9646,12.2573
IMUNet-YawAug,18.600,20.6568,11.157,19.0425,14.259,23.1586,12.2059
IMUNet-YawAug,18.700,20.7928,11.1186,19.1548,14.2281,23.351,12.1724
IMUNet-YawAug,18.800,20.9231,11.0797,19.3046,14.2263,23.4899,12.1338
IMUNet-YawAug,18.900,21.0511,11.0387,19.3811,14.2114,23.5618,12.1461
IMUNet-YawAug,19.000,21.1762,10.9936,19.4748,14.2009,23.6436,12.145
IMUNet-YawAug,19.100,21.3056,10.9488,19.5238,14.2866,23.6996,12.1593
IMUNet-YawAug,19.200,21.4405,10.9047,19.5649,14.3336,23.7926,12.1862
IMUNet-YawAug,19.300,21.5711,10.8628,19.6577,14.3732,23.8252,12.1848
IMUNet-YawAug,19.400,21.7024,10.8296,19.73,14.4582,23.9521,12.231
IMUNet-YawAug,19.500,21.8343,10.8047,19.809,14.5054,24.0504,12.2598
IMUNet-YawAug,19.600,21.9744,10.7844,19.8719,14.5873,24.2272,12.2958
IMUNet-YawAug,19.700,22.1178,10.7654,19.9799,14.6536,24.4132,12.3295
IMUNet-YawAug,19.800,22.2576,10.7473,20.0931,14.7254,24.5636,12.3659
IMUNet-YawAug,19.900,22.3927,10.7235,20.1869,14.7526,24.7224,12.3889
IMUNet-YawAug,20.000,22.5232,10.6954,20.3232,14.8078,24.8622,12.372
IMUNet-YawAug,20.100,22.6569,10.664,20.4419,14.9188,25.0146,12.3837
IMUNet-YawAug,20.200,22.7912,10.6316,20.5651,14.9933,25.2051,12.3685
IMUNet-YawAug,20.300,22.9252,10.5994,20.7147,15.0499,25.3729,12.4212
IMUNet-YawAug,20.400,23.0576,10.5732,20.8404,15.1105,25.5743,12.4059
IMUNet-YawAug,20.500,23.1909,10.5548,20.9807,15.0784,25.7571,12.385
IMUNet-YawAug,20.600,23.3292,10.5374,21.1114,15.0385,25.9604,12.3455
IMUNet-YawAug,20.700,23.4709,10.5196,21.263,14.9971,26.1571,12.3104
IMUNet-YawAug,20.800,23.6079,10.5016,21.4158,14.9289,26.3181,12.2684
IMUNet-YawAug,20.900,23.737,10.4802,21.5431,14.846,26.4567,12.2549
IMUNet-YawAug,21.000,23.8647,10.4528,21.6733,14.7861,26.5636,12.2478
IMUNet-YawAug,21.100,23.9996,10.4197,21.7838,14.8,26.7024,12.242
IMUNet-YawAug,21.200,24.1351,10.3846,21.8741,14.7674,26.8586,12.2336
IMUNet-YawAug,21.300,24.268,10.3496,22.0227,14.7618,26.9698,12.2358
IMUNet-YawAug,21.400,24.3933,10.3229,22.1468,14.7977,27.1442,12.2471
IMUNet-YawAug,21.500,24.5231,10.3019,22.2706,14.7433,27.2843,12.2301
IMUNet-YawAug,21.600,24.6598,10.2841,22.3833,14.7311,27.4829,12.237
IMUNet-YawAug,21.700,24.8026,10.2666,22.5177,14.6914,27.6715,12.2486
IMUNet-YawAug,21.800,24.9427,10.2503,22.6641,14.6678,27.7836,12.215
IMUNet-YawAug,21.900,25.0768,10.2293,22.7942,14.6158,27.8996,12.2289
IMUNet-YawAug,22.000,25.2074,10.2022,22.9414,14.5811,27.9915,12.2339
IMUNet-YawAug,22.100,25.3416,10.1698,23.0599,14.5974,28.1364,12.2374
IMUNet-YawAug,22.200,25.477,10.1372,23.1925,14.611,28.2861,12.2676
IMUNet-YawAug,22.300,25.6126,10.1073,23.3489,14.6294,28.4095,12.3139
IMUNet-YawAug,22.400,25.7452,10.0822,23.4859,14.6756,28.5695,12.3391
IMUNet-YawAug,22.500,25.8778,10.0645,23.642,14.6493,28.7213,12.3205
IMUNet-YawAug,22.600,26.0145,10.0498,23.7779,14.6573,28.9132,12.3158
IMUNet-YawAug,22.700,26.1604,10.035,23.9398,14.6343,29.0933,12.3004
IMUNet-YawAug,22.800,26.3003,10.0204,24.1133,14.6228,29.1868,12.2735
IMUNet-YawAug,22.900,26.431,9.9976,24.2862,14.5927,29.2954,12.2366
IMUNet-YawAug,23.000,26.5598,9.9675,24.4461,14.5923,29.395,12.187
IMUNet-YawAug,23.100,26.6917,9.9326,24.5935,14.6261,29.5467,12.1765
IMUNet-YawAug,23.200,26.8276,9.8959,24.7435,14.6494,29.7038,12.1595
IMUNet-YawAug,23.300,26.9605,9.8588,24.9065,14.6656,29.8234,12.1649
IMUNet-YawAug,23.400,27.0925,9.8286,25.0541,14.7213,30.02,12.1906
IMUNet-YawAug,23.500,27.2248,9.8063,25.2028,14.6859,30.1933,12.2142
IMUNet-YawAug,23.600,27.3623,9.7839,25.3332,14.7018,30.3956,12.2159
IMUNet-YawAug,23.700,27.5053,9.762,25.4744,14.6749,30.5848,12.2098
IMUNet-YawAug,23.800,27.6476,9.7399,25.6369,14.6668,30.7325,12.1693
IMUNet-YawAug,23.900,27.7819,9.712,25.7785,14.6173,30.8795,12.0941
IMUNet-YawAug,24.000,27.9123,9.6789,25.9409,14.5859,31.0002,11.995
IMUNet-YawAug,24.100,28.047,9.6435,26.1007,14.5856,31.1439,11.9221
IMUNet-YawAug,24.200,28.1848,9.6061,26.2467,14.5538,31.2909,11.8446
IMUNet-YawAug,24.300,28.3219,9.5708,26.4175,14.5254,31.4,11.7673
IMUNet-YawAug,24.400,28.453,9.5401,26.5835,14.4997,31.5791,11.6941
IMUNet-YawAug,24.500,28.5849,9.5152,26.737,14.4269,31.7285,11.5982
IMUNet-YawAug,24.600,28.7228,9.4915,26.8989,14.3631,31.92,11.5093
IMUNet-YawAug,24.700,28.8648,9.466,27.0556,14.2874,32.1142,11.4509
IMUNet-YawAug,24.800,29.0029,9.4355,27.2262,14.224,32.2685,11.3773
IMUNet-YawAug,24.900,29.1336,9.3982,27.3822,14.138,32.4353,11.3152
IMUNet-YawAug,25.000,29.2606,9.3571,27.5522,14.097,32.582,11.2406
IMUNet-YawAug,25.100,29.3914,9.3131,27.717,14.0883,32.7284,11.1722
IMUNet-YawAug,25.200,29.5246,9.269,27.8709,14.0427,32.9074,11.1051
IMUNet-YawAug,25.300,29.6549,9.2244,28.0438,14.0259,33.0594,11.0489
IMUNet-YawAug,25.400,29.7828,9.1851,28.1947,13.9988,33.2342,10.9466
IMUNet-YawAug,25.500,29.9134,9.1516,28.3309,13.9073,33.3614,10.8198
IMUNet-YawAug,25.600,30.0494,9.1177,28.4773,13.8229,33.5304,10.7005
IMUNet-YawAug,25.700,30.181,9.0812,28.6031,13.738,33.6946,10.6105
IMUNet-YawAug,25.800,30.3153,9.0405,28.7468,13.66,33.801,10.5109
IMUNet-YawAug,25.900,30.4419,8.9937,28.8301,13.5698,33.8424,10.4614
IMUNet-YawAug,26.000,30.5678,8.9423,28.9499,13.4872,33.9184,10.3981
IMUNet-YawAug,26.100,30.6969,8.8913,29.0459,13.4867,34.0157,10.3534
IMUNet-YawAug,26.200,30.8319,8.8421,29.1294,13.4434,34.1445,10.3395
IMUNet-YawAug,26.300,30.9623,8.7952,29.2539,13.4351,34.2109,10.3338
IMUNet-YawAug,26.400,31.0902,8.7564,29.3263,13.4242,34.3309,10.3295
IMUNet-YawAug,26.500,31.2206,8.7267,29.3435,13.351,34.4444,10.2793
IMUNet-YawAug,26.600,31.3632,8.694,29.3996,13.3019,34.6066,10.2349
IMUNet-YawAug,26.700,31.5047,8.668,29.5029,13.2452,34.774,10.1771
IMUNet-YawAug,26.800,31.6413,8.6425,29.607,13.1791,34.8801,10.1264
IMUNet-YawAug,26.900,31.7708,8.6119,29.6274,13.1023,34.9768,10.0765
IMUNet-YawAug,27.000,31.8987,8.5752,29.7348,13.026,35.0474,9.9645
IMUNet-YawAug,27.100,32.0302,8.5362,29.8185,13.0309,35.1728,9.8857
IMUNet-YawAug,27.200,32.165,8.4981,29.931,12.9711,35.3032,9.7671
IMUNet-YawAug,27.300,32.2965,8.461,30.0814,12.9807,35.4718,9.7181
IMUNet-YawAug,27.400,32.4255,8.4304,30.2206,12.9399,35.5903,9.592
IMUNet-YawAug,27.500,32.5569,8.4081,30.333,12.8718,35.6976,9.4647
IMUNet-YawAug,27.600,32.6944,8.3856,30.4594,12.7928,35.8173,9.3383
IMUNet-YawAug,27.700,32.8298,8.3664,30.5888,12.7053,35.9611,9.2336
IMUNet-YawAug,27.800,32.9645,8.3438,30.7229,12.5822,36.1316,9.1542
IMUNet-YawAug,27.900,33.0937,8.3151,30.8425,12.4549,36.2848,9.0637
IMUNet-YawAug,28.000,33.2196,8.2792,30.9825,12.3589,36.422,8.9761
IMUNet-YawAug,28.100,33.3499,8.2368,31.1277,12.2661,36.591,8.9331
IMUNet-YawAug,28.200,33.4807,8.1898,31.2722,12.2021,36.76,8.8759
IMUNet-YawAug,28.300,33.6085,8.1457,31.4258,12.1779,36.921,8.8213
IMUNet-YawAug,28.400,33.7354,8.1056,31.5763,12.1332,37.0995,8.7717
IMUNet-YawAug,28.500,33.8637,8.0724,31.72,12.1141,37.2829,8.7375
IMUNet-YawAug,28.600,33.998,8.0421,31.8584,12.0511,37.4555,8.6959
IMUNet-YawAug,28.700,34.1365,8.0086,32.0107,12.0273,37.5967,8.6113
IMUNet-YawAug,28.800,34.2701,7.9722,32.1852,11.979,37.7557,8.5634
IMUNet-YawAug,28.900,34.3951,7.9265,32.3483,11.9551,37.9289,8.5036
IMUNet-YawAug,29.000,34.5149,7.8739,32.5028,11.9069,38.0813,8.4293
IMUNet-YawAug,29.100,34.6362,7.8144,32.6693,11.8876,38.2574,8.3527
IMUNet-YawAug,29.200,34.7587,7.7548,32.8317,11.8433,38.4335,8.2683
IMUNet-YawAug,29.300,34.8765,7.6973,33.0069,11.8127,38.6307,8.2054
IMUNet-YawAug,29.400,34.9937,7.6433,33.1662,11.7595,38.8075,8.1031
IMUNet-YawAug,29.500,35.1116,7.5942,33.3108,11.6826,38.9579,7.9723
IMUNet-YawAug,29.600,35.2327,7.544,33.4482,11.6149,39.1094,7.8541
IMUNet-YawAug,29.700,35.3524,7.4906,33.571,11.5018,39.2179,7.7003
IMUNet-YawAug,29.800,35.4691,7.4332,33.7163,11.3938,39.357,7.569
IMUNet-YawAug,29.900,35.5777,7.3691,33.8472,11.2841,39.4538,7.4176
IMUNet-YawAug,30.000,35.6808,7.2989,33.9683,11.1888,39.5573,7.2804
IMUNet-YawAug,30.100,35.7821,7.2233,34.1094,11.1125,39.7041,7.1795
IMUNet-YawAug,30.200,35.8828,7.1402,34.2248,11.0115,39.818,7.0447
IMUNet-YawAug,30.300,35.9773,7.0556,34.3446,10.9043,39.943,6.9144
IMUNet-YawAug,30.400,36.07,6.976,34.4582,10.7906,40.0699,6.7857
IMUNet-YawAug,30.500,36.1664,6.9005,34.5531,10.6661,40.1631,6.638
IMUNet-YawAug,30.600,36.2648,6.8233,34.6086,10.5215,40.2208,6.4733
IMUNet-YawAug,30.700,36.3616,6.7385,34.6084,10.375,40.2145,6.313
IMUNet-YawAug,30.800,36.4477,6.6492,34.5792,10.2207,40.1705,6.1557
IMUNet-YawAug,30.900,36.5216,6.5545,34.5274,10.0716,40.0916,6.0011
IMUNet-YawAug,31.000,36.5826,6.4537,34.4883,9.9366,40.0238,5.8625
IMUNet-YawAug,31.100,36.6313,6.3444,34.4767,9.8019,39.9839,5.7193
IMUNet-YawAug,31.200,36.6646,6.2265,34.4465,9.6661,39.9191,5.5765
IMUNet-YawAug,31.300,36.6802,6.1094,34.4052,9.5353,39.8482,5.4422
IMUNet-YawAug,31.400,36.6921,5.9975,34.3847,9.403,39.789,5.2973
IMUNet-YawAug,31.500,36.707,5.8908,34.3712,9.2771,39.7368,5.1599
IMUNet-YawAug,31.600,36.7205,5.7778,34.3189,9.1489,39.6626,5.0248
IMUNet-YawAug,31.700,36.7263,5.6662,34.2145,9.0347,39.5387,4.9293
IMUNet-YawAug,31.800,36.7135,5.5608,34.1422,8.9319,39.4424,4.8233
IMUNet-YawAug,31.900,36.6837,5.4632,34.0211,8.8156,39.2901,4.7351
IMUNet-YawAug,32.000,36.638,5.3724,33.8889,8.7146,39.1433,4.78
IMUNet-YawAug,32.100,36.578,5.29,33.7636,8.6058,38.9896,4.7976
IMUNet-YawAug,32.200,36.5062,5.2093,33.6278,8.5215,38.8362,4.8294
IMUNet-YawAug,32.300,36.4322,5.1403,33.48,8.4386,38.672,4.9086
IMUNet-YawAug,32.400,36.359,5.0697,33.3314,8.3567,38.5106,4.9405
IMUNet-YawAug,32.500,36.2795,5.001,33.1822,8.2832,38.3427,4.9093
IMUNet-YawAug,32.600,36.186,4.9376,33.0427,8.1898,38.1799,4.869
IMUNet-YawAug,32.700,36.0818,4.8799,32.8824,8.128,38.0175,4.8199
IMUNet-YawAug,32.800,35.9734,4.8351,32.7211,8.0735,37.8588,4.7775
IMUNet-YawAug,32.900,35.8621,4.8109,32.5414,8.0435,37.675,4.7777
IMUNet-YawAug,33.000,35.7459,4.799,32.3589,8.0056,37.4786,4.7394
IMUNet-YawAug,33.100,35.6223,4.7965,32.1765,7.9492,37.2814,4.6893
IMUNet-YawAug,33.200,35.4998,4.7982,32.0001,7.8969,37.0754,4.6562
IMUNet-YawAug,33.300,35.3779,4.8029,31.816,7.8434,36.8743,4.6434
IMUNet-YawAug,33.400,35.2565,4.8072,31.6278,7.8324,36.6817,4.657
IMUNet-YawAug,33.500,35.1323,4.8104,31.4456,7.8328,36.4842,4.694
IMUNet-YawAug,33.600,34.9999,4.8188,31.2663,7.8185,36.283,4.7044
IMUNet-YawAug,33.700,34.8614,4.8303,31.0869,7.8194,36.0844,4.7121
IMUNet-YawAug,33.800,34.725,4.8447,30.9144,7.8185,35.9104,4.6971
IMUNet-YawAug,33.900,34.5963,4.8712,30.7384,7.8163,35.7406,4.6833
IMUNet-YawAug,34.000,34.4711,4.9035,30.5751,7.7674,35.58,4.6631
IMUNet-YawAug,34.100,34.3428,4.9372,30.4126,7.7164,35.4246,4.6104
IMUNet-YawAug,34.200,34.2117,4.9709,30.2505,7.6508,35.2436,4.5776
IMUNet-YawAug,34.300,34.0828,5.0026,30.1023,7.5531,35.086,4.5054
IMUNet-YawAug,34.400,33.9552,5.0302,29.9179,7.5162,34.8921,4.4832
IMUNet-YawAug,34.500,33.826,5.051,29.7385,7.4937,34.7185,4.4694
IMUNet-YawAug,34.600,33.6896,5.0677,29.5572,7.489,34.5143,4.4828
IMUNet-YawAug,34.700,33.5468,5.0842,29.3769,7.4909,34.314,4.4855
IMUNet-YawAug,34.800,33.4077,5.1008,29.2066,7.5034,34.1366,4.4815
IMUNet-YawAug,34.900,33.2765,5.1241,29.032,7.5038,33.9835,4.4624
IMUNet-YawAug,35.000,33.1487,5.1545,28.8649,7.4695,33.8276,4.4286
IMUNet-YawAug,35.100,33.0167,5.1888,28.7063,7.4114,33.6729,4.4047
IMUNet-YawAug,35.200,32.8803,5.2225,28.5352,7.3545,33.5348,4.4526
IMUNet-YawAug,35.300,32.7461,5.2543,28.3835,7.2608,33.3691,4.4275
IMUNet-YawAug,35.400,32.6129,5.2771,28.2131,7.1933,33.179,4.3864
IMUNet-YawAug,35.500,32.4765,5.2927,28.0444,7.1504,33.0025,4.3466
IMUNet-YawAug,35.600,32.3355,5.3055,27.8692,7.1082,32.8,4.34
IMUNet-YawAug,35.700,32.1938,5.3169,27.6876,7.09,32.6047,4.3293
IMUNet-YawAug,35.800,32.0569,5.3292,27.5005,7.0883,32.4142,4.3309
IMUNet-YawAug,35.900,31.9255,5.3481,27.3194,7.0892,32.2325,4.3609
IMUNet-YawAug,36.000,31.7951,5.3749,27.1412,7.0637,32.0568,4.4097
IMUNet-YawAug,36.100,31.6602,5.4057,26.9604,7.0405,31.8771,4.4559
IMUNet-YawAug,36.200,31.5235,5.4388,26.7788,6.9984,31.6876,4.5017
IMUNet-YawAug,36.300,31.3899,5.4744,26.612,6.931,31.5105,4.5577
IMUNet-YawAug,36.400,31.259,5.504,26.4204,6.918,31.3164,4.619
IMUNet-YawAug,36.500,31.1277,5.5262,26.2413,6.9253,31.1414,4.6699
IMUNet-YawAug,36.600,30.99,5.5477,26.0645,6.9442,30.9502,4.7432
IMUNet-YawAug,36.700,30.8479,5.5685,25.8915,6.9692,30.7656,4.7923
IMUNet-YawAug,36.800,30.7083,5.5903,25.8016,6.9803,30.6623,4.8558
IMUNet-YawAug,36.900,30.5772,5.6209,25.6798,7.0111,30.5603,4.8832
IMUNet-YawAug,37.000,30.4502,5.661,25.5461,7.0248,30.4597,4.9646
IMUNet-YawAug,37.100,30.3194,5.7036,25.3969,7.0317,30.3174,4.9968
IMUNet-YawAug,37.200,30.185,5.7457,25.2259,7.0054,30.1674,5.0439
IMUNet-YawAug,37.300,30.0529,5.7858,25.0943,6.9459,30.055,5.0711
IMUNet-YawAug,37.400,29.9213,5.8198,24.9133,6.9054,29.8694,5.044
IMUNet-YawAug,37.500,29.7892,5.8441,24.7442,6.8938,29.7043,5.0292
IMUNet-YawAug,37.600,29.6527,5.8692,24.5615,6.8812,29.4989,5.0311
IMUNet-YawAug,37.700,29.5145,5.8951,24.382,6.8679,29.3022,5.0346
IMUNet-YawAug,37.800,29.3802,5.9205,24.2142,6.8479,29.1297,5.0407
IMUNet-YawAug,37.900,29.2526,5.952,24.0403,6.8459,28.9437,5.0626
IMUNet-YawAug,38.000,29.1278,5.9897,23.8737,6.8311,28.788,5.0998
IMUNet-YawAug,38.100,28.9987,6.03,23.6861,6.8435,28.6034,5.1535
IMUNet-YawAug,38.200,28.8665,6.0683,23.5033,6.8473,28.422,5.1985
IMUNet-YawAug,38.300,28.7374,6.1031,23.3177,6.834,28.2456,5.261
IMUNet-YawAug,38.400,28.6108,6.1363,23.1264,6.8676,28.0636,5.3454
IMUNet-YawAug,38.500,28.4833,6.1617,22.9414,6.8957,27.899,5.4189
IMUNet-YawAug,38.600,28.3498,6.1848,22.7614,6.9388,27.734,5.5198
IMUNet-YawAug,38.700,28.2112,6.2107,22.5917,6.9707,27.5942,5.635
IMUNet-YawAug,38.800,28.0783,6.2377,22.4382,6.9953,27.4173,5.6852
IMUNet-YawAug,38.900,27.953,6.2713,22.2878,7.0297,27.2884,5.8044
IMUNet-YawAug,39.000,27.8317,6.3127,22.1444,7.0012,27.156,5.8789
IMUNet-YawAug,39.100,27.71,6.3598,22.0097,6.976,27.0215,5.8851
IMUNet-YawAug,39.200,27.5862,6.4101,21.8796,6.9358,26.8815,5.9478
IMUNet-YawAug,39.300,27.4671,6.4609,21.7624,6.866,26.7197,5.9312
IMUNet-YawAug,39.400,27.3487,6.5064,21.6111,6.8135,26.5605,5.9359
IMUNet-YawAug,39.500,27.2299,6.5447,21.4783,6.7493,26.4132,5.8573
IMUNet-YawAug,39.600,27.1096,6.5798,21.3675,6.6876,26.2831,5.7859
IMUNet-YawAug,39.700,26.9887,6.6195,21.2644,6.6454,26.1913,5.7382
IMUNet-YawAug,39.800,26.8727,6.6651,21.1687,6.6305,26.0894,5.722
IMUNet-YawAug,39.900,26.7638,6.7169,21.1098,6.667,26.0111,5.7333
IMUNet-YawAug,40.000,26.6583,6.7729,21.0471,6.7294,25.9869,5.7825
IMUNet-YawAug,40.100,26.551,6.8296,20.9745,6.8263,25.9539,5.8632
IMUNet-YawAug,40.200,26.4459,6.886,20.9003,6.8933,25.9017,5.9626
IMUNet-YawAug,40.300,26.3454,6.9416,20.8245,6.9656,25.8313,6.0636
IMUNet-YawAug,40.400,26.2502,6.9964,20.7903,7.0938,25.7655,6.187
IMUNet-YawAug,40.500,26.1608,7.0479,20.7321,7.2257,25.6947,6.3295
IMUNet-YawAug,40.600,26.0742,7.0946,20.6431,7.3574,25.6005,6.4685
IMUNet-YawAug,40.700,25.9926,7.1389,20.5315,7.4628,25.4858,6.5683
IMUNet-YawAug,40.800,25.9157,7.1833,20.4093,7.573,25.3554,6.6688
IMUNet-YawAug,40.900,25.8388,7.2306,20.2801,7.6164,25.3068,6.7839
IMUNet-YawAug,41.000,25.757,7.2805,20.1236,7.6328,25.1657,6.8375
IMUNet-YawAug,41.100,25.6721,7.3327,19.9735,7.6303,25.0321,6.9063
IMUNet-YawAug,41.200,25.5821,7.3813,19.8096,7.5995,24.8665,6.9576
IMUNet-YawAug,41.300,25.4824,7.4168,19.6495,7.5428,24.6796,6.9665
IMUNet-YawAug,41.400,25.3749,7.4417,19.4893,7.4869,24.5067,6.9723
IMUNet-YawAug,41.500,25.2617,7.464,19.3129,7.4832,24.3384,7.046
IMUNet-YawAug,41.600,25.143,7.4854,19.131,7.4814,24.1773,7.1251
IMUNet-YawAug,41.700,25.0191,7.5039,18.9533,7.505,23.9923,7.1827
IMUNet-YawAug,41.800,24.8955,7.5258,18.7729,7.5672,23.8257,7.2401
IMUNet-YawAug,41.900,24.7743,7.5581,18.5934,7.5964,23.6619,7.343
IMUNet-YawAug,42.000,24.6553,7.5986,18.4116,7.6202,23.4811,7.4154
IMUNet-YawAug,42.100,24.5331,7.6416,18.2369,7.63,23.2892,7.4559
IMUNet-YawAug,42.200,24.4069,7.6876,18.0543,7.6137,23.1048,7.5289
IMUNet-YawAug,42.300,24.2818,7.732,17.8769,7.5635,22.9341,7.6123
IMUNet-YawAug,42.400,24.1576,7.7668,17.6897,7.5413,22.7348,7.6355
IMUNet-YawAug,42.500,24.031,7.7944,17.5064,7.5128,22.5702,7.6893
IMUNet-YawAug,42.600,23.8971,7.8231,17.3194,7.4899,22.3803,7.7441
IMUNet-YawAug,42.700,23.7577,7.8541,17.1389,7.4947,22.1928,7.7841
IMUNet-YawAug,42.800,23.6237,7.8852,16.9571,7.4698,22.0067,7.8051
IMUNet-YawAug,42.900,23.495,7.9234,16.7817,7.4487,21.8244,7.8726
IMUNet-YawAug,43.000,23.3689,7.9711,16.6041,7.4185,21.6392,7.8974
IMUNet-YawAug,43.100,23.2403,8.0227,16.4338,7.3693,21.4527,7.9082
IMUNet-YawAug,43.200,23.1083,8.0726,16.256,7.3246,21.2649,7.924
IMUNet-YawAug,43.300,22.9787,8.1165,16.0843,7.2651,21.0812,7.9314
IMUNet-YawAug,43.400,22.8481,8.1484,15.9101,7.2287,20.9021,7.949
IMUNet-YawAug,43.500,22.7155,8.173,15.739,7.2087,20.7256,8.0101
IMUNet-YawAug,43.600,22.5791,8.1981,15.56,7.1944,20.5487,8.0725
IMUNet-YawAug,43.700,22.4415,8.2262,15.3955,7.2163,20.3701,8.115
IMUNet-YawAug,43.800,22.3067,8.2562,15.222,7.2697,20.1955,8.1904
IMUNet-YawAug,43.900,22.1765,8.2901,15.0662,7.2846,20.025,8.2277
IMUNet-YawAug,44.000,22.0475,8.327,14.8944,7.2938,19.8419,8.262
IMUNet-YawAug,44.100,21.9159,8.3658,14.7264,7.2654,19.6583,8.2837
IMUNet-YawAug,44.200,21.7838,8.3992,14.5435,7.2678,19.4599,8.3044
IMUNet-YawAug,44.300,21.6538,8.4274,14.3656,7.2095,19.259,8.3022
IMUNet-YawAug,44.400,21.5246,8.4491,14.1867,7.1783,19.0697,8.2997
IMUNet-YawAug,44.500,21.3943,8.4658,14.01,7.1347,18.8902,8.2601
IMUNet-YawAug,44.600,21.2578,8.4833,13.8303,7.1061,18.7591,8.3336
IMUNet-YawAug,44.700,21.1183,8.501,13.6729,7.0989,18.6097,8.384
IMUNet-YawAug,44.800,20.984,8.5199,13.5145,7.0735,18.4872,8.4312
IMUNet-YawAug,44.900,20.8549,8.5448,13.3454,7.0591,18.3281,8.5116
IMUNet-YawAug,45.000,20.7275,8.5756,13.1808,7.0246,18.1668,8.5634
IMUNet-YawAug,45.100,20.5981,8.6089,13.0242,6.9678,17.9753,8.5619
IMUNet-YawAug,45.200,20.465,8.6425,12.8495,6.9328,17.7954,8.5747
IMUNet-YawAug,45.300,20.3344,8.6729,12.665,6.8939,17.6036,8.5911
IMUNet-YawAug,45.400,20.2056,8.6956,12.4877,6.8717,17.4222,8.6324
IMUNet-YawAug,45.500,20.0771,8.7139,12.3089,6.8492,17.2412,8.6812
IMUNet-YawAug,45.600,19.9448,8.7353,12.1269,6.8171,17.0811,8.7283
IMUNet-YawAug,45.700,19.8101,8.7571,11.9681,6.8217,16.9208,8.7706
IMUNet-YawAug,45.800,19.6789,8.7793,11.8074,6.8004,16.7786,8.8029
IMUNet-YawAug,45.900,19.5479,8.8051,11.6655,6.7685,16.655,8.7949
IMUNet-YawAug,46.000,19.4232,8.8357,11.5396,6.6867,16.5614,8.7636
IMUNet-YawAug,46.100,19.2944,8.8666,11.4696,6.5962,16.4933,8.6952
IMUNet-YawAug,46.200,19.163,8.8963,11.3614,6.4809,16.3631,8.645
IMUNet-YawAug,46.300,19.0355,8.9224,11.2963,6.3523,16.2139,8.6303
IMUNet-YawAug,46.400,18.9096,8.9388,11.1465,6.2783,16.052,8.6522
IMUNet-YawAug,46.500,18.7827,8.9459,10.9939,6.207,15.869,8.6506
IMUNet-YawAug,46.600,18.6515,8.9491,10.8301,6.1345,15.6897,8.6241
IMUNet-YawAug,46.700,18.5164,8.9502,10.6693,6.0581,15.5128,8.621
IMUNet-YawAug,46.800,18.3863,8.9495,10.4983,5.9988,15.3311,8.6359
IMUNet-YawAug,46.900,18.2606,8.9551,10.3261,5.9441,15.1497,8.6736
IMUNet-YawAug,47.000,18.1345,8.9645,10.184,5.8631,14.9618,8.6537
IMUNet-YawAug,47.100,18.0057,8.9722,10.0541,5.7717,14.7773,8.6579
IMUNet-YawAug,47.200,17.8743,8.9758,9.9265,5.6772,14.5952,8.6442
IMUNet-YawAug,47.300,17.7468,8.9679,9.8199,5.5647,14.4572,8.61
IMUNet-YawAug,47.400,17.6239,8.9462,9.6781,5.49,14.2836,8.5469
IMUNet-YawAug,47.500,17.5059,8.9126,9.5464,5.4165,14.1098,8.6068
IMUNet-YawAug,47.600,17.3891,8.8701,9.4096,5.3662,13.9278,8.6255
IMUNet-YawAug,47.700,17.2742,8.8189,9.2757,5.3087,13.7504,8.6365
IMUNet-YawAug,47.800,17.1698,8.7634,9.1532,5.2348,13.5941,8.5949
IMUNet-YawAug,47.900,17.0729,8.709,9.023,5.1583,13.4493,8.5106
IMUNet-YawAug,48.000,16.9783,8.6513,8.9221,5.0617,13.3117,8.4079
IMUNet-YawAug,48.100,16.8866,8.5833,8.8402,4.9479,13.1836,8.2825
IMUNet-YawAug,48.200,16.8014,8.5057,8.7763,4.8223,13.0989,8.1417
IMUNet-YawAug,48.300,16.7309,8.422,8.7266,4.6991,13.0201,8.0006
IMUNet-YawAug,48.400,16.6716,8.3317,8.6605,4.5609,12.9211,7.8488
IMUNet-YawAug,48.500,16.6279,8.2352,8.6291,4.4198,12.8204,7.7043
IMUNet-YawAug,48.600,16.5941,8.1313,8.5809,4.2789,12.7289,7.565
IMUNet-YawAug,48.700,16.5694,8.0214,8.559,4.1311,12.6391,7.4194
IMUNet-YawAug,48.800,16.5561,7.9137,8.5708,3.9756,12.5989,7.2497
IMUNet-YawAug,48.900,16.5495,7.8125,8.5767,3.8118,12.5832,7.0915
IMUNet-YawAug,49.000,16.5492,7.7132,8.5836,3.6526,12.577,6.9516
IMUNet-YawAug,49.100,16.5595,7.61,8.6072,3.5059,12.6221,6.7953
IMUNet-YawAug,49.200,16.5796,7.5035,8.6567,3.343,12.6503,6.6151
IMUNet-YawAug,49.300,16.6066,7.3999,8.7094,3.2036,12.6819,6.4579
IMUNet-YawAug,49.400,16.6489,7.3044,8.755,3.1023,12.7038,6.3216
IMUNet-YawAug,49.500,16.7054,7.2174,8.7851,2.9447,12.7514,6.1619
IMUNet-YawAug,49.600,16.773,7.1328,8.8322,2.7999,12.8461,6.0131
IMUNet-YawAug,49.700,16.8518,7.0486,8.8885,2.658,12.9047,5.8424
IMUNet-YawAug,49.800,16.9344,6.9694,8.9906,2.5329,13.0083,5.6942
IMUNet-YawAug,49.900,17.0144,6.8949,9.1166,2.41,13.1341,5.556
IMUNet-YawAug,50.000,17.0927,6.82,9.2556,2.3542,13.2717,5.4628
IMUNet-YawAug,50.100,17.1779,6.7433,9.3895,2.3145,13.4,5.3733
IMUNet-YawAug,50.200,17.2708,6.6647,9.5513,2.3319,13.5805,5.3227
IMUNet-YawAug,50.300,17.3672,6.5851,9.7028,2.3409,13.7423,5.2699
IMUNet-YawAug,50.400,17.4661,6.5111,9.8645,2.3584,13.9131,5.2178
IMUNet-YawAug,50.500,17.5721,6.4504,10.0107,2.3731,14.0962,5.1978
IMUNet-YawAug,50.600,17.6839,6.3934,10.159,2.3336,14.287,5.1607
IMUNet-YawAug,50.700,17.8026,6.3353,10.3087,2.2962,14.4854,5.1398
IMUNet-YawAug,50.800,17.9242,6.2785,10.4667,2.2484,14.6587,5.0826
IMUNet-YawAug,50.900,18.0427,6.222,10.6186,2.1898,14.8167,5.0193
IMUNet-YawAug,51.000,18.1557,6.158,10.7571,2.1407,14.9583,4.959
IMUNet-YawAug,51.100,18.2698,6.0911,10.8998,2.1192,15.1131,4.9099
IMUNet-YawAug,51.200,18.3875,6.0217,11.0413,2.1472,15.2561,4.8954
IMUNet-YawAug,51.300,18.5074,5.9519,11.1631,2.1469,15.4247,4.8445
IMUNet-YawAug,51.400,18.6274,5.8851,11.3079,2.1983,15.5932,4.8121
IMUNet-YawAug,51.500,18.7488,5.8301,11.4292,2.2548,15.7547,4.7929
IMUNet-YawAug,51.600,18.8737,5.7821,11.5588,2.2545,15.9029,4.7483
IMUNet-YawAug,51.700,19.0047,5.7357,11.6817,2.2712,16.0654,4.6657
IMUNet-YawAug,51.800,19.1383,5.6926,11.8448,2.2412,16.2432,4.5966
IMUNet-YawAug,51.900,19.2666,5.6524,12.0236,2.2479,16.3879,4.5476
IMUNet-YawAug,52.000,19.3895,5.6082,12.1767,2.2762,16.5296,4.4961
IMUNet-YawAug,52.100,19.5116,5.5613,12.3439,2.2824,16.6975,4.469
IMUNet-YawAug,52.200,19.6371,5.5134,12.4963,2.3606,16.8685,4.4519
IMUNet-YawAug,52.300,19.7648,5.4657,12.6638,2.3738,17.0525,4.4106
IMUNet-YawAug,52.400,19.8894,5.4199,12.8333,2.4104,17.253,4.3989
IMUNet-YawAug,52.500,20.0172,5.3854,12.9939,2.4195,17.4381,4.3917
IMUNet-YawAug,52.600,20.1453,5.3559,13.1343,2.4129,17.6325,4.3552
IMUNet-YawAug,52.700,20.279,5.3239,13.2711,2.4208,17.8356,4.3578
IMUNet-YawAug,52.800,20.4158,5.2915,13.4262,2.3909,18.0305,4.3399
IMUNet-YawAug,52.900,20.5482,5.2593,13.5939,2.3748,18.1922,4.3474
IMUNet-YawAug,53.000,20.6751,5.2184,13.7324,2.3539,18.329,4.3073
IMUNet-YawAug,53.100,20.7992,5.1717,13.8838,2.309,18.5022,4.2794
IMUNet-YawAug,53.200,20.929,5.1202,14.0416,2.3399,18.6518,4.2646
IMUNet-YawAug,53.300,21.0586,5.0706,14.1938,2.3311,18.8391,4.2323
IMUNet-YawAug,53.400,21.1853,5.0234,14.3555,2.3645,18.972,4.1922
IMUNet-YawAug,53.500,21.3118,4.9813,14.5138,2.3743,19.1365,4.126
IMUNet-YawAug,53.600,21.4428,4.9453,14.6716,2.3623,19.2953,4.0485
IMUNet-YawAug,53.700,21.5793,4.9099,14.8342,2.347,19.4852,3.9872
IMUNet-YawAug,53.800,21.7191,4.8749,14.9998,2.3251,19.6693,3.9345
IMUNet-YawAug,53.900,21.8539,4.84,15.1777,2.303,19.8301,3.9087
IMUNet-YawAug,54.000,21.9834,4.7979,15.3434,2.2779,19.9782,3.8573
IMUNet-YawAug,54.100,22.11,4.7495,15.5016,2.2288,20.1452,3.821
IMUNet-YawAug,54.200,22.2389,4.6972,15.6623,2.2863,20.3029,3.7824
IMUNet-YawAug,54.300,22.3701,4.6448,15.8204,2.2668,20.4778,3.7236
IMUNet-YawAug,54.400,22.4993,4.5955,15.9863,2.2654,20.6323,3.6476
IMUNet-YawAug,54.500,22.6276,4.5535,16.1415,2.2589,20.8169,3.5816
IMUNet-YawAug,54.600,22.7581,4.5181,16.2914,2.2121,20.9752,3.5029
IMUNet-YawAug,54.700,22.8944,4.4819,16.4374,2.1681,21.1637,3.4535
IMUNet-YawAug,54.800,23.0315,4.4452,16.5863,2.092,21.3564,3.399
IMUNet-YawAug,54.900,23.1644,4.4085,16.7514,2.0361,21.5362,3.3604
IMUNet-YawAug,55.000,23.2906,4.3659,16.9038,1.9723,21.7076,3.2934
IMUNet-YawAug,55.100,23.4142,4.3163,17.0668,1.9159,21.8887,3.2372
IMUNet-YawAug,55.200,23.539,4.261,17.2413,1.9159,22.0779,3.2071
IMUNet-YawAug,55.300,23.6663,4.2053,17.4107,1.9104,22.2812,3.184
IMUNet-YawAug,55.400,23.7908,4.1515,17.584,1.9219,22.4764,3.1859
IMUNet-YawAug,55.500,23.9168,4.1009,17.7554,1.9226,22.6833,3.1479
IMUNet-YawAug,55.600,24.0452,4.0586,17.9149,1.8742,22.8698,3.1106
IMUNet-YawAug,55.700,24.1775,4.0193,18.0783,1.828,23.0814,3.0754
IMUNet-YawAug,55.800,24.3145,3.9793,18.2391,1.7669,23.283,3.0432
IMUNet-YawAug,55.900,24.4488,3.9393,18.4028,1.7409,23.4678,3.0442
IMUNet-YawAug,56.000,24.5761,3.8928,18.5428,1.6853,23.6172,3.0218
IMUNet-YawAug,56.100,24.6994,3.8421,18.6926,1.643,23.7935,2.9991
IMUNet-YawAug,56.200,24.8268,3.7875,18.8457,1.6819,23.9553,2.9692
IMUNet-YawAug,56.300,24.9573,3.7358,18.9933,1.6871,24.1569,2.9716
IMUNet-YawAug,56.400,25.0865,3.6874,19.158,1.7094,24.3381,2.952
IMUNet-YawAug,56.500,25.2134,3.646,19.3179,1.7235,24.5378,2.9435
IMUNet-YawAug,56.600,25.3422,3.612,19.4461,1.659,24.709,2.9051
IMUNet-YawAug,56.700,25.4763,3.5795,19.5968,1.6168,24.9165,2.8763
IMUNet-YawAug,56.800,25.6141,3.5486,19.7508,1.5417,25.1187,2.8507
IMUNet-YawAug,56.900,25.7497,3.5177,19.9075,1.4987,25.2921,2.814
IMUNet-YawAug,57.000,25.8791,3.4808,20.0368,1.4156,25.4366,2.7802
IMUNet-YawAug,57.100,26.0062,3.4393,20.1891,1.3672,25.5993,2.7645
IMUNet-YawAug,57.200,26.1374,3.3978,20.3444,1.3959,25.7584,2.7344
IMUNet-YawAug,57.300,26.2709,3.3579,20.4971,1.3971,25.943,2.7319
IMUNet-YawAug,57.400,26.403,3.321,20.668,1.4255,26.1138,2.7718
IMUNet-YawAug,57.500,26.5357,3.2933,20.8265,1.4815,26.3114,2.7959
IMUNet-YawAug,57.600,26.6684,3.2729,20.9723,1.4812,26.4958,2.8146
IMUNet-YawAug,57.700,26.8051,3.2543,21.1281,1.4835,26.6987,2.8219
IMUNet-YawAug,57.800,26.9433,3.2355,21.2781,1.4809,26.8849,2.8471
IMUNet-YawAug,57.900,27.079,3.2149,21.4559,1.4622,27.0072,2.815
IMUNet-YawAug,58.000,27.2057,3.1872,21.5997,1.4364,27.0673,2.7998
IMUNet-YawAug,58.100,27.3329,3.1526,21.7464,1.4151,27.1797,2.805
IMUNet-YawAug,58.200,27.4664,3.1162,21.892,1.4664,27.2793,2.7849
IMUNet-YawAug,58.300,27.6033,3.0817,22.0051,1.5089,27.4184,2.7691
IMUNet-YawAug,58.400,27.7381,3.0479,22.1313,1.5707,27.5035,2.7248
IMUNet-YawAug,58.500,27.8713,3.0204,22.2674,1.6465,27.6724,2.6947
IMUNet-YawAug,58.600,28.0078,2.9989,22.4074,1.643,27.7871,2.6422
IMUNet-YawAug,58.700,28.1485,2.9743,22.5545,1.6682,27.9747,2.5957
IMUNet-YawAug,58.800,28.292,2.9508,22.7161,1.6759,28.1713,2.5764
IMUNet-YawAug,58.900,28.4301,2.9283,22.8849,1.7133,28.3158,2.5479
IMUNet-YawAug,59.000,28.5613,2.8978,23.0441,1.7189,28.4799,2.5211
IMUNet-YawAug,59.100,28.6896,2.8611,23.216,1.6978,28.6478,2.513
IMUNet-YawAug,59.200,28.8206,2.8221,23.3827,1.7653,28.8083,2.512
IMUNet-YawAug,59.300,28.9546,2.7802,23.5559,1.7989,28.9987,2.5395
IMUNet-YawAug,59.400,29.0874,2.7422,23.7271,1.859,29.1701,2.5724
IMUNet-YawAug,59.500,29.2191,2.7116,23.8966,1.9115,29.3578,2.5867
IMUNet-YawAug,59.600,29.3522,2.6878,24.0414,1.9229,29.5382,2.5852
IMUNet-YawAug,59.700,29.4912,2.666,24.1922,1.9024,29.6958,2.5235
IMUNet-YawAug,59.800,29.6344,2.6462,24.3596,1.863,29.859,2.4589
IMUNet-YawAug,59.900,29.773,2.6252,24.5307,1.8417,30.037,2.4196
IMUNet-YawAug,60.000,29.9053,2.5996,24.6804,1.8285,30.1756,2.3878
IMUNet-YawAug,60.100,30.0371,2.5701,24.8258,1.849,30.294,2.3938
IMUNet-YawAug,60.200,30.1712,2.5425,24.9475,1.9321,30.4486,2.4109
IMUNet-YawAug,60.300,30.3078,2.5176,25.0701,1.9866,30.6002,2.3669
IMUNet-YawAug,60.400,30.4438,2.4922,25.2183,2.047,30.7586,2.4182
IMUNet-YawAug,60.500,30.5803,2.4756,25.3457,2.157,30.9467,2.4697
IMUNet-YawAug,60.600,30.7166,2.4638,25.4503,2.2455,31.1246,2.5102
IMUNet-YawAug,60.700,30.8563,2.4507,25.5427,2.3242,31.2961,2.5374
IMUNet-YawAug,60.800,30.9984,2.4362,25.633,2.391,31.4677,2.5354
IMUNet-YawAug,60.900,31.1371,2.4175,25.7361,2.4354,31.6162,2.5654
IMUNet-YawAug,61.000,31.2714,2.3885,25.8541,2.4621,31.7354,2.5172
IMUNet-YawAug,61.100,31.4054,2.3567,25.9829,2.4977,31.8869,2.4768
IMUNet-YawAug,61.200,31.5441,2.3219,26.0932,2.5534,32.0301,2.4938
IMUNet-YawAug,61.300,31.6844,2.2863,26.1989,2.631,32.1773,2.5495
IMUNet-YawAug,61.400,31.8195,2.257,26.3413,2.7027,32.3456,2.5921
IMUNet-YawAug,61.500,31.9536,2.2263,26.4819,2.7389,32.4876,2.5641
IMUNet-YawAug,61.600,32.0853,2.1977,26.6115,2.7477,32.6209,2.5366
IMUNet-YawAug,61.700,32.218,2.1636,26.7042,2.75,32.7912,2.5382
IMUNet-YawAug,61.800,32.3519,2.1295,26.8318,2.7535,32.9375,2.5347
IMUNet-YawAug,61.900,32.4808,2.0947,26.9736,2.7286,33.0419,2.456
IMUNet-YawAug,62.000,32.6058,2.051,27.0739,2.6162,33.1049,2.314
IMUNet-YawAug,62.100,32.7278,2.0041,27.1893,2.584,33.2474,2.2405
IMUNet-YawAug,62.200,32.8526,1.9553,27.3052,2.5678,33.3842,2.1257
IMUNet-YawAug,62.300,32.9815,1.9073,27.4326,2.5142,33.5056,2.0282
IMUNet-YawAug,62.400,33.1085,1.8604,27.5889,2.5031,33.6568,1.9352
IMUNet-YawAug,62.500,33.233,1.8192,27.7513,2.4919,33.8234,1.8474
IMUNet-YawAug,62.600,33.3559,1.786,27.8981,2.4704,33.9565,1.7467
IMUNet-YawAug,62.700,33.4804,1.7574,28.0275,2.4316,34.0895,1.6016
IMUNet-YawAug,62.800,33.6075,1.7246,28.1425,2.3938,34.2077,1.4494
IMUNet-YawAug,62.900,33.733,1.6844,28.2749,2.3129,34.3444,1.3095
IMUNet-YawAug,63.000,33.8468,1.6336,28.3832,2.2404,34.4558,1.1393
IMUNet-YawAug,63.100,33.9545,1.5778,28.5343,2.1627,34.5872,0.9823
IMUNet-YawAug,63.200,34.0572,1.5153,28.6812,2.0906,34.6891,0.813
IMUNet-YawAug,63.300,34.1595,1.4445,28.835,2.0162,34.8452,0.6878
IMUNet-YawAug,63.400,34.2583,1.3693,28.9974,1.9505,34.9932,0.5506
IMUNet-YawAug,63.500,34.3517,1.2979,29.1625,1.8917,35.1269,0.4019
IMUNet-YawAug,63.600,34.4453,1.2322,29.319,1.8142,35.2447,0.2511
IMUNet-YawAug,63.700,34.5412,1.1635,29.4722,1.7342,35.379,0.1123
IMUNet-YawAug,63.800,34.6387,1.0847,29.6233,1.6418,35.499,-0.037
IMUNet-YawAug,63.900,34.7384,1.0016,29.7747,1.562,35.6304,-0.1785
IMUNet-YawAug,64.000,34.8301,0.9146,29.9281,1.4672,35.7483,-0.3389
IMUNet-YawAug,64.100,34.9087,0.8191,30.0782,1.3658,35.8726,-0.5021
IMUNet-YawAug,64.200,34.9803,0.7172,30.2335,1.3017,35.9983,-0.6644
IMUNet-YawAug,64.300,35.0534,0.6104,30.3909,1.2312,36.166,-0.787
IMUNet-YawAug,64.400,35.1293,0.5003,30.5252,1.1118,36.2745,-0.9508
IMUNet-YawAug,64.500,35.2039,0.3946,30.6743,1.0199,36.3968,-1.106
IMUNet-YawAug,64.600,35.2754,0.2961,30.8079,0.9391,36.5228,-1.2696
IMUNet-YawAug,64.700,35.3523,0.2022,30.934,0.8394,36.6646,-1.3597
IMUNet-YawAug,64.800,35.43,0.1013,30.9989,0.7239,36.7781,-1.4759
IMUNet-YawAug,64.900,35.508,-0.0057,31.0208,0.5935,36.7884,-1.6648
IMUNet-YawAug,65.000,35.5803,-0.1128,31.032,0.42,36.7983,-1.8483
IMUNet-YawAug,65.100,35.6418,-0.2196,30.9605,0.2408,36.7409,-2.0474
IMUNet-YawAug,65.200,35.693,-0.3298,30.9547,0.0678,36.7708,-2.221
IMUNet-YawAug,65.300,35.739,-0.4441,30.9303,-0.0954,36.7562,-2.4109
IMUNet-YawAug,65.400,35.7807,-0.5612,30.9279,-0.2605,36.7855,-2.5882
IMUNet-YawAug,65.500,35.8154,-0.6763,30.9368,-0.4236,36.7982,-2.7562
IMUNet-YawAug,65.600,35.8478,-0.7889,30.9349,-0.5913,36.7977,-2.9208
IMUNet-YawAug,65.700,35.8769,-0.8987,30.9367,-0.751,36.7772,-3.0779
IMUNet-YawAug,65.800,35.8992,-1.0148,30.9339,-0.9088,36.7452,-3.248
IMUNet-YawAug,65.900,35.913,-1.1365,30.8767,-1.0539,36.6564,-3.3946
IMUNet-YawAug,66.000,35.9163,-1.2586,30.8049,-1.1922,36.5553,-3.5322
IMUNet-YawAug,66.100,35.9056,-1.3757,30.7121,-1.3331,36.4443,-3.6774
IMUNet-YawAug,66.200,35.8787,-1.4864,30.6082,-1.4544,36.3306,-3.8145
IMUNet-YawAug,66.300,35.8348,-1.5962,30.5211,-1.5954,36.2325,-3.968
IMUNet-YawAug,66.400,35.7852,-1.7047,30.4347,-1.7316,36.1317,-4.1137
IMUNet-YawAug,66.500,35.7268,-1.8063,30.3541,-1.8718,36.023,-4.2557
IMUNet-YawAug,66.600,35.6669,-1.9002,30.2615,-2.0133,35.8898,-4.3634
IMUNet-YawAug,66.700,35.6084,-1.9912,30.1648,-2.1438,35.7758,-4.4835
IMUNet-YawAug,66.800,35.5429,-2.082,30.0692,-2.2717,35.6526,-4.6075
IMUNet-YawAug,66.900,35.4677,-2.1718,29.9567,-2.387,35.5235,-4.6981
IMUNet-YawAug,67.000,35.3828,-2.2563,29.8352,-2.5051,35.3609,-4.7435
IMUNet-YawAug,67.100,35.2918,-2.3275,29.6999,-2.6056,35.1987,-4.8154
IMUNet-YawAug,67.200,35.1933,-2.3843,29.5602,-2.697,35.0822,-4.9314
IMUNet-YawAug,67.300,35.0889,-2.4319,29.4014,-2.7813,34.9117,-5.0002
IMUNet-YawAug,67.400,34.9782,-2.4747,29.2493,-2.8694,34.7549,-5.1017
IMUNet-YawAug,67.500,34.8632,-2.5093,29.0894,-2.945,34.5711,-5.135
IMUNet-YawAug,67.600,34.7493,-2.5403,28.929,-3.0168,34.4093,-5.1577
IMUNet-YawAug,67.700,34.6373,-2.5735,28.7566,-3.0548,34.2371,-5.1233
IMUNet-YawAug,67.800,34.5184,-2.6035,28.5866,-3.0946,34.0459,-5.1444
IMUNet-YawAug,67.900,34.3898,-2.629,28.4141,-3.1405,33.8609,-5.1493
IMUNet-YawAug,68.000,34.2561,-2.649,28.2374,-3.1778,33.6963,-5.1504
IMUNet-YawAug,68.100,34.1277,-2.6593,28.0883,-3.2213,33.5141,-5.1187
IMUNet-YawAug,68.200,34.0022,-2.6514,27.909,-3.2366,33.3336,-5.1143
IMUNet-YawAug,68.300,33.8772,-2.6349,27.7388,-3.2962,33.1554,-5.1029
IMUNet-YawAug,68.400,33.747,-2.6134,27.5623,-3.3332,32.9754,-5.1077
IMUNet-YawAug,68.500,33.616,-2.5891,27.3916,-3.3977,32.787,-5.0875
IMUNet-YawAug,68.600,33.4902,-2.5634,27.2126,-3.4493,32.599,-5.0817
IMUNet-YawAug,68.700,33.3663,-2.5445,27.04,-3.4952,32.4195,-5.0643
IMUNet-YawAug,68.800,33.2389,-2.5292,26.8566,-3.5054,32.2355,-5.0148
IMUNet-YawAug,68.900,33.1038,-2.5121,26.6767,-3.553,32.0401,-5.0025
IMUNet-YawAug,69.000,32.964,-2.4946,26.4945,-3.5586,31.8428,-4.9996
IMUNet-YawAug,69.100,32.8295,-2.4745,26.307,-3.5619,31.6732,-4.9979
IMUNet-YawAug,69.200,32.7001,-2.4431,26.126,-3.5616,31.536,-4.9449
IMUNet-YawAug,69.300,32.5751,-2.4022,25.9548,-3.5943,31.3825,-4.9402
IMUNet-YawAug,69.400,32.4463,-2.3579,25.7979,-3.666,31.2505,-5.0032
IMUNet-YawAug,69.500,32.3134,-2.3132,25.6316,-3.7272,31.0666,-4.983
IMUNet-YawAug,69.600,32.1845,-2.268,25.4889,-3.807,30.9123,-4.9489
IMUNet-YawAug,69.700,32.0573,-2.2307,25.3165,-3.85,30.7125,-4.9376
IMUNet-YawAug,69.800,31.9282,-2.2015,25.1453,-3.8875,30.5155,-4.9345
IMUNet-YawAug,69.900,31.7942,-2.1724,24.9676,-3.9126,30.3438,-4.9066
IMUNet-YawAug,70.000,31.6558,-2.1423,24.7879,-3.93,30.1518,-4.8848
IMUNet-YawAug,70.100,31.5189,-2.1105,24.6145,-3.9276,29.9877,-4.929
IMUNet-YawAug,70.200,31.3873,-2.0709,24.4372,-3.9466,29.8105,-4.8922
IMUNet-YawAug,70.300,31.2584,-2.0229,24.2523,-3.9486,29.6167,-4.848
IMUNet-YawAug,70.400,31.1252,-1.9701,24.069,-3.968,29.4424,-4.8053
IMUNet-YawAug,70.500,30.9873,-1.9178,23.8931,-4.0045,29.2594,-4.7711
IMUNet-YawAug,70.600,30.8529,-1.8698,23.7127,-4.054,29.1102,-4.7356
IMUNet-YawAug,70.700,30.7218,-1.8277,23.5257,-4.0612,28.9244,-4.6943
IMUNet-YawAug,70.800,30.5926,-1.7934,23.3528,-4.0592,28.7899,-4.6311
IMUNet-YawAug,70.900,30.4549,-1.7583,23.1777,-4.0408,28.6168,-4.5507
IMUNet-YawAug,71.000,30.312,-1.7225,23.0017,-4.0124,28.446,-4.4979
IMUNet-YawAug,71.100,30.1707,-1.6857,22.8578,-3.9906,28.3153,-4.4411
IMUNet-YawAug,71.200,30.0383,-1.6409,22.701,-3.9944,28.2081,-4.3975
IMUNet-YawAug,71.300,29.9089,-1.5888,22.5384,-4.0278,28.061,-4.3685
IMUNet-YawAug,71.400,29.7772,-1.5352,22.3702,-4.0775,27.9089,-4.3544
IMUNet-YawAug,71.500,29.6439,-1.4809,22.197,-4.1102,27.7278,-4.3186
IMUNet-YawAug,71.600,29.5133,-1.4296,22.0383,-4.1866,27.5689,-4.2862
IMUNet-YawAug,71.700,29.3848,-1.3863,21.8564,-4.2092,27.3627,-4.2859
IMUNet-YawAug,71.800,29.2536,-1.3505,21.6886,-4.2402,27.1999,-4.2723
IMUNet-YawAug,71.900,29.1194,-1.3159,21.5126,-4.2335,27.0088,-4.2227
IMUNet-YawAug,72.000,28.9808,-1.2805,21.3398,-4.2237,26.8184,-4.2085
IMUNet-YawAug,72.100,28.8438,-1.2464,21.225,-4.2075,26.695,-4.2046
IMUNet-YawAug,72.200,28.7146,-1.2047,21.0925,-4.1961,26.5906,-4.2285
IMUNet-YawAug,72.300,28.5888,-1.1559,20.9956,-4.2298,26.5038,-4.2669
IMUNet-YawAug,72.400,28.4627,-1.105,20.9053,-4.328,26.4195,-4.3365
IMUNet-YawAug,72.500,28.3314,-1.0522,20.7801,-4.4182,26.2873,-4.4075
IMUNet-YawAug,72.600,28.2034,-1.002,20.7181,-4.5409,26.2412,-4.4953
IMUNet-YawAug,72.700,28.0768,-0.9595,20.6049,-4.6381,26.1321,-4.5238
IMUNet-YawAug,72.800,27.9456,-0.9243,20.5152,-4.7221,26.0164,-4.4637
IMUNet-YawAug,72.900,27.8104,-0.8924,20.4034,-4.7931,25.9029,-4.4534
IMUNet-YawAug,73.000,27.6692,-0.8614,20.2423,-4.8129,25.7486,-4.4032
IMUNet-YawAug,73.100,27.534,-0.8325,20.1162,-4.8036,25.607,-4.39
IMUNet-YawAug,73.200,27.4045,-0.8005,19.953,-4.7895,25.5857,-4.3211
IMUNet-YawAug,73.300,27.2772,-0.7621,19.7924,-4.8016,25.5199,-4.2561
IMUNet-YawAug,73.400,27.1454,-0.7201,19.6254,-4.8101,25.4057,-4.1795
IMUNet-YawAug,73.500,27.0108,-0.6774,19.4535,-4.8261,25.2753,-4.0682
IMUNet-YawAug,73.600,26.8773,-0.6358,19.294,-4.8562,25.136,-4.0192
IMUNet-YawAug,73.700,26.7453,-0.6038,19.1136,-4.8599,25.0171,-3.9633
IMUNet-YawAug,73.800,26.6104,-0.5796,18.9436,-4.8779,24.8944,-3.9323
IMUNet-YawAug,73.900,26.4689,-0.5544,18.7644,-4.8868,24.7308,-3.8886
IMUNet-YawAug,74.000,26.3226,-0.5279,18.5895,-4.8653,24.5572,-3.8902
IMUNet-YawAug,74.100,26.1795,-0.4993,18.4542,-4.8807,24.4648,-3.9
IMUNet-YawAug,74.200,26.0427,-0.463,18.3289,-4.9218,24.4245,-3.8962
IMUNet-YawAug,74.300,25.9099,-0.4211,18.1809,-4.961,24.3605,-3.9227
IMUNet-YawAug,74.400,25.7733,-0.3755,18.0565,-5.027,24.3022,-3.9629
IMUNet-YawAug,74.500,25.6332,-0.3284,17.9072,-5.1178,24.2,-4.0104
IMUNet-YawAug,74.600,25.4966,-0.2843,17.7931,-5.1986,24.1143,-3.9807
IMUNet-YawAug,74.700,25.3609,-0.2509,17.6386,-5.2626,24.012,-4.004
IMUNet-YawAug,74.800,25.2233,-0.2242,17.4832,-5.3162,23.856,-4.0139
IMUNet-YawAug,74.900,25.076,-0.1951,17.3239,-5.3696,23.7168,-4.0182
IMUNet-YawAug,75.000,24.928,-0.1686,17.166,-5.3592,23.5622,-4.0109
IMUNet-YawAug,75.100,24.7858,-0.1419,17.0296,-5.4008,23.431,-4.0271
IMUNet-YawAug,75.200,24.6501,-0.1077,16.8805,-5.4078,23.309,-4.0302
IMUNet-YawAug,75.300,24.5157,-0.0685,16.7116,-5.4267,23.1648,-3.9851
IMUNet-YawAug,75.400,24.3779,-0.0274,16.5473,-5.463,23.0042,-3.9913
IMUNet-YawAug,75.500,24.238,0.0134,16.3697,-5.5025,22.8318,-3.9691
IMUNet-YawAug,75.600,24.1032,0.0498,16.1992,-5.5412,22.641,-3.976
IMUNet-YawAug,75.700,23.967,0.0759,16.014,-5.5588,22.4617,-3.9403
IMUNet-YawAug,75.800,23.83,0.0961,15.8379,-5.5906,22.2631,-3.9125
IMUNet-YawAug,75.900,23.686,0.1184,15.6535,-5.6181,22.0675,-3.8895
IMUNet-YawAug,76.000,23.5395,0.1439,15.4758,-5.6255,21.8963,-3.8916
IMUNet-YawAug,76.100,23.398,0.1724,15.2968,-5.6233,21.7132,-3.8194
IMUNet-YawAug,76.200,23.2629,0.209,15.1225,-5.653,21.5737,-3.7885
IMUNet-YawAug,76.300,23.1283,0.2496,14.9476,-5.6751,21.4094,-3.7504
IMUNet-YawAug,76.400,22.9927,0.2897,14.7748,-5.7373,21.2323,-3.7059
IMUNet-YawAug,76.500,22.8539,0.3295,14.596,-5.7537,21.0411,-3.6744
IMUNet-YawAug,76.600,22.7204,0.3653,14.4115,-5.773,20.8779,-3.5954
IMUNet-YawAug,76.700,22.5894,0.392,14.225,-5.7589,20.7051,-3.5239
IMUNet-YawAug,76.800,22.4555,0.4145,14.0397,-5.764,20.5029,-3.4778
IMUNet-YawAug,76.900,22.3162,0.4394,13.8487,-5.7436,20.308,-3.4351
IMUNet-YawAug,77.000,22.1744,0.4649,13.6742,-5.7098,20.1243,-3.3896
IMUNet-YawAug,77.100,22.0387,0.4937,13.4881,-5.6722,19.9449,-3.3181
IMUNet-YawAug,77.200,21.9096,0.5327,13.3086,-5.6605,19.7662,-3.2247
IMUNet-YawAug,77.300,21.7813,0.5785,13.1285,-5.6386,19.5822,-3.1513
IMUNet-YawAug,77.400,21.648,0.6284,12.9464,-5.6749,19.4132,-3.1194
IMUNet-YawAug,77.500,21.5141,0.6779,12.7694,-5.6772,19.2264,-3.0727
IMUNet-YawAug,77.600,21.3813,0.7229,12.5856,-5.6773,19.051,-2.9888
IMUNet-YawAug,77.700,21.2494,0.7579,12.4094,-5.6679,18.8918,-2.908
IMUNet-YawAug,77.800,21.1129,0.7875,12.2324,-5.6638,18.7276,-2.8288
IMUNet-YawAug,77.900,20.9748,0.8163,12.0658,-5.6027,18.5889,-2.7153
IMUNet-YawAug,78.000,20.8342,0.8474,11.9235,-5.5362,18.4399,-2.6492
IMUNet-YawAug,78.100,20.7001,0.8812,11.8261,-5.5213,18.3171,-2.5256
IMUNet-YawAug,78.200,20.572,0.9229,11.677,-5.4903,18.1751,-2.3805
IMUNet-YawAug,78.300,20.4438,0.9688,11.5297,-5.4354,18.0425,-2.236
IMUNet-YawAug,78.400,20.3128,1.0168,11.3686,-5.4328,17.8559,-2.1324
IMUNet-YawAug,78.500,20.1803,1.0659,11.2264,-5.4193,17.705,-2.0354
IMUNet-YawAug,78.600,20.0515,1.1097,11.0509,-5.3695,17.5808,-1.936
IMUNet-YawAug,78.700,19.9245,1.1428,10.8833,-5.3479,17.4424,-1.8794
IMUNet-YawAug,78.800,19.7923,1.1734,10.7002,-5.307,17.2398,-1.8196
IMUNet-YawAug,78.900,19.6539,1.208,10.5123,-5.3015,17.0348,-1.7898
IMUNet-YawAug,79.000,19.516,1.2432,10.3387,-5.2629,16.8504,-1.7487
IMUNet-YawAug,79.100,19.3847,1.2803,10.1577,-5.2551,16.6529,-1.7281
IMUNet-YawAug,79.200,19.2571,1.3213,9.9897,-5.2769,16.4782,-1.7407
IMUNet-YawAug,79.300,19.1311,1.3653,9.8167,-5.2936,16.2893,-1.7405
IMUNet-YawAug,79.400,19.0011,1.4111,9.6501,-5.3504,16.1081,-1.7294
IMUNet-YawAug,79.500,18.8717,1.4561,9.5093,-5.4281,15.9383,-1.7622
IMUNet-YawAug,79.600,18.7438,1.4958,9.3518,-5.4825,15.7568,-1.733
IMUNet-YawAug,79.700,18.6135,1.5264,9.1984,-5.507,15.5746,-1.7052
IMUNet-YawAug,79.800,18.4835,1.5511,9.0289,-5.5218,15.3914,-1.6616
IMUNet-YawAug,79.900,18.3474,1.5773,8.8568,-5.5441,15.216,-1.627
IMUNet-YawAug,80.000,18.2126,1.6058,8.7082,-5.5515,15.0617,-1.6098
IMUNet-YawAug,80.100,18.0829,1.6399,8.5785,-5.54,14.9021,-1.5303
IMUNet-YawAug,80.200,17.9587,1.6826,8.4451,-5.5104,14.7568,-1.4044
IMUNet-YawAug,80.300,17.8336,1.7299,8.3322,-5.4405,14.6389,-1.2838
IMUNet-YawAug,80.400,17.7065,1.7809,8.2733,-5.4553,14.5066,-1.193
IMUNet-YawAug,80.500,17.5814,1.8298,8.1775,-5.4404,14.372,-1.1594
IMUNet-YawAug,80.600,17.4576,1.8679,8.1208,-5.4778,14.2305,-1.1871
IMUNet-YawAug,80.700,17.3358,1.8972,7.9827,-5.4792,14.0858,-1.1536
IMUNet-YawAug,80.800,17.211,1.924,7.8289,-5.4694,13.9139,-1.1357
IMUNet-YawAug,80.900,17.0818,1.9511,7.6626,-5.4587,13.7411,-1.1029
IMUNet-YawAug,81.000,16.9546,1.9748,7.5146,-5.4776,13.5896,-1.113
IMUNet-YawAug,81.100,16.8362,1.9977,7.3724,-5.5102,13.4348,-1.1527
IMUNet-YawAug,81.200,16.7274,2.0188,7.2199,-5.5245,13.3194,-1.221
IMUNet-YawAug,81.300,16.6189,2.0339,7.1057,-5.5778,13.2125,-1.2983
IMUNet-YawAug,81.400,16.5116,2.0404,7.0008,-5.6408,13.0924,-1.3703
IMUNet-YawAug,81.500,16.4109,2.0329,6.9431,-5.7323,12.9856,-1.464
IMUNet-YawAug,81.600,16.3255,2.0085,6.9061,-5.8309,12.881,-1.5686
IMUNet-YawAug,81.700,16.2569,1.9694,6.9089,-5.9332,12.7787,-1.6664
IMUNet-YawAug,81.800,16.2053,1.9185,6.9176,-6.0409,12.7048,-1.7595
IMUNet-YawAug,81.900,16.1667,1.8585,6.8829,-6.1457,12.6173,-1.8391
IMUNet-YawAug,82.000,16.1442,1.7934,6.9147,-6.236,12.5875,-1.9414
IMUNet-YawAug,82.100,16.1328,1.7321,6.9802,-6.3313,12.5998,-2.0241
IMUNet-YawAug,82.200,16.1331,1.6727,7.0167,-6.4111,12.6142,-2.0888
IMUNet-YawAug,82.300,16.1463,1.6126,7.0473,-6.4485,12.6468,-2.0281
IMUNet-YawAug,82.400,16.1704,1.5535,7.0811,-6.4149,12.6587,-1.9275
IMUNet-YawAug,82.500,16.2058,1.4957,7.1086,-6.4597,12.6358,-1.831
IMUNet-YawAug,82.600,16.2514,1.4458,7.1169,-6.4619,12.6669,-1.7987
IMUNet-YawAug,82.700,16.3096,1.4044,7.0412,-6.4321,12.6195,-1.7814
IMUNet-YawAug,82.800,16.3799,1.3686,6.9249,-6.4165,12.5036,-1.7948
IMUNet-YawAug,82.900,16.4633,1.3334,6.8473,-6.3954,12.4135,-1.8081
IMUNet-YawAug,83.000,16.5576,1.3024,6.8028,-6.3873,12.4588,-1.9107
IMUNet-YawAug,83.100,16.6569,1.2721,6.8729,-6.3602,12.547,-1.9788
IMUNet-YawAug,83.200,16.7563,1.237,6.9795,-6.3356,12.6841,-1.9235
IMUNet-YawAug,83.300,16.8573,1.1972,7.1262,-6.3308,12.8543,-1.9161
IMUNet-YawAug,83.400,16.9631,1.1543,7.2868,-6.2664,13.0161,-1.9309
IMUNet-YawAug,83.500,17.0778,1.1054,7.4431,-6.219,13.2051,-1.9111
IMUNet-YawAug,83.600,17.1974,1.0527,7.6143,-6.1633,13.4025,-1.9127
IMUNet-YawAug,83.700,17.3183,1.0052,7.7822,-6.1036,13.6156,-1.9208
IMUNet-YawAug,83.800,17.4433,0.964,7.9588,-6.0989,13.8159,-1.9213
IMUNet-YawAug,83.900,17.5732,0.9262,8.1294,-6.0558,14.0291,-1.9385
IMUNet-YawAug,84.000,17.711,0.8848,8.304,-6.0349,14.2352,-1.942
IMUNet-YawAug,84.100,17.8472,0.8429,8.4893,-5.9842,14.4396,-1.9673
IMUNet-YawAug,84.200,17.9765,0.793,8.6594,-5.9394,14.6452,-1.9613
IMUNet-YawAug,84.300,18.1023,0.7368,8.8255,-5.9005,14.8433,-1.9762
IMUNet-YawAug,84.400,18.2318,0.6787,8.9802,-5.8052,15.0313,-1.9735
IMUNet-YawAug,84.500,18.3643,0.6213,9.1385,-5.7321,15.2248,-2.0063
IMUNet-YawAug,84.600,18.497,0.5663,9.2901,-5.6874,15.4074,-2.074
IMUNet-YawAug,84.700,18.6298,0.5228,9.4342,-5.6233,15.6069,-2.0823
IMUNet-YawAug,84.800,18.7646,0.4869,9.5706,-5.6089,15.8072,-2.0898
IMUNet-YawAug,84.900,18.904,0.4528,9.7186,-5.5773,16.0095,-2.095
IMUNet-YawAug,85.000,19.0481,0.4191,9.861,-5.5727,16.1818,-2.1198
IMUNet-YawAug,85.100,19.1878,0.3844,10.0274,-5.6055,16.3269,-2.1572
IMUNet-YawAug,85.200,19.3204,0.3417,10.1809,-5.6108,16.47,-2.1808
IMUNet-YawAug,85.300,19.4526,0.2957,10.3304,-5.6488,16.6331,-2.2154
IMUNet-YawAug,85.400,19.588,0.2478,10.453,-5.5813,16.7961,-2.1996
IMUNet-YawAug,85.500,19.7256,0.2027,10.5907,-5.5429,16.9917,-2.2126
IMUNet-YawAug,85.600,19.859,0.16,10.7492,-5.5068,17.1699,-2.2152
IMUNet-YawAug,85.700,19.9915,0.1265,10.8705,-5.4586,17.3539,-2.1902
IMUNet-YawAug,85.800,20.1265,0.0995,10.9806,-5.4568,17.5509,-2.1942
IMUNet-YawAug,85.900,20.2686,0.0717,11.0824,-5.4629,17.749,-2.2497
IMUNet-YawAug,86.000,20.4151,0.0449,11.213,-5.5055,17.9018,-2.2648
IMUNet-YawAug,86.100,20.5574,0.0182,11.379,-5.5682,18.0388,-2.3349
IMUNet-YawAug,86.200,20.6929,-0.0151,11.5365,-5.5615,18.1563,-2.406
IMUNet-YawAug,86.300,20.8277,-0.0528,11.702,-5.5743,18.2925,-2.4953
IMUNet-YawAug,86.400,20.967,-0.0917,11.8559,-5.5368,18.4698,-2.5886
IMUNet-YawAug,86.500,21.1067,-0.1283,12.0246,-5.5246,18.6362,-2.6485
IMUNet-YawAug,86.600,21.241,-0.1623,12.1941,-5.534,18.8208,-2.7238
IMUNet-YawAug,86.700,21.377,-0.1909,12.3597,-5.5412,19.0122,-2.781
IMUNet-YawAug,86.800,21.5164,-0.2217,12.5293,-5.559,19.2136,-2.7863
IMUNet-YawAug,86.900,21.6623,-0.2584,12.6806,-5.5541,19.4112,-2.8067
IMUNet-YawAug,87.000,21.8083,-0.2939,12.8454,-5.5456,19.5929,-2.7873
IMUNet-YawAug,87.100,21.9491,-0.3315,13.003,-5.5328,19.7523,-2.7601
IMUNet-YawAug,87.200,22.0813,-0.3769,13.1646,-5.4961,19.9118,-2.7242
IMUNet-YawAug,87.300,22.2161,-0.4282,13.3148,-5.4526,20.0808,-2.7251
IMUNet-YawAug,87.400,22.3546,-0.4812,13.4472,-5.3737,20.2413,-2.705
IMUNet-YawAug,87.500,22.4936,-0.5321,13.6053,-5.3198,20.4249,-2.7053
IMUNet-YawAug,87.600,22.6293,-0.5786,13.7401,-5.2617,20.5949,-2.7111
IMUNet-YawAug,87.700,22.7634,-0.6148,13.8857,-5.2382,20.7684,-2.7394
IMUNet-YawAug,87.800,22.9016,-0.646,14.0145,-5.2184,20.9462,-2.7912
IMUNet-YawAug,87.900,23.0441,-0.6786,14.1329,-5.2498,21.125,-2.8645
IMUNet-YawAug,88.000,23.1892,-0.7087,14.2937,-5.2247,21.2592,-2.8902
IMUNet-YawAug,88.100,23.3289,-0.7398,14.4537,-5.2599,21.441,-2.9899
IMUNet-YawAug,88.200,23.464,-0.7784,14.5981,-5.2379,21.6031,-3.0876
IMUNet-YawAug,88.300,23.6018,-0.8176,14.7342,-5.2526,21.7685,-3.1967
IMUNet-YawAug,88.400,23.7447,-0.8562,14.8766,-5.2245,21.9589,-3.2467
IMUNet-YawAug,88.500,23.886,-0.893,15.0377,-5.1971,22.1127,-3.2866
IMUNet-YawAug,88.600,24.0241,-0.9247,15.2001,-5.1813,22.3146,-3.3139
IMUNet-YawAug,88.700,24.1615,-0.9479,15.3453,-5.161,22.4945,-3.383
IMUNet-YawAug,88.800,24.3031,-0.9701,15.4871,-5.1807,22.6881,-3.437
IMUNet-YawAug,88.900,24.4495,-0.9933,15.6258,-5.2087,22.8848,-3.4895
IMUNet-YawAug,89.000,24.5963,-1.0142,15.7897,-5.2558,23.058,-3.5542
IMUNet-YawAug,89.100,24.7358,-1.034,15.9718,-5.2622,23.2492,-3.5525
IMUNet-YawAug,89.200,24.8715,-1.0583,16.1247,-5.2781,23.4263,-3.5296
IMUNet-YawAug,89.300,25.0083,-1.0825,16.2417,-5.2282,23.6092,-3.5275
IMUNet-YawAug,89.400,25.1537,-1.1082,16.3867,-5.1893,23.7774,-3.495
IMUNet-YawAug,89.500,25.2992,-1.1317,16.5443,-5.1522,23.9422,-3.53
IMUNet-YawAug,89.600,25.4414,-1.147,16.6845,-5.0817,24.1218,-3.5095
IMUNet-YawAug,89.700,25.5828,-1.1513,16.8281,-5.0413,24.2851,-3.4767
IMUNet-YawAug,89.800,25.7295,-1.1521,16.9429,-4.9783,24.4779,-3.4586
IMUNet-YawAug,89.900,25.8826,-1.1531,17.0656,-4.9347,24.6561,-3.442
IMUNet-YawAug,90.000,26.0338,-1.1566,17.2264,-4.8976,24.7538,-3.4291
IMUNet-YawAug,90.100,26.1779,-1.1709,17.3936,-4.8751,24.854,-3.4223
IMUNet-YawAug,90.200,26.3212,-1.1965,17.5635,-4.8843,24.9734,-3.4582
IMUNet-YawAug,90.300,26.463,-1.2265,17.7288,-4.8594,25.1051,-3.4848
IMUNet-YawAug,90.400,26.608,-1.2559,17.8751,-4.8431,25.2665,-3.5003
IMUNet-YawAug,90.500,26.7525,-1.2852,18.0477,-4.8436,25.3338,-3.5379
IMUNet-YawAug,90.600,26.8912,-1.3096,18.1947,-4.8166,25.4919,-3.5236
IMUNet-YawAug,90.700,27.0307,-1.3277,18.3418,-4.8456,25.6193,-3.502
IMUNet-YawAug,90.800,27.1763,-1.3456,18.4846,-4.8316,25.8161,-3.4987
IMUNet-YawAug,90.900,27.3266,-1.3646,18.6091,-4.8633,26.0024,-3.4761
IMUNet-YawAug,91.000,27.4759,-1.3841,18.7647,-4.853,26.1134,-3.4516
IMUNet-YawAug,91.100,27.6152,-1.4122,18.8861,-4.848,26.2115,-3.3828
IMUNet-YawAug,91.200,27.7532,-1.4471,19.0419,-4.8575,26.3404,-3.3452
IMUNet-YawAug,91.300,27.8909,-1.4847,19.1764,-4.8088,26.4705,-3.3079
IMUNet-YawAug,91.400,28.0334,-1.5225,19.2967,-4.7811,26.6404,-3.2943
IMUNet-YawAug,91.500,28.1698,-1.5569,19.4505,-4.7633,26.7334,-3.2561
IMUNet-YawAug,91.600,28.3044,-1.5884,19.5746,-4.72,26.9066,-3.2643
IMUNet-YawAug,91.700,28.4398,-1.6139,19.7221,-4.7331,27.0205,-3.2667
IMUNet-YawAug,91.800,28.5849,-1.6382,19.8424,-4.7181,27.189,-3.2814
IMUNet-YawAug,91.900,28.7344,-1.6641,19.9825,-4.7609,27.3502,-3.2689
IMUNet-YawAug,92.000,28.8823,-1.6876,20.1042,-4.712,27.4251,-3.2768
IMUNet-YawAug,92.100,29.0224,-1.7199,20.1874,-4.7278,27.4586,-3.2408
IMUNet-YawAug,92.200,29.1589,-1.7573,20.3201,-4.733,27.5571,-3.2091
IMUNet-YawAug,92.300,29.2967,-1.7975,20.4076,-4.638,27.6651,-3.1358
IMUNet-YawAug,92.400,29.4363,-1.837,20.5172,-4.5794,27.8013,-3.0642
IMUNet-YawAug,92.500,29.573,-1.8739,20.6016,-4.4953,27.9065,-2.9963
IMUNet-YawAug,92.600,29.7078,-1.9036,20.6861,-4.4426,28.0566,-2.9427
IMUNet-YawAug,92.700,29.8408,-1.9257,20.7276,-4.3824,28.2135,-2.9258
IMUNet-YawAug,92.800,29.9824,-1.9488,20.8125,-4.3672,28.3479,-2.8898
IMUNet-YawAug,92.900,30.131,-1.9737,20.9209,-4.3088,28.4752,-2.9356
IMUNet-YawAug,93.000,30.2736,-1.9988,21.0402,-4.3122,28.6317,-2.9556
IMUNet-YawAug,93.100,30.4102,-2.0322,21.1725,-4.3207,28.7845,-3.0239
IMUNet-YawAug,93.200,30.5465,-2.0704,21.3322,-4.3545,28.9601,-3.0879
IMUNet-YawAug,93.300,30.6847,-2.1119,21.4688,-4.3211,29.1369,-3.1646
IMUNet-YawAug,93.400,30.8226,-2.1551,21.6336,-4.3479,29.3386,-3.1941
IMUNet-YawAug,93.500,30.956,-2.1968,21.8033,-4.373,29.4983,-3.323
IMUNet-YawAug,93.600,31.0849,-2.2306,21.9414,-4.407,29.6186,-3.458
IMUNet-YawAug,93.700,31.2167,-2.2604,22.084,-4.428,29.7672,-3.5819
IMUNet-YawAug,93.800,31.355,-2.292,22.2304,-4.4154,29.9118,-3.6809
IMUNet-YawAug,93.900,31.4937,-2.3233,22.3898,-4.4243,30.0765,-3.7457
IMUNet-YawAug,94.000,31.6279,-2.3552,22.5433,-4.385,30.2134,-3.7971
IMUNet-YawAug,94.100,31.7561,-2.3945,22.6061,-4.3584,30.2852,-3.9054
IMUNet-YawAug,94.200,31.8829,-2.439,22.7323,-4.3324,30.3977,-3.9515
IMUNet-YawAug,94.300,32.0104,-2.4872,22.8313,-4.241,30.5025,-4.0271
IMUNet-YawAug,94.400,32.139,-2.5387,22.9362,-4.2367,30.6402,-4.0922
IMUNet-YawAug,94.500,32.2634,-2.5873,23.0682,-4.2742,30.7621,-4.1635
IMUNet-YawAug,94.600,32.3872,-2.6221,23.1612,-4.2937,30.901,-4.1579
IMUNet-YawAug,94.700,32.5134,-2.6446,23.2369,-4.3582,31.0631,-4.174
IMUNet-YawAug,94.800,32.6475,-2.6638,23.3579,-4.4068,31.2081,-4.1503
IMUNet-YawAug,94.900,32.7841,-2.6837,23.4852,-4.4597,31.3745,-4.1782
IMUNet-YawAug,95.000,32.917,-2.7031,23.5889,-4.5252,31.5148,-4.1984
IMUNet-YawAug,95.100,33.0454,-2.7262,23.7067,-4.5779,31.654,-4.2617
IMUNet-YawAug,95.200,33.173,-2.7529,23.8252,-4.6432,31.7841,-4.3061
IMUNet-YawAug,95.300,33.3051,-2.7796,23.9428,-4.6266,31.8686,-4.3437
IMUNet-YawAug,95.400,33.4394,-2.8035,24.0382,-4.6289,31.9427,-4.3536
IMUNet-YawAug,95.500,33.57,-2.8227,24.1989,-4.6083,32.01,-4.2994
IMUNet-YawAug,95.600,33.6971,-2.8343,24.3634,-4.5938,32.177,-4.3025
IMUNet-YawAug,95.700,33.8259,-2.8369,24.5082,-4.6677,32.3327,-4.2982
IMUNet-YawAug,95.800,33.9566,-2.8327,24.6742,-4.6757,32.4974,-4.34
IMUNet-YawAug,95.900,34.0887,-2.8242,24.8341,-4.6984,32.6603,-4.4054
IMUNet-YawAug,96.000,34.2149,-2.8142,24.9998,-4.7583,32.8115,-4.4938
IMUNet-YawAug,96.100,34.3359,-2.8045,25.1619,-4.7925,32.9634,-4.5791
IMUNet-YawAug,96.200,34.457,-2.7908,25.2973,-4.8175,33.1026,-4.6078
IMUNet-YawAug,96.300,34.5815,-2.7706,25.4156,-4.7936,33.226,-4.5904
IMUNet-YawAug,96.400,34.7078,-2.7464,25.5317,-4.7293,33.3528,-4.5172
IMUNet-YawAug,96.500,34.8263,-2.7158,25.6644,-4.6424,33.4989,-4.4301
IMUNet-YawAug,96.600,34.9349,-2.6727,25.7766,-4.533,33.6398,-4.3431
IMUNet-YawAug,96.700,35.0348,-2.6201,25.9251,-4.4695,33.7723,-4.2378
IMUNet-YawAug,96.800,35.128,-2.5573,26.0645,-4.3867,33.9075,-4.1287
IMUNet-YawAug,96.900,35.2172,-2.485,26.2006,-4.3006,34.0494,-4.0202
IMUNet-YawAug,97.000,35.3003,-2.4094,26.3272,-4.1907,34.1616,-3.8845
IMUNet-YawAug,97.100,35.3784,-2.3344,26.4445,-4.0728,34.2723,-3.7346
IMUNet-YawAug,97.200,35.4519,-2.2564,26.5151,-3.9862,34.3944,-3.6003
IMUNet-YawAug,97.300,35.5245,-2.1712,26.5817,-3.8837,34.4876,-3.4607
IMUNet-YawAug,97.400,35.5984,-2.0757,26.6256,-3.7897,34.5797,-3.311
IMUNet-YawAug,97.500,35.6702,-1.9754,26.6462,-3.6681,34.6212,-3.1574
IMUNet-YawAug,97.600,35.7269,-1.869,26.6596,-3.5505,34.6639,-3.0227
IMUNet-YawAug,97.700,35.7643,-1.755,26.7336,-3.4773,34.7348,-2.8813
IMUNet-YawAug,97.800,35.7932,-1.637,26.7381,-3.3297,34.8031,-2.7272
IMUNet-YawAug,97.900,35.8137,-1.5138,26.7675,-3.1712,34.8923,-2.5652
IMUNet-YawAug,98.000,35.8245,-1.3909,26.8029,-3.0168,34.9787,-2.3979
IMUNet-YawAug,98.100,35.8348,-1.2717,26.823,-2.8564,35.034,-2.2021
IMUNet-YawAug,98.200,35.8437,-1.1536,26.8178,-2.6908,35.0604,-2.0214
IMUNet-YawAug,98.300,35.8496,-1.03,26.7813,-2.5108,35.0751,-1.8261
IMUNet-YawAug,98.400,35.8537,-0.8993,26.7489,-2.3394,35.0738,-1.6168
IMUNet-YawAug,98.500,35.8525,-0.7693,26.7083,-2.1579,35.068,-1.4112
IMUNet-YawAug,98.600,35.8422,-0.6429,26.6516,-1.9751,35.0309,-1.2073
IMUNet-YawAug,98.700,35.8181,-0.5214,26.5887,-1.8045,34.9626,-1.0112
IMUNet-YawAug,98.800,35.787,-0.3976,26.5241,-1.6352,34.9197,-0.8086
IMUNet-YawAug,98.900,35.7555,-0.2667,26.4457,-1.488,34.8532,-0.6298
IMUNet-YawAug,99.000,35.7262,-0.1319,26.3701,-1.3593,34.8101,-0.4567
IMUNet-YawAug,99.100,35.7049,-0.0004,26.3355,-1.216,34.7943,-0.2841
IMUNet-YawAug,99.200,35.6932,0.1273,26.2787,-1.0954,34.7743,-0.1394
IMUNet-YawAug,99.300,35.6857,0.2563,26.2046,-0.9748,34.7562,0.0279
IMUNet-YawAug,99.400,35.6804,0.3892,26.1062,-0.8512,34.7074,0.1697
IMUNet-YawAug,99.500,35.6759,0.5249,26.0115,-0.7459,34.6838,0.3265
IMUNet-YawAug,99.600,35.6727,0.6588,25.9039,-0.6335,34.6016,0.4844
IMUNet-YawAug,99.700,35.6634,0.7902,25.809,-0.5288,34.5353,0.6307
IMUNet-YawAug,99.800,35.6523,0.9249,25.7466,-0.4272,34.5095,0.7586
IMUNet-YawAug,99.900,35.6404,1.0601,25.6772,-0.3216,34.5167,0.9244
IMUNet-YawAug,100.000,35.6183,1.1881,25.5966,-0.221,34.5269,1.0726
IMUNet-YawAug,100.100,35.5848,1.2985,25.4946,-0.1289,34.4573,1.152
IMUNet-YawAug,100.200,35.5467,1.3933,25.4119,-0.0479,34.3966,1.2036
IMUNet-YawAug,100.300,35.4975,1.4752,25.341,-0.0517,34.344,1.1418
IMUNet-YawAug,100.400,35.4392,1.5452,25.2916,-0.0991,34.235,1.058
IMUNet-YawAug,100.500,35.3775,1.6029,25.2054,-0.1745,34.1221,0.9779
IMUNet-YawAug,100.600,35.3102,1.6496,25.1182,-0.2748,34.0162,0.8777
IMUNet-YawAug,100.700,35.2348,1.6872,25.017,-0.3599,33.8836,0.7932
IMUNet-YawAug,100.800,35.1477,1.7186,24.8644,-0.3762,33.7827,0.698
IMUNet-YawAug,100.900,35.0469,1.7496,24.698,-0.3922,33.6203,0.6742
IMUNet-YawAug,101.000,34.9369,1.7811,24.5258,-0.3661,33.4583,0.7015
IMUNet-YawAug,101.100,34.8276,1.8159,24.3477,-0.333,33.2775,0.7689
IMUNet-YawAug,101.200,34.7194,1.8552,24.1713,-0.3341,33.0925,0.7854
IMUNet-YawAug,101.300,34.607,1.8934,23.9905,-0.3377,32.8975,0.7864
IMUNet-YawAug,101.400,34.4856,1.9341,23.8078,-0.3532,32.7222,0.79
IMUNet-YawAug,101.500,34.3557,1.9731,23.6275,-0.36,32.5482,0.8369
IMUNet-YawAug,101.600,34.2259,2.0082,23.4345,-0.3744,32.3494,0.866
IMUNet-YawAug,101.700,34.0963,2.0349,23.2547,-0.3952,32.1492,0.8663
IMUNet-YawAug,101.800,33.9623,2.057,23.0756,-0.4193,31.9471,0.8628
IMUNet-YawAug,101.900,33.8201,2.0797,22.8908,-0.4483,31.7455,0.8722
IMUNet-YawAug,102.000,33.6754,2.1025,22.7117,-0.4257,31.5499,0.8922
IMUNet-YawAug,102.100,33.5365,2.1266,22.5421,-0.4376,31.3776,0.9172
IMUNet-YawAug,102.200,33.4039,2.1596,22.3726,-0.458,31.2067,0.9178
IMUNet-YawAug,102.300,33.2716,2.1997,22.201,-0.4852,31.058,0.9085
IMUNet-YawAug,102.400,33.1355,2.2433,22.0411,-0.5362,30.892,0.8952
IMUNet-YawAug,102.500,32.9962,2.286,21.8753,-0.5924,30.7365,0.9292
IMUNet-YawAug,102.600,32.8594,2.3271,21.7095,-0.6305,30.582,0.9601
IMUNet-YawAug,102.700,32.7235,2.3611,21.5413,-0.6776,30.4337,0.9485
IMUNet-YawAug,102.800,32.5853,2.389,21.3758,-0.7032,30.2686,0.9684
IMUNet-YawAug,102.900,32.4418,2.4183,21.2006,-0.7466,30.0933,0.9663
IMUNet-YawAug,103.000,32.296,2.4489,21.0357,-0.7221,29.9175,1.0124
IMUNet-YawAug,103.100,32.157,2.4809,20.9049,-0.7364,29.7954,1.0236
IMUNet-YawAug,103.200,32.0242,2.5208,20.7503,-0.7338,29.6442,1.0357
IMUNet-YawAug,103.300,31.8928,2.5669,20.5874,-0.7229,29.4883,1.0713
IMUNet-YawAug,103.400,31.7582,2.6176,20.4447,-0.7342,29.3419,1.0816
IMUNet-YawAug,103.500,31.6215,2.6662,20.2747,-0.76,29.1664,1.0947
IMUNet-YawAug,103.600,31.487,2.7116,20.1147,-0.7872,28.9967,1.1127
IMUNet-YawAug,103.700,31.3537,2.7504,19.9375,-0.7947,28.8182,1.1331
IMUNet-YawAug,103.800,31.217,2.7845,19.7723,-0.7993,28.6527,1.1853
IMUNet-YawAug,103.900,31.0756,2.817,19.5962,-0.8259,28.4713,1.1898
IMUNet-YawAug,104.000,30.9321,2.8502,19.4253,-0.7942,28.2823,1.2367
IMUNet-YawAug,104.100,30.7944,2.8849,19.2809,-0.7916,28.1397,1.2431
IMUNet-YawAug,104.200,30.6656,2.9251,19.1588,-0.7779,28.0369,1.321
IMUNet-YawAug,104.300,30.5389,2.9707,19.016,-0.7747,27.8957,1.355
IMUNet-YawAug,104.400,30.408,3.017,18.8762,-0.7781,27.7605,1.3758
IMUNet-YawAug,104.500,30.2726,3.0619,18.7119,-0.8114,27.5857,1.4322
IMUNet-YawAug,104.600,30.1395,3.1052,18.5981,-0.8408,27.4389,1.4345
IMUNet-YawAug,104.700,30.01,3.1395,18.4397,-0.8687,27.2766,1.457
IMUNet-YawAug,104.800,29.8779,3.1672,18.3012,-0.8327,27.1306,1.5509
IMUNet-YawAug,104.900,29.74,3.1949,18.1466,-0.7837,27.0065,1.6314
IMUNet-YawAug,105.000,29.5978,3.2234,17.9855,-0.7266,26.8587,1.7093
IMUNet-YawAug,105.100,29.4607,3.2501,17.8603,-0.6424,26.7358,1.7604
IMUNet-YawAug,105.200,29.3294,3.2817,17.717,-0.5727,26.6448,1.8204
IMUNet-YawAug,105.300,29.1981,3.3217,17.5695,-0.5226,26.5204,1.8891
IMUNet-YawAug,105.400,29.0622,3.3637,17.4254,-0.4872,26.414,1.9589
IMUNet-YawAug,105.500,28.9211,3.4046,17.2524,-0.4995,26.2433,1.9954
IMUNet-YawAug,105.600,28.7852,3.4429,17.1075,-0.4904,26.1544,2.0664
IMUNet-YawAug,105.700,28.6518,3.4722,16.9332,-0.4914,26.0102,2.0992
IMUNet-YawAug,105.800,28.5148,3.496,16.7658,-0.495,25.8773,2.1784
IMUNet-YawAug,105.900,28.3718,3.5189,16.5998,-0.4883,25.7038,2.2346
IMUNet-YawAug,106.000,28.2271,3.5393,16.4209,-0.4651,25.5181,2.2751
IMUNet-YawAug,106.100,28.0877,3.5602,16.2713,-0.4177,25.3777,2.2695
IMUNet-YawAug,106.200,27.9552,3.5877,16.124,-0.4297,25.3163,2.2683
IMUNet-YawAug,106.300,27.8244,3.6214,15.9935,-0.4614,25.2274,2.2427
IMUNet-YawAug,106.400,27.6895,3.658,15.8563,-0.5019,25.1153,2.2502
IMUNet-YawAug,106.500,27.5506,3.6945,15.709,-0.5695,24.9826,2.2503
IMUNet-YawAug,106.600,27.4157,3.7308,15.5734,-0.652,24.8986,2.2628
IMUNet-YawAug,106.700,27.2828,3.7612,15.4072,-0.7075,24.7359,2.2333
IMUNet-YawAug,106.800,27.1478,3.7835,15.2458,-0.7506,24.5873,2.1974
IMUNet-YawAug,106.900,27.0069,3.8048,15.0815,-0.7909,24.4082,2.1977
IMUNet-YawAug,107.000,26.863,3.8263,14.9029,-0.7886,24.2114,2.2095
IMUNet-YawAug,107.100,26.7229,3.8468,14.7593,-0.7981,24.0611,2.2078
IMUNet-YawAug,107.200,26.59,3.8745,14.5894,-0.8046,23.9411,2.1921
IMUNet-YawAug,107.300,26.4632,3.9052,14.4234,-0.8552,23.8057,2.1775
IMUNet-YawAug,107.400,26.3301,3.9429,14.2656,-0.9094,23.6686,2.1654
IMUNet-YawAug,107.500,26.1951,3.9824,14.0954,-0.9653,23.4835,2.1425
IMUNet-YawAug,107.600,26.0642,4.021,13.949,-1.0559,23.3322,2.107
IMUNet-YawAug,107.700,25.9341,4.056,13.7667,-1.1007,23.1334,2.1077
IMUNet-YawAug,107.800,25.803,4.0846,13.5997,-1.129,22.9872,2.1139
IMUNet-YawAug,107.900,25.665,4.1125,13.4253,-1.1463,22.8272,2.1506
IMUNet-YawAug,108.000,25.5226,4.1423,13.2515,-1.1494,22.6597,2.1641
IMUNet-YawAug,108.100,25.3855,4.1698,13.1189,-1.1523,22.5659,2.2119
IMUNet-YawAug,108.200,25.2562,4.2058,12.9649,-1.1464,22.513,2.2629
IMUNet-YawAug,108.300,25.1295,4.2512,12.8091,-1.1419,22.4297,2.3103
IMUNet-YawAug,108.400,24.9991,4.3014,12.6538,-1.1551,22.3088,2.3468
IMUNet-YawAug,108.500,24.8651,4.3522,12.4932,-1.1919,22.1792,2.3778
IMUNet-YawAug,108.600,24.7343,4.4011,12.3689,-1.2547,22.1114,2.4282
IMUNet-YawAug,108.700,24.6036,4.4444,12.187,-1.2677,21.9713,2.5064
IMUNet-YawAug,108.800,24.4717,4.4811,12.0319,-1.2476,21.8796,2.5904
IMUNet-YawAug,108.900,24.3349,4.5175,11.8548,-1.2142,21.7036,2.6727
IMUNet-YawAug,109.000,24.1932,4.5556,11.688,-1.1747,21.5293,2.7394
IMUNet-YawAug,109.100,24.0566,4.5901,11.55,-1.1226,21.403,2.805
IMUNet-YawAug,109.200,23.9264,4.6293,11.3973,-1.0661,21.2481,2.9028
IMUNet-YawAug,109.300,23.7998,4.6771,11.2288,-1.029,21.0679,2.9808
IMUNet-YawAug,109.400,23.6706,4.7286,11.0697,-0.9842,20.9009,3.0646
IMUNet-YawAug,109.500,23.54,4.7801,10.8911,-0.9702,20.7068,3.1183
IMUNet-YawAug,109.600,23.4126,4.8293,10.7148,-0.9905,20.5066,3.1418
IMUNet-YawAug,109.700,23.2892,4.8726,10.5172,-0.9737,20.2958,3.2032
IMUNet-YawAug,109.800,23.165,4.9093,10.3485,-0.9277,20.1221,3.2868
IMUNet-YawAug,109.900,23.0337,4.9458,10.1691,-0.8772,19.9263,3.3631
IMUNet-YawAug,110.000,22.897,4.9843,9.9894,-0.8337,19.731,3.4364
IMUNet-YawAug,110.100,22.7615,5.0208,9.8263,-0.7743,19.5739,3.5349
IMUNet-YawAug,110.200,22.6321,5.0617,9.654,-0.6992,19.3942,3.61
IMUNet-YawAug,110.300,22.5086,5.1063,9.4877,-0.6928,19.2604,3.6586
IMUNet-YawAug,110.400,22.3828,5.1556,9.3115,-0.6569,19.0784,3.6981
IMUNet-YawAug,110.500,22.2532,5.2023,9.1322,-0.6658,18.8939,3.6993
IMUNet-YawAug,110.600,22.1257,5.2449,8.9689,-0.6829,18.7064,3.718
IMUNet-YawAug,110.700,22.0024,5.2811,8.7755,-0.7076,18.5053,3.7273
IMUNet-YawAug,110.800,21.8749,5.3097,8.5981,-0.6802,18.3162,3.744
IMUNet-YawAug,110.900,21.7422,5.3335,8.4177,-0.645,18.1188,3.8049
IMUNet-YawAug,111.000,21.6026,5.3543,8.2416,-0.5824,17.9445,3.9063
IMUNet-YawAug,111.100,21.4642,5.3735,8.0935,-0.5223,17.8016,3.98
IMUNet-YawAug,111.200,21.3312,5.3972,7.9177,-0.4504,17.6217,4.0779
IMUNet-YawAug,111.300,21.2008,5.4275,7.7659,-0.4177,17.4715,4.1319
IMUNet-YawAug,111.400,21.0676,5.4611,7.605,-0.35,17.3117,4.2286
IMUNet-YawAug,111.500,20.9313,5.4955,7.435,-0.3459,17.1341,4.2508
IMUNet-YawAug,111.600,20.7963,5.5284,7.281,-0.34,16.9732,4.28
IMUNet-YawAug,111.700,20.6637,5.5565,7.0977,-0.3615,16.7786,4.2792
IMUNet-YawAug,111.800,20.5317,5.5791,6.9253,-0.3391,16.5975,4.3237
IMUNet-YawAug,111.900,20.3952,5.5992,6.7437,-0.3158,16.401,4.3732
IMUNet-YawAug,112.000,20.2534,5.6184,6.5677,-0.2755,16.2148,4.4419
IMUNet-YawAug,112.100,20.1153,5.6349,6.4077,-0.2045,16.0482,4.5391
IMUNet-YawAug,112.200,19.9831,5.6555,6.2287,-0.1429,15.853,4.6169
IMUNet-YawAug,112.300,19.8552,5.6808,6.0672,-0.1304,15.6794,4.6384
IMUNet-YawAug,112.400,19.7241,5.7116,5.8965,-0.0949,15.4998,4.6874
IMUNet-YawAug,112.500,19.5887,5.7442,5.7287,-0.1035,15.3181,4.7001
IMUNet-YawAug,112.600,19.4536,5.7763,5.5611,-0.1208,15.145,4.7297
IMUNet-YawAug,112.700,19.3225,5.8055,5.3803,-0.1462,14.9541,4.7375
IMUNet-YawAug,112.800,19.191,5.8282,5.2049,-0.1522,14.7776,4.7411
IMUNet-YawAug,112.900,19.0561,5.8476,5.033,-0.1681,14.5854,4.7577
IMUNet-YawAug,113.000,18.9164,5.868,4.8581,-0.141,14.4059,4.8319
IMUNet-YawAug,113.100,18.7778,5.8872,4.6907,-0.1101,14.2303,4.897
IMUNet-YawAug,113.200,18.6463,5.9111,4.5118,-0.0412,14.0447,4.9935
IMUNet-YawAug,113.300,18.5194,5.9408,4.3447,0.0035,13.88,5.0526
IMUNet-YawAug,113.400,18.3953,5.9761,4.1774,0.0564,13.7249,5.1475
IMUNet-YawAug,113.500,18.2676,6.0159,4.0094,0.0972,13.5768,5.238
IMUNet-YawAug,113.600,18.1435,6.0595,3.8408,0.1404,13.4313,5.3229
IMUNet-YawAug,113.700,18.0243,6.1024,3.6821,0.2125,13.2931,5.4435
IMUNet-YawAug,113.800,17.9065,6.1406,3.5153,0.2421,13.1216,5.506
IMUNet-YawAug,113.900,17.7839,6.1817,3.3552,0.2971,12.9614,5.5841
IMUNet-YawAug,114.000,17.6576,6.2291,3.2033,0.3616,12.8367,5.716
IMUNet-YawAug,114.100,17.5322,6.2789,3.0536,0.4126,12.7261,5.8645
IMUNet-YawAug,114.200,17.4153,6.3337,2.9767,0.5218,12.6575,6.0082
IMUNet-YawAug,114.300,17.3105,6.4004,2.8786,0.6412,12.5658,6.1642
IMUNet-YawAug,114.400,17.2107,6.4764,2.8125,0.7706,12.5119,6.3327
IMUNet-YawAug,114.500,17.1122,6.5604,2.7315,0.8948,12.4315,6.4859
IMUNet-YawAug,114.600,17.0181,6.6492,2.688,1.0316,12.4024,6.6504
IMUNet-YawAug,114.700,16.9282,6.7373,2.6661,1.1736,12.4006,6.8106
IMUNet-YawAug,114.800,16.8413,6.8259,2.6126,1.2991,12.3508,6.9605
IMUNet-YawAug,114.900,16.7577,6.9208,2.5423,1.4147,12.2943,7.0975
IMUNet-YawAug,115.000,16.6796,7.0233,2.4947,1.538,12.2557,7.2356
IMUNet-YawAug,115.100,16.604,7.1325,2.4599,1.6503,12.2219,7.3618
IMUNet-YawAug,115.200,16.5459,7.2429,2.4776,1.7549,12.2532,7.4884
IMUNet-YawAug,115.300,16.5101,7.356,2.5141,1.8775,12.2827,7.6266
IMUNet-YawAug,115.400,16.4872,7.4686,2.5436,1.9966,12.3464,7.7735
IMUNet-YawAug,115.500,16.4709,7.5819,2.5673,2.1134,12.4238,7.9131
IMUNet-YawAug,115.600,16.4616,7.6985,2.6392,2.2253,12.497,8.0458
IMUNet-YawAug,115.700,16.461,7.809,2.7323,2.3238,12.5986,8.1443
IMUNet-YawAug,115.800,16.4617,7.9173,2.8138,2.4292,12.6766,8.2477
IMUNet-YawAug,115.900,16.4696,8.0256,2.8591,2.5427,12.753,8.3891
IMUNet-YawAug,116.000,16.488,8.1374,2.9181,2.6545,12.8077,8.5145
IMUNet-YawAug,116.100,16.5159,8.2495,2.986,2.7624,12.8805,8.6391
IMUNet-YawAug,116.200,16.5568,8.3522,3.0681,2.8819,12.9552,8.7625
IMUNet-YawAug,116.300,16.6116,8.4388,3.1675,2.9915,13.0497,8.9075
IMUNet-YawAug,116.400,16.6781,8.5144,3.2589,3.1054,13.1717,9.0306
IMUNet-YawAug,116.500,16.7526,8.5844,3.3477,3.2287,13.2745,9.181
IMUNet-YawAug,116.600,16.8351,8.651,3.4664,3.3357,13.4075,9.2992
IMUNet-YawAug,116.700,16.9186,8.7116,3.5902,3.4371,13.5236,9.4043
IMUNet-YawAug,116.800,17.0037,8.7701,3.7395,3.5286,13.6962,9.4397
IMUNet-YawAug,116.900,17.0928,8.8284,3.8751,3.6218,13.8313,9.5187
IMUNet-YawAug,117.000,17.1927,8.8847,4.0049,3.727,13.9965,9.564
IMUNet-YawAug,117.100,17.3025,8.9392,4.142,3.8195,14.1553,9.614
IMUNet-YawAug,117.200,17.4167,8.9862,4.3033,3.8745,14.3036,9.5601
IMUNet-YawAug,117.300,17.5336,9.0171,4.4682,3.95,14.4877,9.5125
IMUNet-YawAug,117.400,17.6556,9.0312,4.6345,3.9829,14.6573,9.5781
IMUNet-YawAug,117.500,17.7814,9.0337,4.799,4.0461,14.8316,9.6118
IMUNet-YawAug,117.600,17.9115,9.0283,4.9542,4.1096,15.0157,9.6619
IMUNet-YawAug,117.700,18.0394,9.0202,5.1257,4.1267,15.1735,9.7042
IMUNet-YawAug,117.800,18.1673,9.0127,5.294,4.1427,15.3637,9.6735
IMUNet-YawAug,117.900,18.296,9.0078,5.462,4.1224,15.5347,9.6596
IMUNet-YawAug,118.000,18.4308,8.9983,5.6084,4.1533,15.7291,9.6355
IMUNet-YawAug,118.100,18.5715,8.9839,5.7637,4.1596,15.9196,9.6501
IMUNet-YawAug,118.200,18.7082,8.9659,5.93,4.1828,16.0617,9.6449
IMUNet-YawAug,118.300,18.8365,8.9363,6.095,4.2008,16.2128,9.662
IMUNet-YawAug,118.400,18.962,8.8978,6.2485,4.23,16.3749,9.6699
IMUNet-YawAug,118.500,19.0909,8.8534,6.3974,4.3019,16.5487,9.6902
IMUNet-YawAug,118.600,19.2224,8.8066,6.5227,4.3696,16.7467,9.7064
IMUNet-YawAug,118.700,19.35,8.7591,6.6796,4.4255,16.9388,9.7349
IMUNet-YawAug,118.800,19.4776,8.7146,6.8248,4.4909,17.1528,9.7228
IMUNet-YawAug,118.900,19.6067,8.6755,6.9814,4.4869,17.3269,9.712
IMUNet-YawAug,119.000,19.7396,8.6379,7.132,4.5149,17.5004,9.6806
IMUNet-YawAug,119.100,19.8768,8.5974,7.2741,4.4962,17.7015,9.7098
IMUNet-YawAug,119.200,20.0107,8.5593,7.4417,4.5277,17.8871,9.6992
IMUNet-YawAug,119.300,20.1376,8.5152,7.5936,4.5075,18.0563,9.6331
IMUNet-YawAug,119.400,20.2607,8.4642,7.746,4.4999,18.2195,9.5524
IMUNet-YawAug,119.500,20.3884,8.4105,7.878,4.5626,18.3968,9.5114
IMUNet-YawAug,119.600,20.5205,8.3572,8.0044,4.5887,18.5699,9.4536
IMUNet-YawAug,119.700,20.6499,8.3064,8.1613,4.6183,18.7444,9.4365
IMUNet-YawAug,119.800,20.7772,8.2634,8.2967,4.6928,18.9275,9.4525
IMUNet-YawAug,119.900,20.9049,8.2296,8.4411,4.6927,19.0706,9.4466
IMUNet-YawAug,120.000,21.0396,8.1955,8.5951,4.704,19.2663,9.4364
IMUNet-YawAug,120.100,21.1779,8.1611,8.753,4.6852,19.4715,9.4052
IMUNet-YawAug,120.200,21.314,8.1291,8.9339,4.6688,19.6631,9.3941
IMUNet-YawAug,120.300,21.4454,8.0923,9.1107,4.6517,19.8318,9.3711
IMUNet-YawAug,120.400,21.5737,8.0515,9.2803,4.6094,20.0013,9.3358
IMUNet-YawAug,120.500,21.7049,8.0074,9.4457,4.6544,20.1739,9.289
IMUNet-YawAug,120.600,21.839,7.9629,9.5919,4.6481,20.3615,9.2702
IMUNet-YawAug,120.700,21.972,7.92,9.745,4.6652,20.4913,9.2369
IMUNet-YawAug,120.800,22.1034,7.8827,9.8801,4.7028,20.682,9.2402
IMUNet-YawAug,120.900,22.2353,7.8542,10.017,4.6718,20.8525,9.2426
IMUNet-YawAug,121.000,22.3734,7.8284,10.1392,4.6768,21.0602,9.2222
IMUNet-YawAug,121.100,22.5162,7.8029,10.2884,4.6662,21.2585,9.221
IMUNet-YawAug,121.200,22.6563,7.7784,10.4311,4.6916,21.4049,9.2467
IMUNet-YawAug,121.300,22.7897,7.7481,10.572,4.6706,21.5594,9.2857
IMUNet-YawAug,121.400,22.9204,7.712,10.7183,4.6747,21.7062,9.3217
IMUNet-YawAug,121.500,23.0542,7.6716,10.8331,4.7514,21.8383,9.3523
IMUNet-YawAug,121.600,23.191,7.63,10.9328,4.7814,22.0162,9.3935
IMUNet-YawAug,121.700,23.3256,7.5901,11.0643,4.8232,22.1446,9.4603
IMUNet-YawAug,121.800,23.4563,7.5556,11.172,4.8541,22.3103,9.4686
IMUNet-YawAug,121.900,23.5914,7.5263,11.2954,4.8321,22.4397,9.4278
IMUNet-YawAug,122.000,23.7313,7.4988,11.4198,4.8017,22.6236,9.3829
IMUNet-YawAug,122.100,23.8742,7.4717,11.5654,4.7645,22.7919,9.3186
IMUNet-YawAug,122.200,24.0127,7.4451,11.7191,4.7422,22.9397,9.2647
IMUNet-YawAug,122.300,24.146,7.4132,11.8456,4.679,23.076,9.2418
IMUNet-YawAug,122.400,24.2772,7.3749,11.9963,4.6496,23.1958,9.2014
IMUNet-YawAug,122.500,24.4117,7.3337,12.1178,4.7043,23.325,9.1887
IMUNet-YawAug,122.600,24.5486,7.2914,12.2165,4.7023,23.4946,9.1612
IMUNet-YawAug,122.700,24.681,7.2476,12.3449,4.7189,23.5621,9.176
IMUNet-YawAug,122.800,24.8103,7.2104,12.4292,4.7472,23.7262,9.1626
IMUNet-YawAug,122.900,24.9413,7.1809,12.5318,4.732,23.8097,9.1537
IMUNet-YawAug,123.000,25.0785,7.1523,12.6128,4.7447,24.0031,9.1294
IMUNet-YawAug,123.100,25.2194,7.1225,12.7169,4.72,24.19,9.1313
IMUNet-YawAug,123.200,25.3574,7.0921,12.8455,4.696,24.3222,9.1259
IMUNet-YawAug,123.300,25.4869,7.057,12.948,4.6502,24.4401,9.1488
IMUNet-YawAug,123.400,25.6152,7.0165,13.0802,4.6254,24.5404,9.1207
IMUNet-YawAug,123.500,25.7466,6.9724,13.2013,4.6374,24.6694,9.0923
IMUNet-YawAug,123.600,25.8813,6.9286,13.312,4.643,24.8327,9.0712
IMUNet-YawAug,123.700,26.0121,6.8866,13.457,4.6342,24.9521,9.0698
IMUNet-YawAug,123.800,26.1418,6.8502,13.5807,4.6489,25.1284,9.0338
IMUNet-YawAug,123.900,26.2726,6.8215,13.7132,4.5794,25.2981,8.9966
IMUNet-YawAug,124.000,26.4095,6.7947,13.8332,4.549,25.4951,8.9451
IMUNet-YawAug,124.100,26.5509,6.7688,13.9612,4.4945,25.6827,8.9247
IMUNet-YawAug,124.200,26.6899,6.7454,14.1022,4.4616,25.7813,8.879
IMUNet-YawAug,124.300,26.8219,6.7185,14.2058,4.3909,25.8876,8.8601
IMUNet-YawAug,124.400,26.9496,6.6836,14.3388,4.3499,25.9907,8.8499
IMUNet-YawAug,124.500,27.0814,6.6446,14.4455,4.363,26.1076,8.8624
IMUNet-YawAug,124.600,27.2168,6.605,14.5378,4.358,26.2588,8.8666
IMUNet-YawAug,124.700,27.3507,6.5669,14.6873,4.3746,26.3662,8.91
IMUNet-YawAug,124.800,27.4833,6.535,14.8051,4.4502,26.5627,8.9443
IMUNet-YawAug,124.900,27.6178,6.512,14.9423,4.4373,26.719,8.9859
IMUNet-YawAug,125.000,27.7579,6.4918,15.0304,4.4857,26.9084,9.0036
IMUNet-YawAug,125.100,27.9048,6.473,15.1596,4.4884,27.1012,9.0266
IMUNet-YawAug,125.200,28.047,6.4541,15.3028,4.5179,27.2361,9.036
IMUNet-YawAug,125.300,28.1844,6.4322,15.4387,4.5074,27.3849,9.0426
IMUNet-YawAug,125.400,28.3197,6.4046,15.594,4.4622,27.5342,9.0195
IMUNet-YawAug,125.500,28.4545,6.3753,15.7358,4.4732,27.7035,9.0047
IMUNet-YawAug,125.600,28.5929,6.346,15.8573,4.4524,27.8609,8.9418
IMUNet-YawAug,125.700,28.7289,6.3188,16.0053,4.4045,27.9869,8.8677
IMUNet-YawAug,125.800,28.8611,6.2962,16.1499,4.3837,28.1715,8.7931
IMUNet-YawAug,125.900,28.9964,6.2781,16.2973,4.3027,28.3464,8.7092
IMUNet-YawAug,126.000,29.1365,6.2591,16.4382,4.2563,28.5383,8.6288
IMUNet-YawAug,126.100,29.282,6.2418,16.5937,4.2056,28.7328,8.5544
IMUNet-YawAug,126.200,29.4202,6.2245,16.7609,4.1483,28.8616,8.4954
IMUNet-YawAug,126.300,29.5547,6.1978,16.9327,4.1313,29.0169,8.3678
IMUNet-YawAug,126.400,29.6852,6.1653,17.0983,4.1001,29.1913,8.2958
IMUNet-YawAug,126.500,29.8183,6.1278,17.2481,4.1432,29.3752,8.2622
IMUNet-YawAug,126.600,29.9528,6.0852,17.4016,4.1451,29.5747,8.281
IMUNet-YawAug,126.700,30.085,6.0445,17.5695,4.164,29.7454,8.3253
IMUNet-YawAug,126.800,30.213,6.0068,17.7172,4.1853,29.9451,8.3434
IMUNet-YawAug,126.900,30.3431,5.9735,17.87,4.162,30.0834,8.3206
IMUNet-YawAug,127.000,30.48,5.9405,17.9973,4.136,30.2786,8.3001
IMUNet-YawAug,127.100,30.6202,5.9062,18.0986,4.084,30.4595,8.2901
IMUNet-YawAug,127.200,30.7583,5.8751,18.2413,4.0602,30.5564,8.2747
IMUNet-YawAug,127.300,30.8901,5.8401,18.3529,4.0214,30.6731,8.2613
IMUNet-YawAug,127.400,31.0199,5.7991,18.4681,4.0054,30.7778,8.2438
IMUNet-YawAug,127.500,31.1529,5.7553,18.577,3.9918,30.9027,8.1913
IMUNet-YawAug,127.600,31.2908,5.7115,18.6591,3.9627,31.0323,8.0913
IMUNet-YawAug,127.700,31.4291,5.6715,18.8025,3.9382,31.1289,8.1132
IMUNet-YawAug,127.800,31.5652,5.6373,18.9224,3.9825,31.3172,8.1362
IMUNet-YawAug,127.900,31.7002,5.6103,19.0246,3.9423,31.4973,8.1499
IMUNet-YawAug,128.000,31.8412,5.5854,19.0856,3.9936,31.627,8.1921
IMUNet-YawAug,128.100,31.9856,5.5601,19.2114,4.006,31.8171,8.1663
IMUNet-YawAug,128.200,32.1275,5.5346,19.3176,4.0542,31.9564,8.1749
IMUNet-YawAug,128.300,32.2618,5.5062,19.4013,4.0899,32.0663,8.1927
IMUNet-YawAug,128.400,32.3925,5.4736,19.5319,4.1339,32.2219,8.1993
IMUNet-YawAug,128.500,32.5278,5.4355,19.6371,4.2254,32.3592,8.278
IMUNet-YawAug,128.600,32.6635,5.3956,19.7075,4.2815,32.4523,8.3329
IMUNet-YawAug,128.700,32.7951,5.3562,19.8396,4.3054,32.6067,8.3311
IMUNet-YawAug,128.800,32.9246,5.3219,19.9755,4.3519,32.7749,8.3553
IMUNet-YawAug,128.900,33.0546,5.2926,20.1105,4.315,32.9166,8.2889
IMUNet-YawAug,129.000,33.1898,5.2629,20.2377,4.2807,33.0849,8.2465
IMUNet-YawAug,129.100,33.3314,5.232,20.3612,4.2302,33.2633,8.2077
IMUNet-YawAug,129.200,33.4717,5.2033,20.5104,4.1548,33.344,8.1612
IMUNet-YawAug,129.300,33.606,5.1723,20.6123,4.099,33.4185,8.153
IMUNet-YawAug,129.400,33.7362,5.1369,20.7207,4.0478,33.488,8.185
IMUNet-YawAug,129.500,33.8665,5.098,20.8115,4.0931,33.5753,8.2211
IMUNet-YawAug,129.600,33.9973,5.0549,20.8621,4.1016,33.7052,8.2919
IMUNet-YawAug,129.700,34.1265,5.0199,20.9701,4.1333,33.7803,8.3771
IMUNet-YawAug,129.800,34.2537,4.9909,21.0336,4.1592,33.899,8.4071
IMUNet-YawAug,129.900,34.3824,4.9688,21.1563,4.0812,34.0301,8.3243
IMUNet-YawAug,130.000,34.5161,4.9486,21.2838,4.0292,34.1824,8.2656
IMUNet-YawAug,130.100,34.6527,4.9335,21.4076,3.9486,34.3495,8.208
IMUNet-YawAug,130.200,34.783,4.9238,21.5645,3.898,34.5206,8.2153
IMUNet-YawAug,130.300,34.9072,4.9122,21.7109,3.7958,34.6928,8.1855
IMUNet-YawAug,130.400,35.0285,4.8958,21.8288,3.7186,34.8479,8.1399
IMUNet-YawAug,130.500,35.153,4.8795,21.9581,3.6872,34.9729,8.1149
IMUNet-YawAug,130.600,35.2824,4.867,22.0681,3.669,35.0939,8.1491
IMUNet-YawAug,130.700,35.4099,4.8576,22.2178,3.6713,35.2358,8.132
IMUNet-YawAug,130.800,35.5331,4.8558,22.3718,3.6977,35.4048,8.1701
IMUNet-YawAug,130.900,35.6539,4.8683,22.5362,3.6886,35.5693,8.2055
IMUNet-YawAug,131.000,35.7729,4.8877,22.6992,3.6984,35.7328,8.2352
IMUNet-YawAug,131.100,35.8928,4.9112,22.8582,3.6967,35.8976,8.252
IMUNet-YawAug,131.200,36.0077,4.9421,23.0162,3.7351,36.0491,8.315
IMUNet-YawAug,131.300,36.1166,4.9736,23.1844,3.7352,36.2097,8.372
IMUNet-YawAug,131.400,36.2231,5.0024,23.3374,3.7063,36.373,8.3866
IMUNet-YawAug,131.500,36.3304,5.037,23.4977,3.6995,36.5398,8.4115
IMUNet-YawAug,131.600,36.4363,5.0843,23.649,3.7239,36.6947,8.4408
IMUNet-YawAug,131.700,36.5341,5.142,23.7813,3.7925,36.8121,8.5421
IMUNet-YawAug,131.800,36.6142,5.21,23.8914,3.8933,36.93,8.6396
IMUNet-YawAug,131.900,36.6792,5.2875,23.9787,4.0058,37.0329,8.768
IMUNet-YawAug,132.000,36.7315,5.3736,24.0299,4.156,37.1025,8.9124
IMUNet-YawAug,132.100,36.7761,5.4672,24.0919,4.2813,37.1763,9.0531
IMUNet-YawAug,132.200,36.8114,5.5657,24.077,4.4224,37.2107,9.2098
IMUNet-YawAug,132.300,36.8428,5.6626,24.0301,4.5673,37.2183,9.3829
IMUNet-YawAug,132.400,36.8716,5.7592,23.9922,4.7027,37.2497,9.5392
IMUNet-YawAug,132.500,36.8915,5.8636,23.918,4.8203,37.1948,9.6504
IMUNet-YawAug,132.600,36.8991,5.9741,23.8769,4.9446,37.1467,9.7799
IMUNet-YawAug,132.700,36.8955,6.0861,23.7727,5.0312,37.0885,9.9119
IMUNet-YawAug,132.800,36.8739,6.1908,23.7567,5.0958,37.0023,10.0268
IMUNet-YawAug,132.900,36.8339,6.2862,23.6928,5.1728,36.9521,10.1679
IMUNet-YawAug,133.000,36.7783,6.3742,23.6057,5.2679,36.8888,10.3098
IMUNet-YawAug,133.100,36.7097,6.4564,23.5067,5.3543,36.8322,10.4193
IMUNet-YawAug,133.200,36.6342,6.5388,23.3542,5.4447,36.6981,10.512
IMUNet-YawAug,133.300,36.5588,6.6187,23.195,5.5167,36.5762,10.5669
IMUNet-YawAug,133.400,36.4867,6.7011,23.0364,5.5753,36.4272,10.6408
IMUNet-YawAug,133.500,36.4105,6.7846,22.8668,5.6328,36.265,10.6961
IMUNet-YawAug,133.600,36.3211,6.8751,22.6986,5.6643,36.1188,10.7622
IMUNet-YawAug,133.700,36.2293,6.9607,22.5178,5.6892,35.9769,10.8315
IMUNet-YawAug,133.800,36.1328,7.0428,22.3347,5.663,35.7886,10.8494
IMUNet-YawAug,133.900,36.0306,7.1133,22.1511,5.6389,35.5819,10.8453
IMUNet-YawAug,134.000,35.9217,7.1747,21.9805,5.6414,35.4071,10.8658
IMUNet-YawAug,134.100,35.8045,7.2321,21.7992,5.6827,35.2596,10.9527
IMUNet-YawAug,134.200,35.681,7.2877,21.6272,5.7381,35.1048,11.0542
IMUNet-YawAug,134.300,35.5581,7.3413,21.4706,5.8228,34.939,11.13
IMUNet-YawAug,134.400,35.4412,7.3974,21.3152,5.9004,34.8038,11.203
IMUNet-YawAug,134.500,35.3256,7.4551,21.1543,5.9287,34.6664,11.2755
IMUNet-YawAug,134.600,35.2045,7.5138,21.0012,5.9435,34.5217,11.3363
IMUNet-YawAug,134.700,35.0798,7.5727,20.8264,5.9394,34.4193,11.4576
IMUNet-YawAug,134.800,34.9556,7.6297,20.699,5.9133,34.2927,11.5038
IMUNet-YawAug,134.900,34.8304,7.6792,20.5189,5.8753,34.1109,11.4964
IMUNet-YawAug,135.000,34.7014,7.7186,20.3604,5.8411,33.9483,11.4705
IMUNet-YawAug,135.100,34.5664,7.7569,20.1768,5.8461,33.7495,11.505
IMUNet-YawAug,135.200,34.4279,7.7955,20.0013,5.847,33.564,11.5426
IMUNet-YawAug,135.300,34.2928,7.8326,19.845,5.8595,33.4049,11.5808
IMUNet-YawAug,135.400,34.1651,7.8728,19.6719,5.8776,33.2335,11.6296
IMUNet-YawAug,135.500,34.0422,7.9176,19.5111,5.8444,33.0864,11.6318
IMUNet-YawAug,135.600,33.9165,7.9647,19.3352,5.8398,32.9117,11.6591
IMUNet-YawAug,135.700,33.7882,8.0144,19.1549,5.8059,32.717,11.6593
IMUNet-YawAug,135.800,33.6616,8.0614,18.9774,5.7784,32.531,11.6891
IMUNet-YawAug,135.900,33.5355,8.1045,18.7903,5.7428,32.322,11.7095
IMUNet-YawAug,136.000,33.4067,8.1403,18.6103,5.7516,32.1486,11.7419
IMUNet-YawAug,136.100,33.2739,8.1741,18.4276,5.7745,31.945,11.7907
IMUNet-YawAug,136.200,33.1368,8.211,18.2471,5.7988,31.7442,11.8349
IMUNet-YawAug,136.300,33.0012,8.2459,18.088,5.86,31.5729,11.9078
IMUNet-YawAug,136.400,32.8717,8.2834,17.9076,5.8805,31.3816,11.9286
IMUNet-YawAug,136.500,32.7465,8.3274,17.7641,5.8611,31.264,11.9116
IMUNet-YawAug,136.600,32.6187,8.3733,17.6023,5.8511,31.1133,11.9419
IMUNet-YawAug,136.700,32.4861,8.4195,17.4424,5.8183,30.9747,11.9516
IMUNet-YawAug,136.800,32.3529,8.4625,17.2982,5.744,30.845,11.9987
IMUNet-YawAug,136.900,32.2207,8.501,17.1313,5.6856,30.6982,12.0158
IMUNet-YawAug,137.000,32.0879,8.5307,16.9658,5.6534,30.5764,12.0207
IMUNet-YawAug,137.100,31.9502,8.5559,16.7917,5.6323,30.3942,12.0393
IMUNet-YawAug,137.200,31.807,8.5799,16.6123,5.6279,30.2049,12.0494
IMUNet-YawAug,137.300,31.6651,8.6014,16.451,5.6487,30.037,12.076
IMUNet-YawAug,137.400,31.53,8.6254,16.2668,5.6538,29.8769,12.0641
IMUNet-YawAug,137.500,31.3993,8.6584,16.0973,5.6485,29.7177,12.0485
IMUNet-YawAug,137.600,31.2671,8.6976,15.9257,5.6353,29.5642,12.0734
IMUNet-YawAug,137.700,31.1313,8.7399,15.7543,5.6095,29.3969,12.0706
IMUNet-YawAug,137.800,30.9984,8.782,15.581,5.5641,29.2615,12.0863
IMUNet-YawAug,137.900,30.8676,8.8223,15.4065,5.5345,29.1014,12.1549
IMUNet-YawAug,138.000,30.737,8.8567,15.2453,5.4932,29.0135,12.2035
IMUNet-YawAug,138.100,30.6004,8.8892,15.0586,5.4955,28.8226,12.2597
IMUNet-YawAug,138.200,30.4583,8.9229,14.8807,5.4747,28.6565,12.286
IMUNet-YawAug,138.300,30.3169,8.9557,14.7289,5.4889,28.5196,12.2981
IMUNet-YawAug,138.400,30.1825,8.9945,14.5833,5.4615,28.4119,12.2869
IMUNet-YawAug,138.500,30.0545,9.0411,14.4386,5.4207,28.3197,12.2442
IMUNet-YawAug,138.600,29.9257,9.0955,14.2869,5.3865,28.1645,12.2467
IMUNet-YawAug,138.700,29.7932,9.1543,14.1325,5.3226,28.0013,12.1996
IMUNet-YawAug,138.800,29.6612,9.2093,13.9807,5.2487,27.8416,12.1464
IMUNet-YawAug,138.900,29.5318,9.2583,13.8444,5.1776,27.6939,12.1237
IMUNet-YawAug,139.000,29.4009,9.3002,13.7066,5.1072,27.5822,12.0606
IMUNet-YawAug,139.100,29.2668,9.3392,13.5328,5.0943,27.3842,12.0707
IMUNet-YawAug,139.200,29.1263,9.3776,13.3592,5.0811,27.1994,12.0727
IMUNet-YawAug,139.300,28.9859,9.4137,13.2159,5.1088,27.0533,12.0867
IMUNet-YawAug,139.400,28.8528,9.4518,13.0681,5.1082,26.9301,12.091
IMUNet-YawAug,139.500,28.726,9.4958,12.9395,5.0883,26.8558,12.0418
IMUNet-YawAug,139.600,28.5984,9.5435,12.7992,5.0754,26.7612,12.0438
IMUNet-YawAug,139.700,28.466,9.5922,12.65,5.035,26.6546,12.0182
IMUNet-YawAug,139.800,28.334,9.639,12.5141,4.9778,26.5697,12.0095
IMUNet-YawAug,139.900,28.2041,9.6789,12.3557,4.9616,26.4257,12.0255
IMUNet-YawAug,140.000,28.0704,9.7091,12.2059,4.9232,26.3327,11.9638
IMUNet-YawAug,140.100,27.9326,9.7355,12.0326,4.9188,26.1541,11.9652
IMUNet-YawAug,140.200,27.7872,9.7608,11.866,4.9258,26.0559,12.0014
IMUNet-YawAug,140.300,27.6447,9.7821,11.7278,4.9401,25.9337,12.008
IMUNet-YawAug,140.400,27.5082,9.8079,11.5646,4.9353,25.8254,11.9679
IMUNet-YawAug,140.500,27.3759,9.8389,11.4272,4.8916,25.7521,11.9202
IMUNet-YawAug,140.600,27.2414,9.8733,11.2939,4.8312,25.7288,11.9053
IMUNet-YawAug,140.700,27.1019,9.9104,11.141,4.7673,25.6497,11.9177
IMUNet-YawAug,140.800,26.966,9.9471,11.016,4.679,25.5781,11.8893
IMUNet-YawAug,140.900,26.8305,9.9804,10.8695,4.6273,25.5005,11.927
IMUNet-YawAug,141.000,26.694,10.0045,10.7258,4.5593,25.4011,11.9096
IMUNet-YawAug,141.100,26.5546,10.0261,10.5504,4.5401,25.2115,11.9165
IMUNet-YawAug,141.200,26.4111,10.0501,10.3774,4.5313,25.0327,11.9237
IMUNet-YawAug,141.300,26.2685,10.075,10.2295,4.5598,24.9112,11.9193
IMUNet-YawAug,141.400,26.1316,10.1037,10.0553,4.5773,24.7749,11.9291
IMUNet-YawAug,141.500,25.9997,10.1412,9.8982,4.6039,24.6084,11.9831
IMUNet-YawAug,141.600,25.8649,10.1847,9.7305,4.61,24.4399,12.0137
IMUNet-YawAug,141.700,25.7266,10.2312,9.5622,4.5851,24.2695,11.9985
IMUNet-YawAug,141.800,25.5893,10.2767,9.4011,4.5336,24.1023,11.9624
IMUNet-YawAug,141.900,25.4554,10.3178,9.2266,4.5057,23.9207,11.9633
IMUNet-YawAug,142.000,25.3205,10.3513,9.0723,4.4555,23.7741,11.9283
IMUNet-YawAug,142.100,25.1804,10.3828,8.8931,4.4302,23.5863,11.9249
IMUNet-YawAug,142.200,25.0353,10.4153,8.73,4.3869,23.4147,11.8984
IMUNet-YawAug,142.300,24.8895,10.4455,8.6002,4.3511,23.2855,11.859
IMUNet-YawAug,142.400,24.7521,10.4793,8.4478,4.312,23.1703,11.8293
IMUNet-YawAug,142.500,24.619,10.519,8.3284,4.2578,23.0982,11.7637
IMUNet-YawAug,142.600,24.4831,10.5615,8.1712,4.2249,22.9629,11.7818
IMUNet-YawAug,142.700,24.3431,10.6054,8.0142,4.1788,22.8199,11.7673
IMUNet-YawAug,142.800,24.2054,10.6488,7.8508,4.1287,22.6885,11.809
IMUNet-YawAug,142.900,24.0724,10.6878,7.6778,4.0976,22.5423,11.8445
IMUNet-YawAug,143.000,23.9379,10.7184,7.5292,4.0655,22.4561,11.8644
IMUNet-YawAug,143.100,23.7994,10.7434,7.3465,4.0745,22.2734,11.8994
IMUNet-YawAug,143.200,23.6552,10.7674,7.1724,4.0761,22.0982,11.9472
IMUNet-YawAug,143.300,23.513,10.7899,7.0423,4.1176,21.985,11.9804
IMUNet-YawAug,143.400,23.3768,10.8171,6.8815,4.1565,21.8353,11.9974
IMUNet-YawAug,143.500,23.2446,10.8518,6.7426,4.172,21.7143,12.0185
IMUNet-YawAug,143.600,23.1094,10.8926,6.6037,4.2064,21.5871,12.0758
IMUNet-YawAug,143.700,22.9699,10.9355,6.459,4.1725,21.4502,12.0677
IMUNet-YawAug,143.800,22.8307,10.9763,6.3261,4.1748,21.3191,12.1354
IMUNet-YawAug,143.900,22.6956,11.0115,6.1439,4.168,21.1367,12.1898
IMUNet-YawAug,144.000,22.5589,11.038,5.9709,4.1926,20.9495,12.2227
IMUNet-YawAug,144.100,22.4168,11.061,5.7867,4.217,20.7604,12.2952
IMUNet-YawAug,144.200,22.2693,11.0843,5.6133,4.2784,20.5722,12.3852
IMUNet-YawAug,144.300,22.1225,11.1074,5.4726,4.3034,20.4291,12.4494
IMUNet-YawAug,144.400,21.9827,11.1354,5.3199,4.3352,20.2757,12.5057
IMUNet-YawAug,144.500,21.8481,11.1678,5.1736,4.3269,20.1156,12.5165
IMUNet-YawAug,144.600,21.7117,11.2016,5.011,4.326,19.9423,12.5519
IMUNet-YawAug,144.700,21.5699,11.229,4.8566,4.3184,19.776,12.5722
IMUNet-YawAug,144.800,21.429,11.252,4.7027,4.286,19.6003,12.5708
IMUNet-YawAug,144.900,21.2945,11.2755,4.5243,4.2488,19.4006,12.5534
IMUNet-YawAug,145.000,21.1602,11.3026,4.3528,4.24,19.2118,12.5669
IMUNet-YawAug,145.100,21.0218,11.33,4.1657,4.232,19.0032,12.5816
IMUNet-YawAug,145.200,20.8762,11.3577,3.9821,4.2265,18.7984,12.6013
IMUNet-YawAug,145.300,20.7323,11.3848,3.8132,4.2024,18.6185,12.5902
IMUNet-YawAug,145.400,20.5984,11.4172,3.6206,4.2027,18.4292,12.6312
IMUNet-YawAug,145.500,20.467,11.4554,3.4592,4.1443,18.2928,12.598
IMUNet-YawAug,145.600,20.3314,11.4974,3.2821,4.0997,18.1178,12.602
IMUNet-YawAug,145.700,20.1924,11.5406,3.1061,4.0542,17.9259,12.5692
IMUNet-YawAug,145.800,20.0544,11.5805,2.9336,4.0117,17.7413,12.6141
IMUNet-YawAug,145.900,19.9176,11.6152,2.7603,3.9356,17.5434,12.5932
IMUNet-YawAug,146.000,19.7807,11.6435,2.5887,3.9035,17.3724,12.5588
IMUNet-YawAug,146.100,19.6395,11.6687,2.4087,3.8773,17.1784,12.5526
IMUNet-YawAug,146.200,19.493,11.6953,2.249,3.8606,17.0048,12.5509
IMUNet-YawAug,146.300,19.3468,11.7228,2.1849,3.8277,16.9425,12.5557
IMUNet-YawAug,146.400,19.2082,11.7575,2.0688,3.8209,16.8405,12.5526
IMUNet-YawAug,146.500,19.0735,11.7991,1.9345,3.8095,16.7478,12.5431
IMUNet-YawAug,146.600,18.9345,11.8453,1.7957,3.789,16.6199,12.5578
IMUNet-YawAug,146.700,18.7925,11.8931,1.6357,3.7393,16.4735,12.5314
IMUNet-YawAug,146.800,18.6533,11.9368,1.5044,3.708,16.3502,12.5587
IMUNet-YawAug,146.900,18.516,11.9766,1.3343,3.6757,16.1861,12.5556
IMUNet-YawAug,147.000,18.3774,12.012,1.1624,3.6659,16.0253,12.5662
IMUNet-YawAug,147.100,18.235,12.0438,0.975,3.6782,15.8256,12.6078
IMUNet-YawAug,147.200,18.0883,12.0738,0.7983,3.7,15.6391,12.6502
IMUNet-YawAug,147.300,17.9459,12.1025,0.6605,3.7099,15.5139,12.6752
IMUNet-YawAug,147.400,17.8121,12.1372,0.4805,3.7009,15.3485,12.665
IMUNet-YawAug,147.500,17.6825,12.179,0.3156,3.6926,15.2101,12.6605
IMUNet-YawAug,147.600,17.5501,12.2222,0.1452,3.6687,15.0514,12.6505
IMUNet-YawAug,147.700,17.4135,12.266,-0.0342,3.6377,14.8804,12.6438
IMUNet-YawAug,147.800,17.2764,12.3085,-0.1907,3.6047,14.7398,12.633
IMUNet-YawAug,147.900,17.1407,12.3453,-0.3822,3.585,14.5406,12.6313
IMUNet-YawAug,148.000,17.0057,12.3764,-0.5551,3.5814,14.3889,12.625
IMUNet-YawAug,148.100,16.8658,12.4066,-0.7454,3.5905,14.1823,12.6583
IMUNet-YawAug,148.200,16.7226,12.4377,-0.9225,3.6015,13.9862,12.6864
IMUNet-YawAug,148.300,16.5834,12.4676,-1.0253,3.6037,13.8873,12.7179
IMUNet-YawAug,148.400,16.4503,12.503,-1.1496,3.6238,13.782,12.7247
IMUNet-YawAug,148.500,16.3209,12.5462,-1.3002,3.6341,13.6852,12.7715
IMUNet-YawAug,148.600,16.1889,12.5946,-1.4464,3.6296,13.5431,12.7761
IMUNet-YawAug,148.700,16.0544,12.6443,-1.6253,3.604,13.3664,12.7635
IMUNet-YawAug,148.800,15.9214,12.6929,-1.7696,3.5657,13.217,12.7606
IMUNet-YawAug,148.900,15.7896,12.7355,-1.9515,3.5567,13.0245,12.7791
IMUNet-YawAug,149.000,15.6547,12.7708,-2.127,3.5525,12.8473,12.7774
IMUNet-YawAug,149.100,15.5166,12.8048,-2.3111,3.5762,12.6411,12.826
IMUNet-YawAug,149.200,15.375,12.8387,-2.4883,3.592,12.4428,12.8507
IMUNet-YawAug,149.300,15.237,12.8723,-2.65,3.6322,12.2749,12.8665
IMUNet-YawAug,149.400,15.1042,12.9106,-2.8198,3.6167,12.1495,12.8338
IMUNet-YawAug,149.500,14.9758,12.9554,-2.9766,3.6181,12.0177,12.8509
IMUNet-YawAug,149.600,14.8444,13.0049,-3.1374,3.5869,11.8639,12.8737
IMUNet-YawAug,149.700,14.7068,13.0532,-3.3119,3.5596,11.719,12.8611
IMUNet-YawAug,149.800,14.5726,13.0974,-3.4457,3.5103,11.6009,12.897
IMUNet-YawAug,149.900,14.4423,13.1338,-3.616,3.478,11.452,12.9176
IMUNet-YawAug,150.000,14.3105,13.1628,-3.7715,3.488,11.3314,12.9613
IMUNet-YawAug,150.100,14.1738,13.1885,-3.9367,3.518,11.154,13.0317
IMUNet-YawAug,150.200,14.0316,13.2134,-4.1015,3.5277,10.977,13.0472
IMUNet-YawAug,150.300,13.8915,13.2371,-4.1775,3.5937,10.8952,13.1211
IMUNet-YawAug,150.400,13.7573,13.2647,-4.2683,3.6465,10.8515,13.1743
IMUNet-YawAug,150.500,13.6247,13.2995,-4.3624,3.7083,10.7859,13.2795
IMUNet-YawAug,150.600,13.488,13.338,-4.4825,3.7515,10.6985,13.3586
IMUNet-YawAug,150.700,13.3481,13.3778,-4.621,3.7654,10.5796,13.4083
IMUNet-YawAug,150.800,13.2113,13.4145,-4.7142,3.7347,10.5287,13.4833
IMUNet-YawAug,150.900,13.0769,13.4439,-4.8735,3.7158,10.3907,13.5288
IMUNet-YawAug,151.000,12.9415,13.4634,-5.033,3.7334,10.3046,13.6156
IMUNet-YawAug,151.100,12.8003,13.4754,-5.2143,3.7661,10.1551,13.7327
IMUNet-YawAug,151.200,12.656,13.4817,-5.3906,3.784,9.9848,13.7895
IMUNet-YawAug,151.300,12.5153,13.4859,-5.5549,3.824,9.8088,13.8414
IMUNet-YawAug,151.400,12.381,13.4932,-5.7236,3.8245,9.6548,13.9212
IMUNet-YawAug,151.500,12.2485,13.5054,-5.8813,3.7949,9.4871,13.9619
IMUNet-YawAug,151.600,12.1105,13.5211,-6.04,3.7791,9.3191,13.9856
IMUNet-YawAug,151.700,11.97,13.5333,-6.1905,3.6913,9.1449,13.9666
IMUNet-YawAug,151.800,11.8321,13.5358,-6.3364,3.6208,8.9786,13.9868
IMUNet-YawAug,151.900,11.698,13.5265,-6.4935,3.5467,8.7946,14.0009
IMUNet-YawAug,152.000,11.5652,13.5049,-6.647,3.4842,8.6153,14.0015
IMUNet-YawAug,152.100,11.4314,13.4752,-6.7998,3.4108,8.4469,14.0088
IMUNet-YawAug,152.200,11.2969,13.4409,-6.948,3.3372,8.2611,13.9954
IMUNet-YawAug,152.300,11.1695,13.4073,-7.1074,3.2779,8.1088,13.9607
IMUNet-YawAug,152.400,11.0419,13.3796,-7.2568,3.2192,7.9889,14.0409
IMUNet-YawAug,152.500,10.912,13.3565,-7.37,3.1125,7.8284,14.0015
IMUNet-YawAug,152.600,10.7775,13.3312,-7.4943,3.0242,7.7051,14.0346
IMUNet-YawAug,152.700,10.6398,13.2986,-7.603,2.9044,7.5731,14.0305
IMUNet-YawAug,152.800,10.5098,13.257,-7.7109,2.7972,7.4429,14.0145
IMUNet-YawAug,152.900,10.3892,13.2038,-7.8162,2.6772,7.3242,13.9367
IMUNet-YawAug,153.000,10.2766,13.1393,-7.9195,2.561,7.1895,13.9434
IMUNet-YawAug,153.100,10.1658,13.0628,-8.0446,2.4517,7.0389,13.8357
IMUNet-YawAug,153.200,10.0581,12.9766,-8.1695,2.3412,6.8761,13.7369
IMUNet-YawAug,153.300,9.9539,12.8905,-8.311,2.2418,6.7278,13.6599
IMUNet-YawAug,153.400,9.8531,12.8066,-8.4176,2.1128,6.6645,13.6481
IMUNet-YawAug,153.500,9.7515,12.7201,-8.5065,1.9652,6.6358,13.6151
IMUNet-YawAug,153.600,9.6482,12.6268,-8.5672,1.7938,6.6118,13.5488
IMUNet-YawAug,153.700,9.5443,12.527,-8.6219,1.6184,6.5254,13.4304
IMUNet-YawAug,153.800,9.4476,12.4252,-8.6506,1.4369,6.466,13.3193
IMUNet-YawAug,153.900,9.361,12.3184,-8.6961,1.2759,6.4182,13.168
IMUNet-YawAug,154.000,9.284,12.2043,-8.7442,1.1136,6.382,12.9933
IMUNet-YawAug,154.100,9.2079,12.0833,-8.8247,0.9602,6.3184,12.8188
IMUNet-YawAug,154.200,9.132,11.9564,-8.8432,0.8175,6.2468,12.6812
IMUNet-YawAug,154.300,9.0555,11.8345,-8.8694,0.6638,6.1504,12.5349
IMUNet-YawAug,154.400,8.9719,11.7223,-8.9588,0.5321,6.0848,12.3828
IMUNet-YawAug,154.500,8.883,11.6132,-9.0426,0.3779,5.97,12.2399
IMUNet-YawAug,154.600,8.7885,11.5027,-9.1282,0.2099,5.916,12.0896
IMUNet-YawAug,154.700,8.6918,11.3907,-9.1822,0.0445,5.8161,11.9404
IMUNet-YawAug,154.800,8.5988,11.279,-9.2514,-0.1131,5.7202,11.8131
IMUNet-YawAug,154.900,8.5125,11.1652,-9.3204,-0.2757,5.6544,11.6428
IMUNet-YawAug,155.000,8.4296,11.0453,-9.3943,-0.4317,5.549,11.4846
IMUNet-YawAug,155.100,8.3459,10.9165,-9.5108,-0.5519,5.4643,11.3258
IMUNet-YawAug,155.200,8.2624,10.7827,-9.5526,-0.6557,5.3772,11.2284
IMUNet-YawAug,155.300,8.1752,10.6594,-9.6141,-0.7945,5.335,11.0741
IMUNet-YawAug,155.400,8.0847,10.5475,-9.6907,-0.9011,5.2379,10.9268
IMUNet-YawAug,155.500,7.9905,10.4368,-9.7831,-1.0129,5.1436,10.7777
IMUNet-YawAug,155.600,7.8918,10.3229,-9.8628,-1.1802,5.0713,10.5988
IMUNet-YawAug,155.700,7.7937,10.208,-9.9124,-1.3203,4.9897,10.4457
IMUNet-YawAug,155.800,7.7016,10.0945,-10.0134,-1.4814,4.8987,10.2512
IMUNet-YawAug,155.900,7.6179,9.9809,-10.1369,-1.6177,4.7811,10.0876
IMUNet-YawAug,156.000,7.5352,9.8633,-10.2402,-1.7682,4.6966,9.8995
IMUNet-YawAug,156.100,7.4489,9.74,-10.3423,-1.9162,4.6097,9.7373
IMUNet-YawAug,156.200,7.3638,9.6186,-10.3932,-2.051,4.5405,9.6177
IMUNet-YawAug,156.300,7.2773,9.5048,-10.4721,-2.1908,4.4749,9.4825
IMUNet-YawAug,156.400,7.1862,9.3958,-10.5921,-2.3056,4.4235,9.3127
IMUNet-YawAug,156.500,7.0912,9.2858,-10.6838,-2.4494,4.354,9.1388
IMUNet-YawAug,156.600,6.9943,9.1728,-10.7646,-2.6086,4.3021,8.9726
IMUNet-YawAug,156.700,6.9003,9.0589,-10.7796,-2.7673,4.2743,8.8172
IMUNet-YawAug,156.800,6.8131,8.948,-10.8419,-2.9211,4.1904,8.6348
IMUNet-YawAug,156.900,6.7324,8.8349,-10.9269,-3.0706,4.1241,8.4534
IMUNet-YawAug,157.000,6.6519,8.7147,-11.0011,-3.215,4.0055,8.278
IMUNet-YawAug,157.100,6.5714,8.5876,-11.0575,-3.3715,3.9283,8.1076
IMUNet-YawAug,157.200,6.4925,8.4611,-11.0678,-3.4864,3.8666,7.9657
IMUNet-YawAug,157.300,6.4126,8.3418,-11.109,-3.6452,3.82,7.7913
IMUNet-YawAug,157.400,6.333,8.2293,-11.1411,-3.7825,3.7838,7.6416
IMUNet-YawAug,157.500,6.249,8.1132,-11.1774,-3.9432,3.6958,7.4875
IMUNet-YawAug,157.600,6.1633,7.9931,-11.2364,-4.1072,3.5878,7.3748
IMUNet-YawAug,157.700,6.0808,7.8729,-11.317,-4.2268,3.4814,7.264
IMUNet-YawAug,157.800,6.0073,7.7498,-11.3937,-4.3817,3.4235,7.0652
IMUNet-YawAug,157.900,5.943,7.6238,-11.4865,-4.5374,3.3455,6.8823
IMUNet-YawAug,158.000,5.88,7.4929,-11.5407,-4.7138,3.2837,6.6902
IMUNet-YawAug,158.100,5.8145,7.358,-11.6236,-4.8674,3.1897,6.5148
IMUNet-YawAug,158.200,5.7486,7.2286,-11.7071,-5.0346,3.0644,6.3479
IMUNet-YawAug,158.300,5.6823,7.1071,-11.759,-5.1897,3.0185,6.1759
IMUNet-YawAug,158.400,5.6147,6.9883,-11.833,-5.3528,2.9432,5.9949
IMUNet-YawAug,158.500,5.5411,6.8651,-11.906,-5.5164,2.893,5.8097
IMUNet-YawAug,158.600,5.4643,6.7412,-11.9194,-5.6917,2.8351,5.6169
IMUNet-YawAug,158.700,5.3861,6.6204,-11.9089,-5.8654,2.7462,5.4485
IMUNet-YawAug,158.800,5.3108,6.5003,-11.9656,-6.0287,2.6821,5.281
IMUNet-YawAug,158.900,5.2398,6.3803,-12.0165,-6.1915,2.5887,5.1011
IMUNet-YawAug,159.000,5.1695,6.2522,-12.0755,-6.3583,2.511,4.918
IMUNet-YawAug,159.100,5.0966,6.1183,-12.0745,-6.5177,2.4481,4.7729
IMUNet-YawAug,159.200,5.023,5.9905,-12.1165,-6.6609,2.3584,4.6399
IMUNet-YawAug,159.300,4.9421,5.8732,-12.1898,-6.8154,2.2876,4.5453
IMUNet-YawAug,159.400,4.8546,5.7575,-12.2455,-6.9685,2.2037,4.4156
IMUNet-YawAug,159.500,4.7603,5.6417,-12.299,-7.1437,2.1486,4.2936
IMUNet-YawAug,159.600,4.6668,5.5237,-12.3301,-7.3044,2.0561,4.1716
IMUNet-YawAug,159.700,4.582,5.4044,-12.3959,-7.4608,1.948,4.0365
IMUNet-YawAug,159.800,4.5062,5.282,-12.4479,-7.6217,1.9104,3.9055
IMUNet-YawAug,159.900,4.4365,5.1561,-12.5344,-7.7572,1.7978,3.7385
IMUNet-YawAug,160.000,4.3665,5.0245,-12.6291,-7.8909,1.6853,3.5796
IMUNet-YawAug,160.100,4.3026,4.892,-12.6658,-8.0099,1.5426,3.4748
IMUNet-YawAug,160.200,4.2392,4.7652,-12.7383,-8.1472,1.4424,3.3183
IMUNet-YawAug,160.300,4.1734,4.6456,-12.8327,-8.2517,1.367,3.2186
IMUNet-YawAug,160.400,4.1038,4.5213,-12.9415,-8.3733,1.2592,3.0892
IMUNet-YawAug,160.500,4.0327,4.3947,-13.0312,-8.533,1.1901,2.9321
IMUNet-YawAug,160.600,3.9663,4.2683,-13.0995,-8.6943,1.0894,2.8017
IMUNet-YawAug,160.700,3.9069,4.1425,-13.202,-8.8536,1.0055,2.6357
IMUNet-YawAug,160.800,3.8565,4.0153,-13.3195,-8.9859,0.9236,2.4693
IMUNet-YawAug,160.900,3.8084,3.8799,-13.4292,-9.1254,0.8257,2.2874
IMUNet-YawAug,161.000,3.7631,3.7375,-13.5441,-9.2682,0.7039,2.1323
IMUNet-YawAug,161.100,3.7208,3.5948,-13.6111,-9.4137,0.5684,2.0194
IMUNet-YawAug,161.200,3.6752,3.4611,-13.6687,-9.5753,0.4662,1.9108
IMUNet-YawAug,161.300,3.6236,3.3336,-13.7472,-9.72,0.4006,1.7804
IMUNet-YawAug,161.400,3.5659,3.2037,-13.7839,-9.8889,0.348,1.6291
IMUNet-YawAug,161.500,3.5052,3.0711,-13.8418,-10.0669,0.2684,1.4877
IMUNet-YawAug,161.600,3.4458,2.9371,-13.8423,-10.2347,0.1867,1.3685
IMUNet-YawAug,161.700,3.3955,2.805,-13.8776,-10.4018,0.1711,1.1784
IMUNet-YawAug,161.800,3.354,2.6723,-13.9345,-10.5598,0.1569,0.9962
IMUNet-YawAug,161.900,3.314,2.535,-13.9979,-10.7042,0.054,0.8474
IMUNet-YawAug,162.000,3.2747,2.3928,-14.1144,-10.8225,-0.0959,0.7408
IMUNet-YawAug,162.100,3.2331,2.2556,-14.2314,-10.929,-0.2276,0.6599
IMUNet-YawAug,162.200,3.1854,2.1272,-14.352,-11.0283,-0.3524,0.6688
IMUNet-YawAug,162.300,3.1342,1.9999,-14.4682,-11.1318,-0.4627,0.615
IMUNet-YawAug,162.400,3.081,1.873,-14.5526,-11.2737,-0.5095,0.4942
IMUNet-YawAug,162.500,3.0244,1.7442,-14.6656,-11.3946,-0.6528,0.4489
IMUNet-YawAug,162.600,2.9729,1.6192,-14.7859,-11.5181,-0.7411,0.4061
IMUNet-YawAug,162.700,2.9289,1.4949,-14.8331,-11.6489,-0.8029,0.3086
IMUNet-YawAug,162.800,2.8864,1.3698,-14.8715,-11.771,-0.8809,0.2624
IMUNet-YawAug,162.900,2.8396,1.2452,-14.8726,-11.869,-0.9058,0.2144
IMUNet-YawAug,163.000,2.7871,1.1224,-14.9134,-11.9294,-0.9552,0.159
IMUNet-YawAug,163.100,2.729,1.0098,-14.9401,-11.9683,-0.9989,0.14
IMUNet-YawAug,163.200,2.6561,0.9045,-15.0625,-11.919,-1.1237,0.214
IMUNet-YawAug,163.300,2.577,0.8049,-15.1635,-11.8846,-1.2299,0.2881
IMUNet-YawAug,163.400,2.4949,0.7086,-15.2853,-11.8684,-1.3562,0.35
IMUNet-YawAug,163.500,2.4003,0.6177,-15.4141,-11.8563,-1.4587,0.369
IMUNet-YawAug,163.600,2.3091,0.5305,-15.5543,-11.8504,-1.5937,0.3486
IMUNet-YawAug,163.700,2.224,0.4403,-15.6909,-11.9058,-1.7132,0.2436
IMUNet-YawAug,163.800,2.1402,0.3511,-15.8249,-11.9566,-1.8239,0.1771
IMUNet-YawAug,163.900,2.0518,0.2635,-15.9331,-12.0664,-1.9452,0.1052
IMUNet-YawAug,164.000,1.9563,0.1831,-15.9934,-12.1876,-2.0763,0.0262
IMUNet-YawAug,164.100,1.8584,0.1176,-16.0371,-12.3218,-2.2021,-0.0667
IMUNet-YawAug,164.200,1.7538,0.0751,-16.1206,-12.4224,-2.3079,-0.1455
IMUNet-YawAug,164.300,1.6454,0.0453,-16.1327,-12.5403,-2.3453,-0.2477
IMUNet-YawAug,164.400,1.5324,0.0299,-16.1048,-12.6387,-2.3854,-0.3484
IMUNet-YawAug,164.500,1.417,0.0221,-16.0978,-12.7143,-2.388,-0.4022
IMUNet-YawAug,164.600,1.307,0.0115,-16.0497,-12.8182,-2.3753,-0.5058
IMUNet-YawAug,164.700,1.1984,-0.0016,-16.0025,-12.9068,-2.379,-0.631
IMUNet-YawAug,164.800,1.0882,-0.0177,-15.9843,-13.0194,-2.376,-0.7328
IMUNet-YawAug,164.900,0.9768,-0.0361,-15.9975,-13.1358,-2.446,-0.7904
IMUNet-YawAug,165.000,0.8632,-0.0508,-16.013,-13.2331,-2.535,-0.8202
IMUNet-YawAug,165.100,0.7554,-0.0578,-16.0425,-13.3133,-2.6315,-0.8476
IMUNet-YawAug,165.200,0.6566,-0.052,-16.0756,-13.373,-2.6997,-0.883
IMUNet-YawAug,165.300,0.5674,-0.0421,-16.129,-13.4018,-2.7088,-0.9197
IMUNet-YawAug,165.400,0.4846,-0.0297,-16.1832,-13.3997,-2.6881,-0.9128
IMUNet-YawAug,165.500,0.4096,-0.0061,-16.2244,-13.379,-2.6843,-0.8842
IMUNet-YawAug,165.600,0.3453,0.0254,-16.2575,-13.3681,-2.7117,-0.8785
IMUNet-YawAug,165.700,0.2896,0.0632,-16.2821,-13.3706,-2.7279,-0.8786
IMUNet-YawAug,165.800,0.2445,0.099,-16.3068,-13.3773,-2.7602,-0.8697
IMUNet-YawAug,165.900,0.2137,0.1311,-16.3146,-13.3828,-2.7796,-0.8718
IMUNet-YawAug,166.000,0.1951,0.1547,-16.3028,-13.3963,-2.7751,-0.8941
IMUNet-YawAug,166.100,0.1791,0.1682,-16.2853,-13.416,-2.7686,-0.9247
IMUNet-YawAug,166.200,0.1551,0.1829,-16.2738,-13.4396,-2.7771,-0.955
IMUNet-YawAug,166.300,0.1222,0.2003,-16.2678,-13.4745,-2.7868,-0.9883
IMUNet-YawAug,166.400,0.084,0.2184,-16.2636,-13.5142,-2.7991,-1.0222
IMUNet-YawAug,166.500,0.0427,0.231,-16.2513,-13.5428,-2.8044,-1.0495
IMUNet-YawAug,166.600,0.0006,0.2394,-16.2431,-13.5603,-2.799,-1.0632
IMUNet-YawAug,166.700,-0.0317,0.2423,-16.2457,-13.5676,-2.8073,-1.0566
IMUNet-YawAug,166.800,-0.0516,0.2423,-16.2564,-13.5551,-2.8277,-1.0245
IMUNet-YawAug,166.900,-0.0638,0.2383,-16.2889,-13.5322,-2.8571,-0.9894
IMUNet-YawAug,167.000,-0.0725,0.2288,-16.317,-13.5149,-2.884,-0.9701
IMUNet-YawAug,167.100,-0.0784,0.2076,-16.3554,-13.5049,-2.9049,-0.9676
IMUNet-YawAug,167.200,-0.0851,0.1702,-16.3713,-13.5112,-2.9158,-0.9697
IMUNet-YawAug,167.300,-0.092,0.1166,-16.3744,-13.5291,-2.9188,-0.9786
IMUNet-YawAug,167.400,-0.0994,0.0547,-16.3752,-13.5523,-2.9222,-0.9881
IMUNet-YawAug,167.500,-0.1068,-0.0033,-16.3754,-13.5648,-2.9241,-1.0021
IMUNet-YawAug,167.600,-0.1142,-0.0515,-16.3811,-13.5687,-2.9269,-1.0079
IMUNet-YawAug,167.700,-0.118,-0.0858,-16.3925,-13.5634,-2.9261,-1.0092
IMUNet-YawAug,167.800,-0.1222,-0.1088,-16.4194,-13.5547,-2.938,-1.0063
IMUNet-YawAug,167.900,-0.1313,-0.1216,-16.4666,-13.5479,-2.9583,-1.0152
IMUNet-YawAug,168.000,-0.1501,-0.1244,-16.5234,-13.5443,-2.9809,-1.0062
IMUNet-YawAug,168.100,-0.1825,-0.1154,-16.5694,-13.5236,-3.0057,-0.9715
IMUNet-YawAug,168.200,-0.2318,-0.0888,-16.602,-13.513,-3.0254,-0.9268
IMUNet-YawAug,168.300,-0.2916,-0.0422,-16.6222,-13.5143,-3.041,-0.9125
IMUNet-YawAug,168.400,-0.3511,0.0295,-16.6128,-13.5177,-3.0319,-0.9189
IMUNet-YawAug,168.500,-0.3868,0.1185,-16.5965,-13.5155,-3.0117,-0.9165
IMUNet-YawAug,168.600,-0.3968,0.2117,-16.5802,-13.4996,-2.9909,-0.9056
IMUNet-YawAug,168.700,-0.3749,0.2912,-16.5621,-13.4765,-2.9632,-0.8923
IMUNet-YawAug,168.800,-0.3326,0.3545,-16.5482,-13.4481,-2.939,-0.8664
IMUNet-YawAug,168.900,-0.2774,0.4012,-16.5361,-13.4274,-2.9129,-0.8449
IMUNet-YawAug,169.000,-0.2129,0.4305,-16.5345,-13.4051,-2.9129,-0.8472
IMUNet-YawAug,169.100,-0.1481,0.4461,-16.5341,-13.3845,-2.9036,-0.8474
IMUNet-YawAug,169.200,-0.084,0.4511,-16.5336,-13.3664,-2.9026,-0.8409
IMUNet-YawAug,169.300,-0.0242,0.4504,-16.534,-13.3482,-2.9117,-0.8227
IMUNet-YawAug,169.400,0.0299,0.4447,-16.5313,-13.3263,-2.9205,-0.7997
IMUNet-YawAug,169.500,0.0784,0.431,-16.5232,-13.3064,-2.9278,-0.7713
IMUNet-YawAug,169.600,0.1215,0.4111,-16.5126,-13.2949,-2.9301,-0.7451
IMUNet-YawAug,169.700,0.1582,0.3808,-16.5002,-13.2772,-2.9222,-0.716
IMUNet-YawAug,169.800,0.1901,0.3389,-16.4782,-13.2493,-2.9149,-0.6868
IMUNet-YawAug,169.900,0.2107,0.2912,-16.4685,-13.2332,-2.9242,-0.6789
IMUNet-YawAug,170.000,0.2152,0.2375,-16.4628,-13.2314,-2.9594,-0.695
IMUNet-YawAug,170.100,0.2069,0.1795,-16.4666,-13.2417,-2.9963,-0.7112
IMUNet-YawAug,170.200,0.1851,0.12,-16.4807,-13.2496,-3.0289,-0.721
IMUNet-YawAug,170.300,0.1518,0.0609,-16.4995,-13.2487,-3.05,-0.7194
IMUNet-YawAug,170.400,0.1078,0.0065,-16.5211,-13.236,-3.0609,-0.7138
IMUNet-YawAug,170.500,0.0561,-0.0329,-16.5338,-13.2242,-3.0699,-0.7166
IMUNet-YawAug,170.600,0.0032,-0.0577,-16.5517,-13.2301,-3.0832,-0.7299
IMUNet-YawAug,170.700,-0.0456,-0.0685,-16.5937,-13.2503,-3.1045,-0.7661
IMUNet-YawAug,170.800,-0.0862,-0.0662,-16.6422,-13.28,-3.1424,-0.821
IMUNet-YawAug,170.900,-0.1171,-0.0509,-16.6787,-13.3289,-3.1877,-0.8587
IMUNet-YawAug,171.000,-0.1365,-0.0255,-16.7094,-13.3755,-3.2212,-0.8959
IMUNet-YawAug,171.100,-0.1447,0.0104,-16.7315,-13.4114,-3.2567,-0.9295
IMUNet-YawAug,171.200,-0.1419,0.055,-16.7441,-13.436,-3.2678,-0.9535
IMUNet-YawAug,171.300,-0.1323,0.1054,-16.742,-13.4508,-3.2611,-0.9403
IMUNet-YawAug,171.400,-0.1194,0.1542,-16.7346,-13.4487,-3.2452,-0.9277
IMUNet-YawAug,171.500,-0.1048,0.1948,-16.7258,-13.4438,-3.2317,-0.9201
IMUNet-YawAug,171.600,-0.0916,0.2257,-16.7196,-13.4419,-3.2246,-0.9179
IMUNet-YawAug,171.700,-0.0814,0.2454,-16.7158,-13.4393,-3.2215,-0.9179
IMUNet-YawAug,171.800,-0.0729,0.2593,-16.7073,-13.4383,-3.2184,-0.9192
IMUNet-YawAug,171.900,-0.0592,0.2777,-16.6958,-13.4417,-3.2119,-0.9175
IMUNet-YawAug,172.000,-0.0444,0.3006,-16.6889,-13.4441,-3.2081,-0.9149
IMUNet-YawAug,172.100,-0.0345,0.3211,-16.6895,-13.4481,-3.2083,-0.9191
IMUNet-YawAug,172.200,-0.0294,0.3348,-16.6933,-13.4539,-3.2101,-0.928
IMUNet-YawAug,172.300,-0.0279,0.3416,-16.6888,-13.4654,-3.2068,-0.9341
IMUNet-YawAug,172.400,-0.0274,0.3445,-16.6834,-13.4847,-3.2018,-0.9449
IMUNet-YawAug,172.500,-0.0295,0.3372,-16.6781,-13.4962,-3.1991,-0.9582
IMUNet-YawAug,172.600,-0.0365,0.3116,-16.6734,-13.505,-3.197,-0.9692
IMUNet-YawAug,172.700,-0.046,0.2755,-16.6723,-13.5166,-3.1994,-0.9792
IMUNet-YawAug,172.800,-0.0523,0.2448,-16.6739,-13.5268,-3.2012,-0.9904
IMUNet-YawAug,172.900,-0.0506,0.2321,-16.6786,-13.534,-3.2072,-0.9976
IMUNet-YawAug,173.000,-0.0454,0.2326,-16.6845,-13.5394,-3.2121,-1.0005
IMUNet-YawAug,173.100,-0.0393,0.2371,-16.6929,-13.5436,-3.2182,-0.9973
IMUNet-YawAug,173.200,-0.0352,0.2409,-16.7043,-13.5489,-3.2255,-0.9958
IMUNet-YawAug,173.300,-0.0333,0.2422,-16.7156,-13.5546,-3.2276,-0.9984
IMUNet-YawAug,173.400,-0.0324,0.2429,-16.7287,-13.557,-3.2289,-0.9989
IMUNet-YawAug,173.500,-0.0311,0.2426,-16.7401,-13.5538,-3.229,-0.9953
IMUNet-YawAug,173.600,-0.029,0.2434,-16.7486,-13.545,-3.2344,-0.9925
IMUNet-YawAug,173.700,-0.0227,0.2411,-16.7522,-13.5288,-3.2409,-0.9851
IMUNet-YawAug,173.800,-0.0039,0.238,-16.7597,-13.5165,-3.2405,-0.9795
IMUNet-YawAug,173.900,0.0284,0.2467,-16.7594,-13.5063,-3.2359,-0.9732
IMUNet-YawAug,174.000,0.0609,0.2731,-16.7596,-13.4936,-3.2306,-0.9588
IMUNet-YawAug,174.100,0.0838,0.305,-16.7614,-13.4881,-3.2342,-0.9506
IMUNet-YawAug,174.200,0.1005,0.3296,-16.7663,-13.4848,-3.2378,-0.9429
IMUNet-YawAug,174.300,0.1131,0.35,-16.7692,-13.4834,-3.2428,-0.9401
IMUNet-YawAug,174.400,0.1206,0.3613,-16.7626,-13.48,-3.2435,-0.9414
IMUNet-YawAug,174.500,0.1241,0.3647,-16.7606,-13.4784,-3.2481,-0.9423
IMUNet-YawAug,174.600,0.124,0.3604,-16.7605,-13.4757,-3.2524,-0.943
IMUNet-YawAug,174.700,0.1159,0.3415,-16.7649,-13.4701,-3.2597,-0.9381
IMUNet-YawAug,174.800,0.0845,0.2986,-16.7681,-13.4626,-3.2701,-0.9225
IMUNet-YawAug,174.900,0.0254,0.2625,-16.7677,-13.4548,-3.282,-0.915
IMUNet-YawAug,175.000,-0.0425,0.2568,-16.7711,-13.4477,-3.2959,-0.9093
IMUNet-YawAug,175.100,-0.0951,0.2755,-16.775,-13.4461,-3.3064,-0.9064
IMUNet-YawAug,175.200,-0.1273,0.3047,-16.775,-13.4461,-3.3064,-0.9064
IMUNet-YawAug,175.300,-0.1422,0.3306,-16.775,-13.4461,-3.3064,-0.9064
IMUNet-YawAug,175.400,-0.148,0.3503,-16.775,-13.4461,-3.3064,-0.9064
IMUNet-YawAug,175.500,-0.1502,0.3602,-16.775,-13.4461,-3.3064,-0.9064
IMUNet-YawAug,175.600,-0.1504,0.3593,-16.775,-13.4461,-3.3064,-0.9064
IMUNet-YawAug,175.700,-0.1498,0.348,-16.775,-13.4461,-3.3064,-0.9064
IMUNet-YawAug,175.800,-0.1411,0.3129,-16.775,-13.4461,-3.3064,-0.9064
IMUNet-YawAug,175.900,-0.1183,0.2742,-16.775,-13.4461,-3.3064,-0.9064
IMUNet-YawAug,176.000,-0.0915,0.2508,-16.775,-13.4461,-3.3064,-0.9064
RoNIN ResNet (released),0.000,4.0646,2.2921,4.0646,2.2921,4.0646,2.2921
RoNIN ResNet (released),0.100,4.0945,2.4337,4.0929,2.4149,4.0957,2.4318
RoNIN ResNet (released),0.200,4.1254,2.5773,4.1381,2.5333,4.1489,2.5652
RoNIN ResNet (released),0.300,4.1593,2.7152,4.1762,2.6537,4.1898,2.701
RoNIN ResNet (released),0.400,4.1994,2.8458,4.2182,2.7724,4.2423,2.8369
RoNIN ResNet (released),0.500,4.2453,2.9752,4.2546,2.8887,4.2909,2.9667
RoNIN ResNet (released),0.600,4.2959,3.1068,4.2834,3.0126,4.3152,3.1055
RoNIN ResNet (released),0.700,4.3474,3.2399,4.2874,3.1332,4.3379,3.2397
RoNIN ResNet (released),0.800,4.395,3.3706,4.3047,3.2564,4.3644,3.3788
RoNIN ResNet (released),0.900,4.4333,3.4997,4.3217,3.3811,4.3872,3.5196
RoNIN ResNet (released),1.000,4.4669,3.6338,4.3297,3.5042,4.3956,3.6608
RoNIN ResNet (released),1.100,4.4977,3.7706,4.3388,3.6276,4.4158,3.8032
RoNIN ResNet (released),1.200,4.5276,3.9109,4.3567,3.7474,4.4198,3.9387
RoNIN ResNet (released),1.300,4.557,4.045,4.3731,3.8699,4.435,4.0793
RoNIN ResNet (released),1.400,4.5947,4.1732,4.4053,3.9911,4.4634,4.2174
RoNIN ResNet (released),1.500,4.6385,4.2986,4.4399,4.1097,4.4912,4.3506
RoNIN ResNet (released),1.600,4.6841,4.4271,4.4731,4.2255,4.535,4.4818
RoNIN ResNet (released),1.700,4.7304,4.5593,4.5185,4.334,4.5931,4.6034
RoNIN ResNet (released),1.800,4.7713,4.6898,4.5331,4.4381,4.6066,4.7308
RoNIN ResNet (released),1.900,4.8028,4.8189,4.5467,4.5114,4.6334,4.8426
RoNIN ResNet (released),2.000,4.8285,4.9438,4.5502,4.6176,4.626,4.9681
RoNIN ResNet (released),2.100,4.8531,5.0652,4.5358,4.7229,4.6338,5.0965
RoNIN ResNet (released),2.200,4.882,5.1896,4.5325,4.8329,4.6365,5.2256
RoNIN ResNet (released),2.300,4.9149,5.3083,4.5569,4.9339,4.6381,5.3374
RoNIN ResNet (released),2.400,4.9526,5.4267,4.5817,5.0448,4.6039,5.4698
RoNIN ResNet (released),2.500,4.9941,5.5451,4.6019,5.1558,4.576,5.5975
RoNIN ResNet (released),2.600,5.0331,5.6632,4.6198,5.2661,4.536,5.7224
RoNIN ResNet (released),2.700,5.0747,5.7831,4.6224,5.3769,4.5054,5.8515
RoNIN ResNet (released),2.800,5.1111,5.8946,4.5854,5.4743,4.4635,5.9747
RoNIN ResNet (released),2.900,5.1557,6.0087,4.5966,5.5882,4.4514,6.1068
RoNIN ResNet (released),3.000,5.1947,6.1281,4.6075,5.7003,4.4363,6.2386
RoNIN ResNet (released),3.100,5.2379,6.2464,4.6315,5.8093,4.4503,6.3641
RoNIN ResNet (released),3.200,5.2812,6.3681,4.6652,5.9142,4.4668,6.4896
RoNIN ResNet (released),3.300,5.3254,6.4865,4.7093,6.0126,4.5135,6.6026
RoNIN ResNet (released),3.400,5.3785,6.5994,4.769,6.1007,4.5625,6.7154
RoNIN ResNet (released),3.500,5.4357,6.7095,4.8161,6.203,4.6113,6.8296
RoNIN ResNet (released),3.600,5.4917,6.8158,4.8525,6.3075,4.642,6.9484
RoNIN ResNet (released),3.700,5.5504,6.9196,4.8854,6.4121,4.6706,7.0717
RoNIN ResNet (released),3.800,5.6122,7.0242,4.9158,6.5193,4.7108,7.1939
RoNIN ResNet (released),3.900,5.6751,7.1269,4.9559,6.6258,4.7488,7.3198
RoNIN ResNet (released),4.000,5.7311,7.2281,4.9999,6.7285,4.8004,7.4376
RoNIN ResNet (released),4.100,5.7902,7.3273,5.0349,6.8365,4.8524,7.5576
RoNIN ResNet (released),4.200,5.8558,7.4284,5.0675,6.9451,4.8965,7.682
RoNIN ResNet (released),4.300,5.9228,7.5313,5.1188,7.0463,4.9569,7.7962
RoNIN ResNet (released),4.400,5.9926,7.6322,5.194,7.136,5.0297,7.904
RoNIN ResNet (released),4.500,6.0659,7.7307,5.2876,7.2139,5.1405,7.9785
RoNIN ResNet (released),4.600,6.1376,7.8327,5.3955,7.2659,5.2017,8.0845
RoNIN ResNet (released),4.700,6.2116,7.937,5.4997,7.3212,5.2707,8.168
RoNIN ResNet (released),4.800,6.2898,8.0419,5.6027,7.3761,5.3917,8.2242
RoNIN ResNet (released),4.900,6.3632,8.1464,5.7018,7.4188,5.5066,8.2704
RoNIN ResNet (released),5.000,6.4345,8.2529,5.8082,7.4444,5.633,8.2901
RoNIN ResNet (released),5.100,6.5067,8.3594,5.913,7.462,5.759,8.302
RoNIN ResNet (released),5.200,6.5782,8.4683,6.0215,7.4653,5.8845,8.3023
RoNIN ResNet (released),5.300,6.6515,8.5797,6.1226,7.48,6.0023,8.311
RoNIN ResNet (released),5.400,6.7254,8.6901,6.222,7.5018,6.1176,8.3326
RoNIN ResNet (released),5.500,6.7975,8.7934,6.2965,7.5877,6.2085,8.4255
RoNIN ResNet (released),5.600,6.8627,8.8927,6.3565,7.6856,6.2832,8.5331
RoNIN ResNet (released),5.700,6.9256,8.9889,6.4241,7.7806,6.365,8.6388
RoNIN ResNet (released),5.800,6.9999,9.0878,6.4834,7.8831,6.4393,8.7456
RoNIN ResNet (released),5.900,7.0756,9.1926,6.5387,7.9837,6.5025,8.8602
RoNIN ResNet (released),6.000,7.1429,9.3029,6.5942,8.0911,6.5605,8.9842
RoNIN ResNet (released),6.100,7.2043,9.4139,6.6546,8.191,6.6348,9.097
RoNIN ResNet (released),6.200,7.2624,9.5279,6.7146,8.2904,6.7146,9.2053
RoNIN ResNet (released),6.300,7.3185,9.6462,6.7828,8.3875,6.7989,9.3118
RoNIN ResNet (released),6.400,7.3756,9.7654,6.854,8.4814,6.8859,9.4125
RoNIN ResNet (released),6.500,7.4349,9.8758,6.9264,8.5768,6.9664,9.5226
RoNIN ResNet (released),6.600,7.4939,9.9848,6.9833,8.6824,7.0381,9.6415
RoNIN ResNet (released),6.700,7.5524,10.0914,7.0243,8.7943,7.1028,9.7645
RoNIN ResNet (released),6.800,7.6156,10.1999,7.0583,8.9086,7.1531,9.8919
RoNIN ResNet (released),6.900,7.6799,10.3141,7.0796,9.0231,7.186,10.0229
RoNIN ResNet (released),7.000,7.7396,10.4247,7.0993,9.1404,7.2269,10.1553
RoNIN ResNet (released),7.100,7.7915,10.5374,7.1212,9.2581,7.2631,10.2895
RoNIN ResNet (released),7.200,7.84,10.652,7.1421,9.3747,7.2924,10.4222
RoNIN ResNet (released),7.300,7.8879,10.7675,7.1749,9.4895,7.338,10.5525
RoNIN ResNet (released),7.400,7.9384,10.8819,7.2114,9.6005,7.3813,10.6787
RoNIN ResNet (released),7.500,7.9959,10.99,7.2724,9.698,7.4671,10.7812
RoNIN ResNet (released),7.600,8.0646,11.0902,7.3559,9.7846,7.5662,10.8785
RoNIN ResNet (released),7.700,8.1399,11.1855,7.4328,9.8716,7.655,10.9788
RoNIN ResNet (released),7.800,8.2171,11.2793,7.5125,9.9596,7.7492,11.0779
RoNIN ResNet (released),7.900,8.298,11.375,7.5883,10.0475,7.8427,11.1726
RoNIN ResNet (released),8.000,8.3789,11.4715,7.669,10.1314,7.94,11.2644
RoNIN ResNet (released),8.100,8.4548,11.5639,7.7447,10.2238,8.0292,11.3658
RoNIN ResNet (released),8.200,8.5288,11.6595,7.8246,10.3084,8.1261,11.4606
RoNIN ResNet (released),8.300,8.6053,11.7565,7.9086,10.3903,8.22,11.5569
RoNIN ResNet (released),8.400,8.6821,11.8533,7.9917,10.471,8.3163,11.6439
RoNIN ResNet (released),8.500,8.7614,11.9492,8.0681,10.559,8.4051,11.7416
RoNIN ResNet (released),8.600,8.8447,12.0386,8.1614,10.6325,8.5045,11.8314
RoNIN ResNet (released),8.700,8.9315,12.1216,8.2523,10.7071,8.6067,11.9175
RoNIN ResNet (released),8.800,9.0245,12.1984,8.3422,10.7842,8.7128,12.0014
RoNIN ResNet (released),8.900,9.1204,12.2723,8.4278,10.8645,8.8144,12.0893
RoNIN ResNet (released),9.000,9.2196,12.3537,8.5144,10.938,8.9118,12.1768
RoNIN ResNet (released),9.100,9.3089,12.4355,8.5955,11.0231,9.0037,12.2722
RoNIN ResNet (released),9.200,9.388,12.5213,8.67,11.1142,9.0921,12.373
RoNIN ResNet (released),9.300,9.4617,12.6111,8.7481,11.1993,9.1843,12.4642
RoNIN ResNet (released),9.400,9.5361,12.7077,8.8372,11.2709,9.285,12.545
RoNIN ResNet (released),9.500,9.6105,12.8082,8.9318,11.3332,9.3851,12.6202
RoNIN ResNet (released),9.600,9.6855,12.9008,9.0257,11.3878,9.4777,12.7001
RoNIN ResNet (released),9.700,9.7626,12.9874,9.1103,11.4583,9.5791,12.7761
RoNIN ResNet (released),9.800,9.8413,13.0641,9.1902,11.5265,9.6723,12.8536
RoNIN ResNet (released),9.900,9.9266,13.1355,9.2681,11.5971,9.7688,12.9314
RoNIN ResNet (released),10.000,10.0203,13.2065,9.3478,11.6612,9.8684,13.0011
RoNIN ResNet (released),10.100,10.1146,13.2752,9.432,11.7209,9.9759,13.0604
RoNIN ResNet (released),10.200,10.2053,13.3421,9.5191,11.7788,10.0805,13.1238
RoNIN ResNet (released),10.300,10.2911,13.4092,9.6142,11.8233,10.1926,13.1749
RoNIN ResNet (released),10.400,10.3786,13.4775,9.7139,11.865,10.3084,13.223
RoNIN ResNet (released),10.500,10.472,13.5446,9.8173,11.8975,10.4283,13.2599
RoNIN ResNet (released),10.600,10.57,13.6068,9.9239,11.9158,10.5508,13.2763
RoNIN ResNet (released),10.700,10.672,13.6549,10.0393,11.9213,10.6826,13.2674
RoNIN ResNet (released),10.800,10.7777,13.6866,10.1586,11.9198,10.8199,13.251
RoNIN ResNet (released),10.900,10.8876,13.707,10.2789,11.9149,10.9573,13.2432
RoNIN ResNet (released),11.000,11.0021,13.7228,10.3998,11.9215,11.0967,13.2407
RoNIN ResNet (released),11.100,11.1208,13.7343,10.5213,11.9367,11.2356,13.2441
RoNIN ResNet (released),11.200,11.2374,13.7436,10.645,11.9416,11.3743,13.2441
RoNIN ResNet (released),11.300,11.3497,13.7575,10.7682,11.9382,11.5151,13.2535
RoNIN ResNet (released),11.400,11.4633,13.7769,10.8941,11.9391,11.6532,13.2684
RoNIN ResNet (released),11.500,11.5839,13.7952,11.0198,11.9293,11.7913,13.2761
RoNIN ResNet (released),11.600,11.7113,13.815,11.1427,11.919,11.9244,13.2603
RoNIN ResNet (released),11.700,11.8359,13.831,11.2618,11.8958,12.0532,13.2309
RoNIN ResNet (released),11.800,11.9591,13.8361,11.3834,11.8728,12.1807,13.1768
RoNIN ResNet (released),11.900,12.0819,13.8263,11.5002,11.8463,12.3108,13.1387
RoNIN ResNet (released),12.000,12.2104,13.8057,11.62,11.8262,12.4471,13.1144
RoNIN ResNet (released),12.100,12.3422,13.7807,11.7426,11.8158,12.5839,13.0805
RoNIN ResNet (released),12.200,12.4706,13.752,11.8637,11.8055,12.7216,13.0448
RoNIN ResNet (released),12.300,12.6,13.7335,11.9851,11.7785,12.8622,13.0242
RoNIN ResNet (released),12.400,12.7269,13.7191,12.1047,11.7518,12.9988,13.0081
RoNIN ResNet (released),12.500,12.8575,13.7035,12.2257,11.7271,13.1332,12.9794
RoNIN ResNet (released),12.600,12.993,13.6839,12.3507,11.7092,13.2663,12.9441
RoNIN ResNet (released),12.700,13.1284,13.6596,12.4718,11.6863,13.3952,12.8905
RoNIN ResNet (released),12.800,13.2588,13.6277,12.5947,11.656,13.527,12.841
RoNIN ResNet (released),12.900,13.3821,13.5868,12.7149,11.6154,13.6601,12.7975
RoNIN ResNet (released),13.000,13.5024,13.5411,12.8358,11.5887,13.7919,12.7429
RoNIN ResNet (released),13.100,13.625,13.4941,12.959,11.5762,13.9253,12.7061
RoNIN ResNet (released),13.200,13.7492,13.4467,13.0822,11.5647,14.0615,12.6705
RoNIN ResNet (released),13.300,13.874,13.4058,13.2082,11.5406,14.2007,12.635
RoNIN ResNet (released),13.400,13.9987,13.3751,13.3325,11.526,14.3397,12.6054
RoNIN ResNet (released),13.500,14.1272,13.3505,13.4557,11.5112,14.4771,12.5724
RoNIN ResNet (released),13.600,14.2626,13.3264,13.5821,11.4904,14.6135,12.5368
RoNIN ResNet (released),13.700,14.3998,13.2976,13.7056,11.4671,14.7436,12.4817
RoNIN ResNet (released),13.800,14.5308,13.2631,13.8291,11.4392,14.8798,12.4314
RoNIN ResNet (released),13.900,14.6549,13.2188,13.9539,11.4063,15.0124,12.3788
RoNIN ResNet (released),14.000,14.7792,13.1711,14.0762,11.3843,15.1494,12.334
RoNIN ResNet (released),14.100,14.9092,13.1259,14.2031,11.3819,15.2904,12.3123
RoNIN ResNet (released),14.200,15.0411,13.0839,14.3254,11.3812,15.4317,12.2943
RoNIN ResNet (released),14.300,15.1675,13.045,14.4538,11.3816,15.5748,12.2759
RoNIN ResNet (released),14.400,15.2941,13.0139,14.5802,11.3708,15.719,12.2593
RoNIN ResNet (released),14.500,15.4221,12.9867,14.7022,11.3534,15.8626,12.2428
RoNIN ResNet (released),14.600,15.5555,12.9571,14.8297,11.3501,16.004,12.2125
RoNIN ResNet (released),14.700,15.6896,12.9255,14.9534,11.3267,16.1389,12.1608
RoNIN ResNet (released),14.800,15.8174,12.8934,15.0814,11.3076,16.2789,12.1103
RoNIN ResNet (released),14.900,15.9427,12.8518,15.2082,11.2833,16.4115,12.0512
RoNIN ResNet (released),15.000,16.0648,12.8063,15.3299,11.2663,16.5423,11.9971
RoNIN ResNet (released),15.100,16.1942,12.7639,15.4507,11.2486,16.6797,11.9647
RoNIN ResNet (released),15.200,16.327,12.7229,15.5683,11.2324,16.8103,11.916
RoNIN ResNet (released),15.300,16.4581,12.6866,15.6895,11.2132,16.95,11.8939
RoNIN ResNet (released),15.400,16.5875,12.6589,15.8115,11.1937,17.0901,11.8678
RoNIN ResNet (released),15.500,16.7217,12.6383,15.9294,11.1688,17.2224,11.836
RoNIN ResNet (released),15.600,16.8628,12.6135,16.0519,11.1368,17.361,11.8073
RoNIN ResNet (released),15.700,17.0057,12.5853,16.1659,11.0864,17.4895,11.7536
RoNIN ResNet (released),15.800,17.1374,12.5502,16.2727,11.0221,17.6084,11.6742
RoNIN ResNet (released),15.900,17.261,12.507,16.3822,10.9558,17.7263,11.5935
RoNIN ResNet (released),16.000,17.3847,12.46,16.4906,10.8964,17.8423,11.5124
RoNIN ResNet (released),16.100,17.51,12.4084,16.6058,10.8434,17.966,11.4384
RoNIN ResNet (released),16.200,17.6402,12.3565,16.717,10.7859,18.0935,11.3729
RoNIN ResNet (released),16.300,17.7648,12.3107,16.8365,10.7348,18.2261,11.3339
RoNIN ResNet (released),16.400,17.888,12.27,16.9484,10.6737,18.3496,11.2715
RoNIN ResNet (released),16.500,18.0154,12.2262,17.0666,10.625,18.4797,11.2242
RoNIN ResNet (released),16.600,18.1487,12.1776,17.1873,10.5772,18.6119,11.175
RoNIN ResNet (released),16.700,18.2839,12.1311,17.3033,10.5299,18.7351,11.1157
RoNIN ResNet (released),16.800,18.4127,12.0859,17.4211,10.4835,18.8707,11.0753
RoNIN ResNet (released),16.900,18.5351,12.0344,17.5394,10.4315,18.993,11.014
RoNIN ResNet (released),17.000,18.6547,11.9769,17.6546,10.3857,19.1197,10.9668
RoNIN ResNet (released),17.100,18.7752,11.9145,17.7734,10.3552,19.2558,10.9482
RoNIN ResNet (released),17.200,18.8989,11.8549,17.8922,10.3256,19.3853,10.9258
RoNIN ResNet (released),17.300,19.0208,11.7981,18.0118,10.295,19.5191,10.9075
RoNIN ResNet (released),17.400,19.141,11.7482,18.1325,10.2702,19.6547,10.8915
RoNIN ResNet (released),17.500,19.2643,11.7022,18.2495,10.2408,19.7889,10.8689
RoNIN ResNet (released),17.600,19.3937,11.6569,18.3731,10.2234,19.9276,10.8569
RoNIN ResNet (released),17.700,19.5253,11.6131,18.4911,10.2095,20.0586,10.8344
RoNIN ResNet (released),17.800,19.6518,11.5708,18.61,10.1865,20.1894,10.8404
RoNIN ResNet (released),17.900,19.7749,11.5238,18.7337,10.1626,20.3197,10.8168
RoNIN ResNet (released),18.000,19.8948,11.4705,18.8545,10.1438,20.4533,10.8188
RoNIN ResNet (released),18.100,20.0185,11.4144,18.979,10.1495,20.5882,10.8347
RoNIN ResNet (released),18.200,20.1456,11.3554,19.1007,10.1629,20.7176,10.8451
RoNIN ResNet (released),18.300,20.2708,11.2948,19.2266,10.1731,20.8531,10.8404
RoNIN ResNet (released),18.400,20.3958,11.2403,19.3536,10.1772,20.9904,10.819
RoNIN ResNet (released),18.500,20.5261,11.1988,19.4801,10.1745,21.1278,10.819
RoNIN ResNet (released),18.600,20.6568,11.157,19.6098,10.1763,21.2685,10.7949
RoNIN ResNet (released),18.700,20.7928,11.1186,19.7346,10.1791,21.4008,10.7623
RoNIN ResNet (released),18.800,20.9231,11.0797,19.8606,10.1768,21.5346,10.7407
RoNIN ResNet (released),18.900,21.0511,11.0387,19.9895,10.158,21.6659,10.6928
RoNIN ResNet (released),19.000,21.1762,10.9936,20.1148,10.1543,21.798,10.6675
RoNIN ResNet (released),19.100,21.3056,10.9488,20.2399,10.1492,21.9332,10.6301
RoNIN ResNet (released),19.200,21.4405,10.9047,20.3647,10.1489,22.0636,10.6059
RoNIN ResNet (released),19.300,21.5711,10.8628,20.4944,10.1397,22.1958,10.5682
RoNIN ResNet (released),19.400,21.7024,10.8296,20.6212,10.1285,22.3304,10.5336
RoNIN ResNet (released),19.500,21.8343,10.8047,20.7459,10.116,22.4668,10.5171
RoNIN ResNet (released),19.600,21.9744,10.7844,20.874,10.1089,22.6034,10.4928
RoNIN ResNet (released),19.700,22.1178,10.7654,20.9985,10.102,22.7385,10.4593
RoNIN ResNet (released),19.800,22.2576,10.7473,21.124,10.0883,22.877,10.4412
RoNIN ResNet (released),19.900,22.3927,10.7235,21.2472,10.0689,23.0115,10.4042
RoNIN ResNet (released),20.000,22.5232,10.6954,21.3694,10.0578,23.1472,10.3682
RoNIN ResNet (released),20.100,22.6569,10.664,21.4913,10.054,23.2883,10.3447
RoNIN ResNet (released),20.200,22.7912,10.6316,21.6124,10.0526,23.4212,10.3417
RoNIN ResNet (released),20.300,22.9252,10.5994,21.7388,10.0455,23.5599,10.3341
RoNIN ResNet (released),20.400,23.0576,10.5732,21.8594,10.0239,23.697,10.3284
RoNIN ResNet (released),20.500,23.1909,10.5548,21.9819,10.0068,23.8343,10.322
RoNIN ResNet (released),20.600,23.3292,10.5374,22.1065,9.9958,23.9721,10.3101
RoNIN ResNet (released),20.700,23.4709,10.5196,22.2295,9.9835,24.1073,10.2977
RoNIN ResNet (released),20.800,23.6079,10.5016,22.3525,9.9748,24.2459,10.2833
RoNIN ResNet (released),20.900,23.737,10.4802,22.4775,9.9559,24.3774,10.2581
RoNIN ResNet (released),21.000,23.8647,10.4528,22.6001,9.9434,24.5086,10.2314
RoNIN ResNet (released),21.100,23.9996,10.4197,22.7237,9.9362,24.6439,10.2056
RoNIN ResNet (released),21.200,24.1351,10.3846,22.846,9.9408,24.7737,10.1948
RoNIN ResNet (released),21.300,24.268,10.3496,22.9716,9.9362,24.9061,10.1669
RoNIN ResNet (released),21.400,24.3933,10.3229,23.097,9.927,25.0427,10.1372
RoNIN ResNet (released),21.500,24.5231,10.3019,23.2228,9.9172,25.1792,10.1174
RoNIN ResNet (released),21.600,24.6598,10.2841,23.3498,9.9094,25.3154,10.0931
RoNIN ResNet (released),21.700,24.8026,10.2666,23.4751,9.9046,25.4533,10.0703
RoNIN ResNet (released),21.800,24.9427,10.2503,23.5991,9.8968,25.589,10.0462
RoNIN ResNet (released),21.900,25.0768,10.2293,23.7248,9.8854,25.7234,10.0057
RoNIN ResNet (released),22.000,25.2074,10.2022,23.8489,9.8793,25.8584,9.9779
RoNIN ResNet (released),22.100,25.3416,10.1698,23.9746,9.8708,25.9961,9.9379
RoNIN ResNet (released),22.200,25.477,10.1372,24.0993,9.8645,26.1304,9.9157
RoNIN ResNet (released),22.300,25.6126,10.1073,24.2281,9.8579,26.2686,9.8913
RoNIN ResNet (released),22.400,25.7452,10.0822,24.3532,9.8433,26.4078,9.8579
RoNIN ResNet (released),22.500,25.8778,10.0645,24.481,9.8328,26.5483,9.839
RoNIN ResNet (released),22.600,26.0145,10.0498,24.6087,9.8173,26.6867,9.8101
RoNIN ResNet (released),22.700,26.1604,10.035,24.7355,9.8052,26.8237,9.7825
RoNIN ResNet (released),22.800,26.3003,10.0204,24.8606,9.7898,26.9616,9.7561
RoNIN ResNet (released),22.900,26.431,9.9976,24.9834,9.7609,27.0947,9.7109
RoNIN ResNet (released),23.000,26.5598,9.9675,25.1059,9.7385,27.2273,9.6719
RoNIN ResNet (released),23.100,26.6917,9.9326,25.2287,9.7221,27.3639,9.6283
RoNIN ResNet (released),23.200,26.8276,9.8959,25.3507,9.7038,27.4934,9.6005
RoNIN ResNet (released),23.300,26.9605,9.8588,25.4746,9.6803,27.6293,9.5664
RoNIN ResNet (released),23.400,27.0925,9.8286,25.5961,9.6578,27.7628,9.5333
RoNIN ResNet (released),23.500,27.2248,9.8063,25.7215,9.6374,27.8995,9.5121
RoNIN ResNet (released),23.600,27.3623,9.7839,25.8478,9.6159,28.0341,9.4786
RoNIN ResNet (released),23.700,27.5053,9.762,25.9758,9.6033,28.1692,9.4569
RoNIN ResNet (released),23.800,27.6476,9.7399,26.1017,9.5924,28.3078,9.4498
RoNIN ResNet (released),23.900,27.7819,9.712,26.2263,9.5726,28.4424,9.4283
RoNIN ResNet (released),24.000,27.9123,9.6789,26.3496,9.561,28.5744,9.4007
RoNIN ResNet (released),24.100,28.047,9.6435,26.4735,9.5588,28.7122,9.3794
RoNIN ResNet (released),24.200,28.1848,9.6061,26.596,9.5637,28.8468,9.3715
RoNIN ResNet (released),24.300,28.3219,9.5708,26.7229,9.5643,28.9867,9.3505
RoNIN ResNet (released),24.400,28.453,9.5401,26.8463,9.5542,29.124,9.3263
RoNIN ResNet (released),24.500,28.5849,9.5152,26.9712,9.5435,29.2641,9.3143
RoNIN ResNet (released),24.600,28.7228,9.4915,27.0981,9.5356,29.4021,9.2854
RoNIN ResNet (released),24.700,28.8648,9.466,27.2227,9.5234,29.5371,9.2598
RoNIN ResNet (released),24.800,29.0029,9.4355,27.3471,9.5066,29.6722,9.241
RoNIN ResNet (released),24.900,29.1336,9.3982,27.4689,9.4712,29.8098,9.2162
RoNIN ResNet (released),25.000,29.2606,9.3571,27.5905,9.4427,29.9423,9.1775
RoNIN ResNet (released),25.100,29.3914,9.3131,27.7123,9.4199,30.079,9.146
RoNIN ResNet (released),25.200,29.5246,9.269,27.8327,9.4019,30.2117,9.1201
RoNIN ResNet (released),25.300,29.6549,9.2244,27.9547,9.374,30.3481,9.0825
RoNIN ResNet (released),25.400,29.7828,9.1851,28.0747,9.3454,30.4834,9.0448
RoNIN ResNet (released),25.500,29.9134,9.1516,28.1965,9.3231,30.6227,9.0086
RoNIN ResNet (released),25.600,30.0494,9.1177,28.3208,9.3074,30.7605,8.9731
RoNIN ResNet (released),25.700,30.181,9.0812,28.4446,9.2917,30.8933,8.9272
RoNIN ResNet (released),25.800,30.3153,9.0405,28.5683,9.2785,31.0266,8.8927
RoNIN ResNet (released),25.900,30.4419,8.9937,28.6942,9.2537,31.1564,8.8455
RoNIN ResNet (released),26.000,30.5678,8.9423,28.8177,9.2399,31.2845,8.8017
RoNIN ResNet (released),26.100,30.6969,8.8913,28.9448,9.2309,31.4202,8.767
RoNIN ResNet (released),26.200,30.8319,8.8421,29.0704,9.2337,31.5502,8.7482
RoNIN ResNet (released),26.300,30.9623,8.7952,29.2,9.2349,31.6859,8.7277
RoNIN ResNet (released),26.400,31.0902,8.7564,29.3274,9.2277,31.8211,8.7087
RoNIN ResNet (released),26.500,31.2206,8.7267,29.4525,9.2212,31.9568,8.7028
RoNIN ResNet (released),26.600,31.3632,8.694,29.582,9.2113,32.0934,8.6786
RoNIN ResNet (released),26.700,31.5047,8.668,29.7059,9.2018,32.2276,8.6449
RoNIN ResNet (released),26.800,31.6413,8.6425,29.831,9.1839,32.3638,8.6264
RoNIN ResNet (released),26.900,31.7708,8.6119,29.958,9.1714,32.4965,8.5982
RoNIN ResNet (released),27.000,31.8987,8.5752,30.081,9.1581,32.6297,8.5779
RoNIN ResNet (released),27.100,32.0302,8.5362,30.208,9.1465,32.766,8.5506
RoNIN ResNet (released),27.200,32.165,8.4981,30.3321,9.1463,32.9003,8.5338
RoNIN ResNet (released),27.300,32.2965,8.461,30.4601,9.1372,33.0396,8.5162
RoNIN ResNet (released),27.400,32.4255,8.4304,30.5823,9.1229,33.1795,8.5129
RoNIN ResNet (released),27.500,32.5569,8.4081,30.7054,9.1067,33.3185,8.5
RoNIN ResNet (released),27.600,32.6944,8.3856,30.8297,9.0902,33.4591,8.4837
RoNIN ResNet (released),27.700,32.8298,8.3664,30.95,9.0738,33.5951,8.4699
RoNIN ResNet (released),27.800,32.9645,8.3438,31.0704,9.05,33.7333,8.4606
RoNIN ResNet (released),27.900,33.0937,8.3151,31.1933,9.0283,33.8654,8.44
RoNIN ResNet (released),28.000,33.2196,8.2792,31.3126,9.0083,33.9963,8.4166
RoNIN ResNet (released),28.100,33.3499,8.2368,31.4375,8.9922,34.1255,8.377
RoNIN ResNet (released),28.200,33.4807,8.1898,31.5621,8.9872,34.2557,8.3443
RoNIN ResNet (released),28.300,33.6085,8.1457,31.6906,8.972,34.3873,8.3081
RoNIN ResNet (released),28.400,33.7354,8.1056,31.8159,8.9536,34.5174,8.2656
RoNIN ResNet (released),28.500,33.8637,8.0724,31.9406,8.9363,34.648,8.2387
RoNIN ResNet (released),28.600,33.998,8.0421,32.067,8.9157,34.7785,8.1972
RoNIN ResNet (released),28.700,34.1365,8.0086,32.1898,8.8978,34.9046,8.1461
RoNIN ResNet (released),28.800,34.2701,7.9722,32.3127,8.8731,35.0405,8.1189
RoNIN ResNet (released),28.900,34.3951,7.9265,32.4324,8.8379,35.1683,8.0682
RoNIN ResNet (released),29.000,34.5149,7.8739,32.547,8.7996,35.2923,8.0116
RoNIN ResNet (released),29.100,34.6362,7.8144,32.6667,8.7588,35.42,7.9619
RoNIN ResNet (released),29.200,34.7587,7.7548,32.7805,8.7136,35.5509,7.9199
RoNIN ResNet (released),29.300,34.8765,7.6973,32.8979,8.6751,35.6843,7.8847
RoNIN ResNet (released),29.400,34.9937,7.6433,33.0062,8.6256,35.8168,7.8512
RoNIN ResNet (released),29.500,35.1116,7.5942,33.1161,8.5787,35.9414,7.8109
RoNIN ResNet (released),29.600,35.2327,7.544,33.2257,8.5247,36.0697,7.769
RoNIN ResNet (released),29.700,35.3524,7.4906,33.3303,8.4733,36.1852,7.7091
RoNIN ResNet (released),29.800,35.4691,7.4332,33.435,8.4199,36.3017,7.6496
RoNIN ResNet (released),29.900,35.5777,7.3691,33.5398,8.3723,36.4165,7.592
RoNIN ResNet (released),30.000,35.6808,7.2989,33.6355,8.3179,36.5258,7.529
RoNIN ResNet (released),30.100,35.7821,7.2233,33.7344,8.2562,36.635,7.4608
RoNIN ResNet (released),30.200,35.8828,7.1402,33.8268,8.1902,36.7397,7.3872
RoNIN ResNet (released),30.300,35.9773,7.0556,33.9119,8.1125,36.8355,7.2991
RoNIN ResNet (released),30.400,36.07,6.976,33.999,8.0399,36.9355,7.2167
RoNIN ResNet (released),30.500,36.1664,6.9005,34.0722,7.9522,37.0138,7.1166
RoNIN ResNet (released),30.600,36.2648,6.8233,34.1439,7.867,37.0956,7.0231
RoNIN ResNet (released),30.700,36.3616,6.7385,34.1958,7.7765,37.1515,6.9182
RoNIN ResNet (released),30.800,36.4477,6.6492,34.2312,7.6831,37.1854,6.8121
RoNIN ResNet (released),30.900,36.5216,6.5545,34.2438,7.5899,37.1878,6.7049
RoNIN ResNet (released),31.000,36.5826,6.4537,34.2436,7.4999,37.1848,6.6013
RoNIN ResNet (released),31.100,36.6313,6.3444,34.2194,7.4095,37.1555,6.4973
RoNIN ResNet (released),31.200,36.6646,6.2265,34.1938,7.3239,37.1248,6.396
RoNIN ResNet (released),31.300,36.6802,6.1094,34.1573,7.2347,37.0814,6.2942
RoNIN ResNet (released),31.400,36.6921,5.9975,34.1235,7.1484,37.0405,6.1951
RoNIN ResNet (released),31.500,36.707,5.8908,34.0795,7.0614,36.9796,6.1027
RoNIN ResNet (released),31.600,36.7205,5.7778,34.0177,6.9811,36.914,6.0105
RoNIN ResNet (released),31.700,36.7263,5.6662,33.9416,6.9154,36.8238,5.9409
RoNIN ResNet (released),31.800,36.7135,5.5608,33.8506,6.8727,36.7219,5.8841
RoNIN ResNet (released),31.900,36.6837,5.4632,33.7549,6.8318,36.6089,5.8378
RoNIN ResNet (released),32.000,36.638,5.3724,33.6548,6.7985,36.487,5.8092
RoNIN ResNet (released),32.100,36.578,5.29,33.5517,6.7617,36.3694,5.7705
RoNIN ResNet (released),32.200,36.5062,5.2093,33.4519,6.7268,36.2458,5.7379
RoNIN ResNet (released),32.300,36.4322,5.1403,33.3498,6.6882,36.1127,5.7099
RoNIN ResNet (released),32.400,36.359,5.0697,33.2399,6.6567,35.9832,5.6746
RoNIN ResNet (released),32.500,36.2795,5.001,33.1311,6.6151,35.856,5.6297
RoNIN ResNet (released),32.600,36.186,4.9376,33.022,6.5689,35.7318,5.5777
RoNIN ResNet (released),32.700,36.0818,4.8799,32.9138,6.5338,35.6051,5.57
RoNIN ResNet (released),32.800,35.9734,4.8351,32.8011,6.5094,35.4734,5.5983
RoNIN ResNet (released),32.900,35.8621,4.8109,32.686,6.4796,35.3431,5.5784
RoNIN ResNet (released),33.000,35.7459,4.799,32.5688,6.4593,35.2088,5.5631
RoNIN ResNet (released),33.100,35.6223,4.7965,32.4532,6.4231,35.0761,5.5407
RoNIN ResNet (released),33.200,35.4998,4.7982,32.34,6.4016,34.9441,5.5492
RoNIN ResNet (released),33.300,35.3779,4.8029,32.2242,6.3731,34.8072,5.5533
RoNIN ResNet (released),33.400,35.2565,4.8072,32.103,6.3543,34.669,5.5781
RoNIN ResNet (released),33.500,35.1323,4.8104,31.9831,6.3325,34.5295,5.5947
RoNIN ResNet (released),33.600,34.9999,4.8188,31.8621,6.3095,34.3895,5.6144
RoNIN ResNet (released),33.700,34.8614,4.8303,31.7459,6.2883,34.2545,5.6355
RoNIN ResNet (released),33.800,34.725,4.8447,31.6228,6.2794,34.1148,5.6491
RoNIN ResNet (released),33.900,34.5963,4.8712,31.504,6.2807,33.9817,5.6818
RoNIN ResNet (released),34.000,34.4711,4.9035,31.3886,6.292,33.8523,5.7167
RoNIN ResNet (released),34.100,34.3428,4.9372,31.2694,6.3014,33.7171,5.7444
RoNIN ResNet (released),34.200,34.2117,4.9709,31.1565,6.3019,33.5903,5.7666
RoNIN ResNet (released),34.300,34.0828,5.0026,31.0404,6.3128,33.4565,5.7906
RoNIN ResNet (released),34.400,33.9552,5.0302,30.9215,6.3195,33.322,5.8222
RoNIN ResNet (released),34.500,33.826,5.051,30.8015,6.3197,33.1838,5.8382
RoNIN ResNet (released),34.600,33.6896,5.0677,30.6787,6.3235,33.0451,5.8644
RoNIN ResNet (released),34.700,33.5468,5.0842,30.5603,6.3292,32.9081,5.8937
RoNIN ResNet (released),34.800,33.4077,5.1008,30.4401,6.3368,32.7686,5.9172
RoNIN ResNet (released),34.900,33.2765,5.1241,30.3172,6.3549,32.636,5.9652
RoNIN ResNet (released),35.000,33.1487,5.1545,30.2001,6.3627,32.4997,6.001
RoNIN ResNet (released),35.100,33.0167,5.1888,30.0786,6.3621,32.3578,6.0209
RoNIN ResNet (released),35.200,32.8803,5.2225,29.9629,6.3478,32.2244,6.0109
RoNIN ResNet (released),35.300,32.7461,5.2543,29.8423,6.3291,32.0833,5.9937
RoNIN ResNet (released),35.400,32.6129,5.2771,29.7215,6.3025,31.9413,5.9901
RoNIN ResNet (released),35.500,32.4765,5.2927,29.6006,6.2776,31.8045,5.9671
RoNIN ResNet (released),35.600,32.3355,5.3055,29.4779,6.259,31.6626,5.9575
RoNIN ResNet (released),35.700,32.1938,5.3169,29.3605,6.2379,31.5253,5.9514
RoNIN ResNet (released),35.800,32.0569,5.3292,29.2404,6.2244,31.3899,5.9387
RoNIN ResNet (released),35.900,31.9255,5.3481,29.1188,6.2198,31.2511,5.9392
RoNIN ResNet (released),36.000,31.7951,5.3749,29.002,6.2169,31.1177,5.9679
RoNIN ResNet (released),36.100,31.6602,5.4057,28.8804,6.2226,30.9788,5.9894
RoNIN ResNet (released),36.200,31.5235,5.4388,28.7656,6.2229,30.846,6.0119
RoNIN ResNet (released),36.300,31.3899,5.4744,28.6478,6.2383,30.712,6.0545
RoNIN ResNet (released),36.400,31.259,5.504,28.5292,6.2569,30.5766,6.0974
RoNIN ResNet (released),36.500,31.1277,5.5262,28.4098,6.2705,30.4403,6.1242
RoNIN ResNet (released),36.600,30.99,5.5477,28.2884,6.2927,30.3056,6.1602
RoNIN ResNet (released),36.700,30.8479,5.5685,28.1732,6.31,30.1712,6.1982
RoNIN ResNet (released),36.800,30.7083,5.5903,28.0571,6.3336,30.0389,6.2299
RoNIN ResNet (released),36.900,30.5772,5.6209,27.9393,6.3616,29.909,6.2828
RoNIN ResNet (released),37.000,30.4502,5.661,27.8254,6.3936,29.779,6.3274
RoNIN ResNet (released),37.100,30.3194,5.7036,27.7049,6.4159,29.6418,6.3682
RoNIN ResNet (released),37.200,30.185,5.7457,27.5891,6.432,29.509,6.3917
RoNIN ResNet (released),37.300,30.0529,5.7858,27.4666,6.4429,29.3707,6.4232
RoNIN ResNet (released),37.400,29.9213,5.8198,27.343,6.4485,29.2311,6.4511
RoNIN ResNet (released),37.500,29.7892,5.8441,27.2204,6.4442,29.0907,6.4549
RoNIN ResNet (released),37.600,29.6527,5.8692,27.0965,6.4528,28.9527,6.4768
RoNIN ResNet (released),37.700,29.5145,5.8951,26.9786,6.4526,28.8169,6.4942
RoNIN ResNet (released),37.800,29.3802,5.9205,26.859,6.4575,28.6796,6.5018
RoNIN ResNet (released),37.900,29.2526,5.952,26.7391,6.4647,28.5441,6.5165
RoNIN ResNet (released),38.000,29.1278,5.9897,26.6246,6.4874,28.4114,6.5458
RoNIN ResNet (released),38.100,28.9987,6.03,26.5047,6.511,28.2789,6.5912
RoNIN ResNet (released),38.200,28.8665,6.0683,26.3893,6.5336,28.1484,6.6227
RoNIN ResNet (released),38.300,28.7374,6.1031,26.2699,6.559,28.0136,6.6563
RoNIN ResNet (released),38.400,28.6108,6.1363,26.1477,6.5774,27.8776,6.6908
RoNIN ResNet (released),38.500,28.4833,6.1617,26.0259,6.5931,27.7416,6.7175
RoNIN ResNet (released),38.600,28.3498,6.1848,25.9061,6.6239,27.6031,6.7402
RoNIN ResNet (released),38.700,28.2112,6.2107,25.7884,6.6422,27.4689,6.7689
RoNIN ResNet (released),38.800,28.0783,6.2377,25.6705,6.6548,27.3331,6.7905
RoNIN ResNet (released),38.900,27.953,6.2713,25.5525,6.6694,27.1975,6.8098
RoNIN ResNet (released),39.000,27.8317,6.3127,25.441,6.6939,27.0633,6.8204
RoNIN ResNet (released),39.100,27.71,6.3598,25.3279,6.7231,26.9318,6.8106
RoNIN ResNet (released),39.200,27.5862,6.4101,25.2193,6.7515,26.8019,6.7948
RoNIN ResNet (released),39.300,27.4671,6.4609,25.1091,6.7839,26.6707,6.7706
RoNIN ResNet (released),39.400,27.3487,6.5064,24.9973,6.8029,26.5419,6.7357
RoNIN ResNet (released),39.500,27.2299,6.5447,24.8868,6.8118,26.4133,6.733
RoNIN ResNet (released),39.600,27.1096,6.5798,24.7783,6.8158,26.2838,6.7145
RoNIN ResNet (released),39.700,26.9887,6.6195,24.6805,6.8116,26.1643,6.7235
RoNIN ResNet (released),39.800,26.8727,6.6651,24.6123,6.8022,26.086,6.7279
RoNIN ResNet (released),39.900,26.7638,6.7169,24.5565,6.7719,26.0065,6.7375
RoNIN ResNet (released),40.000,26.6583,6.7729,24.4843,6.7339,25.9246,6.7763
RoNIN ResNet (released),40.100,26.551,6.8296,24.4072,6.712,25.8473,6.8239
RoNIN ResNet (released),40.200,26.4459,6.886,24.3403,6.7585,25.7706,6.878
RoNIN ResNet (released),40.300,26.3454,6.9416,24.3031,6.8245,25.7079,6.9508
RoNIN ResNet (released),40.400,26.2502,6.9964,24.2616,6.916,25.6401,7.0368
RoNIN ResNet (released),40.500,26.1608,7.0479,24.2272,7.0074,25.5855,7.1382
RoNIN ResNet (released),40.600,26.0742,7.0946,24.1812,7.0952,25.5227,7.2362
RoNIN ResNet (released),40.700,25.9926,7.1389,24.1326,7.186,25.456,7.3338
RoNIN ResNet (released),40.800,25.9157,7.1833,24.0744,7.2749,25.3741,7.4244
RoNIN ResNet (released),40.900,25.8388,7.2306,24.0041,7.3563,25.2995,7.5236
RoNIN ResNet (released),41.000,25.757,7.2805,23.9198,7.4254,25.2079,7.6108
RoNIN ResNet (released),41.100,25.6721,7.3327,23.8143,7.4504,25.0947,7.6693
RoNIN ResNet (released),41.200,25.5821,7.3813,23.7048,7.4574,24.9685,7.6977
RoNIN ResNet (released),41.300,25.4824,7.4168,23.5915,7.4336,24.8344,7.7158
RoNIN ResNet (released),41.400,25.3749,7.4417,23.4734,7.4153,24.6987,7.7425
RoNIN ResNet (released),41.500,25.2617,7.464,23.3538,7.4023,24.5634,7.7572
RoNIN ResNet (released),41.600,25.143,7.4854,23.2354,7.3956,24.4253,7.7682
RoNIN ResNet (released),41.700,25.0191,7.5039,23.1183,7.4051,24.2945,7.7988
RoNIN ResNet (released),41.800,24.8955,7.5258,22.999,7.421,24.1619,7.8351
RoNIN ResNet (released),41.900,24.7743,7.5581,22.8788,7.4486,24.0296,7.8714
RoNIN ResNet (released),42.000,24.6553,7.5986,22.7622,7.4723,23.8983,7.9121
RoNIN ResNet (released),42.100,24.5331,7.6416,22.6419,7.4988,23.7639,7.9461
RoNIN ResNet (released),42.200,24.4069,7.6876,22.523,7.5088,23.627,7.9657
RoNIN ResNet (released),42.300,24.2818,7.732,22.3998,7.5271,23.4897,8.0013
RoNIN ResNet (released),42.400,24.1576,7.7668,22.2761,7.5399,23.347,8.0371
RoNIN ResNet (released),42.500,24.031,7.7944,22.1516,7.55,23.2055,8.0542
RoNIN ResNet (released),42.600,23.8971,7.8231,22.0243,7.5647,23.0663,8.0693
RoNIN ResNet (released),42.700,23.7577,7.8541,21.9046,7.5891,22.9298,8.1019
RoNIN ResNet (released),42.800,23.6237,7.8852,21.7843,7.6182,22.7921,8.1364
RoNIN ResNet (released),42.900,23.495,7.9234,21.6647,7.6448,22.6571,8.1719
RoNIN ResNet (released),43.000,23.3689,7.9711,21.5483,7.6597,22.526,8.2062
RoNIN ResNet (released),43.100,23.2403,8.0227,21.4339,7.6591,22.388,8.2147
RoNIN ResNet (released),43.200,23.1083,8.0726,21.3178,7.6552,22.2546,8.2237
RoNIN ResNet (released),43.300,22.9787,8.1165,21.2005,7.6456,22.1141,8.2295
RoNIN ResNet (released),43.400,22.8481,8.1484,21.0794,7.6337,21.9761,8.2033
RoNIN ResNet (released),43.500,22.7155,8.173,20.9579,7.6236,21.8389,8.1886
RoNIN ResNet (released),43.600,22.5791,8.1981,20.836,7.6285,21.7001,8.2008
RoNIN ResNet (released),43.700,22.4415,8.2262,20.7195,7.6428,21.5647,8.2229
RoNIN ResNet (released),43.800,22.3067,8.2562,20.5969,7.6649,21.4312,8.2664
RoNIN ResNet (released),43.900,22.1765,8.2901,20.4784,7.6998,21.3027,8.3157
RoNIN ResNet (released),44.000,22.0475,8.327,20.3642,7.7384,21.1681,8.3518
RoNIN ResNet (released),44.100,21.9159,8.3658,20.2449,7.7614,21.032,8.3762
RoNIN ResNet (released),44.200,21.7838,8.3992,20.1234,7.7701,20.899,8.406
RoNIN ResNet (released),44.300,21.6538,8.4274,20.002,7.7817,20.7622,8.4353
RoNIN ResNet (released),44.400,21.5246,8.4491,19.8766,7.7909,20.6245,8.4643
RoNIN ResNet (released),44.500,21.3943,8.4658,19.7567,7.8025,20.4863,8.4795
RoNIN ResNet (released),44.600,21.2578,8.4833,19.636,7.8039,20.3488,8.4969
RoNIN ResNet (released),44.700,21.1183,8.501,19.5227,7.8281,20.224,8.5383
RoNIN ResNet (released),44.800,20.984,8.5199,19.4038,7.832,20.0878,8.5706
RoNIN ResNet (released),44.900,20.8549,8.5448,19.2893,7.8488,19.9547,8.5946
RoNIN ResNet (released),45.000,20.7275,8.5756,19.1762,7.8571,19.8195,8.6184
RoNIN ResNet (released),45.100,20.5981,8.6089,19.0634,7.8544,19.6881,8.6228
RoNIN ResNet (released),45.200,20.465,8.6425,18.9501,7.8512,19.556,8.6007
RoNIN ResNet (released),45.300,20.3344,8.6729,18.8337,7.8476,19.4186,8.5901
RoNIN ResNet (released),45.400,20.2056,8.6956,18.7127,7.8458,19.2813,8.575
RoNIN ResNet (released),45.500,20.0771,8.7139,18.5954,7.8382,19.1478,8.5713
RoNIN ResNet (released),45.600,19.9448,8.7353,18.4753,7.8293,19.0092,8.5652
RoNIN ResNet (released),45.700,19.8101,8.7571,18.3587,7.8282,18.876,8.5704
RoNIN ResNet (released),45.800,19.6789,8.7793,18.2384,7.8201,18.7403,8.5884
RoNIN ResNet (released),45.900,19.5479,8.8051,18.1219,7.8138,18.6037,8.6162
RoNIN ResNet (released),46.000,19.4232,8.8357,18.0058,7.7987,18.4751,8.6299
RoNIN ResNet (released),46.100,19.2944,8.8666,17.896,7.7817,18.3568,8.6177
RoNIN ResNet (released),46.200,19.163,8.8963,17.7894,7.7482,18.2297,8.6077
RoNIN ResNet (released),46.300,19.0355,8.9224,17.6739,7.7333,18.0931,8.6179
RoNIN ResNet (released),46.400,18.9096,8.9388,17.5546,7.7244,17.9562,8.5976
RoNIN ResNet (released),46.500,18.7827,8.9459,17.4355,7.7086,17.8241,8.5789
RoNIN ResNet (released),46.600,18.6515,8.9491,17.3153,7.6871,17.6888,8.5526
RoNIN ResNet (released),46.700,18.5164,8.9502,17.1999,7.6714,17.5534,8.5503
RoNIN ResNet (released),46.800,18.3863,8.9495,17.0834,7.6501,17.4154,8.5524
RoNIN ResNet (released),46.900,18.2606,8.9551,16.969,7.6407,17.2818,8.5372
RoNIN ResNet (released),47.000,18.1345,8.9645,16.8628,7.6259,17.1578,8.498
RoNIN ResNet (released),47.100,18.0057,8.9722,16.7849,7.5805,17.0369,8.4559
RoNIN ResNet (released),47.200,17.8743,8.9758,16.7149,7.5251,16.9406,8.3865
RoNIN ResNet (released),47.300,17.7468,8.9679,16.6653,7.4553,16.856,8.3109
RoNIN ResNet (released),47.400,17.6239,8.9462,16.585,7.411,16.7516,8.2571
RoNIN ResNet (released),47.500,17.5059,8.9126,16.4954,7.3718,16.6563,8.1722
RoNIN ResNet (released),47.600,17.3891,8.8701,16.4161,7.3195,16.5644,8.0822
RoNIN ResNet (released),47.700,17.2742,8.8189,16.3445,7.2464,16.4744,7.9946
RoNIN ResNet (released),47.800,17.1698,8.7634,16.279,7.1625,16.3879,7.9104
RoNIN ResNet (released),47.900,17.0729,8.709,16.219,7.0766,16.3126,7.8197
RoNIN ResNet (released),48.000,16.9783,8.6513,16.1688,6.9882,16.2607,7.7171
RoNIN ResNet (released),48.100,16.8866,8.5833,16.1592,6.889,16.2219,7.6139
RoNIN ResNet (released),48.200,16.8014,8.5057,16.1798,6.7892,16.2142,7.5049
RoNIN ResNet (released),48.300,16.7309,8.422,16.2161,6.6936,16.2177,7.4027
RoNIN ResNet (released),48.400,16.6716,8.3317,16.2287,6.5912,16.2015,7.2881
RoNIN ResNet (released),48.500,16.6279,8.2352,16.2419,6.488,16.1933,7.1713
RoNIN ResNet (released),48.600,16.5941,8.1313,16.2423,6.388,16.1758,7.0511
RoNIN ResNet (released),48.700,16.5694,8.0214,16.2636,6.287,16.1767,6.9345
RoNIN ResNet (released),48.800,16.5561,7.9137,16.2911,6.1839,16.206,6.8153
RoNIN ResNet (released),48.900,16.5495,7.8125,16.3219,6.0811,16.2299,6.6848
RoNIN ResNet (released),49.000,16.5492,7.7132,16.3682,5.9813,16.2603,6.5606
RoNIN ResNet (released),49.100,16.5595,7.61,16.4239,5.889,16.3122,6.4462
RoNIN ResNet (released),49.200,16.5796,7.5035,16.4942,5.8104,16.3921,6.3556
RoNIN ResNet (released),49.300,16.6066,7.3999,16.5685,5.7342,16.4784,6.2703
RoNIN ResNet (released),49.400,16.6489,7.3044,16.6498,5.6578,16.5748,6.1742
RoNIN ResNet (released),49.500,16.7054,7.2174,16.7379,5.5861,16.6849,6.1042
RoNIN ResNet (released),49.600,16.773,7.1328,16.818,5.5075,16.7806,6.0173
RoNIN ResNet (released),49.700,16.8518,7.0486,16.9009,5.4295,16.8759,5.9254
RoNIN ResNet (released),49.800,16.9344,6.9694,16.986,5.3556,16.968,5.8349
RoNIN ResNet (released),49.900,17.0144,6.8949,17.0712,5.2717,17.066,5.7411
RoNIN ResNet (released),50.000,17.0927,6.82,17.1646,5.1976,17.1752,5.6629
RoNIN ResNet (released),50.100,17.1779,6.7433,17.2672,5.1353,17.284,5.5875
RoNIN ResNet (released),50.200,17.2708,6.6647,17.3751,5.0839,17.4025,5.5213
RoNIN ResNet (released),50.300,17.3672,6.5851,17.4879,5.0383,17.5251,5.4708
RoNIN ResNet (released),50.400,17.4661,6.5111,17.6067,4.9975,17.6566,5.4248
RoNIN ResNet (released),50.500,17.5721,6.4504,17.7266,4.9716,17.7893,5.3912
RoNIN ResNet (released),50.600,17.6839,6.3934,17.8452,4.9437,17.9201,5.3594
RoNIN ResNet (released),50.700,17.8026,6.3353,17.9686,4.9169,18.0534,5.319
RoNIN ResNet (released),50.800,17.9242,6.2785,18.0899,4.8911,18.182,5.2663
RoNIN ResNet (released),50.900,18.0427,6.222,18.2089,4.8526,18.3087,5.2063
RoNIN ResNet (released),51.000,18.1557,6.158,18.3302,4.8143,18.4372,5.1561
RoNIN ResNet (released),51.100,18.2698,6.0911,18.447,4.7848,18.5618,5.1056
RoNIN ResNet (released),51.200,18.3875,6.0217,18.5727,4.7743,18.6954,5.072
RoNIN ResNet (released),51.300,18.5074,5.9519,18.6955,4.7533,18.8267,5.0362
RoNIN ResNet (released),51.400,18.6274,5.8851,18.8232,4.7404,18.9649,5.0087
RoNIN ResNet (released),51.500,18.7488,5.8301,18.947,4.7229,19.0991,4.9725
RoNIN ResNet (released),51.600,18.8737,5.7821,19.0715,4.7063,19.2372,4.9677
RoNIN ResNet (released),51.700,19.0047,5.7357,19.1992,4.6877,19.3754,4.95
RoNIN ResNet (released),51.800,19.1383,5.6926,19.3214,4.6623,19.5037,4.9095
RoNIN ResNet (released),51.900,19.2666,5.6524,19.4448,4.6311,19.6412,4.8827
RoNIN ResNet (released),52.000,19.3895,5.6082,19.5663,4.5951,19.7685,4.8254
RoNIN ResNet (released),52.100,19.5116,5.5613,19.6859,4.5596,19.896,4.7687
RoNIN ResNet (released),52.200,19.6371,5.5134,19.8097,4.5335,20.0323,4.7519
RoNIN ResNet (released),52.300,19.7648,5.4657,19.932,4.5087,20.1675,4.7331
RoNIN ResNet (released),52.400,19.8894,5.4199,20.0616,4.4923,20.3072,4.7058
RoNIN ResNet (released),52.500,20.0172,5.3854,20.1859,4.4739,20.4423,4.6702
RoNIN ResNet (released),52.600,20.1453,5.3559,20.3123,4.4643,20.5794,4.6455
RoNIN ResNet (released),52.700,20.279,5.3239,20.4419,4.4523,20.7185,4.6209
RoNIN ResNet (released),52.800,20.4158,5.2915,20.567,4.4461,20.8476,4.5781
RoNIN ResNet (released),52.900,20.5482,5.2593,20.6933,4.4295,20.9859,4.5548
RoNIN ResNet (released),53.000,20.6751,5.2184,20.8193,4.4013,21.1156,4.505
RoNIN ResNet (released),53.100,20.7992,5.1717,20.9389,4.3727,21.2395,4.4521
RoNIN ResNet (released),53.200,20.929,5.1202,21.0647,4.3556,21.3708,4.4086
RoNIN ResNet (released),53.300,21.0586,5.0706,21.1896,4.3371,21.4995,4.3677
RoNIN ResNet (released),53.400,21.1853,5.0234,21.3198,4.3214,21.6297,4.3206
RoNIN ResNet (released),53.500,21.3118,4.9813,21.445,4.2968,21.762,4.2721
RoNIN ResNet (released),53.600,21.4428,4.9453,21.5712,4.2746,21.8997,4.2372
RoNIN ResNet (released),53.700,21.5793,4.9099,21.7004,4.2583,22.0375,4.196
RoNIN ResNet (released),53.800,21.7191,4.8749,21.8239,4.2399,22.1692,4.1468
RoNIN ResNet (released),53.900,21.8539,4.84,21.951,4.2224,22.3046,4.1027
RoNIN ResNet (released),54.000,21.9834,4.7979,22.0715,4.1826,22.4347,4.046
RoNIN ResNet (released),54.100,22.11,4.7495,22.1892,4.1449,22.5616,3.9826
RoNIN ResNet (released),54.200,22.2389,4.6972,22.3089,4.108,22.6962,3.9306
RoNIN ResNet (released),54.300,22.3701,4.6448,22.4282,4.0796,22.8244,3.8747
RoNIN ResNet (released),54.400,22.4993,4.5955,22.5504,4.044,22.9509,3.8123
RoNIN ResNet (released),54.500,22.6276,4.5535,22.6695,4.0089,23.0787,3.7503
RoNIN ResNet (released),54.600,22.7581,4.5181,22.7874,3.9685,23.2112,3.7076
RoNIN ResNet (released),54.700,22.8944,4.4819,22.9116,3.9404,23.3415,3.6573
RoNIN ResNet (released),54.800,23.0315,4.4452,23.0345,3.9196,23.4662,3.6018
RoNIN ResNet (released),54.900,23.1644,4.4085,23.159,3.8951,23.5979,3.562
RoNIN ResNet (released),55.000,23.2906,4.3659,23.2783,3.8532,23.7263,3.5134
RoNIN ResNet (released),55.100,23.4142,4.3163,23.3993,3.8285,23.8493,3.4514
RoNIN ResNet (released),55.200,23.539,4.261,23.524,3.8094,23.9847,3.4148
RoNIN ResNet (released),55.300,23.6663,4.2053,23.6479,3.8009,24.1155,3.3859
RoNIN ResNet (released),55.400,23.7908,4.1515,23.7776,3.7871,24.2501,3.3525
RoNIN ResNet (released),55.500,23.9168,4.1009,23.9027,3.7655,24.386,3.315
RoNIN ResNet (released),55.600,24.0452,4.0586,24.026,3.7328,24.5236,3.2852
RoNIN ResNet (released),55.700,24.1775,4.0193,24.156,3.7114,24.6611,3.2487
RoNIN ResNet (released),55.800,24.3145,3.9793,24.2828,3.6956,24.7923,3.2042
RoNIN ResNet (released),55.900,24.4488,3.9393,24.4123,3.6799,24.931,3.1702
RoNIN ResNet (released),56.000,24.5761,3.8928,24.5383,3.6462,25.0605,3.118
RoNIN ResNet (released),56.100,24.6994,3.8421,24.6632,3.6211,25.191,3.0689
RoNIN ResNet (released),56.200,24.8268,3.7875,24.7893,3.6062,25.3289,3.0362
RoNIN ResNet (released),56.300,24.9573,3.7358,24.9141,3.6061,25.4635,3.0164
RoNIN ResNet (released),56.400,25.0865,3.6874,25.0421,3.6038,25.6001,2.9872
RoNIN ResNet (released),56.500,25.2134,3.646,25.1679,3.5896,25.7411,2.9564
RoNIN ResNet (released),56.600,25.3422,3.612,25.2935,3.5733,25.8825,2.9452
RoNIN ResNet (released),56.700,25.4763,3.5795,25.4233,3.5612,26.0236,2.9189
RoNIN ResNet (released),56.800,25.6141,3.5486,25.5477,3.5437,26.1589,2.8842
RoNIN ResNet (released),56.900,25.7497,3.5177,25.6725,3.5182,26.2975,2.8512
RoNIN ResNet (released),57.000,25.8791,3.4808,25.7999,3.4842,26.4323,2.8075
RoNIN ResNet (released),57.100,26.0062,3.4393,25.9242,3.4564,26.5682,2.7654
RoNIN ResNet (released),57.200,26.1374,3.3978,26.0492,3.4348,26.7099,2.7473
RoNIN ResNet (released),57.300,26.2709,3.3579,26.1762,3.4303,26.8484,2.7392
RoNIN ResNet (released),57.400,26.403,3.321,26.3054,3.4232,26.9904,2.7253
RoNIN ResNet (released),57.500,26.5357,3.2933,26.4329,3.4161,27.1346,2.7122
RoNIN ResNet (released),57.600,26.6684,3.2729,26.5615,3.4124,27.2773,2.7176
RoNIN ResNet (released),57.700,26.8051,3.2543,26.6922,3.4187,27.4243,2.7131
RoNIN ResNet (released),57.800,26.9433,3.2355,26.8178,3.4217,27.5648,2.6987
RoNIN ResNet (released),57.900,27.079,3.2149,26.9455,3.4162,27.6958,2.7132
RoNIN ResNet (released),58.000,27.2057,3.1872,27.0715,3.3808,27.8289,2.6829
RoNIN ResNet (released),58.100,27.3329,3.1526,27.1945,3.3533,27.9624,2.6484
RoNIN ResNet (released),58.200,27.4664,3.1162,27.3144,3.3269,28.0976,2.611
RoNIN ResNet (released),58.300,27.6033,3.0817,27.4355,3.3096,28.2306,2.6017
RoNIN ResNet (released),58.400,27.7381,3.0479,27.5607,3.2783,28.365,2.5648
RoNIN ResNet (released),58.500,27.8713,3.0204,27.6861,3.2529,28.5028,2.5229
RoNIN ResNet (released),58.600,28.0078,2.9989,27.8139,3.2356,28.6432,2.4963
RoNIN ResNet (released),58.700,28.1485,2.9743,27.9439,3.2208,28.7831,2.4616
RoNIN ResNet (released),58.800,28.292,2.9508,28.0709,3.2163,28.9211,2.4254
RoNIN ResNet (released),58.900,28.4301,2.9283,28.2,3.2057,29.0628,2.4066
RoNIN ResNet (released),59.000,28.5613,2.8978,28.3279,3.1781,29.1924,2.346
RoNIN ResNet (released),59.100,28.6896,2.8611,28.4522,3.1547,29.321,2.3103
RoNIN ResNet (released),59.200,28.8206,2.8221,28.5783,3.149,29.458,2.3105
RoNIN ResNet (released),59.300,28.9546,2.7802,28.7044,3.1591,29.5906,2.3205
RoNIN ResNet (released),59.400,29.0874,2.7422,28.831,3.171,29.728,2.3278
RoNIN ResNet (released),59.500,29.2191,2.7116,28.9591,3.1754,29.8703,2.319
RoNIN ResNet (released),59.600,29.3522,2.6878,29.0876,3.1776,30.0132,2.3231
RoNIN ResNet (released),59.700,29.4912,2.666,29.2172,3.1844,30.1566,2.3139
RoNIN ResNet (released),59.800,29.6344,2.6462,29.343,3.182,30.2928,2.2978
RoNIN ResNet (released),59.900,29.773,2.6252,29.4714,3.1768,30.4298,2.2914
RoNIN ResNet (released),60.000,29.9053,2.5996,29.601,3.1705,30.571,2.2977
RoNIN ResNet (released),60.100,30.0371,2.5701,29.725,3.1711,30.7086,2.3173
RoNIN ResNet (released),60.200,30.1712,2.5425,29.8478,3.1796,30.8455,2.3387
RoNIN ResNet (released),60.300,30.3078,2.5176,29.9678,3.1994,30.976,2.3748
RoNIN ResNet (released),60.400,30.4438,2.4922,30.0912,3.2151,31.1118,2.3963
RoNIN ResNet (released),60.500,30.5803,2.4756,30.2104,3.2398,31.2461,2.4295
RoNIN ResNet (released),60.600,30.7166,2.4638,30.3277,3.2515,31.3792,2.4601
RoNIN ResNet (released),60.700,30.8563,2.4507,30.4453,3.2695,31.5138,2.4819
RoNIN ResNet (released),60.800,30.9984,2.4362,30.5632,3.266,31.6497,2.4875
RoNIN ResNet (released),60.900,31.1371,2.4175,30.6809,3.2507,31.7864,2.4941
RoNIN ResNet (released),61.000,31.2714,2.3885,30.8001,3.2227,31.922,2.4732
RoNIN ResNet (released),61.100,31.4054,2.3567,30.9199,3.2003,32.0536,2.4429
RoNIN ResNet (released),61.200,31.5441,2.3219,31.0399,3.1763,32.1859,2.429
RoNIN ResNet (released),61.300,31.6844,2.2863,31.1605,3.1655,32.3216,2.4151
RoNIN ResNet (released),61.400,31.8195,2.257,31.2851,3.1623,32.4546,2.4401
RoNIN ResNet (released),61.500,31.9536,2.2263,31.4063,3.14,32.5926,2.4366
RoNIN ResNet (released),61.600,32.0853,2.1977,31.5276,3.1205,32.7265,2.4293
RoNIN ResNet (released),61.700,32.218,2.1636,31.6503,3.1047,32.8636,2.4251
RoNIN ResNet (released),61.800,32.3519,2.1295,31.7708,3.0891,32.997,2.4015
RoNIN ResNet (released),61.900,32.4808,2.0947,31.8908,3.0808,33.1286,2.3979
RoNIN ResNet (released),62.000,32.6058,2.051,32.0116,3.0551,33.2597,2.3639
RoNIN ResNet (released),62.100,32.7278,2.0041,32.1315,3.0403,33.3876,2.3281
RoNIN ResNet (released),62.200,32.8526,1.9553,32.246,3.0072,33.5182,2.2774
RoNIN ResNet (released),62.300,32.9815,1.9073,32.3608,2.979,33.6494,2.2334
RoNIN ResNet (released),62.400,33.1085,1.8604,32.4765,2.9494,33.7725,2.1666
RoNIN ResNet (released),62.500,33.233,1.8192,32.5984,2.9279,33.9047,2.1118
RoNIN ResNet (released),62.600,33.3559,1.786,32.717,2.9062,34.035,2.0648
RoNIN ResNet (released),62.700,33.4804,1.7574,32.8334,2.8781,34.1635,2.0255
RoNIN ResNet (released),62.800,33.6075,1.7246,32.9451,2.8368,34.2872,1.9818
RoNIN ResNet (released),62.900,33.733,1.6844,33.0493,2.7807,34.3991,1.9103
RoNIN ResNet (released),63.000,33.8468,1.6336,33.1461,2.7127,34.5189,1.8377
RoNIN ResNet (released),63.100,33.9545,1.5778,33.2446,2.6452,34.6342,1.7567
RoNIN ResNet (released),63.200,34.0572,1.5153,33.3396,2.5753,34.7474,1.6783
RoNIN ResNet (released),63.300,34.1595,1.4445,33.4452,2.517,34.8604,1.5924
RoNIN ResNet (released),63.400,34.2583,1.3693,33.5382,2.4438,34.9683,1.5044
RoNIN ResNet (released),63.500,34.3517,1.2979,33.6397,2.3757,35.0776,1.4107
RoNIN ResNet (released),63.600,34.4453,1.2322,33.7374,2.3025,35.1904,1.3254
RoNIN ResNet (released),63.700,34.5412,1.1635,33.8409,2.2383,35.3039,1.2425
RoNIN ResNet (released),63.800,34.6387,1.0847,33.9417,2.1676,35.414,1.1595
RoNIN ResNet (released),63.900,34.7384,1.0016,34.0324,2.0888,35.5019,1.0551
RoNIN ResNet (released),64.000,34.8301,0.9146,34.1238,2.008,35.5844,0.943
RoNIN ResNet (released),64.100,34.9087,0.8191,34.202,1.9146,35.6669,0.8276
RoNIN ResNet (released),64.200,34.9803,0.7172,34.2808,1.8274,35.7509,0.7207
RoNIN ResNet (released),64.300,35.0534,0.6104,34.3657,1.7419,35.826,0.6032
RoNIN ResNet (released),64.400,35.1293,0.5003,34.4539,1.6602,35.9079,0.4955
RoNIN ResNet (released),64.500,35.2039,0.3946,34.5442,1.5774,36.0004,0.3945
RoNIN ResNet (released),64.600,35.2754,0.2961,34.6394,1.5011,36.0903,0.2858
RoNIN ResNet (released),64.700,35.3523,0.2022,34.7247,1.417,36.1718,0.171
RoNIN ResNet (released),64.800,35.43,0.1013,34.8078,1.3364,36.2495,0.0619
RoNIN ResNet (released),64.900,35.508,-0.0057,34.864,1.2365,36.3371,-0.0386
RoNIN ResNet (released),65.000,35.5803,-0.1128,34.9024,1.1295,36.3829,-0.1594
RoNIN ResNet (released),65.100,35.6418,-0.2196,34.9377,1.0219,36.4121,-0.2876
RoNIN ResNet (released),65.200,35.693,-0.3298,34.962,0.9151,36.4125,-0.4122
RoNIN ResNet (released),65.300,35.739,-0.4441,34.9722,0.8064,36.414,-0.5366
RoNIN ResNet (released),65.400,35.7807,-0.5612,34.9789,0.6973,36.3957,-0.6572
RoNIN ResNet (released),65.500,35.8154,-0.6763,34.9863,0.5882,36.3753,-0.7792
RoNIN ResNet (released),65.600,35.8478,-0.7889,34.9992,0.4803,36.3629,-0.901
RoNIN ResNet (released),65.700,35.8769,-0.8987,35.0008,0.374,36.3529,-1.0187
RoNIN ResNet (released),65.800,35.8992,-1.0148,34.9945,0.2691,36.3404,-1.1379
RoNIN ResNet (released),65.900,35.913,-1.1365,34.9823,0.1657,36.3211,-1.2558
RoNIN ResNet (released),66.000,35.9163,-1.2586,34.9449,0.0698,36.2746,-1.3648
RoNIN ResNet (released),66.100,35.9056,-1.3757,34.9118,-0.0281,36.2362,-1.477
RoNIN ResNet (released),66.200,35.8787,-1.4864,34.8676,-0.1225,36.1599,-1.5628
RoNIN ResNet (released),66.300,35.8348,-1.5962,34.8218,-0.2148,36.0946,-1.6631
RoNIN ResNet (released),66.400,35.7852,-1.7047,34.765,-0.3059,36.0266,-1.7584
RoNIN ResNet (released),66.500,35.7268,-1.8063,34.6952,-0.3841,35.9411,-1.8396
RoNIN ResNet (released),66.600,35.6669,-1.9002,34.6326,-0.4738,35.859,-1.928
RoNIN ResNet (released),66.700,35.6084,-1.9912,34.5564,-0.5522,35.7845,-2.0225
RoNIN ResNet (released),66.800,35.5429,-2.082,34.4873,-0.6366,35.706,-2.1137
RoNIN ResNet (released),66.900,35.4677,-2.1718,34.4144,-0.7181,35.6157,-2.1975
RoNIN ResNet (released),67.000,35.3828,-2.2563,34.3296,-0.7827,35.5113,-2.2624
RoNIN ResNet (released),67.100,35.2918,-2.3275,34.2377,-0.8509,35.3976,-2.3275
RoNIN ResNet (released),67.200,35.1933,-2.3843,34.1346,-0.8939,35.2749,-2.3664
RoNIN ResNet (released),67.300,35.0889,-2.4319,34.0317,-0.9399,35.1486,-2.4041
RoNIN ResNet (released),67.400,34.9782,-2.4747,33.9223,-0.9766,35.0182,-2.4371
RoNIN ResNet (released),67.500,34.8632,-2.5093,33.8128,-1.0093,34.886,-2.4586
RoNIN ResNet (released),67.600,34.7493,-2.5403,33.6975,-1.04,34.7483,-2.4807
RoNIN ResNet (released),67.700,34.6373,-2.5735,33.5767,-1.0712,34.6117,-2.4971
RoNIN ResNet (released),67.800,34.5184,-2.6035,33.4605,-1.1057,34.4764,-2.5163
RoNIN ResNet (released),67.900,34.3898,-2.629,33.3441,-1.1401,34.3414,-2.5375
RoNIN ResNet (released),68.000,34.2561,-2.649,33.2288,-1.1551,34.2067,-2.5315
RoNIN ResNet (released),68.100,34.1277,-2.6593,33.1098,-1.1635,34.0683,-2.5232
RoNIN ResNet (released),68.200,34.0022,-2.6514,32.9903,-1.1812,33.9302,-2.519
RoNIN ResNet (released),68.300,33.8772,-2.6349,32.8731,-1.175,33.7971,-2.4906
RoNIN ResNet (released),68.400,33.747,-2.6134,32.7531,-1.1768,33.6601,-2.4858
RoNIN ResNet (released),68.500,33.616,-2.5891,32.6366,-1.1752,33.5254,-2.4646
RoNIN ResNet (released),68.600,33.4902,-2.5634,32.5138,-1.1807,33.3859,-2.4401
RoNIN ResNet (released),68.700,33.3663,-2.5445,32.3902,-1.1822,33.2488,-2.4154
RoNIN ResNet (released),68.800,33.2389,-2.5292,32.2692,-1.19,33.1108,-2.4059
RoNIN ResNet (released),68.900,33.1038,-2.5121,32.1431,-1.1969,32.9687,-2.4004
RoNIN ResNet (released),69.000,32.964,-2.4946,32.0229,-1.1933,32.8354,-2.3742
RoNIN ResNet (released),69.100,32.8295,-2.4745,31.9015,-1.1972,32.6948,-2.3526
RoNIN ResNet (released),69.200,32.7001,-2.4431,31.7789,-1.1917,32.5558,-2.3201
RoNIN ResNet (released),69.300,32.5751,-2.4022,31.6625,-1.1997,32.4213,-2.2889
RoNIN ResNet (released),69.400,32.4463,-2.3579,31.543,-1.1927,32.2883,-2.2923
RoNIN ResNet (released),69.500,32.3134,-2.3132,31.4296,-1.1999,32.1479,-2.2717
RoNIN ResNet (released),69.600,32.1845,-2.268,31.3105,-1.2066,32.0056,-2.2634
RoNIN ResNet (released),69.700,32.0573,-2.2307,31.1909,-1.2157,31.8629,-2.2526
RoNIN ResNet (released),69.800,31.9282,-2.2015,31.0693,-1.2218,31.7252,-2.2475
RoNIN ResNet (released),69.900,31.7942,-2.1724,30.9443,-1.2239,31.5835,-2.2429
RoNIN ResNet (released),70.000,31.6558,-2.1423,30.8267,-1.2185,31.4486,-2.2182
RoNIN ResNet (released),70.100,31.5189,-2.1105,30.7058,-1.2111,31.3152,-2.1873
RoNIN ResNet (released),70.200,31.3873,-2.0709,30.5833,-1.2018,31.1796,-2.1528
RoNIN ResNet (released),70.300,31.2584,-2.0229,30.4655,-1.1832,31.0485,-2.1131
RoNIN ResNet (released),70.400,31.1252,-1.9701,30.3437,-1.1625,30.9115,-2.0736
RoNIN ResNet (released),70.500,30.9873,-1.9178,30.2282,-1.1545,30.7808,-2.0379
RoNIN ResNet (released),70.600,30.8529,-1.8698,30.1098,-1.1358,30.6462,-2.0015
RoNIN ResNet (released),70.700,30.7218,-1.8277,29.9883,-1.1201,30.5104,-1.9532
RoNIN ResNet (released),70.800,30.5926,-1.7934,29.8674,-1.1019,30.3711,-1.9264
RoNIN ResNet (released),70.900,30.4549,-1.7583,29.7426,-1.0853,30.231,-1.8942
RoNIN ResNet (released),71.000,30.312,-1.7225,29.6247,-1.0631,30.097,-1.851
RoNIN ResNet (released),71.100,30.1707,-1.6857,29.5067,-1.0418,29.9642,-1.8055
RoNIN ResNet (released),71.200,30.0383,-1.6409,29.3867,-1.0115,29.8307,-1.7593
RoNIN ResNet (released),71.300,29.9089,-1.5888,29.275,-0.9799,29.7008,-1.7062
RoNIN ResNet (released),71.400,29.7772,-1.5352,29.1556,-0.9538,29.5627,-1.6685
RoNIN ResNet (released),71.500,29.6439,-1.4809,29.042,-0.9372,29.4306,-1.636
RoNIN ResNet (released),71.600,29.5133,-1.4296,28.9228,-0.921,29.2955,-1.5996
RoNIN ResNet (released),71.700,29.3848,-1.3863,28.8012,-0.9137,29.1563,-1.5592
RoNIN ResNet (released),71.800,29.2536,-1.3505,28.6791,-0.9017,29.016,-1.537
RoNIN ResNet (released),71.900,29.1194,-1.3159,28.5539,-0.8963,28.8758,-1.5099
RoNIN ResNet (released),72.000,28.9808,-1.2805,28.4338,-0.888,28.7402,-1.4742
RoNIN ResNet (released),72.100,28.8438,-1.2464,28.3147,-0.8768,28.6035,-1.457
RoNIN ResNet (released),72.200,28.7146,-1.2047,28.1958,-0.843,28.4778,-1.4004
RoNIN ResNet (released),72.300,28.5888,-1.1559,28.088,-0.8058,28.3537,-1.3557
RoNIN ResNet (released),72.400,28.4627,-1.105,27.9795,-0.7613,28.222,-1.3292
RoNIN ResNet (released),72.500,28.3314,-1.0522,27.8703,-0.7277,28.1042,-1.314
RoNIN ResNet (released),72.600,28.2034,-1.002,27.7543,-0.6896,27.9713,-1.2965
RoNIN ResNet (released),72.700,28.0768,-0.9595,27.6415,-0.6497,27.8342,-1.2745
RoNIN ResNet (released),72.800,27.9456,-0.9243,27.5211,-0.6294,27.7013,-1.2678
RoNIN ResNet (released),72.900,27.8104,-0.8924,27.4042,-0.5892,27.5714,-1.2364
RoNIN ResNet (released),73.000,27.6692,-0.8614,27.2865,-0.5608,27.4465,-1.1819
RoNIN ResNet (released),73.100,27.534,-0.8325,27.1669,-0.534,27.32,-1.128
RoNIN ResNet (released),73.200,27.4045,-0.8005,27.0452,-0.5074,27.1878,-1.0666
RoNIN ResNet (released),73.300,27.2772,-0.7621,26.9296,-0.4803,27.0572,-1.0076
RoNIN ResNet (released),73.400,27.1454,-0.7201,26.8088,-0.4563,26.9185,-0.9724
RoNIN ResNet (released),73.500,27.0108,-0.6774,26.6942,-0.4403,26.7813,-0.9558
RoNIN ResNet (released),73.600,26.8773,-0.6358,26.575,-0.4202,26.6425,-0.9273
RoNIN ResNet (released),73.700,26.7453,-0.6038,26.4526,-0.4084,26.5006,-0.9043
RoNIN ResNet (released),73.800,26.6104,-0.5796,26.3303,-0.3933,26.3619,-0.8763
RoNIN ResNet (released),73.900,26.4689,-0.5544,26.2047,-0.3928,26.2207,-0.856
RoNIN ResNet (released),74.000,26.3226,-0.5279,26.0848,-0.3753,26.0856,-0.8135
RoNIN ResNet (released),74.100,26.1795,-0.4993,25.9622,-0.364,25.9525,-0.7786
RoNIN ResNet (released),74.200,26.0427,-0.463,25.8437,-0.339,25.8175,-0.7382
RoNIN ResNet (released),74.300,25.9099,-0.4211,25.73,-0.3129,25.6866,-0.6996
RoNIN ResNet (released),74.400,25.7733,-0.3755,25.6123,-0.2983,25.5484,-0.6742
RoNIN ResNet (released),74.500,25.6332,-0.3284,25.4943,-0.2952,25.4103,-0.6545
RoNIN ResNet (released),74.600,25.4966,-0.2843,25.3726,-0.2862,25.2676,-0.6317
RoNIN ResNet (released),74.700,25.3609,-0.2509,25.2473,-0.2758,25.1256,-0.6165
RoNIN ResNet (released),74.800,25.2233,-0.2242,25.1239,-0.2752,24.9845,-0.603
RoNIN ResNet (released),74.900,25.076,-0.1951,24.9956,-0.273,24.8419,-0.5849
RoNIN ResNet (released),75.000,24.928,-0.1686,24.8736,-0.2572,24.7066,-0.5601
RoNIN ResNet (released),75.100,24.7858,-0.1419,24.7483,-0.2575,24.5697,-0.5305
RoNIN ResNet (released),75.200,24.6501,-0.1077,24.6248,-0.2453,24.4323,-0.5106
RoNIN ResNet (released),75.300,24.5157,-0.0685,24.5063,-0.2352,24.2994,-0.4857
RoNIN ResNet (released),75.400,24.3779,-0.0274,24.3875,-0.2339,24.1619,-0.4857
RoNIN ResNet (released),75.500,24.238,0.0134,24.2697,-0.2404,24.0237,-0.4811
RoNIN ResNet (released),75.600,24.1032,0.0498,24.1487,-0.2418,23.8829,-0.4725
RoNIN ResNet (released),75.700,23.967,0.0759,24.0229,-0.2452,23.7415,-0.4787
RoNIN ResNet (released),75.800,23.83,0.0961,23.9003,-0.2503,23.6017,-0.4834
RoNIN ResNet (released),75.900,23.686,0.1184,23.7769,-0.2526,23.4612,-0.4773
RoNIN ResNet (released),76.000,23.5395,0.1439,23.6568,-0.2406,23.3224,-0.4478
RoNIN ResNet (released),76.100,23.398,0.1724,23.5341,-0.2389,23.1823,-0.4174
RoNIN ResNet (released),76.200,23.2629,0.209,23.4128,-0.2262,23.0447,-0.3786
RoNIN ResNet (released),76.300,23.1283,0.2496,23.2983,-0.2065,22.9069,-0.3445
RoNIN ResNet (released),76.400,22.9927,0.2897,23.1796,-0.1927,22.7704,-0.3184
RoNIN ResNet (released),76.500,22.8539,0.3295,23.0635,-0.1844,22.6357,-0.3053
RoNIN ResNet (released),76.600,22.7204,0.3653,22.9428,-0.1658,22.4978,-0.2633
RoNIN ResNet (released),76.700,22.5894,0.392,22.8191,-0.1542,22.3563,-0.2539
RoNIN ResNet (released),76.800,22.4555,0.4145,22.6979,-0.1382,22.2183,-0.2245
RoNIN ResNet (released),76.900,22.3162,0.4394,22.577,-0.1241,22.0801,-0.195
RoNIN ResNet (released),77.000,22.1744,0.4649,22.4593,-0.0926,21.9485,-0.1422
RoNIN ResNet (released),77.100,22.0387,0.4937,22.3375,-0.0741,21.8119,-0.107
RoNIN ResNet (released),77.200,21.9096,0.5327,22.2172,-0.0448,21.6787,-0.0647
RoNIN ResNet (released),77.300,21.7813,0.5785,22.1009,-0.0124,21.5438,-0.0313
RoNIN ResNet (released),77.400,21.648,0.6284,21.9819,0.0007,21.4072,0.0001
RoNIN ResNet (released),77.500,21.5141,0.6779,21.8641,0.013,21.2702,0.0352
RoNIN ResNet (released),77.600,21.3813,0.7229,21.7427,0.0227,21.1284,0.0574
RoNIN ResNet (released),77.700,21.2494,0.7579,21.6178,0.0267,20.9863,0.0746
RoNIN ResNet (released),77.800,21.1129,0.7875,21.4959,0.0436,20.8472,0.0993
RoNIN ResNet (released),77.900,20.9748,0.8163,21.3753,0.0596,20.7121,0.1285
RoNIN ResNet (released),78.000,20.8342,0.8474,21.2594,0.0987,20.5853,0.1837
RoNIN ResNet (released),78.100,20.7001,0.8812,21.1407,0.1065,20.4548,0.2395
RoNIN ResNet (released),78.200,20.572,0.9229,21.0303,0.1438,20.3257,0.295
RoNIN ResNet (released),78.300,20.4438,0.9688,20.9189,0.1765,20.1958,0.3421
RoNIN ResNet (released),78.400,20.3128,1.0168,20.8065,0.1925,20.0601,0.3764
RoNIN ResNet (released),78.500,20.1803,1.0659,20.6907,0.2159,19.924,0.4025
RoNIN ResNet (released),78.600,20.0515,1.1097,20.5749,0.2321,19.784,0.4299
RoNIN ResNet (released),78.700,19.9245,1.1428,20.4535,0.2441,19.6514,0.4636
RoNIN ResNet (released),78.800,19.7923,1.1734,20.3327,0.265,19.5207,0.5144
RoNIN ResNet (released),78.900,19.6539,1.208,20.2132,0.2824,19.3876,0.5541
RoNIN ResNet (released),79.000,19.516,1.2432,20.0934,0.3111,19.2547,0.607
RoNIN ResNet (released),79.100,19.3847,1.2803,19.9689,0.3182,19.1219,0.66
RoNIN ResNet (released),79.200,19.2571,1.3213,19.8522,0.3385,18.9887,0.7001
RoNIN ResNet (released),79.300,19.1311,1.3653,19.7363,0.3573,18.8558,0.7453
RoNIN ResNet (released),79.400,19.0011,1.4111,19.6186,0.3614,18.7199,0.7645
RoNIN ResNet (released),79.500,18.8717,1.4561,19.4989,0.3746,18.5821,0.777
RoNIN ResNet (released),79.600,18.7438,1.4958,19.3806,0.3858,18.4444,0.8021
RoNIN ResNet (released),79.700,18.6135,1.5264,19.2577,0.3909,18.3069,0.8146
RoNIN ResNet (released),79.800,18.4835,1.5511,19.1339,0.4106,18.167,0.8347
RoNIN ResNet (released),79.900,18.3474,1.5773,19.0142,0.4263,18.029,0.8594
RoNIN ResNet (released),80.000,18.2126,1.6058,18.8916,0.4495,17.895,0.908
RoNIN ResNet (released),80.100,18.0829,1.6399,18.7715,0.4819,17.7556,0.9502
RoNIN ResNet (released),80.200,17.9587,1.6826,18.6592,0.5218,17.6416,1.0395
RoNIN ResNet (released),80.300,17.8336,1.7299,18.5578,0.5574,17.518,1.0929
RoNIN ResNet (released),80.400,17.7065,1.7809,18.4507,0.5501,17.3957,1.1214
RoNIN ResNet (released),80.500,17.5814,1.8298,18.3471,0.5576,17.2769,1.1222
RoNIN ResNet (released),80.600,17.4576,1.8679,18.2455,0.5391,17.1695,1.0828
RoNIN ResNet (released),80.700,17.3358,1.8972,18.1475,0.5167,17.0531,1.0757
RoNIN ResNet (released),80.800,17.211,1.924,18.0511,0.5111,16.9362,1.0658
RoNIN ResNet (released),80.900,17.0818,1.9511,17.9574,0.4814,16.8303,1.0354
RoNIN ResNet (released),81.000,16.9546,1.9748,17.8889,0.4287,16.759,0.9684
RoNIN ResNet (released),81.100,16.8362,1.9977,17.821,0.3858,16.7029,0.8876
RoNIN ResNet (released),81.200,16.7274,2.0188,17.7627,0.3465,16.6465,0.7945
RoNIN ResNet (released),81.300,16.6189,2.0339,17.7137,0.3046,16.6041,0.7048
RoNIN ResNet (released),81.400,16.5116,2.0404,17.6806,0.2441,16.5836,0.6289
RoNIN ResNet (released),81.500,16.4109,2.0329,17.6681,0.1732,16.5784,0.5741
RoNIN ResNet (released),81.600,16.3255,2.0085,17.6695,0.0968,16.5988,0.5008
RoNIN ResNet (released),81.700,16.2569,1.9694,17.6573,0.0114,16.6003,0.4253
RoNIN ResNet (released),81.800,16.2053,1.9185,17.6345,-0.072,16.5985,0.336
RoNIN ResNet (released),81.900,16.1667,1.8585,17.6294,-0.1498,16.5893,0.2615
RoNIN ResNet (released),82.000,16.1442,1.7934,17.6339,-0.2345,16.595,0.1764
RoNIN ResNet (released),82.100,16.1328,1.7321,17.6663,-0.319,16.6169,0.0803
RoNIN ResNet (released),82.200,16.1331,1.6727,17.7208,-0.3955,16.6588,-0.0129
RoNIN ResNet (released),82.300,16.1463,1.6126,17.7841,-0.4669,16.6923,-0.1021
RoNIN ResNet (released),82.400,16.1704,1.5535,17.8673,-0.5112,16.7703,-0.1777
RoNIN ResNet (released),82.500,16.2058,1.4957,17.9576,-0.5357,16.8593,-0.2373
RoNIN ResNet (released),82.600,16.2514,1.4458,18.0552,-0.519,16.9697,-0.2526
RoNIN ResNet (released),82.700,16.3096,1.4044,18.1645,-0.4979,17.0742,-0.2327
RoNIN ResNet (released),82.800,16.3799,1.3686,18.2776,-0.4838,17.1761,-0.196
RoNIN ResNet (released),82.900,16.4633,1.3334,18.3825,-0.47,17.2954,-0.1612
RoNIN ResNet (released),83.000,16.5576,1.3024,18.4966,-0.4727,17.4217,-0.1627
RoNIN ResNet (released),83.100,16.6569,1.2721,18.6152,-0.4945,17.5564,-0.1759
RoNIN ResNet (released),83.200,16.7563,1.237,18.734,-0.5238,17.6789,-0.2274
RoNIN ResNet (released),83.300,16.8573,1.1972,18.8549,-0.5434,17.8041,-0.2796
RoNIN ResNet (released),83.400,16.9631,1.1543,18.9783,-0.5608,17.9361,-0.3194
RoNIN ResNet (released),83.500,17.0778,1.1054,19.1041,-0.5653,18.0653,-0.3525
RoNIN ResNet (released),83.600,17.1974,1.0527,19.2302,-0.5928,18.1979,-0.4031
RoNIN ResNet (released),83.700,17.3183,1.0052,19.3546,-0.6193,18.3344,-0.4536
RoNIN ResNet (released),83.800,17.4433,0.964,19.4816,-0.636,18.4738,-0.4907
RoNIN ResNet (released),83.900,17.5732,0.9262,19.6088,-0.6493,18.6144,-0.5329
RoNIN ResNet (released),84.000,17.711,0.8848,19.7374,-0.6602,18.7504,-0.5814
RoNIN ResNet (released),84.100,17.8472,0.8429,19.8632,-0.6868,18.8921,-0.6229
RoNIN ResNet (released),84.200,17.9765,0.793,19.9896,-0.7185,19.026,-0.68
RoNIN ResNet (released),84.300,18.1023,0.7368,20.1126,-0.7435,19.1587,-0.7284
RoNIN ResNet (released),84.400,18.2318,0.6787,20.2414,-0.7538,19.2984,-0.7668
RoNIN ResNet (released),84.500,18.3643,0.6213,20.3684,-0.752,19.4354,-0.7886
RoNIN ResNet (released),84.600,18.497,0.5663,20.4981,-0.7503,19.5778,-0.8151
RoNIN ResNet (released),84.700,18.6298,0.5228,20.625,-0.7573,19.7188,-0.8319
RoNIN ResNet (released),84.800,18.7646,0.4869,20.7517,-0.7565,19.8599,-0.8412
RoNIN ResNet (released),84.900,18.904,0.4528,20.8823,-0.7552,20.0033,-0.8577
RoNIN ResNet (released),85.000,19.0481,0.4191,21.0086,-0.75,20.1419,-0.8955
RoNIN ResNet (released),85.100,19.1878,0.3844,21.137,-0.7572,20.279,-0.9156
RoNIN ResNet (released),85.200,19.3204,0.3417,21.2649,-0.7735,20.4079,-0.9708
RoNIN ResNet (released),85.300,19.4526,0.2957,21.3872,-0.7834,20.5384,-1.0145
RoNIN ResNet (released),85.400,19.588,0.2478,21.5144,-0.794,20.6722,-1.0377
RoNIN ResNet (released),85.500,19.7256,0.2027,21.639,-0.798,20.8069,-1.0666
RoNIN ResNet (released),85.600,19.859,0.16,21.7674,-0.8068,20.9436,-1.0915
RoNIN ResNet (released),85.700,19.9915,0.1265,21.8951,-0.8139,21.0812,-1.1016
RoNIN ResNet (released),85.800,20.1265,0.0995,22.0199,-0.8402,21.2178,-1.1294
RoNIN ResNet (released),85.900,20.2686,0.0717,22.1474,-0.8712,21.3576,-1.1535
RoNIN ResNet (released),86.000,20.4151,0.0449,22.2699,-0.903,21.4867,-1.2064
RoNIN ResNet (released),86.100,20.5574,0.0182,22.3892,-0.9511,21.6291,-1.2304
RoNIN ResNet (released),86.200,20.6929,-0.0151,22.5013,-1.0111,21.7594,-1.286
RoNIN ResNet (released),86.300,20.8277,-0.0528,22.6143,-1.0624,21.893,-1.3326
RoNIN ResNet (released),86.400,20.967,-0.0917,22.7367,-1.1015,22.0306,-1.3686
RoNIN ResNet (released),86.500,21.1067,-0.1283,22.8542,-1.1418,22.166,-1.3974
RoNIN ResNet (released),86.600,21.241,-0.1623,22.9768,-1.1836,22.3093,-1.4259
RoNIN ResNet (released),86.700,21.377,-0.1909,23.1029,-1.2071,22.4515,-1.448
RoNIN ResNet (released),86.800,21.5164,-0.2217,23.2279,-1.2197,22.5898,-1.4882
RoNIN ResNet (released),86.900,21.6623,-0.2584,23.3594,-1.2273,22.7296,-1.5217
RoNIN ResNet (released),87.000,21.8083,-0.2939,23.4875,-1.2339,22.8676,-1.5649
RoNIN ResNet (released),87.100,21.9491,-0.3315,23.6184,-1.2469,23.0082,-1.6054
RoNIN ResNet (released),87.200,22.0813,-0.3769,23.7463,-1.2694,23.1344,-1.6389
RoNIN ResNet (released),87.300,22.2161,-0.4282,23.8717,-1.2818,23.2744,-1.67
RoNIN ResNet (released),87.400,22.3546,-0.4812,23.9991,-1.2695,23.4118,-1.6913
RoNIN ResNet (released),87.500,22.4936,-0.5321,24.1255,-1.2679,23.5526,-1.707
RoNIN ResNet (released),87.600,22.6293,-0.5786,24.2548,-1.2794,23.694,-1.7
RoNIN ResNet (released),87.700,22.7634,-0.6148,24.3812,-1.2868,23.831,-1.6958
RoNIN ResNet (released),87.800,22.9016,-0.646,24.507,-1.2907,23.9716,-1.6988
RoNIN ResNet (released),87.900,23.0441,-0.6786,24.6354,-1.2998,24.1108,-1.7055
RoNIN ResNet (released),88.000,23.1892,-0.7087,24.7607,-1.3008,24.2502,-1.7306
RoNIN ResNet (released),88.100,23.3289,-0.7398,24.8851,-1.3326,24.391,-1.7488
RoNIN ResNet (released),88.200,23.464,-0.7784,25.0078,-1.3656,24.516,-1.7922
RoNIN ResNet (released),88.300,23.6018,-0.8176,25.1302,-1.3859,24.6469,-1.8342
RoNIN ResNet (released),88.400,23.7447,-0.8562,25.2539,-1.3917,24.7752,-1.8638
RoNIN ResNet (released),88.500,23.886,-0.893,25.3803,-1.3908,24.9095,-1.8962
RoNIN ResNet (released),88.600,24.0241,-0.9247,25.5061,-1.4138,25.0435,-1.9392
RoNIN ResNet (released),88.700,24.1615,-0.9479,25.6309,-1.4221,25.1804,-1.9629
RoNIN ResNet (released),88.800,24.3031,-0.9701,25.7595,-1.4229,25.319,-1.9991
RoNIN ResNet (released),88.900,24.4495,-0.9933,25.8872,-1.4342,25.4573,-2.0286
RoNIN ResNet (released),89.000,24.5963,-1.0142,26.0126,-1.4414,25.5941,-2.0676
RoNIN ResNet (released),89.100,24.7358,-1.034,26.1448,-1.4509,25.7355,-2.1013
RoNIN ResNet (released),89.200,24.8715,-1.0583,26.2725,-1.4624,25.8745,-2.1312
RoNIN ResNet (released),89.300,25.0083,-1.0825,26.3996,-1.4667,26.0158,-2.1597
RoNIN ResNet (released),89.400,25.1537,-1.1082,26.5253,-1.4594,26.155,-2.1852
RoNIN ResNet (released),89.500,25.2992,-1.1317,26.654,-1.4534,26.2966,-2.1966
RoNIN ResNet (released),89.600,25.4414,-1.147,26.7809,-1.4459,26.4376,-2.2006
RoNIN ResNet (released),89.700,25.5828,-1.1513,26.9062,-1.4253,26.5805,-2.1918
RoNIN ResNet (released),89.800,25.7295,-1.1521,27.0348,-1.4111,26.7242,-2.1936
RoNIN ResNet (released),89.900,25.8826,-1.1531,27.1615,-1.3932,26.8641,-2.1904
RoNIN ResNet (released),90.000,26.0338,-1.1566,27.2874,-1.387,27.0034,-2.183
RoNIN ResNet (released),90.100,26.1779,-1.1709,27.415,-1.3964,27.1402,-2.2028
RoNIN ResNet (released),90.200,26.3212,-1.1965,27.5412,-1.3983,27.2747,-2.2268
RoNIN ResNet (released),90.300,26.463,-1.2265,27.6685,-1.3947,27.4136,-2.2491
RoNIN ResNet (released),90.400,26.608,-1.2559,27.7911,-1.3825,27.5488,-2.251
RoNIN ResNet (released),90.500,26.7525,-1.2852,27.9208,-1.3741,27.6877,-2.2698
RoNIN ResNet (released),90.600,26.8912,-1.3096,28.0461,-1.3656,27.8268,-2.2842
RoNIN ResNet (released),90.700,27.0307,-1.3277,28.1739,-1.3579,27.9681,-2.2761
RoNIN ResNet (released),90.800,27.1763,-1.3456,28.3035,-1.344,28.1085,-2.2812
RoNIN ResNet (released),90.900,27.3266,-1.3646,28.4301,-1.3274,28.2465,-2.2724
RoNIN ResNet (released),91.000,27.4759,-1.3841,28.5572,-1.319,28.3862,-2.2625
RoNIN ResNet (released),91.100,27.6152,-1.4122,28.6846,-1.3314,28.5229,-2.2484
RoNIN ResNet (released),91.200,27.7532,-1.4471,28.8101,-1.33,28.6563,-2.2577
RoNIN ResNet (released),91.300,27.8909,-1.4847,28.9358,-1.3319,28.7933,-2.2587
RoNIN ResNet (released),91.400,28.0334,-1.5225,29.0581,-1.3253,28.9214,-2.2599
RoNIN ResNet (released),91.500,28.1698,-1.5569,29.1861,-1.3286,29.0528,-2.2648
RoNIN ResNet (released),91.600,28.3044,-1.5884,29.3121,-1.3302,29.1869,-2.2927
RoNIN ResNet (released),91.700,28.4398,-1.6139,29.4396,-1.3376,29.322,-2.3004
RoNIN ResNet (released),91.800,28.5849,-1.6382,29.5702,-1.3387,29.4597,-2.3298
RoNIN ResNet (released),91.900,28.7344,-1.6641,29.6977,-1.3377,29.5931,-2.3692
RoNIN ResNet (released),92.000,28.8823,-1.6876,29.8278,-1.3407,29.7308,-2.3912
RoNIN ResNet (released),92.100,29.0224,-1.7199,29.9567,-1.3528,29.864,-2.4313
RoNIN ResNet (released),92.200,29.1589,-1.7573,30.0822,-1.35,29.9941,-2.4601
RoNIN ResNet (released),92.300,29.2967,-1.7975,30.207,-1.3518,30.13,-2.4848
RoNIN ResNet (released),92.400,29.4363,-1.837,30.3287,-1.3365,30.2577,-2.4989
RoNIN ResNet (released),92.500,29.573,-1.8739,30.459,-1.3364,30.3854,-2.5168
RoNIN ResNet (released),92.600,29.7078,-1.9036,30.5834,-1.3423,30.52,-2.5202
RoNIN ResNet (released),92.700,29.8408,-1.9257,30.7093,-1.3495,30.6547,-2.5251
RoNIN ResNet (released),92.800,29.9824,-1.9488,30.8371,-1.3569,30.7916,-2.524
RoNIN ResNet (released),92.900,30.131,-1.9737,30.9613,-1.3566,30.9259,-2.5386
RoNIN ResNet (released),93.000,30.2736,-1.9988,31.0876,-1.3753,31.0653,-2.5353
RoNIN ResNet (released),93.100,30.4102,-2.0322,31.2124,-1.4003,31.2043,-2.5423
RoNIN ResNet (released),93.200,30.5465,-2.0704,31.3318,-1.4245,31.3378,-2.5513
RoNIN ResNet (released),93.300,30.6847,-2.1119,31.4574,-1.4437,31.4718,-2.5684
RoNIN ResNet (released),93.400,30.8226,-2.1551,31.5801,-1.4605,31.6025,-2.5792
RoNIN ResNet (released),93.500,30.956,-2.1968,31.7044,-1.4881,31.7431,-2.6011
RoNIN ResNet (released),93.600,31.0849,-2.2306,31.8247,-1.5221,31.8803,-2.6211
RoNIN ResNet (released),93.700,31.2167,-2.2604,31.9464,-1.5471,32.0175,-2.6409
RoNIN ResNet (released),93.800,31.355,-2.292,32.0726,-1.5667,32.1556,-2.6587
RoNIN ResNet (released),93.900,31.4937,-2.3233,32.1948,-1.5941,32.285,-2.6938
RoNIN ResNet (released),94.000,31.6279,-2.3552,32.3181,-1.6249,32.42,-2.7164
RoNIN ResNet (released),94.100,31.7561,-2.3945,32.442,-1.6533,32.5531,-2.7518
RoNIN ResNet (released),94.200,31.8829,-2.439,32.5644,-1.6723,32.6781,-2.7883
RoNIN ResNet (released),94.300,32.0104,-2.4872,32.6879,-1.6847,32.8045,-2.7869
RoNIN ResNet (released),94.400,32.139,-2.5387,32.8092,-1.6964,32.9331,-2.8006
RoNIN ResNet (released),94.500,32.2634,-2.5873,32.9345,-1.6946,33.0482,-2.8123
RoNIN ResNet (released),94.600,32.3872,-2.6221,33.0561,-1.6944,33.1831,-2.816
RoNIN ResNet (released),94.700,32.5134,-2.6446,33.176,-1.6963,33.3147,-2.8179
RoNIN ResNet (released),94.800,32.6475,-2.6638,33.2985,-1.6847,33.4506,-2.8291
RoNIN ResNet (released),94.900,32.7841,-2.6837,33.4175,-1.6729,33.5776,-2.8587
RoNIN ResNet (released),95.000,32.917,-2.7031,33.5383,-1.6729,33.7139,-2.8468
RoNIN ResNet (released),95.100,33.0454,-2.7262,33.6637,-1.6657,33.8435,-2.8619
RoNIN ResNet (released),95.200,33.173,-2.7529,33.7824,-1.6461,33.9695,-2.8532
RoNIN ResNet (released),95.300,33.3051,-2.7796,33.8936,-1.6044,34.0903,-2.8236
RoNIN ResNet (released),95.400,33.4394,-2.8035,34.0052,-1.5582,34.2098,-2.7878
RoNIN ResNet (released),95.500,33.57,-2.8227,34.1136,-1.5074,34.3363,-2.7622
RoNIN ResNet (released),95.600,33.6971,-2.8343,34.2296,-1.4733,34.4625,-2.7277
RoNIN ResNet (released),95.700,33.8259,-2.8369,34.3425,-1.4391,34.5896,-2.6909
RoNIN ResNet (released),95.800,33.9566,-2.8327,34.4513,-1.394,34.712,-2.6459
RoNIN ResNet (released),95.900,34.0887,-2.8242,34.5536,-1.3415,34.8336,-2.5988
RoNIN ResNet (released),96.000,34.2149,-2.8142,34.6595,-1.2909,34.9557,-2.5454
RoNIN ResNet (released),96.100,34.3359,-2.8045,34.7666,-1.2365,35.0807,-2.4933
RoNIN ResNet (released),96.200,34.457,-2.7908,34.8672,-1.1869,35.1986,-2.4298
RoNIN ResNet (released),96.300,34.5815,-2.7706,34.9619,-1.1197,35.3156,-2.3656
RoNIN ResNet (released),96.400,34.7078,-2.7464,35.0295,-1.0301,35.4137,-2.2829
RoNIN ResNet (released),96.500,34.8263,-2.7158,35.0866,-0.9315,35.4799,-2.1721
RoNIN ResNet (released),96.600,34.9349,-2.6727,35.1349,-0.8247,35.5271,-2.0581
RoNIN ResNet (released),96.700,35.0348,-2.6201,35.2003,-0.7311,35.6055,-1.9531
RoNIN ResNet (released),96.800,35.128,-2.5573,35.283,-0.6489,35.6887,-1.8552
RoNIN ResNet (released),96.900,35.2172,-2.485,35.3531,-0.5577,35.7675,-1.7509
RoNIN ResNet (released),97.000,35.3003,-2.4094,35.4208,-0.4641,35.8391,-1.6371
RoNIN ResNet (released),97.100,35.3784,-2.3344,35.4875,-0.3625,35.9118,-1.5209
RoNIN ResNet (released),97.200,35.4519,-2.2564,35.5575,-0.2614,35.9815,-1.4057
RoNIN ResNet (released),97.300,35.5245,-2.1712,35.6176,-0.1558,36.047,-1.2907
RoNIN ResNet (released),97.400,35.5984,-2.0757,35.6632,-0.0476,36.1008,-1.1738
RoNIN ResNet (released),97.500,35.6702,-1.9754,35.6879,0.0675,36.1042,-1.0446
RoNIN ResNet (released),97.600,35.7269,-1.869,35.6914,0.1862,36.1081,-0.9139
RoNIN ResNet (released),97.700,35.7643,-1.755,35.6974,0.3032,36.1122,-0.7854
RoNIN ResNet (released),97.800,35.7932,-1.637,35.7118,0.4172,36.111,-0.6569
RoNIN ResNet (released),97.900,35.8137,-1.5138,35.7341,0.5308,36.142,-0.5261
RoNIN ResNet (released),98.000,35.8245,-1.3909,35.75,0.6477,36.1576,-0.3972
RoNIN ResNet (released),98.100,35.8348,-1.2717,35.7518,0.7701,36.1695,-0.2638
RoNIN ResNet (released),98.200,35.8437,-1.1536,35.757,0.891,36.1804,-0.1254
RoNIN ResNet (released),98.300,35.8496,-1.03,35.7555,1.0157,36.1744,0.0092
RoNIN ResNet (released),98.400,35.8537,-0.8993,35.7496,1.1392,36.1513,0.1437
RoNIN ResNet (released),98.500,35.8525,-0.7693,35.7339,1.2626,36.1152,0.2764
RoNIN ResNet (released),98.600,35.8422,-0.6429,35.71,1.3876,36.0666,0.4113
RoNIN ResNet (released),98.700,35.8181,-0.5214,35.6771,1.5078,36.0286,0.5469
RoNIN ResNet (released),98.800,35.787,-0.3976,35.6357,1.6251,35.9845,0.6798
RoNIN ResNet (released),98.900,35.7555,-0.2667,35.5971,1.7425,35.9428,0.8136
RoNIN ResNet (released),99.000,35.7262,-0.1319,35.5716,1.8595,35.8884,0.9358
RoNIN ResNet (released),99.100,35.7049,-0.0004,35.5504,1.9694,35.8409,1.0572
RoNIN ResNet (released),99.200,35.6932,0.1273,35.5246,2.0734,35.8223,1.1862
RoNIN ResNet (released),99.300,35.6857,0.2563,35.493,2.1701,35.7976,1.3089
RoNIN ResNet (released),99.400,35.6804,0.3892,35.4326,2.2577,35.7618,1.4222
RoNIN ResNet (released),99.500,35.6759,0.5249,35.3621,2.3298,35.6577,1.4705
RoNIN ResNet (released),99.600,35.6727,0.6588,35.2834,2.3963,35.5499,1.5275
RoNIN ResNet (released),99.700,35.6634,0.7902,35.2103,2.4692,35.4417,1.5802
RoNIN ResNet (released),99.800,35.6523,0.9249,35.1719,2.5509,35.4038,1.6523
RoNIN ResNet (released),99.900,35.6404,1.0601,35.1013,2.6209,35.3339,1.7035
RoNIN ResNet (released),100.000,35.6183,1.1881,35.0424,2.6872,35.242,1.7395
RoNIN ResNet (released),100.100,35.5848,1.2985,34.9669,2.7582,35.1483,1.7785
RoNIN ResNet (released),100.200,35.5467,1.3933,34.8905,2.8291,35.0612,1.8393
RoNIN ResNet (released),100.300,35.4975,1.4752,34.8106,2.8821,34.9691,1.8916
RoNIN ResNet (released),100.400,35.4392,1.5452,34.7043,2.8582,34.8484,1.914
RoNIN ResNet (released),100.500,35.3775,1.6029,34.5955,2.8239,34.7204,1.9054
RoNIN ResNet (released),100.600,35.3102,1.6496,34.4802,2.7824,34.586,1.8633
RoNIN ResNet (released),100.700,35.2348,1.6872,34.3614,2.7482,34.4444,1.8445
RoNIN ResNet (released),100.800,35.1477,1.7186,34.241,2.7185,34.3009,1.8381
RoNIN ResNet (released),100.900,35.0469,1.7496,34.1186,2.7082,34.1571,1.8557
RoNIN ResNet (released),101.000,34.9369,1.7811,33.9998,2.7047,34.0148,1.8624
RoNIN ResNet (released),101.100,34.8276,1.8159,33.877,2.7192,33.874,1.8915
RoNIN ResNet (released),101.200,34.7194,1.8552,33.7553,2.7411,33.7416,1.937
RoNIN ResNet (released),101.300,34.607,1.8934,33.6372,2.7707,33.609,1.9855
RoNIN ResNet (released),101.400,34.4856,1.9341,33.5167,2.7729,33.4708,2.005
RoNIN ResNet (released),101.500,34.3557,1.9731,33.396,2.7794,33.335,2.031
RoNIN ResNet (released),101.600,34.2259,2.0082,33.2724,2.7731,33.1952,2.0558
RoNIN ResNet (released),101.700,34.0963,2.0349,33.1452,2.7792,33.054,2.0735
RoNIN ResNet (released),101.800,33.9623,2.057,33.0237,2.7752,32.912,2.0775
RoNIN ResNet (released),101.900,33.8201,2.0797,32.8999,2.773,32.7705,2.0921
RoNIN ResNet (released),102.000,33.6754,2.1025,32.7801,2.7876,32.6345,2.1327
RoNIN ResNet (released),102.100,33.5365,2.1266,32.6566,2.7935,32.496,2.1619
RoNIN ResNet (released),102.200,33.4039,2.1596,32.5343,2.8104,32.365,2.2196
RoNIN ResNet (released),102.300,33.2716,2.1997,32.4184,2.8326,32.2379,2.2735
RoNIN ResNet (released),102.400,33.1355,2.2433,32.2985,2.8456,32.1007,2.3032
RoNIN ResNet (released),102.500,32.9962,2.286,32.1818,2.8475,31.9706,2.3462
RoNIN ResNet (released),102.600,32.8594,2.3271,32.0622,2.8522,31.8344,2.3857
RoNIN ResNet (released),102.700,32.7235,2.3611,31.9389,2.8663,31.6981,2.4187
RoNIN ResNet (released),102.800,32.5853,2.389,31.8181,2.8782,31.5612,2.4466
RoNIN ResNet (released),102.900,32.4418,2.4183,31.6947,2.8799,31.4219,2.4697
RoNIN ResNet (released),103.000,32.296,2.4489,31.576,2.9033,31.2886,2.5102
RoNIN ResNet (released),103.100,32.157,2.4809,31.4529,2.9085,31.1485,2.5228
RoNIN ResNet (released),103.200,32.0242,2.5208,31.3309,2.9213,31.0156,2.5633
RoNIN ResNet (released),103.300,31.8928,2.5669,31.2133,2.9388,30.8885,2.6055
RoNIN ResNet (released),103.400,31.7582,2.6176,31.0935,2.9408,30.7507,2.614
RoNIN ResNet (released),103.500,31.6215,2.6662,30.9766,2.9414,30.6172,2.6308
RoNIN ResNet (released),103.600,31.487,2.7116,30.8571,2.9431,30.4795,2.6481
RoNIN ResNet (released),103.700,31.3537,2.7504,30.7344,2.956,30.341,2.6736
RoNIN ResNet (released),103.800,31.217,2.7845,30.6144,2.9681,30.2017,2.6943
RoNIN ResNet (released),103.900,31.0756,2.817,30.4916,2.9745,30.0607,2.7163
RoNIN ResNet (released),104.000,30.9321,2.8502,30.3774,3.0063,29.9345,2.7655
RoNIN ResNet (released),104.100,30.7944,2.8849,30.2602,3.0193,29.8017,2.792
RoNIN ResNet (released),104.200,30.6656,2.9251,30.1442,3.0393,29.6677,2.8174
RoNIN ResNet (released),104.300,30.5389,2.9707,30.0342,3.069,29.5422,2.87
RoNIN ResNet (released),104.400,30.408,3.017,29.9193,3.0924,29.4107,2.9026
RoNIN ResNet (released),104.500,30.2726,3.0619,29.8045,3.1032,29.2815,2.9133
RoNIN ResNet (released),104.600,30.1395,3.1052,29.6854,3.1118,29.1406,2.931
RoNIN ResNet (released),104.700,30.01,3.1395,29.5627,3.1133,28.9998,2.9368
RoNIN ResNet (released),104.800,29.8779,3.1672,29.4423,3.1188,28.8604,2.9427
RoNIN ResNet (released),104.900,29.74,3.1949,29.3193,3.1202,28.7207,2.9499
RoNIN ResNet (released),105.000,29.5978,3.2234,29.2002,3.1361,28.5863,2.9775
RoNIN ResNet (released),105.100,29.4607,3.2501,29.0762,3.1252,28.4468,2.9839
RoNIN ResNet (released),105.200,29.3294,3.2817,28.9528,3.1274,28.3133,3.023
RoNIN ResNet (released),105.300,29.1981,3.3217,28.8386,3.1479,28.1854,3.0664
RoNIN ResNet (released),105.400,29.0622,3.3637,28.7186,3.1601,28.046,3.0888
RoNIN ResNet (released),105.500,28.9211,3.4046,28.5989,3.174,27.9132,3.1182
RoNIN ResNet (released),105.600,28.7852,3.4429,28.4787,3.1798,27.7747,3.1375
RoNIN ResNet (released),105.700,28.6518,3.4722,28.3555,3.1896,27.6362,3.1569
RoNIN ResNet (released),105.800,28.5148,3.496,28.2339,3.1885,27.4966,3.1639
RoNIN ResNet (released),105.900,28.3718,3.5189,28.109,3.1948,27.355,3.1813
RoNIN ResNet (released),106.000,28.2271,3.5393,27.9918,3.2034,27.2211,3.2093
RoNIN ResNet (released),106.100,28.0877,3.5602,27.8728,3.2071,27.0845,3.2163
RoNIN ResNet (released),106.200,27.9552,3.5877,27.7528,3.2159,26.9506,3.246
RoNIN ResNet (released),106.300,27.8244,3.6214,27.6393,3.2359,26.8221,3.291
RoNIN ResNet (released),106.400,27.6895,3.658,27.5225,3.262,26.6865,3.3252
RoNIN ResNet (released),106.500,27.5506,3.6945,27.4089,3.2825,26.5538,3.3583
RoNIN ResNet (released),106.600,27.4157,3.7308,27.2893,3.2965,26.4183,3.3942
RoNIN ResNet (released),106.700,27.2828,3.7612,27.167,3.3064,26.2799,3.4334
RoNIN ResNet (released),106.800,27.1478,3.7835,27.0449,3.3057,26.1442,3.4461
RoNIN ResNet (released),106.900,27.0069,3.8048,26.9206,3.3164,26.006,3.4728
RoNIN ResNet (released),107.000,26.863,3.8263,26.8017,3.3219,25.8723,3.4967
RoNIN ResNet (released),107.100,26.7229,3.8468,26.6807,3.3326,25.734,3.5141
RoNIN ResNet (released),107.200,26.59,3.8745,26.5594,3.3518,25.6005,3.5591
RoNIN ResNet (released),107.300,26.4632,3.9052,26.4473,3.3887,25.4706,3.6144
RoNIN ResNet (released),107.400,26.3301,3.9429,26.3279,3.4213,25.3362,3.6598
RoNIN ResNet (released),107.500,26.1951,3.9824,26.2138,3.4355,25.2033,3.6913
RoNIN ResNet (released),107.600,26.0642,4.021,26.0913,3.4548,25.0682,3.733
RoNIN ResNet (released),107.700,25.9341,4.056,25.9685,3.4682,24.9277,3.7721
RoNIN ResNet (released),107.800,25.803,4.0846,25.8434,3.4764,24.7885,3.798
RoNIN ResNet (released),107.900,25.665,4.1125,25.7168,3.4919,24.6448,3.8189
RoNIN ResNet (released),108.000,25.5226,4.1423,25.5975,3.4981,24.5086,3.8493
RoNIN ResNet (released),108.100,25.3855,4.1698,25.4776,3.4997,24.3727,3.8667
RoNIN ResNet (released),108.200,25.2562,4.2058,25.3548,3.5097,24.2403,3.9097
RoNIN ResNet (released),108.300,25.1295,4.2512,25.2461,3.5433,24.1092,3.9529
RoNIN ResNet (released),108.400,24.9991,4.3014,25.1277,3.5718,23.9728,3.9945
RoNIN ResNet (released),108.500,24.8651,4.3522,25.0178,3.5896,23.8457,4.0196
RoNIN ResNet (released),108.600,24.7343,4.4011,24.9018,3.615,23.7155,4.0697
RoNIN ResNet (released),108.700,24.6036,4.4444,24.7836,3.6288,23.5799,4.1121
RoNIN ResNet (released),108.800,24.4717,4.4811,24.666,3.646,23.4435,4.1451
RoNIN ResNet (released),108.900,24.3349,4.5175,24.5451,3.6701,23.3093,4.1904
RoNIN ResNet (released),109.000,24.1932,4.5556,24.4313,3.687,23.1799,4.2212
RoNIN ResNet (released),109.100,24.0566,4.5901,24.3169,3.7134,23.0471,4.2563
RoNIN ResNet (released),109.200,23.9264,4.6293,24.202,3.7501,22.9165,4.3031
RoNIN ResNet (released),109.300,23.7998,4.6771,24.0917,3.7813,22.7893,4.3399
RoNIN ResNet (released),109.400,23.6706,4.7286,23.9771,3.8162,22.6587,4.3827
RoNIN ResNet (released),109.500,23.54,4.7801,23.8653,3.8409,22.5303,4.4122
RoNIN ResNet (released),109.600,23.4126,4.8293,23.7513,3.8738,22.399,4.4496
RoNIN ResNet (released),109.700,23.2892,4.8726,23.6371,3.9066,22.2676,4.4876
RoNIN ResNet (released),109.800,23.165,4.9093,23.5191,3.9333,22.1335,4.525
RoNIN ResNet (released),109.900,23.0337,4.9458,23.4004,3.9621,22.0052,4.5784
RoNIN ResNet (released),110.000,22.897,4.9843,23.2851,3.9852,21.876,4.621
RoNIN ResNet (released),110.100,22.7615,5.0208,23.1684,4.0103,21.7474,4.6687
RoNIN ResNet (released),110.200,22.6321,5.0617,23.0516,4.0406,21.6217,4.7296
RoNIN ResNet (released),110.300,22.5086,5.1063,22.9425,4.0714,21.4919,4.7741
RoNIN ResNet (released),110.400,22.3828,5.1556,22.8231,4.0936,21.3543,4.8178
RoNIN ResNet (released),110.500,22.2532,5.2023,22.7107,4.0788,21.2231,4.8407
RoNIN ResNet (released),110.600,22.1257,5.2449,22.594,4.0781,21.0883,4.8602
RoNIN ResNet (released),110.700,22.0024,5.2811,22.475,4.0705,20.9504,4.8735
RoNIN ResNet (released),110.800,21.8749,5.3097,22.356,4.0524,20.8109,4.8684
RoNIN ResNet (released),110.900,21.7422,5.3335,22.2362,4.0491,20.6743,4.8875
RoNIN ResNet (released),111.000,21.6026,5.3543,22.1212,4.0475,20.5376,4.899
RoNIN ResNet (released),111.100,21.4642,5.3735,22.0024,4.0472,20.403,4.916
RoNIN ResNet (released),111.200,21.3312,5.3972,21.8825,4.063,20.2681,4.9437
RoNIN ResNet (released),111.300,21.2008,5.4275,21.7709,4.0846,20.1415,4.972
RoNIN ResNet (released),111.400,21.0676,5.4611,21.6525,4.1137,20.0081,5.0178
RoNIN ResNet (released),111.500,20.9313,5.4955,21.5378,4.128,19.8772,5.0428
RoNIN ResNet (released),111.600,20.7963,5.5284,21.4232,4.1584,19.747,5.0844
RoNIN ResNet (released),111.700,20.6637,5.5565,21.302,4.1816,19.6102,5.1191
RoNIN ResNet (released),111.800,20.5317,5.5791,21.1805,4.187,19.4714,5.1338
RoNIN ResNet (released),111.900,20.3952,5.5992,21.0628,4.2049,19.3378,5.1642
RoNIN ResNet (released),112.000,20.2534,5.6184,20.9462,4.2166,19.2046,5.1855
RoNIN ResNet (released),112.100,20.1153,5.6349,20.8269,4.2348,19.0693,5.2138
RoNIN ResNet (released),112.200,19.9831,5.6555,20.707,4.2537,18.9351,5.2464
RoNIN ResNet (released),112.300,19.8552,5.6808,20.5937,4.2787,18.8059,5.2737
RoNIN ResNet (released),112.400,19.7241,5.7116,20.479,4.3129,18.6761,5.3258
RoNIN ResNet (released),112.500,19.5887,5.7442,20.3668,4.3328,18.5482,5.3684
RoNIN ResNet (released),112.600,19.4536,5.7763,20.2498,4.3573,18.4158,5.402
RoNIN ResNet (released),112.700,19.3225,5.8055,20.1308,4.3667,18.28,5.4184
RoNIN ResNet (released),112.800,19.191,5.8282,20.0103,4.3601,18.1435,5.4216
RoNIN ResNet (released),112.900,19.0561,5.8476,19.8917,4.3738,18.0107,5.4468
RoNIN ResNet (released),113.000,18.9164,5.868,19.7768,4.3818,17.8775,5.4513
RoNIN ResNet (released),113.100,18.7778,5.8872,19.6593,4.3936,17.7434,5.4691
RoNIN ResNet (released),113.200,18.6463,5.9111,19.5388,4.4013,17.6071,5.4893
RoNIN ResNet (released),113.300,18.5194,5.9408,19.4277,4.4315,17.4802,5.5289
RoNIN ResNet (released),113.400,18.3953,5.9761,19.3202,4.4805,17.3622,5.5978
RoNIN ResNet (released),113.500,18.2676,6.0159,19.2202,4.538,17.2499,5.6714
RoNIN ResNet (released),113.600,18.1435,6.0595,19.1209,4.602,17.1427,5.7506
RoNIN ResNet (released),113.700,18.0243,6.1024,19.0165,4.6579,17.0303,5.8258
RoNIN ResNet (released),113.800,17.9065,6.1406,18.9098,4.7121,16.9172,5.8956
RoNIN ResNet (released),113.900,17.7839,6.1817,18.8087,4.7685,16.8072,5.9645
RoNIN ResNet (released),114.000,17.6576,6.2291,18.7123,4.8283,16.6932,6.0273
RoNIN ResNet (released),114.100,17.5322,6.2789,18.6227,4.894,16.5904,6.097
RoNIN ResNet (released),114.200,17.4153,6.3337,18.5345,4.9582,16.4942,6.1772
RoNIN ResNet (released),114.300,17.3105,6.4004,18.4586,5.0298,16.4164,6.2697
RoNIN ResNet (released),114.400,17.2107,6.4764,18.3884,5.1084,16.3432,6.3634
RoNIN ResNet (released),114.500,17.1122,6.5604,18.3349,5.1974,16.2877,6.468
RoNIN ResNet (released),114.600,17.0181,6.6492,18.2926,5.2898,16.2467,6.5749
RoNIN ResNet (released),114.700,16.9282,6.7373,18.2659,5.3889,16.2212,6.6899
RoNIN ResNet (released),114.800,16.8413,6.8259,18.2296,5.4821,16.1821,6.7956
RoNIN ResNet (released),114.900,16.7577,6.9208,18.2066,5.5818,16.16,6.9106
RoNIN ResNet (released),115.000,16.6796,7.0233,18.197,5.6813,16.1582,7.0288
RoNIN ResNet (released),115.100,16.604,7.1325,18.2052,5.7819,16.1688,7.1464
RoNIN ResNet (released),115.200,16.5459,7.2429,18.2231,5.8772,16.1902,7.26
RoNIN ResNet (released),115.300,16.5101,7.356,18.2398,5.9757,16.224,7.3678
RoNIN ResNet (released),115.400,16.4872,7.4686,18.2612,6.071,16.2756,7.4693
RoNIN ResNet (released),115.500,16.4709,7.5819,18.2878,6.1636,16.3261,7.5676
RoNIN ResNet (released),115.600,16.4616,7.6985,18.3288,6.2531,16.3941,7.6561
RoNIN ResNet (released),115.700,16.461,7.809,18.3782,6.3414,16.4643,7.7424
RoNIN ResNet (released),115.800,16.4617,7.9173,18.4286,6.4252,16.5336,7.8328
RoNIN ResNet (released),115.900,16.4696,8.0256,18.4834,6.5073,16.6058,7.9184
RoNIN ResNet (released),116.000,16.488,8.1374,18.5521,6.5824,16.689,8.0019
RoNIN ResNet (released),116.100,16.5159,8.2495,18.6325,6.6444,16.7861,8.0623
RoNIN ResNet (released),116.200,16.5568,8.3522,18.717,6.7074,16.8906,8.1224
RoNIN ResNet (released),116.300,16.6116,8.4388,18.8056,6.7645,16.9895,8.1958
RoNIN ResNet (released),116.400,16.6781,8.5144,18.8916,6.8294,17.0872,8.272
RoNIN ResNet (released),116.500,16.7526,8.5844,18.9733,6.9037,17.1918,8.3453
RoNIN ResNet (released),116.600,16.8351,8.651,19.0645,6.9662,17.3035,8.4007
RoNIN ResNet (released),116.700,16.9186,8.7116,19.1727,7.0045,17.4243,8.4472
RoNIN ResNet (released),116.800,17.0037,8.7701,19.2824,7.0408,17.5453,8.496
RoNIN ResNet (released),116.900,17.0928,8.8284,19.3916,7.0793,17.6697,8.54
RoNIN ResNet (released),117.000,17.1927,8.8847,19.4975,7.1239,17.7957,8.586
RoNIN ResNet (released),117.100,17.3025,8.9392,19.6096,7.1456,17.924,8.6042
RoNIN ResNet (released),117.200,17.4167,8.9862,19.728,7.1558,18.0574,8.5781
RoNIN ResNet (released),117.300,17.5336,9.0171,19.8457,7.1361,18.1874,8.534
RoNIN ResNet (released),117.400,17.6556,9.0312,19.9657,7.1213,18.3165,8.5091
RoNIN ResNet (released),117.500,17.7814,9.0337,20.0884,7.109,18.4553,8.4925
RoNIN ResNet (released),117.600,17.9115,9.0283,20.2121,7.1107,18.589,8.4745
RoNIN ResNet (released),117.700,18.0394,9.0202,20.3407,7.0991,18.7274,8.452
RoNIN ResNet (released),117.800,18.1673,9.0127,20.4658,7.08,18.8659,8.428
RoNIN ResNet (released),117.900,18.296,9.0078,20.5943,7.0681,19.0033,8.4154
RoNIN ResNet (released),118.000,18.4308,8.9983,20.7236,7.0564,19.1409,8.3958
RoNIN ResNet (released),118.100,18.5715,8.9839,20.8478,7.0522,19.2749,8.3948
RoNIN ResNet (released),118.200,18.7082,8.9659,20.9732,7.04,19.406,8.4019
RoNIN ResNet (released),118.300,18.8365,8.9363,21.0946,7.0028,19.5379,8.3878
RoNIN ResNet (released),118.400,18.962,8.8978,21.2159,6.9774,19.668,8.3671
RoNIN ResNet (released),118.500,19.0909,8.8534,21.3391,6.9571,19.8075,8.3608
RoNIN ResNet (released),118.600,19.2224,8.8066,21.4633,6.9537,19.9395,8.3558
RoNIN ResNet (released),118.700,19.35,8.7591,21.5931,6.9433,20.0751,8.3354
RoNIN ResNet (released),118.800,19.4776,8.7146,21.7204,6.9284,20.214,8.3045
RoNIN ResNet (released),118.900,19.6067,8.6755,21.847,6.9171,20.3532,8.2884
RoNIN ResNet (released),119.000,19.7396,8.6379,21.978,6.9078,20.4931,8.2745
RoNIN ResNet (released),119.100,19.8768,8.5974,22.1038,6.9025,20.6295,8.2521
RoNIN ResNet (released),119.200,20.0107,8.5593,22.2319,6.8962,20.7644,8.2201
RoNIN ResNet (released),119.300,20.1376,8.5152,22.3571,6.8613,20.9008,8.1737
RoNIN ResNet (released),119.400,20.2607,8.4642,22.4822,6.8385,21.0382,8.1319
RoNIN ResNet (released),119.500,20.3884,8.4105,22.6046,6.8104,21.1647,8.0953
RoNIN ResNet (released),119.600,20.5205,8.3572,22.7271,6.785,21.2953,8.0698
RoNIN ResNet (released),119.700,20.6499,8.3064,22.8536,6.7666,21.429,8.0485
RoNIN ResNet (released),119.800,20.7772,8.2634,22.9791,6.7498,21.5668,8.0084
RoNIN ResNet (released),119.900,20.9049,8.2296,23.1051,6.7318,21.7015,7.9972
RoNIN ResNet (released),120.000,21.0396,8.1955,23.2326,6.7168,21.8377,7.9697
RoNIN ResNet (released),120.100,21.1779,8.1611,23.3571,6.7132,21.9698,7.9397
RoNIN ResNet (released),120.200,21.314,8.1291,23.4846,6.7028,22.1054,7.9146
RoNIN ResNet (released),120.300,21.4454,8.0923,23.6093,6.6725,22.2352,7.8702
RoNIN ResNet (released),120.400,21.5737,8.0515,23.7339,6.6567,22.3655,7.8331
RoNIN ResNet (released),120.500,21.7049,8.0074,23.8607,6.6428,22.5015,7.7965
RoNIN ResNet (released),120.600,21.839,7.9629,23.9846,6.6349,22.6262,7.7696
RoNIN ResNet (released),120.700,21.972,7.92,24.1144,6.62,22.7576,7.7323
RoNIN ResNet (released),120.800,22.1034,7.8827,24.2403,6.6059,22.8932,7.6973
RoNIN ResNet (released),120.900,22.2353,7.8542,24.3664,6.5915,23.0258,7.6745
RoNIN ResNet (released),121.000,22.3734,7.8284,24.4951,6.5839,23.1611,7.6525
RoNIN ResNet (released),121.100,22.5162,7.8029,24.6195,6.5801,23.295,7.6231
RoNIN ResNet (released),121.200,22.6563,7.7784,24.7458,6.5663,23.4323,7.6035
RoNIN ResNet (released),121.300,22.7897,7.7481,24.8714,6.5432,23.5693,7.573
RoNIN ResNet (released),121.400,22.9204,7.712,24.9953,6.5317,23.7009,7.5414
RoNIN ResNet (released),121.500,23.0542,7.6716,25.1204,6.519,23.84,7.5169
RoNIN ResNet (released),121.600,23.191,7.63,25.2438,6.5184,23.9723,7.5022
RoNIN ResNet (released),121.700,23.3256,7.5901,25.373,6.5119,24.1101,7.4855
RoNIN ResNet (released),121.800,23.4563,7.5556,25.4978,6.508,24.2477,7.4602
RoNIN ResNet (released),121.900,23.5914,7.5263,25.6222,6.4962,24.3841,7.461
RoNIN ResNet (released),122.000,23.7313,7.4988,25.7515,6.4903,24.5241,7.4409
RoNIN ResNet (released),122.100,23.8742,7.4717,25.8759,6.4875,24.6578,7.4184
RoNIN ResNet (released),122.200,24.0127,7.4451,26.0011,6.471,24.794,7.403
RoNIN ResNet (released),122.300,24.146,7.4132,26.1253,6.4399,24.9273,7.3716
RoNIN ResNet (released),122.400,24.2772,7.3749,26.25,6.4233,25.0571,7.3352
RoNIN ResNet (released),122.500,24.4117,7.3337,26.3751,6.4067,25.1943,7.3032
RoNIN ResNet (released),122.600,24.5486,7.2914,26.4973,6.3941,25.324,7.273
RoNIN ResNet (released),122.700,24.681,7.2476,26.6256,6.3804,25.457,7.2339
RoNIN ResNet (released),122.800,24.8103,7.2104,26.7505,6.3655,25.5889,7.1879
RoNIN ResNet (released),122.900,24.9413,7.1809,26.876,6.346,25.7256,7.1637
RoNIN ResNet (released),123.000,25.0785,7.1523,27.0061,6.3354,25.8617,7.1343
RoNIN ResNet (released),123.100,25.2194,7.1225,27.1314,6.3284,25.9952,7.1062
RoNIN ResNet (released),123.200,25.3574,7.0921,27.2566,6.3147,26.1304,7.0779
RoNIN ResNet (released),123.300,25.4869,7.057,27.3803,6.2821,26.2619,7.0434
RoNIN ResNet (released),123.400,25.6152,7.0165,27.505,6.2597,26.3904,7.0019
RoNIN ResNet (released),123.500,25.7466,6.9724,27.6298,6.2387,26.5235,6.9564
RoNIN ResNet (released),123.600,25.8813,6.9286,27.7538,6.2206,26.6511,6.9222
RoNIN ResNet (released),123.700,26.0121,6.8866,27.8848,6.2071,26.7846,6.8849
RoNIN ResNet (released),123.800,26.1418,6.8502,28.0128,6.1883,26.9206,6.8455
RoNIN ResNet (released),123.900,26.2726,6.8215,28.1396,6.1689,27.0562,6.8187
RoNIN ResNet (released),124.000,26.4095,6.7947,28.2708,6.1543,27.1924,6.7856
RoNIN ResNet (released),124.100,26.5509,6.7688,28.3963,6.1461,27.3271,6.762
RoNIN ResNet (released),124.200,26.6899,6.7454,28.5214,6.1424,27.464,6.7425
RoNIN ResNet (released),124.300,26.8219,6.7185,28.6487,6.1282,27.5963,6.7045
RoNIN ResNet (released),124.400,26.9496,6.6836,28.7737,6.1211,27.726,6.6742
RoNIN ResNet (released),124.500,27.0814,6.6446,28.899,6.1118,27.8618,6.6429
RoNIN ResNet (released),124.600,27.2168,6.605,29.0229,6.1159,27.9908,6.6314
RoNIN ResNet (released),124.700,27.3507,6.5669,29.1507,6.1156,28.1229,6.6105
RoNIN ResNet (released),124.800,27.4833,6.535,29.2785,6.1204,28.2609,6.6008
RoNIN ResNet (released),124.900,27.6178,6.512,29.4064,6.1237,28.397,6.6155
RoNIN ResNet (released),125.000,27.7579,6.4918,29.5359,6.1184,28.5368,6.6048
RoNIN ResNet (released),125.100,27.9048,6.473,29.6629,6.1266,28.6717,6.6013
RoNIN ResNet (released),125.200,28.047,6.4541,29.7883,6.1265,28.809,6.5964
RoNIN ResNet (released),125.300,28.1844,6.4322,29.9148,6.1092,28.9448,6.5795
RoNIN ResNet (released),125.400,28.3197,6.4046,30.0413,6.0973,29.0738,6.5441
RoNIN ResNet (released),125.500,28.4545,6.3753,30.1668,6.0783,29.2036,6.495
RoNIN ResNet (released),125.600,28.5929,6.346,30.2887,6.0626,29.3309,6.4497
RoNIN ResNet (released),125.700,28.7289,6.3188,30.4147,6.0417,29.4584,6.3987
RoNIN ResNet (released),125.800,28.8611,6.2962,30.5362,6.0181,29.5911,6.3581
RoNIN ResNet (released),125.900,28.9964,6.2781,30.6616,5.9998,29.7263,6.3307
RoNIN ResNet (released),126.000,29.1365,6.2591,30.7867,5.982,29.8584,6.2836
RoNIN ResNet (released),126.100,29.282,6.2418,30.9085,5.9675,29.9882,6.2424
RoNIN ResNet (released),126.200,29.4202,6.2245,31.0309,5.9468,30.122,6.2117
RoNIN ResNet (released),126.300,29.5547,6.1978,31.1519,5.9085,30.2621,6.1854
RoNIN ResNet (released),126.400,29.6852,6.1653,31.2743,5.8822,30.3902,6.1453
RoNIN ResNet (released),126.500,29.8183,6.1278,31.3979,5.8635,30.5267,6.1279
RoNIN ResNet (released),126.600,29.9528,6.0852,31.5233,5.8582,30.6554,6.1164
RoNIN ResNet (released),126.700,30.085,6.0445,31.6492,5.8461,30.7854,6.0903
RoNIN ResNet (released),126.800,30.213,6.0068,31.7742,5.8227,30.9182,6.0596
RoNIN ResNet (released),126.900,30.3431,5.9735,31.9006,5.8099,31.0558,6.0384
RoNIN ResNet (released),127.000,30.48,5.9405,32.0279,5.7928,31.1889,6.001
RoNIN ResNet (released),127.100,30.6202,5.9062,32.1553,5.7858,31.3239,5.9691
RoNIN ResNet (released),127.200,30.7583,5.8751,32.2798,5.7837,31.4582,5.9442
RoNIN ResNet (released),127.300,30.8901,5.8401,32.4068,5.7678,31.5838,5.9063
RoNIN ResNet (released),127.400,31.0199,5.7991,32.5299,5.7582,31.7068,5.8695
RoNIN ResNet (released),127.500,31.1529,5.7553,32.6559,5.7467,31.8366,5.813
RoNIN ResNet (released),127.600,31.2908,5.7115,32.7768,5.7502,31.9673,5.7864
RoNIN ResNet (released),127.700,31.4291,5.6715,32.9051,5.7419,32.0947,5.7343
RoNIN ResNet (released),127.800,31.5652,5.6373,33.0301,5.7338,32.2283,5.6992
RoNIN ResNet (released),127.900,31.7002,5.6103,33.1537,5.7191,32.361,5.6693
RoNIN ResNet (released),128.000,31.8412,5.5854,33.2824,5.7073,32.506,5.6431
RoNIN ResNet (released),128.100,31.9856,5.5601,33.4064,5.6977,32.6432,5.6254
RoNIN ResNet (released),128.200,32.1275,5.5346,33.5296,5.678,32.7819,5.5901
RoNIN ResNet (released),128.300,32.2618,5.5062,33.6512,5.6465,32.9167,5.5433
RoNIN ResNet (released),128.400,32.3925,5.4736,33.7729,5.6231,33.0535,5.5046
RoNIN ResNet (released),128.500,32.5278,5.4355,33.8951,5.5998,33.1917,5.4695
RoNIN ResNet (released),128.600,32.6635,5.3956,34.0114,5.5765,33.3237,5.4356
RoNIN ResNet (released),128.700,32.7951,5.3562,34.1349,5.5569,33.4643,5.4043
RoNIN ResNet (released),128.800,32.9246,5.3219,34.2556,5.5291,33.6026,5.3685
RoNIN ResNet (released),128.900,33.0546,5.2926,34.3775,5.4992,33.7413,5.3274
RoNIN ResNet (released),129.000,33.1898,5.2629,34.5029,5.4773,33.8703,5.2834
RoNIN ResNet (released),129.100,33.3314,5.232,34.6241,5.4633,33.993,5.2296
RoNIN ResNet (released),129.200,33.4717,5.2033,34.7461,5.441,34.1219,5.1787
RoNIN ResNet (released),129.300,33.606,5.1723,34.8699,5.4,34.2416,5.1137
RoNIN ResNet (released),129.400,33.7362,5.1369,34.9909,5.363,34.3553,5.0476
RoNIN ResNet (released),129.500,33.8665,5.098,35.1139,5.3409,34.4724,4.9877
RoNIN ResNet (released),129.600,33.9973,5.0549,35.2332,5.3383,34.5755,4.971
RoNIN ResNet (released),129.700,34.1265,5.0199,35.3576,5.3266,34.7021,4.937
RoNIN ResNet (released),129.800,34.2537,4.9909,35.4816,5.3123,34.832,4.8918
RoNIN ResNet (released),129.900,34.3824,4.9688,35.6001,5.2824,34.957,4.8646
RoNIN ResNet (released),130.000,34.5161,4.9486,35.7243,5.2626,35.0842,4.8596
RoNIN ResNet (released),130.100,34.6527,4.9335,35.8475,5.2521,35.2121,4.8477
RoNIN ResNet (released),130.200,34.783,4.9238,35.9697,5.2501,35.3239,4.8039
RoNIN ResNet (released),130.300,34.9072,4.9122,36.0923,5.2195,35.4536,4.7719
RoNIN ResNet (released),130.400,35.0285,4.8958,36.2118,5.1904,35.5772,4.7709
RoNIN ResNet (released),130.500,35.153,4.8795,36.3291,5.1946,35.691,4.799
RoNIN ResNet (released),130.600,35.2824,4.867,36.4349,5.2109,35.8007,4.8506
RoNIN ResNet (released),130.700,35.4099,4.8576,36.537,5.2484,35.9004,4.9233
RoNIN ResNet (released),130.800,35.5331,4.8558,36.6315,5.3032,35.9789,5.015
RoNIN ResNet (released),130.900,35.6539,4.8683,36.7229,5.361,36.0728,5.0776
RoNIN ResNet (released),131.000,35.7729,4.8877,36.8127,5.424,36.1658,5.1359
RoNIN ResNet (released),131.100,35.8928,4.9112,36.9009,5.489,36.2448,5.2177
RoNIN ResNet (released),131.200,36.0077,4.9421,36.9811,5.5626,36.3185,5.3114
RoNIN ResNet (released),131.300,36.1166,4.9736,37.0594,5.6449,36.3925,5.4069
RoNIN ResNet (released),131.400,36.2231,5.0024,37.1363,5.7235,36.474,5.4993
RoNIN ResNet (released),131.500,36.3304,5.037,37.2052,5.808,36.5242,5.6082
RoNIN ResNet (released),131.600,36.4363,5.0843,37.2475,5.9046,36.5763,5.7156
RoNIN ResNet (released),131.700,36.5341,5.142,37.2534,6.0116,36.5843,5.8322
RoNIN ResNet (released),131.800,36.6142,5.21,37.2431,6.1202,36.5687,5.9428
RoNIN ResNet (released),131.900,36.6792,5.2875,37.2348,6.2313,36.5707,6.0567
RoNIN ResNet (released),132.000,36.7315,5.3736,37.2446,6.3399,36.5943,6.1654
RoNIN ResNet (released),132.100,36.7761,5.4672,37.2517,6.4504,36.6086,6.282
RoNIN ResNet (released),132.200,36.8114,5.5657,37.2297,6.5634,36.6036,6.3994
RoNIN ResNet (released),132.300,36.8428,5.6626,37.2054,6.6805,36.5824,6.5164
RoNIN ResNet (released),132.400,36.8716,5.7592,37.1716,6.7941,36.5583,6.6344
RoNIN ResNet (released),132.500,36.8915,5.8636,37.1224,6.8933,36.5111,6.7489
RoNIN ResNet (released),132.600,36.8991,5.9741,37.0506,6.9766,36.4724,6.8649
RoNIN ResNet (released),132.700,36.8955,6.0861,36.9704,7.0417,36.3955,6.9462
RoNIN ResNet (released),132.800,36.8739,6.1908,36.8861,7.1146,36.3024,7.0207
RoNIN ResNet (released),132.900,36.8339,6.2862,36.7902,7.1762,36.189,7.0859
RoNIN ResNet (released),133.000,36.7783,6.3742,36.7044,7.2539,36.0711,7.1387
RoNIN ResNet (released),133.100,36.7097,6.4564,36.618,7.3306,35.9663,7.2243
RoNIN ResNet (released),133.200,36.6342,6.5388,36.5381,7.4117,35.8655,7.3034
RoNIN ResNet (released),133.300,36.5588,6.6187,36.4479,7.493,35.7611,7.3897
RoNIN ResNet (released),133.400,36.4867,6.7011,36.3721,7.5907,35.6602,7.4838
RoNIN ResNet (released),133.500,36.4105,6.7846,36.2821,7.6623,35.5459,7.5605
RoNIN ResNet (released),133.600,36.3211,6.8751,36.1796,7.7196,35.4218,7.6272
RoNIN ResNet (released),133.700,36.2293,6.9607,36.0696,7.741,35.2949,7.672
RoNIN ResNet (released),133.800,36.1328,7.0428,35.952,7.7509,35.1596,7.6936
RoNIN ResNet (released),133.900,36.0306,7.1133,35.8314,7.7578,35.0222,7.7177
RoNIN ResNet (released),134.000,35.9217,7.1747,35.7086,7.758,34.8858,7.7381
RoNIN ResNet (released),134.100,35.8045,7.2321,35.5922,7.7953,34.753,7.771
RoNIN ResNet (released),134.200,35.681,7.2877,35.4765,7.8272,34.6256,7.8163
RoNIN ResNet (released),134.300,35.5581,7.3413,35.3609,7.8539,34.4926,7.8544
RoNIN ResNet (released),134.400,35.4412,7.3974,35.2549,7.9048,34.3865,7.9452
RoNIN ResNet (released),134.500,35.3256,7.4551,35.1575,7.9646,34.272,8.0191
RoNIN ResNet (released),134.600,35.2045,7.5138,35.0478,8.0119,34.1474,8.0866
RoNIN ResNet (released),134.700,35.0798,7.5727,34.9375,8.041,34.0176,8.1169
RoNIN ResNet (released),134.800,34.9556,7.6297,34.8238,8.0738,33.8767,8.142
RoNIN ResNet (released),134.900,34.8304,7.6792,34.7062,8.0988,33.7436,8.1899
RoNIN ResNet (released),135.000,34.7014,7.7186,34.5845,8.1177,33.6067,8.218
RoNIN ResNet (released),135.100,34.5664,7.7569,34.4661,8.1434,33.4754,8.2603
RoNIN ResNet (released),135.200,34.4279,7.7955,34.3494,8.1679,33.3417,8.2973
RoNIN ResNet (released),135.300,34.2928,7.8326,34.2285,8.1879,33.2077,8.3348
RoNIN ResNet (released),135.400,34.1651,7.8728,34.1104,8.2196,33.0848,8.3956
RoNIN ResNet (released),135.500,34.0422,7.9176,33.9964,8.2507,32.9551,8.4382
RoNIN ResNet (released),135.600,33.9165,7.9647,33.8754,8.2604,32.8236,8.4842
RoNIN ResNet (released),135.700,33.7882,8.0144,33.7579,8.2527,32.6902,8.4828
RoNIN ResNet (released),135.800,33.6616,8.0614,33.6391,8.2643,32.5587,8.5242
RoNIN ResNet (released),135.900,33.5355,8.1045,33.5189,8.2728,32.4224,8.5555
RoNIN ResNet (released),136.000,33.4067,8.1403,33.3957,8.2755,32.2848,8.5769
RoNIN ResNet (released),136.100,33.2739,8.1741,33.2741,8.2904,32.1509,8.6181
RoNIN ResNet (released),136.200,33.1368,8.211,33.1556,8.2995,32.016,8.6535
RoNIN ResNet (released),136.300,33.0012,8.2459,33.0356,8.3139,31.8866,8.7054
RoNIN ResNet (released),136.400,32.8717,8.2834,32.9137,8.325,31.7568,8.7558
RoNIN ResNet (released),136.500,32.7465,8.3274,32.8021,8.3538,31.6264,8.7989
RoNIN ResNet (released),136.600,32.6187,8.3733,32.6894,8.3921,31.4948,8.8553
RoNIN ResNet (released),136.700,32.4861,8.4195,32.5751,8.4065,31.362,8.8936
RoNIN ResNet (released),136.800,32.3529,8.4625,32.4598,8.431,31.2295,8.9297
RoNIN ResNet (released),136.900,32.2207,8.501,32.3422,8.4413,31.0906,8.9458
RoNIN ResNet (released),137.000,32.0879,8.5307,32.2222,8.4414,30.9543,8.9615
RoNIN ResNet (released),137.100,31.9502,8.5559,32.1015,8.4524,30.8187,8.9886
RoNIN ResNet (released),137.200,31.807,8.5799,31.9854,8.4569,30.6848,9.0021
RoNIN ResNet (released),137.300,31.6651,8.6014,31.8629,8.4596,30.5443,9.0147
RoNIN ResNet (released),137.400,31.53,8.6254,31.7424,8.4349,30.4082,8.9949
RoNIN ResNet (released),137.500,31.3993,8.6584,31.6259,8.4336,30.2769,8.987
RoNIN ResNet (released),137.600,31.2671,8.6976,31.508,8.4422,30.144,9.0244
RoNIN ResNet (released),137.700,31.1313,8.7399,31.3924,8.4493,30.0129,9.0527
RoNIN ResNet (released),137.800,30.9984,8.782,31.2782,8.4842,29.8866,9.1056
RoNIN ResNet (released),137.900,30.8676,8.8223,31.1652,8.5202,29.7543,9.1583
RoNIN ResNet (released),138.000,30.737,8.8567,31.0481,8.5541,29.6214,9.2006
RoNIN ResNet (released),138.100,30.6004,8.8892,30.9286,8.5829,29.4875,9.254
RoNIN ResNet (released),138.200,30.4583,8.9229,30.8119,8.6114,29.3571,9.2993
RoNIN ResNet (released),138.300,30.3169,8.9557,30.6917,8.6463,29.2238,9.3493
RoNIN ResNet (released),138.400,30.1825,8.9945,30.5718,8.6781,29.0944,9.407
RoNIN ResNet (released),138.500,30.0545,9.0411,30.4573,8.7063,28.9666,9.4579
RoNIN ResNet (released),138.600,29.9257,9.0955,30.3418,8.7371,28.8386,9.514
RoNIN ResNet (released),138.700,29.7932,9.1543,30.2252,8.7444,28.7069,9.5344
RoNIN ResNet (released),138.800,29.6612,9.2093,30.1083,8.7646,28.574,9.5683
RoNIN ResNet (released),138.900,29.5318,9.2583,29.9898,8.7818,28.4376,9.5948
RoNIN ResNet (released),139.000,29.4009,9.3002,29.8692,8.8035,28.3027,9.6275
RoNIN ResNet (released),139.100,29.2668,9.3392,29.75,8.8307,28.1672,9.674
RoNIN ResNet (released),139.200,29.1263,9.3776,29.6303,8.8518,28.0346,9.7131
RoNIN ResNet (released),139.300,28.9859,9.4137,29.5109,8.8919,27.9006,9.7646
RoNIN ResNet (released),139.400,28.8528,9.4518,29.3895,8.9206,27.7721,9.817
RoNIN ResNet (released),139.500,28.726,9.4958,29.2784,8.9642,27.6455,9.8621
RoNIN ResNet (released),139.600,28.5984,9.5435,29.1642,9.0013,27.5156,9.9189
RoNIN ResNet (released),139.700,28.466,9.5922,29.0483,9.0153,27.3833,9.9438
RoNIN ResNet (released),139.800,28.334,9.639,28.9288,9.0345,27.2476,9.9759
RoNIN ResNet (released),139.900,28.2041,9.6789,28.8074,9.0447,27.1091,9.9963
RoNIN ResNet (released),140.000,28.0704,9.7091,28.6816,9.0483,26.9669,10.0069
RoNIN ResNet (released),140.100,27.9326,9.7355,28.5573,9.0539,26.827,10.0342
RoNIN ResNet (released),140.200,27.7872,9.7608,28.4332,9.0559,26.6859,10.0486
RoNIN ResNet (released),140.300,27.6447,9.7821,28.3077,9.0729,26.5456,10.0842
RoNIN ResNet (released),140.400,27.5082,9.8079,28.1846,9.0559,26.4089,10.1051
RoNIN ResNet (released),140.500,27.3759,9.8389,28.0682,9.0722,26.2734,10.1237
RoNIN ResNet (released),140.600,27.2414,9.8733,27.9507,9.0862,26.1363,10.132
RoNIN ResNet (released),140.700,27.1019,9.9104,27.8342,9.0999,26.0037,10.1221
RoNIN ResNet (released),140.800,26.966,9.9471,27.7159,9.1252,25.8642,10.1347
RoNIN ResNet (released),140.900,26.8305,9.9804,27.5952,9.1421,25.7219,10.1514
RoNIN ResNet (released),141.000,26.694,10.0045,27.4714,9.1567,25.5808,10.1655
RoNIN ResNet (released),141.100,26.5546,10.0261,27.3497,9.1754,25.4395,10.1901
RoNIN ResNet (released),141.200,26.4111,10.0501,27.2285,9.1883,25.3011,10.2135
RoNIN ResNet (released),141.300,26.2685,10.075,27.1031,9.2069,25.1608,10.2415
RoNIN ResNet (released),141.400,26.1316,10.1037,26.9803,9.207,25.0233,10.2625
RoNIN ResNet (released),141.500,25.9997,10.1412,26.8647,9.2251,24.8916,10.2883
RoNIN ResNet (released),141.600,25.8649,10.1847,26.7461,9.2441,24.7609,10.3298
RoNIN ResNet (released),141.700,25.7266,10.2312,26.6294,9.2445,24.6281,10.3365
RoNIN ResNet (released),141.800,25.5893,10.2767,26.5108,9.2576,24.4926,10.3612
RoNIN ResNet (released),141.900,25.4554,10.3178,26.3916,9.2645,24.3569,10.3715
RoNIN ResNet (released),142.000,25.3205,10.3513,26.2694,9.2638,24.2171,10.3794
RoNIN ResNet (released),142.100,25.1804,10.3828,26.1463,9.2688,24.0785,10.3985
RoNIN ResNet (released),142.200,25.0353,10.4153,26.0253,9.2645,23.9423,10.4046
RoNIN ResNet (released),142.300,24.8895,10.4455,25.9001,9.2698,23.8024,10.4293
RoNIN ResNet (released),142.400,24.7521,10.4793,25.7785,9.2487,23.6708,10.4309
RoNIN ResNet (released),142.500,24.619,10.519,25.6606,9.2435,23.5408,10.434
RoNIN ResNet (released),142.600,24.4831,10.5615,25.5405,9.2359,23.4055,10.4723
RoNIN ResNet (released),142.700,24.3431,10.6054,25.4236,9.2279,23.271,10.4983
RoNIN ResNet (released),142.800,24.2054,10.6488,25.3031,9.2322,23.1339,10.5285
RoNIN ResNet (released),142.900,24.0724,10.6878,25.1821,9.2371,22.9927,10.555
RoNIN ResNet (released),143.000,23.9379,10.7184,25.0585,9.2441,22.8554,10.5762
RoNIN ResNet (released),143.100,23.7994,10.7434,24.9349,9.2528,22.7164,10.6114
RoNIN ResNet (released),143.200,23.6552,10.7674,24.8144,9.259,22.5817,10.6399
RoNIN ResNet (released),143.300,23.513,10.7899,24.6909,9.2719,22.4423,10.6687
RoNIN ResNet (released),143.400,23.3768,10.8171,24.5697,9.291,22.3102,10.7086
RoNIN ResNet (released),143.500,23.2446,10.8518,24.4551,9.3122,22.1824,10.7424
RoNIN ResNet (released),143.600,23.1094,10.8926,24.3456,9.3553,22.0626,10.8107
RoNIN ResNet (released),143.700,22.9699,10.9355,24.2338,9.3525,21.9358,10.8374
RoNIN ResNet (released),143.800,22.8307,10.9763,24.1221,9.3622,21.8053,10.8706
RoNIN ResNet (released),143.900,22.6956,11.0115,24.0078,9.3737,21.671,10.8916
RoNIN ResNet (released),144.000,22.5589,11.038,23.9013,9.368,21.5397,10.9212
RoNIN ResNet (released),144.100,22.4168,11.061,23.7887,9.3883,21.4079,10.9627
RoNIN ResNet (released),144.200,22.2693,11.0843,23.6781,9.3996,21.2759,10.9933
RoNIN ResNet (released),144.300,22.1225,11.1074,23.566,9.4205,21.1424,11.0208
RoNIN ResNet (released),144.400,21.9827,11.1354,23.4474,9.4265,21.0067,11.0469
RoNIN ResNet (released),144.500,21.8481,11.1678,23.3346,9.439,20.875,11.0621
RoNIN ResNet (released),144.600,21.7117,11.2016,23.2176,9.4615,20.7396,11.097
RoNIN ResNet (released),144.700,21.5699,11.229,23.101,9.4641,20.607,11.1127
RoNIN ResNet (released),144.800,21.429,11.252,22.9811,9.4771,20.4711,11.1406
RoNIN ResNet (released),144.900,21.2945,11.2755,22.8612,9.5052,20.3347,11.1788
RoNIN ResNet (released),145.000,21.1602,11.3026,22.7381,9.5198,20.1952,11.2066
RoNIN ResNet (released),145.100,21.0218,11.33,22.616,9.5441,20.0584,11.2438
RoNIN ResNet (released),145.200,20.8762,11.3577,22.4963,9.5629,19.9214,11.274
RoNIN ResNet (released),145.300,20.7323,11.3848,22.3765,9.5851,19.7871,11.3106
RoNIN ResNet (released),145.400,20.5984,11.4172,22.2528,9.5986,19.6494,11.348
RoNIN ResNet (released),145.500,20.467,11.4554,22.1323,9.6067,19.5138,11.379
RoNIN ResNet (released),145.600,20.3314,11.4974,22.0094,9.6126,19.379,11.4265
RoNIN ResNet (released),145.700,20.1924,11.5406,21.8918,9.6008,19.2463,11.4637
RoNIN ResNet (released),145.800,20.0544,11.5805,21.7717,9.5996,19.1132,11.5002
RoNIN ResNet (released),145.900,19.9176,11.6152,21.6492,9.6041,18.9751,11.5323
RoNIN ResNet (released),146.000,19.7807,11.6435,21.5251,9.6007,18.836,11.5545
RoNIN ResNet (released),146.100,19.6395,11.6687,21.4006,9.6047,18.6991,11.5837
RoNIN ResNet (released),146.200,19.493,11.6953,21.2806,9.5924,18.5613,11.5928
RoNIN ResNet (released),146.300,19.3468,11.7228,21.1586,9.5912,18.4271,11.5977
RoNIN ResNet (released),146.400,19.2082,11.7575,21.0371,9.6003,18.2931,11.6156
RoNIN ResNet (released),146.500,19.0735,11.7991,20.9227,9.6129,18.1638,11.638
RoNIN ResNet (released),146.600,18.9345,11.8453,20.802,9.6248,18.0292,11.6741
RoNIN ResNet (released),146.700,18.7925,11.8931,20.6876,9.6151,17.8967,11.6853
RoNIN ResNet (released),146.800,18.6533,11.9368,20.5662,9.6185,17.7597,11.7089
RoNIN ResNet (released),146.900,18.516,11.9766,20.443,9.6304,17.6223,11.7421
RoNIN ResNet (released),147.000,18.3774,12.012,20.3178,9.6312,17.4807,11.7652
RoNIN ResNet (released),147.100,18.235,12.0438,20.1939,9.6465,17.3435,11.799
RoNIN ResNet (released),147.200,18.0883,12.0738,20.0719,9.6548,17.206,11.8304
RoNIN ResNet (released),147.300,17.9459,12.1025,19.9488,9.6632,17.0657,11.8542
RoNIN ResNet (released),147.400,17.8121,12.1372,19.8247,9.6728,16.9275,11.8841
RoNIN ResNet (released),147.500,17.6825,12.179,19.709,9.6912,16.7955,11.9234
RoNIN ResNet (released),147.600,17.5501,12.2222,19.5878,9.7123,16.6615,11.9721
RoNIN ResNet (released),147.700,17.4135,12.266,19.4732,9.7269,16.534,12.0041
RoNIN ResNet (released),147.800,17.2764,12.3085,19.3525,9.7468,16.3994,12.0409
RoNIN ResNet (released),147.900,17.1407,12.3453,19.2326,9.7694,16.2666,12.0857
RoNIN ResNet (released),148.000,17.0057,12.3764,19.11,9.7837,16.1287,12.1073
RoNIN ResNet (released),148.100,16.8658,12.4066,18.988,9.8099,15.9924,12.1449
RoNIN ResNet (released),148.200,16.7226,12.4377,18.8678,9.8203,15.8565,12.1689
RoNIN ResNet (released),148.300,16.5834,12.4676,18.7467,9.8319,15.7175,12.1866
RoNIN ResNet (released),148.400,16.4503,12.503,18.6255,9.846,15.5847,12.2197
RoNIN ResNet (released),148.500,16.3209,12.5462,18.5105,9.8652,15.4548,12.258
RoNIN ResNet (released),148.600,16.1889,12.5946,18.3883,9.8749,15.3159,12.2916
RoNIN ResNet (released),148.700,16.0544,12.6443,18.2711,9.8812,15.1842,12.3142
RoNIN ResNet (released),148.800,15.9214,12.6929,18.1502,9.8974,15.0502,12.348
RoNIN ResNet (released),148.900,15.7896,12.7355,18.0278,9.9074,14.9128,12.3804
RoNIN ResNet (released),149.000,15.6547,12.7708,17.9044,9.9111,14.7732,12.3972
RoNIN ResNet (released),149.100,15.5166,12.8048,17.7799,9.9253,14.6352,12.4307
RoNIN ResNet (released),149.200,15.375,12.8387,17.6611,9.9333,14.5025,12.4624
RoNIN ResNet (released),149.300,15.237,12.8723,17.539,9.9415,14.3653,12.4859
RoNIN ResNet (released),149.400,15.1042,12.9106,17.4162,9.9568,14.2307,12.5274
RoNIN ResNet (released),149.500,14.9758,12.9554,17.2995,9.9751,14.101,12.5737
RoNIN ResNet (released),149.600,14.8444,13.0049,17.1777,9.9941,13.9617,12.6067
RoNIN ResNet (released),149.700,14.7068,13.0532,17.0612,10.0038,13.8244,12.6356
RoNIN ResNet (released),149.800,14.5726,13.0974,16.9391,10.0101,13.6849,12.6602
RoNIN ResNet (released),149.900,14.4423,13.1338,16.8179,10.0151,13.5449,12.6905
RoNIN ResNet (released),150.000,14.3105,13.1628,16.6956,10.0125,13.406,12.6995
RoNIN ResNet (released),150.100,14.1738,13.1885,16.5712,10.0067,13.2663,12.7125
RoNIN ResNet (released),150.200,14.0316,13.2134,16.4525,9.9936,13.1322,12.7228
RoNIN ResNet (released),150.300,13.8915,13.2371,16.331,9.9798,12.9985,12.717
RoNIN ResNet (released),150.400,13.7573,13.2647,16.2094,9.9677,12.8667,12.7469
RoNIN ResNet (released),150.500,13.6247,13.2995,16.091,9.9648,12.7368,12.7727
RoNIN ResNet (released),150.600,13.488,13.338,15.9702,9.9607,12.6003,12.8003
RoNIN ResNet (released),150.700,13.3481,13.3778,15.8545,9.9578,12.4728,12.8239
RoNIN ResNet (released),150.800,13.2113,13.4145,15.7383,9.9896,12.3382,12.8576
RoNIN ResNet (released),150.900,13.0769,13.4439,15.6236,10.0241,12.2033,12.8987
RoNIN ResNet (released),151.000,12.9415,13.4634,15.5087,10.0575,12.0668,12.9309
RoNIN ResNet (released),151.100,12.8003,13.4754,15.3887,10.0866,11.9285,12.9534
RoNIN ResNet (released),151.200,12.656,13.4817,15.2755,10.1225,11.7944,12.9802
RoNIN ResNet (released),151.300,12.5153,13.4859,15.1534,10.1414,11.6541,12.9902
RoNIN ResNet (released),151.400,12.381,13.4932,15.0325,10.1501,11.5138,13.0023
RoNIN ResNet (released),151.500,12.2485,13.5054,14.9163,10.1612,11.373,12.9968
RoNIN ResNet (released),151.600,12.1105,13.5211,14.797,10.1502,11.2344,12.9672
RoNIN ResNet (released),151.700,11.97,13.5333,14.684,10.1247,11.1014,12.9306
RoNIN ResNet (released),151.800,11.8321,13.5358,14.5719,10.091,10.9649,12.896
RoNIN ResNet (released),151.900,11.698,13.5265,14.4522,10.0709,10.8324,12.8554
RoNIN ResNet (released),152.000,11.5652,13.5049,14.3365,10.0435,10.7029,12.8234
RoNIN ResNet (released),152.100,11.4314,13.4752,14.2204,10.0066,10.5735,12.779
RoNIN ResNet (released),152.200,11.2969,13.4409,14.1088,9.9704,10.4445,12.7372
RoNIN ResNet (released),152.300,11.1695,13.4073,13.9994,9.9164,10.3153,12.688
RoNIN ResNet (released),152.400,11.0419,13.3796,13.8909,9.8637,10.1812,12.6399
RoNIN ResNet (released),152.500,10.912,13.3565,13.7954,9.8024,10.0577,12.592
RoNIN ResNet (released),152.600,10.7775,13.3312,13.7068,9.7314,9.9356,12.5211
RoNIN ResNet (released),152.700,10.6398,13.2986,13.6275,9.6493,9.8341,12.4354
RoNIN ResNet (released),152.800,10.5098,13.257,13.5664,9.5558,9.7381,12.348
RoNIN ResNet (released),152.900,10.3892,13.2038,13.4931,9.4735,9.6535,12.2545
RoNIN ResNet (released),153.000,10.2766,13.1393,13.4171,9.3905,9.5643,12.1547
RoNIN ResNet (released),153.100,10.1658,13.0628,13.3356,9.3115,9.475,12.0564
RoNIN ResNet (released),153.200,10.0581,12.9766,13.2529,9.2382,9.3871,11.9602
RoNIN ResNet (released),153.300,9.9539,12.8905,13.1846,9.1406,9.2903,11.861
RoNIN ResNet (released),153.400,9.8531,12.8066,13.1186,9.0458,9.197,11.757
RoNIN ResNet (released),153.500,9.7515,12.7201,13.0512,8.9475,9.1066,11.6512
RoNIN ResNet (released),153.600,9.6482,12.6268,12.9842,8.8478,9.0138,11.5422
RoNIN ResNet (released),153.700,9.5443,12.527,12.9211,8.7452,8.9313,11.4255
RoNIN ResNet (released),153.800,9.4476,12.4252,12.8628,8.6338,8.8504,11.3064
RoNIN ResNet (released),153.900,9.361,12.3184,12.8151,8.5215,8.7749,11.1838
RoNIN ResNet (released),154.000,9.284,12.2043,12.7651,8.4077,8.7116,11.0576
RoNIN ResNet (released),154.100,9.2079,12.0833,12.7127,8.2953,8.6536,10.9276
RoNIN ResNet (released),154.200,9.132,11.9564,12.649,8.1915,8.5745,10.8126
RoNIN ResNet (released),154.300,9.0555,11.8345,12.591,8.0831,8.5342,10.6827
RoNIN ResNet (released),154.400,8.9719,11.7223,12.5264,7.9822,8.4694,10.562
RoNIN ResNet (released),154.500,8.883,11.6132,12.4679,7.8781,8.3857,10.4551
RoNIN ResNet (released),154.600,8.7885,11.5027,12.4095,7.771,8.3223,10.3351
RoNIN ResNet (released),154.700,8.6918,11.3907,12.356,7.6642,8.2436,10.2219
RoNIN ResNet (released),154.800,8.5988,11.279,12.2958,7.5557,8.1717,10.1093
RoNIN ResNet (released),154.900,8.5125,11.1652,12.2473,7.4442,8.1015,9.9867
RoNIN ResNet (released),155.000,8.4296,11.0453,12.1977,7.3313,8.0224,9.8698
RoNIN ResNet (released),155.100,8.3459,10.9165,12.1462,7.2187,7.9443,9.7532
RoNIN ResNet (released),155.200,8.2624,10.7827,12.0785,7.1163,7.8671,9.6311
RoNIN ResNet (released),155.300,8.1752,10.6594,12.0127,7.0095,7.802,9.5088
RoNIN ResNet (released),155.400,8.0847,10.5475,11.9418,6.9095,7.7357,9.3897
RoNIN ResNet (released),155.500,7.9905,10.4368,11.8791,6.8057,7.6707,9.2694
RoNIN ResNet (released),155.600,7.8918,10.3229,11.8259,6.6968,7.625,9.1438
RoNIN ResNet (released),155.700,7.7937,10.208,11.7755,6.5871,7.5669,9.0196
RoNIN ResNet (released),155.800,7.7016,10.0945,11.7245,6.4722,7.5029,8.8937
RoNIN ResNet (released),155.900,7.6179,9.9809,11.6761,6.3587,7.4448,8.7672
RoNIN ResNet (released),156.000,7.5352,9.8633,11.6279,6.2426,7.3719,8.6424
RoNIN ResNet (released),156.100,7.4489,9.74,11.5703,6.1306,7.315,8.5159
RoNIN ResNet (released),156.200,7.3638,9.6186,11.4998,6.0258,7.2549,8.3876
RoNIN ResNet (released),156.300,7.2773,9.5048,11.4346,5.9173,7.1846,8.2625
RoNIN ResNet (released),156.400,7.1862,9.3958,11.3681,5.8132,7.1113,8.1434
RoNIN ResNet (released),156.500,7.0912,9.2858,11.3109,5.7033,7.0486,8.0188
RoNIN ResNet (released),156.600,6.9943,9.1728,11.2577,5.5929,6.9993,7.8937
RoNIN ResNet (released),156.700,6.9003,9.0589,11.1981,5.4863,6.9296,7.7741
RoNIN ResNet (released),156.800,6.8131,8.948,11.1524,5.3706,6.8587,7.6526
RoNIN ResNet (released),156.900,6.7324,8.8349,11.1071,5.2574,6.8046,7.5181
RoNIN ResNet (released),157.000,6.6519,8.7147,11.0566,5.1453,6.7354,7.39
RoNIN ResNet (released),157.100,6.5714,8.5876,11.0025,5.036,6.6773,7.2634
RoNIN ResNet (released),157.200,6.4925,8.4611,10.9392,4.9293,6.6118,7.1357
RoNIN ResNet (released),157.300,6.4126,8.3418,10.8803,4.8218,6.5156,7.0253
RoNIN ResNet (released),157.400,6.333,8.2293,10.8197,4.7163,6.447,6.9102
RoNIN ResNet (released),157.500,6.249,8.1132,10.7614,4.612,6.3915,6.792
RoNIN ResNet (released),157.600,6.1633,7.9931,10.7164,4.5048,6.3441,6.6678
RoNIN ResNet (released),157.700,6.0808,7.8729,10.6725,4.3907,6.3051,6.5367
RoNIN ResNet (released),157.800,6.0073,7.7498,10.6595,4.2705,6.2705,6.4031
RoNIN ResNet (released),157.900,5.943,7.6238,10.6257,4.1554,6.2328,6.2743
RoNIN ResNet (released),158.000,5.88,7.4929,10.5922,4.0399,6.2194,6.1299
RoNIN ResNet (released),158.100,5.8145,7.358,10.5599,3.9271,6.1795,5.9998
RoNIN ResNet (released),158.200,5.7486,7.2286,10.5177,3.8115,6.1687,5.8634
RoNIN ResNet (released),158.300,5.6823,7.1071,10.4927,3.6974,6.172,5.7284
RoNIN ResNet (released),158.400,5.6147,6.9883,10.4503,3.5845,6.1356,5.6049
RoNIN ResNet (released),158.500,5.5411,6.8651,10.4108,3.4702,6.0898,5.4771
RoNIN ResNet (released),158.600,5.4643,6.7412,10.3656,3.3594,6.0144,5.3615
RoNIN ResNet (released),158.700,5.3861,6.6204,10.3153,3.2434,5.9248,5.2495
RoNIN ResNet (released),158.800,5.3108,6.5003,10.2658,3.1298,5.8489,5.1274
RoNIN ResNet (released),158.900,5.2398,6.3803,10.2092,3.0161,5.778,5.0
RoNIN ResNet (released),159.000,5.1695,6.2522,10.1527,2.9068,5.7028,4.8759
RoNIN ResNet (released),159.100,5.0966,6.1183,10.0867,2.8007,5.6201,4.7564
RoNIN ResNet (released),159.200,5.023,5.9905,10.0195,2.6929,5.5253,4.6494
RoNIN ResNet (released),159.300,4.9421,5.8732,9.9463,2.5917,5.4438,4.538
RoNIN ResNet (released),159.400,4.8546,5.7575,9.8843,2.4865,5.363,4.4236
RoNIN ResNet (released),159.500,4.7603,5.6417,9.8362,2.3777,5.306,4.3025
RoNIN ResNet (released),159.600,4.6668,5.5237,9.8101,2.2622,5.2391,4.1797
RoNIN ResNet (released),159.700,4.582,5.4044,9.7842,2.1427,5.1812,4.0561
RoNIN ResNet (released),159.800,4.5062,5.282,9.7528,2.0268,5.1287,3.9265
RoNIN ResNet (released),159.900,4.4365,5.1561,9.7288,1.909,5.0644,3.8026
RoNIN ResNet (released),160.000,4.3665,5.0245,9.6917,1.7947,5.0086,3.6742
RoNIN ResNet (released),160.100,4.3026,4.892,9.6389,1.6848,4.955,3.5406
RoNIN ResNet (released),160.200,4.2392,4.7652,9.5922,1.5707,4.8951,3.4138
RoNIN ResNet (released),160.300,4.1734,4.6456,9.5424,1.4589,4.8339,3.292
RoNIN ResNet (released),160.400,4.1038,4.5213,9.4903,1.3479,4.7483,3.1762
RoNIN ResNet (released),160.500,4.0327,4.3947,9.4469,1.2343,4.6876,3.0532
RoNIN ResNet (released),160.600,3.9663,4.2683,9.4026,1.1221,4.623,2.9296
RoNIN ResNet (released),160.700,3.9069,4.1425,9.361,1.004,4.5552,2.8044
RoNIN ResNet (released),160.800,3.8565,4.0153,9.3175,0.889,4.4922,2.6764
RoNIN ResNet (released),160.900,3.8084,3.8799,9.2838,0.7719,4.4263,2.5478
RoNIN ResNet (released),161.000,3.7631,3.7375,9.2469,0.6573,4.3615,2.4212
RoNIN ResNet (released),161.100,3.7208,3.5948,9.1984,0.5488,4.3087,2.2938
RoNIN ResNet (released),161.200,3.6752,3.4611,9.1541,0.4359,4.2495,2.1663
RoNIN ResNet (released),161.300,3.6236,3.3336,9.1125,0.3268,4.1924,2.0401
RoNIN ResNet (released),161.400,3.5659,3.2037,9.0714,0.215,4.1382,1.9094
RoNIN ResNet (released),161.500,3.5052,3.0711,9.0468,0.0993,4.0945,1.7781
RoNIN ResNet (released),161.600,3.4458,2.9371,9.0252,-0.0185,4.0528,1.6408
RoNIN ResNet (released),161.700,3.3955,2.805,9.0046,-0.1399,4.0027,1.5114
RoNIN ResNet (released),161.800,3.354,2.6723,8.9778,-0.2571,3.9527,1.3819
RoNIN ResNet (released),161.900,3.314,2.535,8.9478,-0.376,3.9147,1.2493
RoNIN ResNet (released),162.000,3.2747,2.3928,8.9048,-0.4895,3.8614,1.1214
RoNIN ResNet (released),162.100,3.2331,2.2556,8.8656,-0.6018,3.8116,0.9958
RoNIN ResNet (released),162.200,3.1854,2.1272,8.8351,-0.7189,3.7672,0.8695
RoNIN ResNet (released),162.300,3.1342,1.9999,8.7932,-0.8222,3.7246,0.743
RoNIN ResNet (released),162.400,3.081,1.873,8.7759,-0.9367,3.6814,0.6164
RoNIN ResNet (released),162.500,3.0244,1.7442,8.7505,-1.0475,3.6395,0.4889
RoNIN ResNet (released),162.600,2.9729,1.6192,8.7209,-1.1588,3.5887,0.3687
RoNIN ResNet (released),162.700,2.9289,1.4949,8.6933,-1.273,3.5456,0.2453
RoNIN ResNet (released),162.800,2.8864,1.3698,8.6602,-1.3831,3.4938,0.1265
RoNIN ResNet (released),162.900,2.8396,1.2452,8.6116,-1.4922,3.4392,0.0104
RoNIN ResNet (released),163.000,2.7871,1.1224,8.5543,-1.5975,3.3598,-0.1
RoNIN ResNet (released),163.100,2.729,1.0098,8.4846,-1.6941,3.2603,-0.1857
RoNIN ResNet (released),163.200,2.6561,0.9045,8.393,-1.7676,3.1518,-0.239
RoNIN ResNet (released),163.300,2.577,0.8049,8.2989,-1.8262,3.042,-0.2875
RoNIN ResNet (released),163.400,2.4949,0.7086,8.1914,-1.8619,2.9281,-0.3427
RoNIN ResNet (released),163.500,2.4003,0.6177,8.0902,-1.8943,2.8118,-0.3926
RoNIN ResNet (released),163.600,2.3091,0.5305,7.9794,-1.9299,2.6846,-0.4335
RoNIN ResNet (released),163.700,2.224,0.4403,7.8657,-1.9412,2.5608,-0.4718
RoNIN ResNet (released),163.800,2.1402,0.3511,7.7525,-1.9588,2.4371,-0.518
RoNIN ResNet (released),163.900,2.0518,0.2635,7.6366,-1.9767,2.305,-0.5383
RoNIN ResNet (released),164.000,1.9563,0.1831,7.5216,-1.9691,2.1732,-0.535
RoNIN ResNet (released),164.100,1.8584,0.1176,7.4063,-1.9682,2.049,-0.4806
RoNIN ResNet (released),164.200,1.7538,0.0751,7.2894,-1.9424,1.9335,-0.4346
RoNIN ResNet (released),164.300,1.6454,0.0453,7.1876,-1.9243,1.8492,-0.3718
RoNIN ResNet (released),164.400,1.5324,0.0299,7.1073,-1.9541,1.8224,-0.4443
RoNIN ResNet (released),164.500,1.417,0.0221,7.0382,-2.0028,1.7691,-0.5066
RoNIN ResNet (released),164.600,1.307,0.0115,7.0028,-2.0934,1.7581,-0.573
RoNIN ResNet (released),164.700,1.1984,-0.0016,7.0126,-2.19,1.7826,-0.671
RoNIN ResNet (released),164.800,1.0882,-0.0177,6.9943,-2.2909,1.7893,-0.7731
RoNIN ResNet (released),164.900,0.9768,-0.0361,6.9633,-2.3906,1.7368,-0.8639
RoNIN ResNet (released),165.000,0.8632,-0.0508,6.9724,-2.4903,1.7476,-0.9684
RoNIN ResNet (released),165.100,0.7554,-0.0578,6.9631,-2.5892,1.7307,-1.0592
RoNIN ResNet (released),165.200,0.6566,-0.052,6.9973,-2.6758,1.7314,-1.1076
RoNIN ResNet (released),165.300,0.5674,-0.0421,7.0257,-2.7582,1.7522,-1.144
RoNIN ResNet (released),165.400,0.4846,-0.0297,7.0576,-2.8371,1.7653,-1.1799
RoNIN ResNet (released),165.500,0.4096,-0.0061,7.0835,-2.9014,1.7475,-1.2047
RoNIN ResNet (released),165.600,0.3453,0.0254,7.0977,-2.9536,1.7376,-1.2392
RoNIN ResNet (released),165.700,0.2896,0.0632,7.1019,-2.9862,1.7184,-1.2445
RoNIN ResNet (released),165.800,0.2445,0.099,7.1067,-3.0188,1.6993,-1.2512
RoNIN ResNet (released),165.900,0.2137,0.1311,7.1133,-3.0451,1.6918,-1.2722
RoNIN ResNet (released),166.000,0.1951,0.1547,7.1199,-3.0765,1.6818,-1.2961
RoNIN ResNet (released),166.100,0.1791,0.1682,7.122,-3.1118,1.6767,-1.3348
RoNIN ResNet (released),166.200,0.1551,0.1829,7.1199,-3.1444,1.6715,-1.3699
RoNIN ResNet (released),166.300,0.1222,0.2003,7.1168,-3.1743,1.6659,-1.4045
RoNIN ResNet (released),166.400,0.084,0.2184,7.1141,-3.2028,1.6612,-1.4315
RoNIN ResNet (released),166.500,0.0427,0.231,7.1162,-3.2243,1.6549,-1.446
RoNIN ResNet (released),166.600,0.0006,0.2394,7.1162,-3.2388,1.6475,-1.4649
RoNIN ResNet (released),166.700,-0.0317,0.2423,7.1152,-3.2495,1.6345,-1.4853
RoNIN ResNet (released),166.800,-0.0516,0.2423,7.1149,-3.252,1.621,-1.5123
RoNIN ResNet (released),166.900,-0.0638,0.2383,7.1134,-3.2543,1.6143,-1.5362
RoNIN ResNet (released),167.000,-0.0725,0.2288,7.1101,-3.2624,1.6049,-1.5744
RoNIN ResNet (released),167.100,-0.0784,0.2076,7.1083,-3.2689,1.5967,-1.6069
RoNIN ResNet (released),167.200,-0.0851,0.1702,7.1006,-3.2863,1.5914,-1.6591
RoNIN ResNet (released),167.300,-0.092,0.1166,7.0912,-3.3077,1.5815,-1.7013
RoNIN ResNet (released),167.400,-0.0994,0.0547,7.0771,-3.336,1.5639,-1.7406
RoNIN ResNet (released),167.500,-0.1068,-0.0033,7.0602,-3.3597,1.5431,-1.7671
RoNIN ResNet (released),167.600,-0.1142,-0.0515,7.0375,-3.3798,1.5162,-1.7888
RoNIN ResNet (released),167.700,-0.118,-0.0858,7.0111,-3.3957,1.4848,-1.8121
RoNIN ResNet (released),167.800,-0.1222,-0.1088,6.9848,-3.4004,1.4592,-1.8106
RoNIN ResNet (released),167.900,-0.1313,-0.1216,6.9651,-3.3988,1.4391,-1.8063
RoNIN ResNet (released),168.000,-0.1501,-0.1244,6.9531,-3.3949,1.4182,-1.8013
RoNIN ResNet (released),168.100,-0.1825,-0.1154,6.9402,-3.3925,1.397,-1.8141
RoNIN ResNet (released),168.200,-0.2318,-0.0888,6.9274,-3.3933,1.3851,-1.8239
RoNIN ResNet (released),168.300,-0.2916,-0.0422,6.9194,-3.4086,1.3743,-1.837
RoNIN ResNet (released),168.400,-0.3511,0.0295,6.9201,-3.4288,1.3748,-1.86
RoNIN ResNet (released),168.500,-0.3868,0.1185,6.9349,-3.4457,1.3854,-1.8804
RoNIN ResNet (released),168.600,-0.3968,0.2117,6.9541,-3.4564,1.4024,-1.8914
RoNIN ResNet (released),168.700,-0.3749,0.2912,6.9737,-3.4599,1.423,-1.8932
RoNIN ResNet (released),168.800,-0.3326,0.3545,6.9918,-3.4606,1.4485,-1.8948
RoNIN ResNet (released),168.900,-0.2774,0.4012,7.0088,-3.4588,1.4697,-1.8946
RoNIN ResNet (released),169.000,-0.2129,0.4305,7.0241,-3.4572,1.4934,-1.9034
RoNIN ResNet (released),169.100,-0.1481,0.4461,7.0406,-3.4578,1.5176,-1.9149
RoNIN ResNet (released),169.200,-0.084,0.4511,7.0565,-3.4639,1.5404,-1.933
RoNIN ResNet (released),169.300,-0.0242,0.4504,7.0701,-3.4736,1.5665,-1.9582
RoNIN ResNet (released),169.400,0.0299,0.4447,7.0822,-3.4853,1.5802,-1.9889
RoNIN ResNet (released),169.500,0.0784,0.431,7.092,-3.5029,1.5762,-2.0158
RoNIN ResNet (released),169.600,0.1215,0.4111,7.0942,-3.5254,1.5708,-2.0415
RoNIN ResNet (released),169.700,0.1582,0.3808,7.0868,-3.5474,1.5595,-2.0734
RoNIN ResNet (released),169.800,0.1901,0.3389,7.0686,-3.5707,1.5413,-2.107
RoNIN ResNet (released),169.900,0.2107,0.2912,7.0395,-3.5921,1.5159,-2.1314
RoNIN ResNet (released),170.000,0.2152,0.2375,7.0052,-3.6098,1.4838,-2.1438
RoNIN ResNet (released),170.100,0.2069,0.1795,6.97,-3.6234,1.4501,-2.1521
RoNIN ResNet (released),170.200,0.1851,0.12,6.9346,-3.6352,1.4136,-2.1567
RoNIN ResNet (released),170.300,0.1518,0.0609,6.9045,-3.6435,1.3726,-2.1511
RoNIN ResNet (released),170.400,0.1078,0.0065,6.8761,-3.6492,1.3498,-2.1365
RoNIN ResNet (released),170.500,0.0561,-0.0329,6.8471,-3.655,1.3253,-2.1337
RoNIN ResNet (released),170.600,0.0032,-0.0577,6.8227,-3.6613,1.3007,-2.1306
RoNIN ResNet (released),170.700,-0.0456,-0.0685,6.8029,-3.6715,1.274,-2.1428
RoNIN ResNet (released),170.800,-0.0862,-0.0662,6.7759,-3.6989,1.25,-2.1667
RoNIN ResNet (released),170.900,-0.1171,-0.0509,6.7421,-3.7431,1.2168,-2.1992
RoNIN ResNet (released),171.000,-0.1365,-0.0255,6.7101,-3.8085,1.1816,-2.2618
RoNIN ResNet (released),171.100,-0.1447,0.0104,6.68,-3.8626,1.1447,-2.3469
RoNIN ResNet (released),171.200,-0.1419,0.055,6.6349,-3.9149,1.0884,-2.4194
RoNIN ResNet (released),171.300,-0.1323,0.1054,6.623,-3.9325,1.084,-2.4808
RoNIN ResNet (released),171.400,-0.1194,0.1542,6.6261,-3.9288,1.1066,-2.485
RoNIN ResNet (released),171.500,-0.1048,0.1948,6.6319,-3.9259,1.1195,-2.4917
RoNIN ResNet (released),171.600,-0.0916,0.2257,6.6359,-3.9197,1.1262,-2.4975
RoNIN ResNet (released),171.700,-0.0814,0.2454,6.6362,-3.9183,1.1278,-2.4987
RoNIN ResNet (released),171.800,-0.0729,0.2593,6.6367,-3.917,1.1286,-2.5001
RoNIN ResNet (released),171.900,-0.0592,0.2777,6.6376,-3.9153,1.1291,-2.5004
RoNIN ResNet (released),172.000,-0.0444,0.3006,6.6379,-3.9149,1.1291,-2.5004
RoNIN ResNet (released),172.100,-0.0345,0.3211,6.6401,-3.9133,1.1292,-2.5005
RoNIN ResNet (released),172.200,-0.0294,0.3348,6.6405,-3.9133,1.1292,-2.5005
RoNIN ResNet (released),172.300,-0.0279,0.3416,6.6405,-3.9133,1.1292,-2.5005
RoNIN ResNet (released),172.400,-0.0274,0.3445,6.6406,-3.9138,1.1292,-2.5005
RoNIN ResNet (released),172.500,-0.0295,0.3372,6.6407,-3.9163,1.1292,-2.5005
RoNIN ResNet (released),172.600,-0.0365,0.3116,6.641,-3.9185,1.1292,-2.5006
RoNIN ResNet (released),172.700,-0.046,0.2755,6.6415,-3.9209,1.1292,-2.5007
RoNIN ResNet (released),172.800,-0.0523,0.2448,6.6414,-3.923,1.1292,-2.5007
RoNIN ResNet (released),172.900,-0.0506,0.2321,6.6418,-3.9256,1.1292,-2.5008
RoNIN ResNet (released),173.000,-0.0454,0.2326,6.6422,-3.9265,1.1291,-2.5008
RoNIN ResNet (released),173.100,-0.0393,0.2371,6.6423,-3.9274,1.1291,-2.5008
RoNIN ResNet (released),173.200,-0.0352,0.2409,6.6423,-3.9276,1.1291,-2.5008
RoNIN ResNet (released),173.300,-0.0333,0.2422,6.6425,-3.9279,1.1291,-2.5008
RoNIN ResNet (released),173.400,-0.0324,0.2429,6.6431,-3.9287,1.1291,-2.5008
RoNIN ResNet (released),173.500,-0.0311,0.2426,6.6466,-3.9332,1.1291,-2.5008
RoNIN ResNet (released),173.600,-0.029,0.2434,6.6585,-3.9435,1.1291,-2.5008
RoNIN ResNet (released),173.700,-0.0227,0.2411,6.666,-3.9488,1.1291,-2.5009
RoNIN ResNet (released),173.800,-0.0039,0.238,6.6705,-3.9483,1.1292,-2.5006
RoNIN ResNet (released),173.900,0.0284,0.2467,6.675,-3.946,1.1292,-2.5005
RoNIN ResNet (released),174.000,0.0609,0.2731,6.6786,-3.9432,1.1291,-2.5005
RoNIN ResNet (released),174.100,0.0838,0.305,6.6841,-3.9402,1.1304,-2.4989
RoNIN ResNet (released),174.200,0.1005,0.3296,6.6874,-3.9378,1.1305,-2.4988
RoNIN ResNet (released),174.300,0.1131,0.35,6.6874,-3.9387,1.1294,-2.4987
RoNIN ResNet (released),174.400,0.1206,0.3613,6.6854,-3.9419,1.1282,-2.4987
RoNIN ResNet (released),174.500,0.1241,0.3647,6.6805,-3.947,1.1241,-2.4989
RoNIN ResNet (released),174.600,0.124,0.3604,6.6749,-3.9524,1.112,-2.5014
RoNIN ResNet (released),174.700,0.1159,0.3415,6.6646,-3.9629,1.0971,-2.5025
RoNIN ResNet (released),174.800,0.0845,0.2986,6.662,-3.9656,1.0938,-2.4847
RoNIN ResNet (released),174.900,0.0254,0.2625,6.6615,-3.9655,1.0787,-2.4763
RoNIN ResNet (released),175.000,-0.0425,0.2568,6.6588,-3.9684,1.0551,-2.4794
RoNIN ResNet (released),175.100,-0.0951,0.2755,6.6556,-3.9702,1.0458,-2.4863
RoNIN ResNet (released),175.200,-0.1273,0.3047,6.6556,-3.9702,1.0458,-2.4863
RoNIN ResNet (released),175.300,-0.1422,0.3306,6.6556,-3.9702,1.0458,-2.4863
RoNIN ResNet (released),175.400,-0.148,0.3503,6.6556,-3.9702,1.0458,-2.4863
RoNIN ResNet (released),175.500,-0.1502,0.3602,6.6556,-3.9702,1.0458,-2.4863
RoNIN ResNet (released),175.600,-0.1504,0.3593,6.6556,-3.9702,1.0458,-2.4863
RoNIN ResNet (released),175.700,-0.1498,0.348,6.6556,-3.9702,1.0458,-2.4863
RoNIN ResNet (released),175.800,-0.1411,0.3129,6.6556,-3.9702,1.0458,-2.4863
RoNIN ResNet (released),175.900,-0.1183,0.2742,6.6556,-3.9702,1.0458,-2.4863
RoNIN ResNet (released),176.000,-0.0915,0.2508,6.6556,-3.9702,1.0458,-2.4863
