sequence,subject,seed,arm,horizon_seconds,total_squared_m,sequence_mean_squared_m,centered_squared_m,cross_squared_m,identity_error
a006_2,a006,0,yaw,1,0.03595986791915454,8.97018620430845e-05,0.035870211269472985,-4.5212361541710446e-08,6.5030888350999904e-18
a006_2,a006,0,yaw,5,0.5831328107310669,0.0022425465510771125,0.5808845874343982,5.67674559161393e-06,-1.545411612265471e-17
a006_2,a006,0,yaw,10,1.9709232226408333,0.00897018620430845,1.9612430235130947,0.0007100129234305727,-4.80409982628327e-16
a006_2,a006,0,yaw,30,11.833237467085562,0.08073167583877607,11.726354701236849,0.02615109000993533,2.4320823133194835e-15
a006_2,a006,0,yaw,60,26.143905258978826,0.32292670335510426,25.527577757147533,0.29340079847619344,-5.051514762044462e-15
a006_2,a006,0,yaw,120,33.84394770318839,1.291706813420417,31.882828252411738,0.6694126373562336,1.2212453270876722e-15
a006_2,a006,0,hn,1,0.03603927207936352,0.00017397794219718121,0.035865437430606564,-1.432934402303321e-07,5.764297434081929e-18
a006_2,a006,0,hn,5,0.5805645475323539,0.004349448554929532,0.576228317551659,-1.3218574234532804e-05,-2.195627983895762e-16
a006_2,a006,0,hn,10,1.961435764384733,0.017397794219718127,1.9432040398317016,0.000833930333313535,-1.7531549129090607e-16
a006_2,a006,0,hn,30,11.565431818427896,0.15658014797746314,11.373610278995892,0.035241391454539875,9.853229343548264e-16
a006_2,a006,0,hn,60,25.311628571563514,0.6263205919098526,24.312432054060917,0.372875925592744,2.7755575615628914e-16
a006_2,a006,0,hn,120,35.57746972038898,2.5052823676394103,32.133419775723624,0.9387675770259386,1.0547118733938987e-14
a006_2,a006,1,yaw,1,0.03594580009400382,9.694454628369825e-05,0.035848873464489256,-1.7916769129746303e-08,-8.013887901813793e-18
a006_2,a006,1,yaw,5,0.612345243756518,0.002423613657092457,0.6099107770337189,1.085306570647741e-05,2.177874173321312e-16
a006_2,a006,1,yaw,10,2.121287812517739,0.009694454628369828,2.110907817216783,0.0006855406725864403,8.61940727125976e-17
a006_2,a006,1,yaw,30,12.935211624194546,0.08725009165532847,12.820157051918681,0.027804480620537426,-5.620504062164855e-16
a006_2,a006,1,yaw,60,29.93849188186577,0.3490003666213139,29.247236389111066,0.3422551261333937,-5.773159728050814e-15
a006_2,a006,1,yaw,120,44.29379719406753,1.3960014664852556,41.761366107114455,1.136429620467824,-1.3322676295501878e-15
a006_2,a006,1,hn,1,0.03507059712930803,0.00011085272394257234,0.03495974865817037,-4.252804903800088e-09,-9.984569610605026e-18
a006_2,a006,1,hn,5,0.5411923148500902,0.00277131809856431,0.5383957258675586,2.5270883967214324e-05,9.559613842712034e-17
a006_2,a006,1,hn,10,1.782701572515352,0.01108527239425724,1.770838597976165,0.0007777021449294435,5.602072625232601e-16
a006_2,a006,1,hn,30,10.627075750683488,0.09976745154831515,10.496555408934677,0.03075289020049809,-1.9914625504213745e-15
a006_2,a006,1,hn,60,23.959336352776972,0.3990698061932606,23.189261241287667,0.37100530529604697,-2.275957200481571e-15
a006_2,a006,1,hn,120,33.04528552926037,1.5962792247730424,30.268482835327475,1.1805234691598487,2.6645352591003757e-15
a006_2,a006,2,yaw,1,0.03529060586383972,0.0002420414719623041,0.03504862032369894,-5.593182152093052e-08,-5.960200272914088e-19
a006_2,a006,2,yaw,5,0.5572367347780175,0.006051036799057604,0.5512095341434742,-2.383616451437474e-05,8.435770528295028e-17
a006_2,a006,2,yaw,10,1.8798616187689265,0.024204147196230416,1.8547278748091711,0.0009295967635248478,1.5016200088924236e-16
a006_2,a006,2,yaw,30,11.389955986335178,0.21783732476607373,11.13057609695305,0.041542564616054885,1.0408340855860843e-16
a006_2,a006,2,yaw,60,25.627498587525505,0.8713492990642949,24.368997018222576,0.3871522702386294,4.218847493575595e-15
a006_2,a006,2,yaw,120,36.51106177986304,3.4853971962571797,32.43509687088358,0.5905677127222786,4.440892098500626e-15
a006_2,a006,2,hn,1,0.03937295586708719,0.000156353745327848,0.039216648052194235,-4.593043488750038e-08,-5.4264305498009696e-18
a006_2,a006,2,hn,5,0.6446435934431677,0.0039088436331962,0.6407202751781229,1.4474631848467116e-05,9.289918552306264e-17
a006_2,a006,2,hn,10,2.174129164134453,0.0156353745327848,2.1575460419599883,0.0009477476416796146,9.356664748549903e-17
a006_2,a006,2,hn,30,12.895218499418863,0.14071837079506322,12.71908971590886,0.03541041271493846,1.7069679003611782e-15
a006_2,a006,2,hn,60,29.743174774695863,0.5628734831802529,28.797325407722766,0.3829758837928438,1.3877787807814457e-15
a006_2,a006,2,hn,120,45.30240615787432,2.2514939327210115,42.18521425520494,0.8656979699483794,-8.104628079763643e-15
a006_2,a006,3,yaw,1,0.0345929263789235,0.00028654338649785737,0.03430640433662745,-2.1344201804568595e-08,2.7368759491419516e-18
a006_2,a006,3,yaw,5,0.587418085383641,0.007163584662446437,0.5802733711801118,-1.8870458917311423e-05,6.971758782260695e-17
a006_2,a006,3,yaw,10,2.022855612652856,0.028654338649785747,1.9933051397000348,0.0008961343030357685,-4.010463836023881e-16
a006_2,a006,3,yaw,30,12.133274577267079,0.25788904784807176,11.83406497852435,0.04132055089465624,5.620504062164855e-16
a006_2,a006,3,yaw,60,26.5949778993959,1.031556191392287,25.20416169154125,0.35926001646236094,3.774758283725532e-15
a006_2,a006,3,yaw,120,35.19872645212193,4.126224765569148,30.36028941883316,0.7122122677196276,-2.4424906541753444e-15
a006_2,a006,3,hn,1,0.041279766835143485,0.00012312826221815896,0.04115686246274613,-2.2388982079570112e-07,-5.25875111346912e-18
a006_2,a006,3,hn,5,0.7258844414927843,0.0030782065554539745,0.7228467967622061,-4.0561824875766156e-05,-7.15573433840433e-18
a006_2,a006,3,hn,10,2.5050172031482,0.012312826221815898,2.4923668900459788,0.00033748688040524373,1.1394964832822652e-16
a006_2,a006,3,hn,30,14.86464989618465,0.11081543599634311,14.735245652001918,0.0185888081863898,-1.4953316362920077e-15
a006_2,a006,3,hn,60,32.90297849224101,0.44326174398537244,32.33876940550169,0.12094734275395465,-3.95516952522712e-15
a006_2,a006,3,hn,120,48.50553083986077,1.7730469759414897,46.815032291536866,-0.0825484276175819,-6.619704784327496e-15
a019_3,a019,0,yaw,1,0.11312141332792208,0.001209980548945914,0.11190875702895381,2.6757500223539006e-06,3.4143898103820847e-18
a019_3,a019,0,yaw,5,1.7531604071394304,0.03024951372364785,1.722255525094466,0.000655368321316645,-1.5504091066542713e-17
a019_3,a019,0,yaw,10,5.347751330330921,0.1209980548945914,5.21920128385142,0.007551991584909724,7.650130529057719e-16
a019_3,a019,0,yaw,30,29.609524905542482,1.0889824940513226,28.674239154272215,-0.15369674278105463,1.3877787807814457e-16
a019_3,a019,0,yaw,60,64.58131579459513,4.3559299762052905,62.37090028355379,-2.1455144651639455,-3.1086244689504383e-15
a019_3,a019,0,yaw,120,124.92412272472059,17.423719904821162,107.97272297224066,-0.4723201523412348,-5.10702591327572e-15
a019_3,a019,0,hn,1,0.1237912324701248,0.001229004473466917,0.12256011149632727,2.1165003306467695e-06,-2.6161883125369947e-17
a019_3,a019,0,hn,5,1.9270912590784237,0.030725111836672925,1.895323222143816,0.001042925097935045,-3.5670251474773096e-16
a019_3,a019,0,hn,10,5.963005396342021,0.1229004473466917,5.826505257720342,0.013599691274987393,2.203098814490545e-16
a019_3,a019,0,hn,30,32.874468762750894,1.1061040261202255,31.6661709961144,0.1021937405162678,2.4841240175987878e-15
a019_3,a019,0,hn,60,75.51395898875269,4.424416104480902,71.92841527434317,-0.8388723900713597,-1.3100631690576847e-14
a019_3,a019,0,hn,120,164.38137007742853,17.69766441792361,141.7110885938053,4.972617065699601,7.993605777301127e-15
a019_3,a019,1,yaw,1,0.10923989668193299,0.0008181636726100419,0.10842004186563253,1.6911436904151553e-06,-1.0249310420013848e-17
a019_3,a019,1,yaw,5,1.6837585333915452,0.020454091815251044,1.6630537458881132,0.00025069568818083084,9.329559694237766e-17
a019_3,a019,1,yaw,10,5.004906911719275,0.08181636726100418,4.920000315768905,0.0030902286893654545,2.7321894746634712e-17
a019_3,a019,1,yaw,30,28.13091506223754,0.7363473053490377,27.48863888309673,-0.0940711262082251,-2.345346139520643e-15
a019_3,a019,1,yaw,60,66.09617561325572,2.945389221396151,63.653256248910544,-0.5024698570509769,8.43769498715119e-15
a019_3,a019,1,yaw,120,121.77973674686447,11.781556885584603,100.62636893365318,9.371810927626676,7.105427357601002e-15
a019_3,a019,1,hn,1,0.12828416734159095,0.00042876949141191774,0.12785551501779027,-1.1716761122631827e-07,1.9402480796941826e-18
a019_3,a019,1,hn,5,1.8744745908619007,0.010719237285297945,1.8636057084869542,0.00014964508964852318,1.9217483507305566e-17
a019_3,a019,1,hn,10,5.627792186518089,0.04287694914119178,5.581913369377917,0.0030018679989813222,-8.213915658750182e-16
a019_3,a019,1,hn,30,28.64149715391179,0.38589254227072606,28.294020582791973,-0.03841597115091317,5.3915205633359164e-15
a019_3,a019,1,hn,60,61.64576540388913,1.5435701690829042,60.714534841797125,-0.612339606990909,8.326672684688674e-15
a019_3,a019,1,hn,120,107.3128766111718,6.174280676331617,100.5029031167193,0.6356928181208873,-1.1102230246251565e-16
a019_3,a019,2,yaw,1,0.1055691587508551,0.00034234342136176454,0.10522693433740457,-1.1900791124289526e-07,8.913790925100032e-18
a019_3,a019,2,yaw,5,1.5929021697229042,0.008558585534044115,1.5838160135392607,0.0005275706495992825,1.3552527156068805e-17
a019_3,a019,2,yaw,10,4.704517581554278,0.03423434213617646,4.663282582260515,0.007000657157587092,-1.2932363513407097e-15
a019_3,a019,2,yaw,30,25.081860488222503,0.30810907922558806,24.638316145536194,0.13543526346071694,4.052314039881821e-15
a019_3,a019,2,yaw,60,56.20913148021962,1.2324363169023522,54.82198941388537,0.1547057494318935,4.246603069191224e-15
a019_3,a019,2,yaw,120,95.87084078939112,4.929745267609409,87.43827383929172,3.5028216824899725,2.1760371282653068e-14
a019_3,a019,2,hn,1,0.10669694934450061,0.0007830946570833199,0.10591312596281077,7.287246065142205e-07,4.850640051570158e-18
a019_3,a019,2,hn,5,1.5881433759193828,0.019577366427083,1.5679483244138646,0.0006176850784353812,-1.9949319973733282e-16
a019_3,a019,2,hn,10,4.8039404514365405,0.078309465708332,4.717171575846875,0.008459409881333747,-2.1163626406917047e-16
a019_3,a019,2,hn,30,25.579717564588755,0.7047851913749881,24.826105267168728,0.048827106045042146,-3.4416913763379853e-15
a019_3,a019,2,hn,60,58.462976680745456,2.8191407654999523,55.87672427115903,-0.23288835591352716,3.635980405647388e-15
a019_3,a019,2,hn,120,115.25308655727453,11.27656306199981,98.20926378335272,5.767259711921996,-1.7763568394002505e-15
a019_3,a019,3,yaw,1,0.1041476940907267,0.0003896698560302627,0.10375678101902695,1.2432156694988207e-06,-4.674139561186043e-18
a019_3,a019,3,yaw,5,1.56122864087928,0.009741746400756566,1.5516362683319493,-0.0001493738534260782,1.2896584841715075e-16
a019_3,a019,3,yaw,10,4.668735556867454,0.03896698560302626,4.631763244475281,-0.001994673210854229,1.1136924715771102e-15
a019_3,a019,3,yaw,30,25.148682032275264,0.35070287042723647,25.03925865456087,-0.24127949271284702,1.8041124150158794e-15
a019_3,a019,3,yaw,60,58.664999611307245,1.4028114817089459,58.61133976127042,-1.3491516316721324,1.0658141036401503e-14
a019_3,a019,3,yaw,120,96.55958654227489,5.6112459268357835,91.50549114965318,-0.5571505342140802,6.328271240363392e-15
a019_3,a019,3,hn,1,0.11901081683155566,0.0005527311934740442,0.1184579323296091,1.5330847251440327e-07,-2.456924942629505e-19
a019_3,a019,3,hn,5,1.8511963058365932,0.013818279836851109,1.8368227164060629,0.0005553095936792102,1.0516761073109393e-17
a019_3,a019,3,hn,10,5.640629015890388,0.055273119347404434,5.577242716443522,0.008113180099462854,-1.4727802311043092e-15
a019_3,a019,3,hn,30,29.130910425498662,0.4974580741266398,28.538197124699614,0.09525522667240362,3.316791286067655e-15
a019_3,a019,3,hn,60,63.503047058345885,1.9898322965065591,61.69289573036419,-0.17968096852488505,2.1788126858268697e-14
a019_3,a019,3,hn,120,119.8350996061071,7.9593291860262365,107.61471390745126,4.261056512629616,-2.220446049250313e-14
a024_1,a024,0,yaw,1,0.1109754627180961,1.97338300277489e-05,0.11095520861295355,5.202751147871056e-07,8.803848695524384e-18
a024_1,a024,0,yaw,5,1.684369242453957,0.0004933457506937224,1.683843625445697,3.227125756632118e-05,-1.024435527727241e-16
a024_1,a024,0,yaw,10,5.058044486959317,0.0019733830027748897,5.056289170158427,-0.00021806620188514323,6.749158523722265e-18
a024_1,a024,0,yaw,30,18.380333122242583,0.017760447024974008,18.384232962823923,-0.021660287606312955,1.7694179454963432e-16
a024_1,a024,0,yaw,60,18.94622094455115,0.07104178809989603,18.730870025286745,0.14430913116451113,-2.7478019859472624e-15
a024_1,a024,0,yaw,120,27.735803437185748,0.2841671523995841,26.45545056271773,0.9961857220684388,-2.9976021664879227e-15
a024_1,a024,0,hn,1,0.1256141706130089,3.247168393542455e-05,0.12558102116411873,6.77764954742401e-07,5.199723504957336e-19
a024_1,a024,0,hn,5,1.9400082010544824,0.0008117920983856137,1.9391656842391574,3.072471693924406e-05,7.915353485501986e-17
a024_1,a024,0,hn,10,5.911991942438365,0.0032471683935424546,5.909449669934096,-0.0007048958892728269,-8.664943762504151e-16
a024_1,a024,0,hn,30,22.72659640008273,0.029224515541882094,22.733704894123022,-0.03633300958217374,1.4016565685892601e-15
a024_1,a024,0,hn,60,21.433659865469135,0.11689806216752838,21.127694253279845,0.18906755002176506,-3.941291737419306e-15
a024_1,a024,0,hn,120,32.42481965500373,0.4675922486701135,30.52997469764052,1.4272527086931008,-8.881784197001252e-16
a024_1,a024,1,yaw,1,0.11815815648000784,0.00043879981132440043,0.1177168974868685,2.459181814953829e-06,-1.9398748558017986e-17
a024_1,a024,1,yaw,5,1.764023002408864,0.010969995283110011,1.7529331579173677,0.00011984920838605048,2.0742142812363307e-16
a024_1,a024,1,yaw,10,5.260833112424589,0.043879981132440044,5.216755741619132,0.00019738967301698358,-4.59918561568351e-16
a024_1,a024,1,yaw,30,19.273535069966453,0.3949198301919604,18.988655069939874,-0.11003983016537787,-2.5673907444456745e-15
a024_1,a024,1,yaw,60,20.450262697141774,1.5796793207678417,18.934488959196457,-0.06390558282252527,7.077671781985373e-16
a024_1,a024,1,yaw,120,43.88971530404247,6.318717283071367,33.495263659784996,4.0757343611861,7.105427357601002e-15
a024_1,a024,1,hn,1,0.14053277860769736,6.352591670255288e-05,0.14046842812993282,8.245610620010985e-07,-1.6068850284124518e-17
a024_1,a024,1,hn,5,2.167547690455431,0.0015881479175638218,2.165927515661377,3.202687648985834e-05,9.616195643588621e-17
a024_1,a024,1,hn,10,6.566691134793609,0.006352591670255287,6.561097350628065,-0.0007588075047122627,1.8214596497756474e-17
a024_1,a024,1,hn,30,25.032177859608414,0.057173325032297585,25.03381057153183,-0.05880603695571352,-1.9914625504213745e-15
a024_1,a024,1,hn,60,25.992945355033875,0.22869330012919034,25.597103838337805,0.16714821656688006,-8.881784197001252e-16
a024_1,a024,1,hn,120,40.38255849580768,0.9147732005167614,37.439071515680226,2.0287137796106913,-8.881784197001252e-16
a024_1,a024,2,yaw,1,0.10662238030984142,0.00019653872709876513,0.1064239198267868,1.921755955850048e-06,5.371882951486773e-18
a024_1,a024,2,yaw,5,1.552125818978017,0.004913468177469128,1.5471078646699365,0.00010448613061108206,1.2120025035672333e-16
a024_1,a024,2,yaw,10,4.594257664372439,0.01965387270987651,4.5751225575835015,-0.0005187659209395868,7.806255641895632e-18
a024_1,a024,2,yaw,30,16.499368242708176,0.17688485438888862,16.38308024936702,-0.06059686104773278,1.5681900222830336e-15
a024_1,a024,2,yaw,60,16.332605431476484,0.7075394175555545,15.414521980614465,0.210544033306465,-1.1379786002407855e-15
a024_1,a024,2,yaw,120,27.896265313603774,2.830157670222218,23.661961338290073,1.404146305091484,-4.440892098500626e-16
a024_1,a024,2,hn,1,0.12931548371131826,0.0001149355164710765,0.1291994466738291,1.1015210180791344e-06,1.3997854728087754e-17
a024_1,a024,2,hn,5,2.035326203000459,0.002873387911776913,2.0324233569351087,2.9458153573426394e-05,-6.79354305015839e-17
a024_1,a024,2,hn,10,6.3492819387138635,0.011493551647107652,6.3386982159517675,-0.0009098288850109504,-3.9302328752599536e-16
a024_1,a024,2,hn,30,24.558851298833346,0.10344196482396886,24.538350385981115,-0.08294105197174266,5.592748486549226e-15
a024_1,a024,2,hn,60,24.96562845908141,0.41376785929587545,24.449419674945403,0.10244092484013542,-4.191091917959966e-15
a024_1,a024,2,hn,120,39.91571276477537,1.6550714371835018,36.18410467363404,2.076536653957828,3.1086244689504383e-15
a024_1,a024,3,yaw,1,0.11490363804192694,0.00021005096484106477,0.11469116743795735,2.4196391285131988e-06,4.304621437946354e-18
a024_1,a024,3,yaw,5,1.764277409233663,0.005251274121026619,1.758826618360794,0.00019951675184282094,-3.330940124418591e-16
a024_1,a024,3,yaw,10,5.301451435081559,0.021005096484106475,5.280166829122964,0.00027950947448804455,2.485533480423019e-16
a024_1,a024,3,yaw,30,19.901765034199396,0.18904586835695825,19.738848855126943,-0.026129689284507013,1.0269562977782698e-15
a024_1,a024,3,yaw,60,19.00786548162579,0.756183473427833,17.637566992815383,0.6141150153825737,-3.3306690738754696e-16
a024_1,a024,3,yaw,120,34.93017628771338,3.024733893711332,29.185041831526668,2.7204005624753895,-9.769962616701378e-15
a024_1,a024,3,hn,1,0.12665645463581024,8.781042828211226e-05,0.12656826124395104,3.8296357711435267e-07,-4.189334959869124e-17
a024_1,a024,3,hn,5,2.043630794253888,0.0021952607070528066,2.041469384655894,-3.385110905913364e-05,1.7592535501292916e-16
a024_1,a024,3,hn,10,6.432149128704397,0.008781042828211226,6.424220811733748,-0.000852725857561642,-4.4994390158148434e-17
a024_1,a024,3,hn,30,24.00661137411658,0.07902938545390104,24.002931244582886,-0.07534925592020349,-1.6514567491299204e-15
a024_1,a024,3,hn,60,20.541648229030837,0.31611754181560414,20.433234723498874,-0.2077040362836383,-2.3592239273284576e-15
a024_1,a024,3,hn,120,29.9847293762562,1.2644701672624166,27.647690608815402,1.0725686001783856,-3.552713678800501e-15
a024_3,a024,0,yaw,1,0.05005146967867705,0.00022843520626822253,0.04982171635600227,1.3181164065526665e-06,5.489832289391934e-18
a024_3,a024,0,yaw,5,0.7835594119176272,0.005710880156705565,0.7778586852253698,-1.015346444807095e-05,-3.288351307830645e-17
a024_3,a024,0,yaw,10,2.4063019809865556,0.02284352062682226,2.3839036247316714,-0.00044516437193760355,-2.6373217845709895e-16
a024_3,a024,0,yaw,30,10.637084212899676,0.2055916856414003,10.528462005867322,-0.09696947860904569,3.191891195797325e-16
a024_3,a024,0,yaw,60,18.616464099124045,0.8223667425656012,18.361932581479344,-0.5678352249209037,1.6653345369377348e-15
a024_3,a024,0,yaw,120,18.516734464709952,3.2894669702624046,13.716019130544682,1.5112483639028687,-3.3306690738754696e-15
a024_3,a024,0,hn,1,0.051528410401591784,0.00019385133791348955,0.05133343407348035,1.1249901979396064e-06,3.0482598189314133e-18
a024_3,a024,0,hn,5,0.7878147483668332,0.004846283447837239,0.7829439798558359,2.4485063160045177e-05,6.161317658327781e-17
a024_3,a024,0,hn,10,2.376430029409357,0.019385133791348957,2.3558701990062203,0.0011746966117877802,2.5955800009302976e-16
a024_3,a024,0,hn,30,9.886222949314003,0.1744662041221406,9.771565262928721,-0.05980851773685809,-4.85722573273506e-17
a024_3,a024,0,hn,60,16.5917051859409,0.6978648164885624,16.337154606422885,-0.4433142369705515,2.55351295663786e-15
a024_3,a024,0,hn,120,16.65437887251723,2.7914592659542494,12.321279472498183,1.5416401340647976,1.7763568394002505e-15
a024_3,a024,1,yaw,1,0.046560221970275435,0.0003801975852857799,0.046178036110500566,1.988274489083251e-06,9.305503958535744e-18
a024_3,a024,1,yaw,5,0.7280069267127669,0.009504939632144497,0.7184431554492982,5.883163132418379e-05,6.827763181227464e-17
a024_3,a024,1,yaw,10,2.242547206389891,0.03801975852857799,2.205134210497765,-0.0006067626364520825,-1.3660947373317356e-17
a024_3,a024,1,yaw,30,10.217986609188621,0.3421778267572019,9.997729977385148,-0.12192119495372851,-1.4849232954361469e-15
a024_3,a024,1,yaw,60,19.547998014995333,1.3687113070288075,18.959860372946384,-0.7805736649798583,0.0
a024_3,a024,1,yaw,120,22.92701311204053,5.47484522811523,15.3497851803203,2.102382703605001,-2.220446049250313e-15
a024_3,a024,1,hn,1,0.05503069626089179,0.00033073633149008304,0.0546982025263458,1.7574030559018392e-06,4.320079789233745e-18
a024_3,a024,1,hn,5,0.8306546282510134,0.008268408287252076,0.822368344375351,1.7875588410530536e-05,-1.54027859260511e-16
a024_3,a024,1,hn,10,2.4484163885564025,0.033073633149008304,2.4158220086479023,-0.0004792532405086695,6.543160110950019e-16
a024_3,a024,1,hn,30,10.18236298980173,0.2976626983410747,9.991160433913608,-0.1064601424529524,-3.608224830031759e-16
a024_3,a024,1,hn,60,18.27945607885466,1.190650793364299,17.720038533318114,-0.6312332478277571,5.995204332975845e-15
a024_3,a024,1,hn,120,22.13231762777907,4.762603173457196,15.537663144015653,1.8320513103062155,4.218847493575595e-15
a024_3,a024,2,yaw,1,0.04681576285041456,0.0005951708311583183,0.0462176689982194,2.9230210368421755e-06,-1.3417001884508117e-18
a024_3,a024,2,yaw,5,0.7273696008750148,0.01487927077895796,0.7123803083618487,0.00011002173420800186,4.153849573335089e-17
a024_3,a024,2,yaw,10,2.2351443946904235,0.05951708311583184,2.1753425830007007,0.0002847285738906956,2.9002408113987244e-17
a024_3,a024,2,yaw,30,9.953432822898474,0.5356537480424866,9.56298819162909,-0.14520911677310464,1.970645868709653e-15
a024_3,a024,2,yaw,60,17.22608214633714,2.142614992169946,16.088265922323995,-1.004798768156802,2.4424906541753444e-15
a024_3,a024,2,yaw,120,20.940989472707717,8.570459968679785,11.187587296302212,1.182942207725721,-1.1102230246251565e-15
a024_3,a024,2,hn,1,0.05298394662084716,0.0003028609626241518,0.05267945097459612,1.6346836268882694e-06,3.2949581648192283e-18
a024_3,a024,2,hn,5,0.7954358921007018,0.007571524065603796,0.7878536346258562,1.0733409241747592e-05,-1.0989405457677293e-17
a024_3,a024,2,hn,10,2.3983843827530906,0.030286096262415185,2.3684261459903517,-0.0003278594996768724,5.86173904554288e-16
a024_3,a024,2,hn,30,9.93483037014594,0.2725748663617366,9.793768661526988,-0.13151315774278044,-3.7192471324942744e-15
a024_3,a024,2,hn,60,16.05742819839373,1.0902994654469464,15.903110854307785,-0.9359821213610013,-8.881784197001252e-16
a024_3,a024,2,hn,120,15.271518142110171,4.361197861787786,11.160165911306542,-0.24984563098415707,-8.326672684688674e-16
a024_3,a024,3,yaw,1,0.04787827233150062,0.00020254936242526393,0.04767456978477012,1.1531843052378447e-06,-3.31105179081706e-18
a024_3,a024,3,yaw,5,0.737274169717907,0.0050637340606316,0.732235557288918,-2.5121631642515804e-05,-7.260088797506059e-17
a024_3,a024,3,yaw,10,2.227742067662781,0.0202549362425264,2.207697844214363,-0.00021071279410921496,5.454621129774573e-16
a024_3,a024,3,yaw,30,9.29429269755826,0.18229442618273756,9.211891591649714,-0.09989332027419044,-5.134781488891349e-16
a024_3,a024,3,yaw,60,15.111723116329237,0.7291777047309502,15.02223551939805,-0.6396901077997625,-1.1102230246251565e-15
a024_3,a024,3,yaw,120,15.210341287106067,2.916710818923801,11.875603672897201,0.41802679528506786,-4.052314039881821e-15
a024_3,a024,3,hn,1,0.0548608416214864,0.00027297914438355873,0.05458638326161114,1.47921549169328e-06,6.2680438096818225e-18
a024_3,a024,3,hn,5,0.8918903765264722,0.006824478609588968,0.8849891744593003,7.672345758308551e-05,-1.687425156202127e-16
a024_3,a024,3,hn,10,2.7409210741749606,0.027297914438355872,2.7130593594418335,0.0005638002947713756,-3.870601755773251e-16
a024_3,a024,3,hn,30,11.708146026141678,0.24568122994520286,11.543637351172812,-0.08117255497633577,-1.582067810090848e-15
a024_3,a024,3,hn,60,19.985394085585,0.9827249197808114,19.557699325289096,-0.5550301594849105,3.1086244689504383e-15
a024_3,a024,3,hn,120,19.67173780420441,3.930899679123246,13.787764544265352,1.9530735808158086,4.440892098500626e-15
a029_1,a029,0,yaw,1,0.13573660919124508,0.0006022223914973595,0.135131894560797,2.492238950741739e-06,-8.283982224147057e-19
a029_1,a029,0,yaw,5,2.944713642710946,0.015055559787433987,2.929328139934715,0.0003299429887969951,7.665309359472516e-17
a029_1,a029,0,yaw,10,10.004152753844055,0.06022223914973595,9.94152280862383,0.0024077060704881816,8.313662258618848e-16
a029_1,a029,0,yaw,30,49.39535171203216,0.5420001523476234,48.81089069718456,0.04246086249997522,-3.1710745140856034e-15
a029_1,a029,0,yaw,60,86.50993368362829,2.1680006093904938,84.13261537164531,0.2093177025924589,2.7033930649622562e-14
a029_1,a029,0,yaw,120,74.40306529025139,8.672002437561975,57.61683737918969,8.114225473499713,1.5987211554602254e-14
a029_1,a029,0,hn,1,0.1340992163569735,0.0005699453304819209,0.13352690498295394,2.3660435376839937e-06,-3.463983589443824e-17
a029_1,a029,0,hn,5,2.895292321357674,0.014248633262048022,2.8807193355773983,0.0003243525182273734,1.1525069093520912e-16
a029_1,a029,0,hn,10,9.688873375921812,0.05699453304819209,9.629825345242626,0.002053497630994419,-1.470178145890344e-16
a029_1,a029,0,hn,30,45.8219731086001,0.5129507974337288,45.268772725292415,0.04024958587395259,-1.2559397966072083e-15
a029_1,a029,0,hn,60,77.787183649287,2.0518031897349154,76.04501425898374,-0.3096337994316763,2.4924506902834764e-14
a029_1,a029,0,hn,120,57.64400715600375,8.207212758939662,44.4916996691443,4.945094727919791,-3.552713678800501e-15
a029_1,a029,1,yaw,1,0.12916585066610337,0.0018370870496247254,0.12732051488995216,8.248726526440945e-06,2.5409294351734502e-17
a029_1,a029,1,yaw,5,2.7658242985203185,0.04592717624061813,2.7188151612252427,0.0010819610544577033,1.9949319973733282e-16
a029_1,a029,1,yaw,10,9.280718943137352,0.18370870496247252,9.088489318844385,0.008520919330495388,-2.411265631607762e-16
a029_1,a029,1,yaw,30,44.95475346706452,1.6533783446622525,43.05998573968719,0.2413893827150768,4.718447854656915e-16
a029_1,a029,1,yaw,60,82.81177976350642,6.61351337864901,75.39834948771511,0.799916897142303,7.327471962526033e-15
a029_1,a029,1,yaw,120,102.86680020410587,26.45405351459604,62.1477335770933,14.26501311241653,3.552713678800501e-15
a029_1,a029,1,hn,1,0.13904270737264793,0.0005367007840463332,0.13850391459886446,2.0919897371356066e-06,-4.0403471584030126e-19
a029_1,a029,1,hn,5,2.96487154020579,0.01341751960115833,2.951158571520223,0.0002954490844085936,1.1183545409187978e-16
a029_1,a029,1,hn,10,9.924114719774499,0.05367007840463332,9.868417084876759,0.002027556493107914,-3.178880769727499e-16
a029_1,a029,1,hn,30,46.07687887819229,0.4830307056416999,45.529530464384294,0.06431770816630397,-1.1296519275560968e-14
a029_1,a029,1,hn,60,78.71763630778887,1.9321228225667997,76.51906710291883,0.26644638230325335,-9.880984919163893e-15
a029_1,a029,1,hn,120,58.24297220220768,7.728491290267199,42.92662248356028,7.587858428380203,-1.7763568394002505e-15
a029_1,a029,2,yaw,1,0.13773314791784627,0.000272876490012878,0.13745923424514378,1.0371826896072663e-06,1.5451363265576133e-17
a029_1,a029,2,yaw,5,2.9873788335719893,0.00682191225032195,2.9804144511418733,0.00014247017979405062,2.3554292197247584e-17
a029_1,a029,2,yaw,10,10.159644411947054,0.0272876490012878,10.131253184411335,0.0011035785344287745,2.7740396785214116e-15
a029_1,a029,2,yaw,30,50.566907698660025,0.2455888410115902,50.30986529727076,0.011453560377681637,-7.216449660063518e-15
a029_1,a029,2,yaw,60,91.88960322563032,0.9823553640463608,90.91276565855216,-0.005517796968212946,2.0844437287337314e-14
a029_1,a029,2,yaw,120,68.10569075047094,3.9294214561854433,59.87803203906257,4.29823725522293,6.217248937900877e-15
a029_1,a029,2,hn,1,0.13452463151716001,0.0004822022450138576,0.13404052560237079,1.903669775404408e-06,-3.2811091761316205e-17
a029_1,a029,2,hn,5,2.8877953479175815,0.01205505612534644,2.8754742099057675,0.00026608188646744143,2.647079604123359e-16
a029_1,a029,2,hn,10,9.77596739538158,0.04822022450138576,9.725908883527728,0.0018382873524647255,1.768984264627349e-15
a029_1,a029,2,hn,30,47.82449730141323,0.4339820205124719,47.35609436214861,0.03442091875216338,-1.6237011735142914e-14
a029_1,a029,2,hn,60,82.78016171079167,1.7359280820498877,81.15657869180856,-0.11234506306677333,4.274358644806853e-15
a029_1,a029,2,hn,120,63.94945388202602,6.943712328199551,51.33058214816789,5.67515940565858,-4.440892098500626e-15
a029_1,a029,3,yaw,1,0.1485109001257598,0.0008245287686390194,0.14768267112475408,3.7002323666834116e-06,-6.586104681375812e-18
a029_1,a029,3,yaw,5,3.2293994136486566,0.02061321921597549,3.2083024709066876,0.0004837235259938439,-4.924446267429161e-16
a029_1,a029,3,yaw,10,11.05469223799584,0.08245287686390196,10.969002092013396,0.003237269118543145,-1.9810542095655137e-15
a029_1,a029,3,yaw,30,56.159741957198456,0.7420758917751175,55.39247533787349,0.025190727549838213,9.978129433818594e-15
a029_1,a029,3,yaw,60,98.48513332616447,2.96830356710047,96.41271453221128,-0.8958847731472691,-3.885780586188048e-15
a029_1,a029,3,yaw,120,69.76872887907086,11.87321426840188,53.71635048457033,4.179164126098662,-7.105427357601002e-15
a029_1,a029,3,hn,1,0.13320028628410854,0.0003279496435019343,0.1328710615520765,1.2750885300559878e-06,3.8959915683671985e-17
a029_1,a029,3,hn,5,2.8666954323713725,0.008198741087548356,2.858317442379242,0.00017924890458210967,-1.2405983358665384e-16
a029_1,a029,3,hn,10,9.63566030848067,0.032794964350193426,9.601583579948318,0.001281764182156885,1.1999949645069563e-15
a029_1,a029,3,hn,30,46.260159341120506,0.2951546791517408,45.964070101279304,0.000934560689457617,7.909254848281755e-16
a029_1,a029,3,hn,60,80.95418065957503,1.1806187166069633,80.10582067168846,-0.33225872872039597,5.773159728050814e-15
a029_1,a029,3,hn,120,60.906899410436544,4.722474866427853,52.7612089098391,3.4232156341696056,-1.1546319456101628e-14
a029_2,a029,0,yaw,1,0.024826103396505757,0.00014710882274963588,0.024678617993908834,3.765798472831783e-07,4.910514693029196e-18
a029_2,a029,0,yaw,5,0.3972712319983708,0.003677720568740896,0.3934842616697057,0.0001092497599242072,5.3939058081153846e-18
a029_2,a029,0,yaw,10,1.192734378657216,0.014710882274963585,1.1772256796850467,0.0007978166972058828,-8.294146619514109e-17
a029_2,a029,0,yaw,30,5.517968436078765,0.1323979404746723,5.351070719137584,0.03449977646650932,-1.061650767297806e-15
a029_2,a029,0,yaw,60,11.978470518960796,0.5295917618986892,11.080454804730516,0.368423952331589,5.551115123125783e-16
a029_2,a029,0,yaw,120,13.301073789106495,2.1183670475947567,9.86558654676205,1.3171201947496882,-6.661338147750939e-16
a029_2,a029,0,hn,1,0.023686198598241184,1.7240219206754036e-06,0.023684470427037693,4.1492828108687575e-09,5.771307789773316e-18
a029_2,a029,0,hn,5,0.3682106149131082,4.310054801688509e-05,0.3681663286400167,1.18572507458495e-06,4.115944848945459e-17
a029_2,a029,0,hn,10,1.09538750795523,0.00017240219206754036,1.0952330521779936,-1.79464148312385e-05,1.336821278674627e-16
a029_2,a029,0,hn,30,5.108524264293316,0.0015516197286078632,5.107757543776815,-0.0007848992121059829,-9.102961440188295e-16
a029_2,a029,0,hn,60,10.627116157477634,0.006206478914431453,10.61044703466672,0.010462643896484405,-2.96637714392034e-15
a029_2,a029,0,hn,120,8.638292591833078,0.024825915657725812,8.489307270452397,0.12415940572295532,9.298117831235686e-16
a029_2,a029,1,yaw,1,0.0263327850983689,2.0957619807503657e-05,0.026311786720839538,4.075772186251365e-08,-1.8011824751117675e-18
a029_2,a029,1,yaw,5,0.4112868897881418,0.0005239404951875914,0.41073818014984315,2.4769143111215464e-05,-1.568637255679184e-16
a029_2,a029,1,yaw,10,1.228061909950996,0.0020957619807503657,1.2258128243335067,0.00015332363673875606,5.526720574244859e-17
a029_2,a029,1,yaw,30,5.561287474600991,0.01886185782675329,5.537415657168098,0.005009959606139775,-7.28583859910259e-17
a029_2,a029,1,yaw,60,10.831347889030095,0.07544743130701316,10.719982533694656,0.03591792402842693,-2.067790383364354e-15
a029_2,a029,1,yaw,120,8.9186789406333,0.30178972522805264,8.734474315093673,-0.11758509968842623,-2.220446049250313e-16
a029_2,a029,1,hn,1,0.027942437965565337,1.6841635781644473e-06,0.02794075750237534,-3.700388164727634e-09,-1.2948383387981513e-18
a029_2,a029,1,hn,5,0.43591694885507093,4.210408945411118e-05,0.43587226612363345,2.5786419832511776e-06,1.3502086344059812e-16
a029_2,a029,1,hn,10,1.2959281020451106,0.00016841635781644472,1.295720099707535,3.9585979759005725e-05,5.4582803121067114e-17
a029_2,a029,1,hn,30,5.901315372954767,0.0015157472203480024,5.897962986050537,0.0018366396838813916,4.2175464509686122e-16
a029_2,a029,1,hn,60,12.21654388770986,0.00606298888139201,12.207396377499645,0.003084521328823383,-2.962040335230398e-16
a029_2,a029,1,hn,120,10.240631550724277,0.02425195552556804,10.264831710279214,-0.04845211508050435,-4.85722573273506e-17
a029_2,a029,2,yaw,1,0.023398062336679442,3.0622174878819724e-05,0.02336739806570867,4.20960919490897e-08,3.4584553759740096e-18
a029_2,a029,2,yaw,5,0.3615377273391951,0.000765554371970493,0.3607399529387319,3.22200284926863e-05,-6.390016554086442e-18
a029_2,a029,2,yaw,10,1.0698240949236242,0.003062217487881972,1.0665776331756214,0.00018424426012069754,6.079663682212466e-17
a029_2,a029,2,yaw,30,4.895947479278699,0.02755995739093775,4.858670576351549,0.00971694553621324,-3.0010716134398763e-16
a029_2,a029,2,yaw,60,10.244627520522808,0.110239829563751,10.004772851476565,0.12961483948249117,1.3600232051658168e-15
a029_2,a029,2,yaw,120,8.782120877411932,0.440959318255004,7.9809231492451245,0.36023840991180395,-5.551115123125783e-17
a029_2,a029,2,hn,1,0.02193875416063432,1.0065449203359938e-05,0.021928693657848126,-4.946417166551708e-09,1.7988489986037555e-18
a029_2,a029,2,hn,5,0.3393934683213751,0.00025163623008399847,0.3391283180160255,1.3514075265624614e-05,-5.295649986233886e-18
a029_2,a029,2,hn,10,1.007124595449009,0.0010065449203359939,1.0060445935200344,7.345700863853708e-05,-5.926520125348889e-17
a029_2,a029,2,hn,30,4.494726058544631,0.009058904283023944,4.4820645129362156,0.00360264132539263,-8.4350929019372245e-16
a029_2,a029,2,hn,60,9.243501743715532,0.036235617132095777,9.162297536106427,0.04496859047700981,-1.2906342661267445e-15
a029_2,a029,2,hn,120,8.358421843841962,0.1449424685283831,8.1881897346273,0.025289640686277027,1.1206313654810174e-15
a029_2,a029,3,yaw,1,0.022595997841214518,2.08050245626049e-05,0.022575071524704345,1.2129194756450285e-07,4.543749426868084e-18
a029_2,a029,3,yaw,5,0.338739367955232,0.0005201256140651226,0.33821142502365853,7.817317508356161e-06,1.7838513869175565e-17
a029_2,a029,3,yaw,10,0.9904976057945999,0.0020805024562604905,0.9882404730462587,0.00017663029208062235,8.155910842522207e-17
a029_2,a029,3,yaw,30,4.398278508043239,0.01872452210634441,4.3796868473069885,-0.00013286137009452614,3.6448166533531445e-16
a029_2,a029,3,yaw,60,9.044250240356776,0.07489808842537764,9.043316008170533,-0.07396385623913411,-1.4849232954361469e-15
a029_2,a029,3,yaw,120,7.38175572054469,0.29959235370151055,7.466802762895896,-0.3846393960527171,2.7755575615628914e-16
a029_2,a029,3,hn,1,0.022294428727617267,3.31397282576155e-05,0.022261177019211126,1.1198014852695262e-07,-1.5546760351260649e-18
a029_2,a029,3,hn,5,0.3385997418966005,0.0008284932064403875,0.3377546858639362,1.656282622394619e-05,-2.5831116759467143e-17
a029_2,a029,3,hn,10,1.005891043509272,0.00331397282576155,1.0026425036072546,-6.543292374421967e-05,5.102526474259905e-17
a029_2,a029,3,hn,30,4.46807961145309,0.029825755431853947,4.442282523179051,-0.0040286671578137,-5.473052566706826e-16
a029_2,a029,3,hn,60,9.06874256441745,0.11930302172741579,8.877030634268056,0.0724089084219766,2.1788126858268697e-15
a029_2,a029,3,hn,120,8.637526969902018,0.47721208690966316,7.419515017990704,0.7407998650016512,-4.440892098500626e-16
a032_1,a032,0,yaw,1,0.07651342786163898,0.0003982859850937591,0.07611182301400336,3.3188625418672144e-06,-7.679200699807487e-18
a032_1,a032,0,yaw,5,1.6419653843730142,0.009957149627343979,1.631698099944439,0.0003101348012310231,7.583994196536104e-17
a032_1,a032,0,yaw,10,5.926542404390997,0.039828598509375916,5.885335929258687,0.0013778766229323805,7.13621869929959e-16
a032_1,a032,0,yaw,30,38.19566531760606,0.3584573865843832,37.8374320617217,-0.00022413070003334107,7.203845809808374e-15
a032_1,a032,0,yaw,60,92.5575024913377,1.4338295463375328,91.08759573446581,0.03607721053437696,-1.84297022087776e-14
a032_1,a032,0,yaw,120,105.39962105300545,5.735318185350131,96.84912907171832,2.8151737959370307,-3.108624468950438e-14
a032_1,a032,0,hn,1,0.08249364082264304,0.00012826877836630694,0.08236400051740575,1.3715268709939978e-06,-2.7069055411879303e-18
a032_1,a032,0,hn,5,1.7151475461318983,0.003206719459157673,1.7118226979205946,0.00011812875214611589,2.3987973066241786e-18
a032_1,a032,0,hn,10,6.112188673828542,0.012826877836630692,6.0987552131903415,0.0006065828015692918,7.074419175467916e-16
a032_1,a032,0,hn,30,38.33115364224862,0.11544190052967623,38.24145119067112,-0.025739448952177495,4.5449755070592346e-15
a032_1,a032,0,hn,60,89.22496955380302,0.46176760211870493,88.64116093249643,0.12204101918788814,1.6514567491299204e-15
a032_1,a032,0,hn,120,89.77924632309326,1.8470704084748197,84.05553940316103,3.8766365114574035,2.220446049250313e-15
a032_1,a032,1,yaw,1,0.07642463853909787,0.0004593120475487049,0.07596159261496113,3.7338765880055893e-06,2.4560143822112065e-17
a032_1,a032,1,yaw,5,1.6153037870961682,0.01148280118871762,1.6034789959992612,0.00034198990818919763,1.4642150339416737e-16
a032_1,a032,1,yaw,10,5.818280705645592,0.04593120475487048,5.77044073304652,0.001908767844201772,2.5370330836160804e-17
a032_1,a032,1,yaw,30,37.351189575253095,0.4133808427938344,36.93070573471874,0.0071029977405191605,-1.6800796864835377e-15
a032_1,a032,1,yaw,60,91.2869505225143,1.6535233711753377,89.49293105383136,0.1404960975075945,1.3433698597964394e-14
a032_1,a032,1,yaw,120,97.70271242404618,6.614093484701351,88.14905782545826,2.9395611138865614,7.549516567451064e-15
a032_1,a032,1,hn,1,0.09039982143652647,0.0001982309624366803,0.09019963656374262,1.9539103471750953e-06,-3.4673293695854784e-18
a032_1,a032,1,hn,5,1.8815245560769662,0.004955774060917007,1.8764001617022423,0.00016862031380680524,1.278545411903531e-16
a032_1,a032,1,hn,10,6.701302137166809,0.01982309624366803,6.680822967759762,0.0006560731633784331,2.4557179206796675e-16
a032_1,a032,1,hn,30,42.1528016354098,0.17840786619301224,42.007966091198476,-0.03357232198169624,9.2148511043888e-15
a032_1,a032,1,hn,60,97.23684473990053,0.713631464772049,96.45792079345522,0.06529248167328061,-1.27675647831893e-14
a032_1,a032,1,hn,120,103.22193438947464,2.854525859088196,95.881795940841,4.48561258954545,-1.0658141036401503e-14
a032_1,a032,2,yaw,1,0.07429664260523354,0.00010813068745409866,0.0741872907785582,1.2211392212614383e-06,-2.0097550739502784e-17
a032_1,a032,2,yaw,5,1.5816824564636747,0.002703267186352467,1.5788757953153791,0.00010339396194285713,1.7527483370943786e-16
a032_1,a032,2,yaw,10,5.694613152531729,0.010813068745409868,5.683531716074085,0.00026836771223336033,7.917928465661639e-16
a032_1,a032,2,yaw,30,36.17894519641766,0.0973176187086888,36.103178393059444,-0.021550815350472846,-2.7755575615628914e-17
a032_1,a032,2,yaw,60,87.35761004479691,0.3892704748347552,87.07186550494889,-0.10352593498674952,1.494637746901617e-14
a032_1,a032,2,yaw,120,90.38538719455217,1.5570818993390207,87.37505000172358,1.453255293489542,1.9984014443252818e-14
a032_1,a032,2,hn,1,0.08841236418763723,9.8891844998749e-05,0.08831233272556745,1.1396170710211102e-06,9.275222530671402e-18
a032_1,a032,2,hn,5,1.8539905832137322,0.002472296124968726,1.8514234700014967,9.481708726680504e-05,-3.085910433436867e-17
a032_1,a032,2,hn,10,6.602009086823795,0.009889184499874904,6.5917924306606395,0.0003274716632817871,-1.388429302084937e-15
a032_1,a032,2,hn,30,41.102301831092895,0.08900266049887412,41.03684347248267,-0.02354430188864559,-1.0047518372857667e-14
a032_1,a032,2,hn,60,96.96352856951674,0.3560106419954965,96.4436329570383,0.16388497048293682,2.886579864025407e-15
a032_1,a032,2,hn,120,92.65887407641463,1.424042567981986,87.50445647312996,3.7303750353026657,1.9984014443252818e-14
a032_1,a032,3,yaw,1,0.07237931737293281,0.0004896865209843037,0.07188565737484863,3.973477099879307e-06,-1.4755313941169912e-18
a032_1,a032,3,yaw,5,1.5295180359013911,0.012242163024607594,1.5169386582313322,0.000337214645451492,-2.6942423986264785e-16
a032_1,a032,3,yaw,10,5.503777031641744,0.048968652098430376,5.452026537562441,0.002781841980873144,-8.647596527744383e-16
a032_1,a032,3,yaw,30,34.95882524710501,0.4407178688858734,34.415027331082285,0.10308004713685025,-8.743006318923108e-16
a032_1,a032,3,yaw,60,84.94472715526055,1.7628714755434935,82.94303004211645,0.23882563760060577,6.827871601444713e-15
a032_1,a032,3,yaw,120,90.30501526634664,7.051485902173974,86.8823139171499,-3.628784552977244,7.105427357601002e-15
a032_1,a032,3,hn,1,0.07270473840852404,0.0002435887340325399,0.07245882867420231,2.321000289188264e-06,-3.3483212404962492e-18
a032_1,a032,3,hn,5,1.4979328927084574,0.006089718350813499,1.4916447730517308,0.00019840130591341934,-3.3198270521506146e-16
a032_1,a032,3,hn,10,5.362151661665679,0.024358873403253996,5.336790079315332,0.001002708947093637,-8.805890044927267e-16
a032_1,a032,3,hn,30,34.211329157349404,0.2192298606292859,34.000228887545944,-0.008129590825828417,4.3211961786582265e-15
a032_1,a032,3,hn,60,81.8805483940742,0.8769194425171436,80.8356583998262,0.16797055173086628,-1.9984014443252818e-14
a032_1,a032,3,hn,120,79.21313053020693,3.5076777700685744,72.91559107264754,2.7898616874908035,9.325873406851315e-15
a032_3,a032,0,yaw,1,0.17181304864426508,0.0013793275850611493,0.17043062457224126,3.0964869626177173e-06,5.4900440476287476e-17
a032_3,a032,0,yaw,5,2.7857085603692053,0.034483189626528736,2.7508046062550866,0.0004207644875898579,3.504683522559393e-16
a032_3,a032,0,yaw,10,9.339493640321574,0.13793275850611494,9.197191983273829,0.0043688985416301465,1.547373340571312e-15
a032_3,a032,0,yaw,30,57.77679470617493,1.2413948265550345,56.650966492088145,-0.11556661246823577,-1.3961054534661343e-14
a032_3,a032,0,yaw,60,127.45938309103094,4.965579306220138,123.90188032389294,-1.4080765390821206,-1.0658141036401503e-14
a032_3,a032,0,yaw,120,124.30260371141236,19.862317224880552,108.56850616793719,-4.1282196814053815,-1.7763568394002505e-15
a032_3,a032,0,hn,1,0.33401853311282165,0.0008156632223142932,0.33320099129495284,1.8785955545478851e-06,-4.257166417076432e-17
a032_3,a032,0,hn,5,6.288656550732633,0.020391580557857336,6.267929991670113,0.00033497850466169117,1.8833133837159455e-15
a032_3,a032,0,hn,10,21.893655401955865,0.08156632223142934,21.810088288831487,0.002000790892948064,1.957635442639827e-15
a032_3,a032,0,hn,30,138.0334077969895,0.734096900082864,137.24314708723594,0.05616380967071831,-2.541022947610827e-14
a032_3,a032,0,hn,60,305.2206555787377,2.936387600331456,302.2383536064517,0.045914371954603996,-5.171557626582057e-14
a032_3,a032,0,hn,120,300.126346877702,11.745550401325824,283.76208340115716,4.618713075219026,7.993605777301127e-15
a032_3,a032,1,yaw,1,0.19127114690958916,0.001549353950229081,0.18971756609831972,4.226861040371699e-06,-2.550162094298522e-17
a032_3,a032,1,yaw,5,3.1255158418296687,0.038733848755727024,3.0861256220761812,0.0006563709977610502,-7.696751222474596e-16
a032_3,a032,1,yaw,10,10.534704004123888,0.1549353950229081,10.375475595704744,0.004293013396236389,-6.106226635438361e-16
a032_3,a032,1,yaw,30,66.61805438003528,1.3944185552061732,64.98647918616926,0.23715663865984224,-1.970645868709653e-15
a032_3,a032,1,yaw,60,157.1215309307002,5.577674220824693,149.27239250030996,2.271464209565555,-4.440892098500626e-15
a032_3,a032,1,yaw,120,196.963321550269,22.31069688329877,160.98376407846987,13.668860588500351,1.4210854715202004e-14
a032_3,a032,1,hn,1,0.23253584705786157,0.0009062066835089935,0.2316280170287128,1.6233456398294026e-06,-5.644754615444746e-17
a032_3,a032,1,hn,5,3.9619365259678188,0.022655167087724838,3.9390166138782643,0.00026474500183007205,-4.693511204689749e-16
a032_3,a032,1,hn,10,13.634898652908113,0.09062066835089935,13.541361238874227,0.0029167456829848177,1.5703584266280046e-15
a032_3,a032,1,hn,30,89.43494934604468,0.815586015158094,88.70846374600814,-0.08910041512154628,-3.4833247397614286e-15
a032_3,a032,1,hn,60,194.46994976128366,3.262344060632376,192.84667593669187,-1.639070236040608,1.2656542480726785e-14
a032_3,a032,1,hn,120,179.8388339657632,13.049376242529505,172.06261504524159,-5.2731573220078785,-2.5757174171303632e-14
a032_3,a032,2,yaw,1,0.18530867496606843,0.0005028430360280679,0.18480489773114478,9.341988955760817e-07,-1.4145450219146816e-18
a032_3,a032,2,yaw,5,2.939813251674716,0.012571075900701698,2.9271107634786686,0.0001314122953464578,-4.904659577781301e-16
a032_3,a032,2,yaw,10,10.024165600514927,0.05028430360280679,9.972416658176698,0.00146463873542313,-8.888289410036165e-16
a032_3,a032,2,yaw,30,61.48654699282074,0.4525587324252612,61.13556054882977,-0.10157228843429383,3.164135620181696e-15
a032_3,a032,2,yaw,60,130.0870659898676,1.8102349297010447,129.26578238786286,-0.9889513276962969,-1.7763568394002505e-15
a032_3,a032,2,yaw,120,113.61304422342229,7.240939718804179,111.14190561511663,-4.769801110498494,-2.5757174171303632e-14
a032_3,a032,2,hn,1,0.31299843828258733,4.4361450969091195e-06,0.31299400241804576,-2.8055530429121854e-10,-5.2433002843554247e-17
a032_3,a032,2,hn,5,5.629145480769759,0.00011090362742272798,5.629027748383924,6.828758411377936e-06,6.917108216503848e-16
a032_3,a032,2,hn,10,19.321006879668463,0.0004436145096909119,19.32054939799898,1.3867159786760713e-05,3.476624709148647e-15
a032_3,a032,2,hn,30,123.48009707420069,0.003992530587218207,123.47058563978572,0.005518903827738442,1.0557527074794848e-14
a032_3,a032,2,hn,60,282.0611963341181,0.01597012234887283,281.9404313092157,0.10479490255360205,-2.3453461395206432e-14
a032_3,a032,2,hn,120,264.150394074248,0.06388048939549132,263.0274885042557,1.0590250805968302,-4.884981308350689e-15
a032_3,a032,3,yaw,1,0.20773678347719018,0.0007700723496374628,0.20696441355337364,2.2975741790832607e-06,-5.6501332746598104e-18
a032_3,a032,3,yaw,5,3.482946333404088,0.01925180874093657,3.4633345362651644,0.0003599883979869818,2.8189256484623115e-17
a032_3,a032,3,yaw,10,11.691603618234383,0.07700723496374628,11.612420295843464,0.0021760874271721576,1.2988742026376343e-15
a032_3,a032,3,yaw,30,74.94585562700895,0.6930651146737165,73.9647646273576,0.2880258849776464,-3.941291737419306e-15
a032_3,a032,3,yaw,60,170.87110547114708,2.772260458694866,165.04923816078377,3.049606851668435,7.993605777301127e-15
a032_3,a032,3,yaw,120,167.29666822531988,11.089041834779463,140.90155290602047,15.306073484519946,-3.552713678800501e-15
a032_3,a032,3,hn,1,0.27368527098182627,0.00023748359720600503,0.273447541554979,2.458296412747873e-07,-2.0373630540748483e-17
a032_3,a032,3,hn,5,4.936633593822238,0.005937089930150125,4.930634712128612,6.179176347641336e-05,2.3513634615779377e-16
a032_3,a032,3,hn,10,17.178016912029427,0.0237483597206005,17.153499404514818,0.0007691477940097982,1.4072944198861848e-16
a032_3,a032,3,hn,30,109.9646348567109,0.21373523748540452,109.79495506338363,-0.04405544415812964,-3.0322966360074588e-15
a032_3,a032,3,hn,60,244.60773134338,0.8549409499416181,244.21004831075606,-0.4572579173176708,8.715250743307479e-15
a032_3,a032,3,hn,120,235.43445337935182,3.4197637997664723,231.48421011563036,0.5304794639549493,2.6201263381153694e-14
a042_2,a042,0,yaw,1,0.032510101323865406,0.0008868958925789059,0.03162105460729147,2.1508239950358334e-06,-4.529932201915998e-18
a042_2,a042,0,yaw,5,0.46907459936151336,0.022172397314472646,0.4466152182408017,0.0002869838062389432,9.519295074422729e-17
a042_2,a042,0,yaw,10,1.4409162775432673,0.08868958925789058,1.3507971085808708,0.0014295797045057819,2.968545548265311e-16
a042_2,a042,0,yaw,30,8.063704490942852,0.7982063033210153,7.264873710657037,0.0006244769647999736,3.065039541616521e-16
a042_2,a042,0,yaw,60,18.728076872339642,3.192825213284061,16.111154449523287,-0.5759027904677028,-3.774758283725532e-15
a042_2,a042,0,yaw,120,25.67624796325488,12.771300853136244,18.163645538434288,-5.258698428315649,-3.552713678800501e-15
a042_2,a042,0,hn,1,0.03985764490941795,0.00019380513775235772,0.03966347888468513,3.6088698045080856e-07,8.354444777446774e-18
a042_2,a042,0,hn,5,0.5562287176729142,0.004845128443808943,0.5513279620296502,5.562719945499699e-05,6.912466475952894e-17
a042_2,a042,0,hn,10,1.6935344715466811,0.019380513775235773,1.6741356019964526,1.835577499314666e-05,-4.955955893067021e-16
a042_2,a042,0,hn,30,9.232806723978712,0.17442462397712197,9.078611824384222,-0.020229724382632798,2.0122792321330962e-16
a042_2,a042,0,hn,60,21.41683509548337,0.6976984959084879,21.12680156444747,-0.4076649648725889,4.829470157119431e-15
a042_2,a042,0,hn,120,26.46230596183529,2.7907939836339515,27.17669330508856,-3.505181326887222,3.9968028886505635e-15
a042_2,a042,1,yaw,1,0.03447732637647795,0.0004166359642221746,0.03405970548990658,9.849223491993534e-07,-6.790451379900912e-18
a042_2,a042,1,yaw,5,0.4836914116442479,0.010415899105554363,0.4731444695232842,0.00013104301540931717,2.065405138584886e-17
a042_2,a042,1,yaw,10,1.4606038099160632,0.04166359642221745,1.4184683780169423,0.0004718354769035796,-3.1387652893455353e-17
a042_2,a042,1,yaw,30,7.601002758582784,0.374972367799957,7.2377176790057725,-0.011687288222945225,-6.591949208711867e-17
a042_2,a042,1,yaw,60,16.8863992746682,1.499889471199828,15.730476484621688,-0.34396668115331264,-4.218847493575595e-15
a042_2,a042,1,yaw,120,23.76503614489742,5.999557884799312,20.257166108610598,-2.4916878485124903,-8.881784197001252e-16
a042_2,a042,1,hn,1,0.03917920062521197,0.00025735576997816995,0.0389213384798653,5.063753684967175e-07,7.961050913006355e-19
a042_2,a042,1,hn,5,0.5301958269922945,0.006433894249454249,0.5236842078148102,7.772492802997031e-05,7.262799302937273e-17
a042_2,a042,1,hn,10,1.58338164555444,0.025735576997816995,1.5573537151325116,0.00029235342411113464,3.5648567431323386e-16
a042_2,a042,1,hn,30,8.352257499249719,0.23162019298035297,8.14107366288504,-0.020436356615673862,-1.3877787807814457e-16
a042_2,a042,1,hn,60,18.421379532339937,0.9264807719214119,18.01738426275168,-0.5224855023331525,-1.7763568394002505e-15
a042_2,a042,1,hn,120,25.10925828186382,3.7059230876856475,26.303512515016685,-4.900177320838512,0.0
a042_2,a042,2,yaw,1,0.029900127541572983,0.000590648120367991,0.029308006029233967,1.4733919710279393e-06,-4.492662752236809e-18
a042_2,a042,2,yaw,5,0.4089156831878625,0.014766203009199775,0.393959398054053,0.00019008212460973982,-4.8057261295419984e-17
a042_2,a042,2,yaw,10,1.1849716564355837,0.0590648120367991,1.1249767968491722,0.0009300475496126381,-2.9305984722283185e-16
a042_2,a042,2,yaw,30,5.76092911228729,0.5315833083311919,5.226638002680546,0.002707801275550871,8.313662258618848e-16
a042_2,a042,2,yaw,60,13.105651596223481,2.1263332333247678,11.164786826090223,-0.18546846319151158,1.3600232051658168e-15
a042_2,a042,2,yaw,120,19.845899982512208,8.505332933299071,12.737533807053328,-1.3969667578401919,4.440892098500626e-16
a042_2,a042,2,hn,1,0.040951761225632245,0.0002579661329464594,0.040693282661306965,5.124313788172723e-07,5.403011412298368e-18
a042_2,a042,2,hn,5,0.5951356430547905,0.006449153323661484,0.5886104919916475,7.599773948157943e-05,-5.354603479362785e-17
a042_2,a042,2,hn,10,1.8607208513428826,0.025796613294645936,1.834814097828786,0.00011014021945037206,3.9962336825100087e-16
a042_2,a042,2,hn,30,10.373984320807727,0.23216951965181343,10.159402315673729,-0.017587514517814144,-1.5612511283791264e-15
a042_2,a042,2,hn,60,23.868283625822084,0.9286780786072537,23.27753052503603,-0.33792497782120035,1.1102230246251565e-15
a042_2,a042,2,hn,120,27.514025150803356,3.714712314429015,27.158702129802617,-3.3593892934282756,0.0
a042_2,a042,3,yaw,1,0.031834680154361326,0.00014657420380677588,0.0316877666243318,3.3932622275778555e-07,-5.606828715231434e-18
a042_2,a042,3,yaw,5,0.440794487844434,0.0036643550951693965,0.43708689221961117,4.324052965343443e-05,-2.2632720350634905e-18
a042_2,a042,3,yaw,10,1.3546306427417212,0.014657420380677586,1.3398626001551426,0.00011062220590071581,3.62814704495118e-16
a042_2,a042,3,yaw,30,7.231875183169763,0.1319167834260983,7.103513450752043,-0.003555051008378969,5.841681305351898e-16
a042_2,a042,3,yaw,60,17.297820816117607,0.5276671337043932,16.848605365574148,-0.0784516831609356,4.0245584642661925e-16
a042_2,a042,3,yaw,120,22.61451979061501,2.110668534817573,21.310793901346102,-0.8069426455486677,1.3322676295501878e-15
a042_2,a042,3,hn,1,0.044877016557467085,0.0002904765838208765,0.04458595915236142,5.808212847969967e-07,-6.796168852294879e-18
a042_2,a042,3,hn,5,0.7117115435209832,0.007261914595521912,0.704361293265501,8.833565996025101e-05,-2.9544509200229996e-18
a042_2,a042,3,hn,10,2.2445267773168416,0.029047658382087647,2.2153538848519716,0.00012523408278246215,-2.625395560673649e-16
a042_2,a042,3,hn,30,12.723795245773946,0.2614289254387888,12.467841512140762,-0.005475191805603743,-1.1076209394111913e-15
a042_2,a042,3,hn,60,28.482776456205148,1.0457157017551553,27.890489628689775,-0.4534288742397776,-5.773159728050814e-15
a042_2,a042,3,hn,120,29.72913556930249,4.182862807020621,30.507872564095667,-4.961599801813798,-2.6645352591003757e-15
a049_1,a049,0,yaw,1,0.09448004072877249,0.00018194882599366523,0.09429715932176091,9.325810179062923e-07,3.202843331805323e-18
a049_1,a049,0,yaw,5,2.0578636633287055,0.004548720649841631,2.0531794181814753,0.0001355244973886562,-2.499899159208452e-16
a049_1,a049,0,yaw,10,7.040957705260741,0.018194882599366524,7.022030580873971,0.0007322417874040491,-4.399692415946177e-16
a049_1,a049,0,yaw,30,35.83917286372122,0.16375394339429872,35.655032143448366,0.020386776878559845,-7.008282842946301e-15
a049_1,a049,0,yaw,60,58.2927661519771,0.6550157735771949,58.401952094332756,-0.764201715932859,2.9976021664879227e-15
a049_1,a049,0,yaw,120,53.399644362057,2.6200630943087795,52.6252565984781,-1.8456753307298837,8.215650382226158e-15
a049_1,a049,0,hn,1,0.11152843621918156,7.553156184279545e-05,0.11145269599268018,2.086646586028522e-07,-2.3136360847116392e-17
a049_1,a049,0,hn,5,2.4619091480256894,0.0018882890460698866,2.4599727209646938,4.813801492556735e-05,1.9084668741176092e-16
a049_1,a049,0,hn,10,8.512342639503062,0.007553156184279547,8.503968905590149,0.0008205777286337169,1.4755991567527715e-16
a049_1,a049,0,hn,30,44.52413514229246,0.06797840565851591,44.42057889857396,0.035577838059985004,8.187894806610529e-16
a049_1,a049,0,hn,60,77.62352846437216,0.27191362263406366,77.46735903986009,-0.11574419812199628,8.729128531115293e-15
a049_1,a049,0,hn,120,77.81064358580308,1.0876544905362546,75.2387542614451,1.4842348338217342,-3.552713678800501e-15
a049_1,a049,1,yaw,1,0.0832846065301489,0.00025098327834060364,0.08303281043628338,8.128155249161599e-07,-1.858919681867969e-18
a049_1,a049,1,yaw,5,1.8075114869117097,0.00627458195851509,1.8010968835696346,0.00014002138356000382,5.89534931288993e-17
a049_1,a049,1,yaw,10,6.12009568910911,0.02509832783406036,6.094381102854365,0.00061625842068548,-6.790358206276714e-16
a049_1,a049,1,yaw,30,30.895369724564752,0.22588495050654328,30.571322580369266,0.09816219368894405,-1.5265566588595902e-15
a049_1,a049,1,yaw,60,52.226801496389285,0.9035398020261731,49.796150069366384,1.5271116249967174,1.0436096431476471e-14
a049_1,a049,1,yaw,120,59.18942098581969,3.6141592081046925,45.47089172867236,10.10437004904262,8.881784197001252e-15
a049_1,a049,1,hn,1,0.13042440508015024,0.00017844040711510156,0.13024518471278387,7.799602512893367e-07,-1.5644169140194893e-17
a049_1,a049,1,hn,5,2.8547860409217742,0.004461010177877539,2.850197436691807,0.00012759405209036956,-6.394895463862627e-16
a049_1,a049,1,hn,10,9.845971730234492,0.017844040711510155,9.827520229035857,0.000607460487126785,-2.328974686716112e-15
a049_1,a049,1,hn,30,51.654842141882234,0.1605963664035914,51.471161732829636,0.023084042649021003,-1.0574874309554616e-14
a049_1,a049,1,hn,60,88.97283770217709,0.6423854656143656,88.92160945275153,-0.5911572161888093,4.773959005888173e-15
a049_1,a049,1,hn,120,89.09165227402924,2.5695418624574624,86.21699663802274,0.305113773549062,-9.2148511043888e-15
a049_1,a049,2,yaw,1,0.09659286919613681,0.00010251953497427732,0.09649014060144993,2.090597126097239e-07,-1.2731037546130143e-17
a049_1,a049,2,yaw,5,2.1023572961606884,0.002562988374356933,2.099743030592454,5.127719387728972e-05,3.6267240295997927e-16
a049_1,a049,2,yaw,10,7.173945379524538,0.010251953497427732,7.1633932853422575,0.00030014068485259673,-1.9542744159051217e-16
a049_1,a049,2,yaw,30,36.138012705742305,0.09226758147684956,36.00427558552495,0.04146953874050113,6.38378239159465e-15
a049_1,a049,2,yaw,60,58.031697449747604,0.36907032590739824,57.104430850541405,0.5581962732988094,-1.1879386363489175e-14
a049_1,a049,2,yaw,120,56.7824912687382,1.476281303629593,50.800806857472494,4.5054031076361145,-1.7763568394002505e-15
a049_1,a049,2,hn,1,0.0991693164371754,8.436301260193483e-05,0.09908467809022137,2.7533435208744686e-07,8.144010029613284e-18
a049_1,a049,2,hn,5,2.1634045318358304,0.002109075315048371,2.161240119570028,5.5336950753729624e-05,3.7387356665447014e-16
a049_1,a049,2,hn,10,7.482498046240966,0.008436301260193483,7.473728922472237,0.00033282250853611196,5.605325231750058e-17
a049_1,a049,2,hn,30,38.53802568717185,0.07592671134174134,38.44842186130983,0.013677114520277084,1.1622647289044608e-16
a049_1,a049,2,hn,60,64.66464942533433,0.30370684536696535,64.7229371412178,-0.3619945612504262,-5.551115123125783e-16
a049_1,a049,2,hn,120,61.359202844146864,1.2148273814678614,60.0849087581272,0.05946670455180072,1.5334955527634975e-15
a049_1,a049,3,yaw,1,0.09423307236157549,5.2244073339564636e-05,0.09418062369686886,2.0459136708047003e-07,-1.0397276487987333e-17
a049_1,a049,3,yaw,5,2.072078672041008,0.001306101833489116,2.070735740279677,3.68299278415859e-05,1.224538591186597e-16
a049_1,a049,3,yaw,10,7.140847217260349,0.005224407333956464,7.1351464342649455,0.00047637566144773184,-9.722582981763761e-16
a049_1,a049,3,yaw,30,36.96908014657667,0.047019666005608175,36.909121203601934,0.012939276969127387,5.0133508455729725e-16
a049_1,a049,3,yaw,60,61.57815701710769,0.1880786640224327,61.70519787562231,-0.3151195225370578,4.884981308350689e-15
a049_1,a049,3,yaw,120,54.48867733068733,0.7523146560897308,54.40014652127862,-0.6637838466810373,1.6431300764452317e-14
a049_1,a049,3,hn,1,0.11398446168486509,0.00010511300360732757,0.11387905136553302,2.9731572475445883e-07,-6.232733123693159e-18
a049_1,a049,3,hn,5,2.4944727230897774,0.0026278250901831893,2.4917795664144164,6.533158517798696e-05,-2.455582395408107e-16
a049_1,a049,3,hn,10,8.569989689855719,0.010511300360732757,8.559005349777637,0.0004730397173460383,2.8726478661089683e-15
a049_1,a049,3,hn,30,44.740495710422515,0.09460170324659482,44.608382541813576,0.03751146536233519,7.542577673547157e-15
a049_1,a049,3,hn,60,76.77088439211782,0.3784068129863793,76.46245273275353,-0.0699751536220828,-1.3031242751537775e-14
a049_1,a049,3,hn,120,72.4053831510229,1.5136272519455172,68.86360817305058,2.028147726026811,-8.881784197001252e-15
a049_2,a049,0,yaw,1,0.0241843706997693,0.0002494478732151479,0.02393508847330473,-1.6564675057961077e-07,3.0183754377610976e-18
a049_2,a049,0,yaw,5,0.3334147378900368,0.006236196830378698,0.32715823043278963,2.0310626868424662e-05,4.474366840576116e-17
a049_2,a049,0,yaw,10,1.0219018060054135,0.024944787321514793,0.9970224343911299,-6.541570723105993e-05,-2.2672022679387505e-16
a049_2,a049,0,yaw,30,5.131316155769148,0.22450308589363313,4.951321414728814,-0.04450834485329944,2.0122792321330962e-16
a049_2,a049,0,yaw,60,9.792179899653306,0.8980123435745325,9.148669370751259,-0.2545018146724868,1.4432899320127035e-15
a049_2,a049,0,yaw,120,16.511191646965525,3.59204937429813,13.71262195232311,-0.7934796796557132,-1.2212453270876722e-15
a049_2,a049,0,hn,1,0.02336544363158007,9.623317256551658e-06,0.023355781522826784,3.87914967317815e-08,1.7719201337620916e-18
a049_2,a049,0,hn,5,0.324633231641197,0.00024058293141379145,0.3243836316488457,9.017060937481706e-06,5.1143849355214654e-17
a049_2,a049,0,hn,10,0.9880294703335518,0.0009623317256551658,0.9870400099717863,2.7128636110593455e-05,-2.7499432852379213e-16
a049_2,a049,0,hn,30,4.57260459799484,0.008660985530896493,4.5623277209096536,0.0016158915542899483,1.459336124165489e-16
a049_2,a049,0,hn,60,7.962553208977336,0.03464394212358597,7.918122076438251,0.009787190415499598,-9.055256544598933e-16
a049_2,a049,0,hn,120,9.761057707783923,0.1385757684943439,9.664337729648615,-0.041855790359035146,6.245004513516506e-17
a049_2,a049,1,yaw,1,0.02786144515281089,0.00027121972884480494,0.027589563635133735,6.61788832351253e-07,1.3747344733937295e-18
a049_2,a049,1,yaw,5,0.42935354908039686,0.0067804932211201225,0.422466132373437,0.00010692348583973306,5.2583805365546965e-18
a049_2,a049,1,yaw,10,1.3857542886809189,0.02712197288448049,1.3578439062071666,0.0007884095892716311,2.1239520558991032e-16
a049_2,a049,1,yaw,30,7.0729060631661484,0.2440977559603244,6.8190679068477,0.009740400358124176,1.1449174941446927e-16
a049_2,a049,1,yaw,60,12.236816279246824,0.9763910238412976,11.173153030241217,0.0872722251643085,4.85722573273506e-16
a049_2,a049,1,yaw,120,15.661987485788492,3.9055640953651904,11.878455907084215,-0.12203251666091298,-9.853229343548264e-16
a049_2,a049,1,hn,1,0.02213451171863158,3.726716955359326e-05,0.022097075291332903,1.6925774508253631e-07,9.368184396632562e-19
a049_2,a049,1,hn,5,0.2539964323588803,0.0009316792388398312,0.2530386238588969,2.6129261143524248e-05,1.2837631348586176e-17
a049_2,a049,1,hn,10,0.6859136461564292,0.0037267169553593248,0.6821161275829201,7.080161814973087e-05,1.429791614965259e-16
a049_2,a049,1,hn,30,2.9158441812548856,0.033540452598233926,2.88216094560273,0.00014278305392120935,3.5973828083069037e-16
a049_2,a049,1,hn,60,4.850771729141807,0.1341618103929357,4.674712961797491,0.04189695695138005,6.869504964868156e-16
a049_2,a049,1,hn,120,6.954912471973767,0.5366472415717428,6.256924368600109,0.1613408618019144,8.049116928532385e-16
a049_2,a049,2,yaw,1,0.021721518525292565,4.350872512665708e-05,0.021677955783487267,5.401667863970005e-08,7.394134408387012e-19
a049_2,a049,2,yaw,5,0.29606444923459335,0.0010877181281664268,0.29495962431921235,1.710678721463117e-05,-7.090004581697396e-17
a049_2,a049,2,yaw,10,0.8920756881852571,0.004350872512665707,0.8875950960151688,0.00012971965742248134,-3.415236843329339e-18
a049_2,a049,2,yaw,30,4.355490338524689,0.03915785261399137,4.317056537328089,-0.0007240514173920312,8.506650245321268e-16
a049_2,a049,2,yaw,60,7.436179899240116,0.1566314104559655,7.267730883106795,0.011817605677356064,-5.0306980803327406e-17
a049_2,a049,2,yaw,120,10.219571674169034,0.626525641823862,9.664225758115789,-0.07117972577061427,-3.4416913763379853e-15
a049_2,a049,2,hn,1,0.023490505612776675,7.87894722319604e-06,0.023482711078243314,-8.441268982923014e-08,-5.354134964263835e-18
a049_2,a049,2,hn,5,0.3083229023455611,0.000196973680579901,0.3081289978765704,-3.06921158921906e-06,6.2540677660521266e-18
a049_2,a049,2,hn,10,0.911275142758521,0.000787894722319604,0.9104744566701395,1.279136606190787e-05,7.128629284092192e-18
a049_2,a049,2,hn,30,4.129073486189309,0.007091052500876436,4.125059786212582,-0.0030773525241489744,-6.713379852030243e-16
a049_2,a049,2,hn,60,6.418280713825618,0.028364210003505745,6.416936865115089,-0.027020361292976636,3.885780586188048e-16
a049_2,a049,2,hn,120,6.805034251132985,0.11345684001402298,6.90843871834154,-0.2168613072225788,1.1102230246251565e-16
a049_2,a049,3,yaw,1,0.027477600685342014,0.0005856929411368399,0.026889553501438863,2.354242766316749e-06,-6.671655009048497e-18
a049_2,a049,3,yaw,5,0.415560206229156,0.014642323528420995,0.40062185449821186,0.00029602820252319813,-2.949029909160572e-17
a049_2,a049,3,yaw,10,1.3101474149416419,0.05856929411368398,1.2490810793189542,0.002497041509003655,1.0625181290357943e-16
a049_2,a049,3,yaw,30,6.732368075762684,0.5271236470231558,6.132958766369011,0.07228566237051821,-7.355227538141662e-16
a049_2,a049,3,yaw,60,12.865891409904233,2.1084945880926234,10.299719194311317,0.45767762750029056,1.4988010832439613e-15
a049_2,a049,3,yaw,120,21.99792255798086,8.433978352370493,12.410829968825755,1.1531142367846132,-1.3322676295501878e-15
a049_2,a049,3,hn,1,0.024255266883965766,2.7316754369108007e-05,0.02422808297123352,-1.3284163686149034e-07,6.815968247436948e-19
a049_2,a049,3,hn,5,0.3495557463666843,0.0006829188592277002,0.34887533051673186,-2.5030092753141555e-06,2.4364055694822695e-17
a049_2,a049,3,hn,10,1.0552025706048285,0.0027316754369108008,1.0525540132795381,-8.311811162054013e-05,8.538092108323347e-19
a049_2,a049,3,hn,30,4.952671159107141,0.024585078932197205,4.940855677235653,-0.012769597060708168,-7.355227538141662e-16
a049_2,a049,3,hn,60,8.057401781315349,0.09834031572878882,8.06178857730409,-0.10272711171753215,1.1379786002407855e-15
a049_2,a049,3,hn,120,9.506184953199416,0.3933612629151553,9.68336536854978,-0.5705416782655178,-9.992007221626409e-16
a049_3,a049,0,yaw,1,0.029022523875544284,0.0001317850693736593,0.02889043216305541,3.066431152131755e-07,2.6844591680856913e-18
a049_3,a049,0,yaw,5,0.5194197579287202,0.0032946267343414827,0.5161102602634154,1.4870930963265148e-05,4.1457180570414476e-17
a049_3,a049,0,yaw,10,1.6825876893261298,0.013178506937365931,1.669917568944628,-0.0005083865558640754,-8.44593492366208e-17
a049_3,a049,0,yaw,30,8.276246976789919,0.11860656243629339,8.201913962647572,-0.044273548293946786,9.783840404509192e-16
a049_3,a049,0,yaw,60,14.975298311663837,0.47442624974517356,14.80965307557116,-0.3087810136524965,-1.0547118733938987e-15
a049_3,a049,0,yaw,120,14.202179335287168,1.8977049989806942,11.72285295336012,0.581621382946353,8.881784197001252e-16
a049_3,a049,0,hn,1,0.02254538716062639,1.9763994380236606e-05,0.02252563646242326,-1.3296177105795036e-08,-1.4464775022816786e-18
a049_3,a049,0,hn,5,0.36075017359482037,0.000494099859505915,0.36026766576101743,-1.1592025703041497e-05,4.149953221777719e-17
a049_3,a049,0,hn,10,1.11866322777993,0.00197639943802366,1.1171038473758577,-0.00041701903395140736,-8.348356728138384e-18
a049_3,a049,0,hn,30,5.0031481287293085,0.01778759494221294,5.004832614770156,-0.019472080983060837,2.0122792321330962e-16
a049_3,a049,0,hn,60,8.286052970514046,0.07115037976885176,8.363189701213708,-0.14828711046851265,-1.5265566588595902e-15
a049_3,a049,0,hn,120,7.427364887339265,0.28460151907540704,7.36302840453023,-0.22026503626637234,7.216449660063518e-16
a049_3,a049,1,yaw,1,0.035433057328152044,0.0001693425949312172,0.03526297612082325,7.386123975758692e-07,1.351546946462643e-18
a049_3,a049,1,yaw,5,0.6721458383802362,0.004233564873280431,0.6677979419460968,0.00011433156085907124,-2.2293907171733185e-17
a049_3,a049,1,yaw,10,2.2307750461752898,0.016934259493121724,2.212001802005462,0.0018389846767063198,-1.4072944198861848e-16
a049_3,a049,1,yaw,30,10.971588806540856,0.1524083354380955,10.747932876338044,0.07124759476471614,-8.187894806610529e-16
a049_3,a049,1,yaw,60,20.957375079943006,0.609633341752382,19.884030186442626,0.4637115517479999,-1.4988010832439613e-15
a049_3,a049,1,yaw,120,21.403219399850265,2.438533367009528,18.129393255436355,0.8352927774043803,3.1086244689504383e-15
a049_3,a049,1,hn,1,0.025725164663839444,1.0634200996440659e-05,0.02571455478788448,-2.432504147363104e-08,-3.987563109154779e-18
a049_3,a049,1,hn,5,0.4059756777971868,0.0002658550249110164,0.4057187560393384,-8.933267062568217e-06,-1.4799359654427136e-17
a049_3,a049,1,hn,10,1.2409751483015712,0.0010634200996440656,1.2402055565301215,-0.00029382832819435943,2.8731357570865868e-18
a049_3,a049,1,hn,30,5.696203293681366,0.009570780896796593,5.697112890405865,-0.010480377621295259,-1.3010426069826053e-16
a049_3,a049,1,hn,60,10.434690884580064,0.03828312358718637,10.48455730035029,-0.08814953935740864,-3.011479954295737e-15
a049_3,a049,1,hn,120,12.391923210377469,0.15313249434874548,12.560521355966474,-0.3217306399377511,-2.220446049250313e-16
a049_3,a049,2,yaw,1,0.026839241737191474,3.182929205222268e-05,0.02680738895821086,2.3486928391484157e-08,2.574450764061039e-19
a049_3,a049,2,yaw,5,0.456411726816909,0.000795732301305567,0.4556238673552655,-7.872839662076136e-06,-5.829280743004095e-18
a049_3,a049,2,yaw,10,1.435326391936407,0.003182929205222268,1.4327075169639685,-0.0005640542327838213,-6.938893903907228e-18
a049_3,a049,2,yaw,30,6.63964866420465,0.02864636284700041,6.642486051051894,-0.031483749694244945,-1.1102230246251565e-16
a049_3,a049,2,yaw,60,11.019467816373707,0.11458545138800164,11.149568143210464,-0.24468577822476223,2.4424906541753444e-15
a049_3,a049,2,yaw,120,10.015677954771522,0.45834180555200654,10.050873561137879,-0.49353741191836353,1.1102230246251565e-15
a049_3,a049,2,hn,1,0.031029345013351254,3.8404002480581375e-06,0.03102552637825898,-2.1765155786672942e-08,1.3646991182022361e-18
a049_3,a049,2,hn,5,0.5339288541017168,9.601000620145346e-05,0.5338395022159289,-6.658120413698745e-06,1.380138543597212e-16
a049_3,a049,2,hn,10,1.6956237321655576,0.00038404002480581386,1.6954469933008243,-0.00020730116007216905,-3.348287359178359e-16
a049_3,a049,2,hn,30,7.721929471285728,0.0034563602232523245,7.726188762718675,-0.007715651656200742,1.3791051634015616e-15
a049_3,a049,2,hn,60,13.425323782641499,0.013825440893009298,13.47288660276536,-0.061388261016868104,-3.1225022567582528e-15
a049_3,a049,2,hn,120,12.640366057449063,0.05530176357203719,12.699641000776271,-0.11457670689924851,2.248201624865942e-15
a049_3,a049,3,yaw,1,0.03657514530754298,0.0002374338142059712,0.03633689024935934,8.212439776625201e-07,6.95234055194489e-18
a049_3,a049,3,yaw,5,0.6897862470293787,0.00593584535514928,0.6837072625597931,0.00014313911443637802,4.1118367391512756e-17
a049_3,a049,3,yaw,10,2.2796046341312923,0.02374338142059712,2.2536605392995233,0.002200713411171124,9.93129189996722e-16
a049_3,a049,3,yaw,30,11.443892161195215,0.21369043278537408,11.124009310203931,0.10619241820591126,-4.0245584642661925e-16
a049_3,a049,3,yaw,60,23.034107691681967,0.8547617311414963,21.471019821416338,0.7083261391241359,-3.6637359812630166e-15
a049_3,a049,3,yaw,120,24.243913334679664,3.4190469245659854,20.126474164932237,0.6983922451814399,1.5543122344752192e-15
a049_3,a049,3,hn,1,0.0234463769171467,9.95351619461491e-06,0.02343643819016243,-1.4789210344156114e-08,-1.7940405977029847e-18
a049_3,a049,3,hn,5,0.38575339158678296,0.00024883790486537275,0.3855124053912112,-7.851709293547426e-06,-2.4059123833811147e-17
a049_3,a049,3,hn,10,1.2410165421648272,0.000995351619461491,1.2402421628064688,-0.00022097226110325954,1.8997932567377251e-16
a049_3,a049,3,hn,30,5.735862546401939,0.008958164575153419,5.741117069741458,-0.014212687914672131,-3.191891195797325e-16
a049_3,a049,3,hn,60,9.472887801213925,0.035832658300613676,9.54990858414667,-0.11285344123335896,3.469446951953614e-16
a049_3,a049,3,hn,120,7.938885638512042,0.1433306332024547,7.886095223396372,-0.09054021808678434,3.0531133177191805e-16
a050_1,a050,0,yaw,1,0.08855018147288357,0.0044139809946380955,0.08411282247694864,2.3378001296854563e-05,-1.2475101247161335e-17
a050_1,a050,0,yaw,5,1.8475200142997898,0.11034952486595241,1.733977643906696,0.003192845527141353,-7.806255641895632e-17
a050_1,a050,0,yaw,10,6.5156613019828,0.44139809946380965,6.050110235727939,0.024152966791052593,-9.818534874028728e-16
a050_1,a050,0,yaw,30,40.199643408275094,3.9725828951742863,35.36948193854075,0.8575785745600587,-3.3306690738754696e-16
a050_1,a050,0,yaw,60,102.58815403694452,15.890331580697145,79.8986252724773,6.79919718377007,-7.993605777301127e-15
a050_1,a050,0,yaw,120,139.62367502568745,63.56132632278858,66.60425858766168,9.458090115237166,3.197442310920451e-14
a050_1,a050,0,hn,1,0.11716936218174298,0.007128285386241414,0.11000280034467576,3.827645082582767e-05,-1.6676384665542665e-17
a050_1,a050,0,hn,5,2.4452838663162573,0.17820713465603535,2.2619781468779268,0.005098584782295375,-7.37257477290143e-17
a050_1,a050,0,hn,10,8.631786464447282,0.7128285386241414,7.880313890284533,0.03864403553860905,-1.762479051592436e-15
a050_1,a050,0,hn,30,53.354261422872845,6.415456847617272,45.75342137142145,1.1853832038341274,-6.439293542825908e-15
a050_1,a050,0,hn,60,137.00593043833447,25.66182739046909,102.57777614288248,8.766326904982925,-2.1316282072803006e-14
a050_1,a050,0,hn,120,204.79936348888853,102.64730956187636,92.25236844265774,9.899685484354455,-1.9539925233402755e-14
a050_1,a050,1,yaw,1,0.0934139681131206,0.0029418088046105407,0.0904566903224137,1.5468986096375834e-05,-1.389811659854856e-17
a050_1,a050,1,yaw,5,1.9114053301016642,0.07354522011526353,1.8356728207735442,0.002187289212856154,3.37403716077489e-16
a050_1,a050,1,yaw,10,6.680787805876457,0.2941808804610541,6.366377593911199,0.020229331504203803,-5.516420653606247e-16
a050_1,a050,1,yaw,30,39.93489677590229,2.647627924149487,36.512596166012784,0.7746726857400142,5.551115123125783e-16
a050_1,a050,1,yaw,60,101.06948009595676,10.590511696597948,84.16481326637103,6.31415513298779,2.6645352591003757e-15
a050_1,a050,1,yaw,120,119.95843398124738,42.362046786391794,70.4295380929175,7.166849101938086,1.1546319456101628e-14
a050_1,a050,1,hn,1,0.12061595585287874,0.01094907815248441,0.10960808716214492,5.8790538249414946e-05,-8.55842089905745e-18
a050_1,a050,1,hn,5,2.493052409980062,0.2737269538121102,2.2114531736812637,0.007872282486688243,-1.0061396160665481e-16
a050_1,a050,1,hn,10,8.827866775664345,1.0949078152484408,7.671080919958861,0.06187804045704389,1.457167719820518e-16
a050_1,a050,1,hn,30,54.71175268325435,9.854170337235967,43.10291885402489,1.754663491993489,8.43769498715119e-15
a050_1,a050,1,hn,60,146.25715399277067,39.41668134894387,93.92630361443177,12.914169029395008,1.7763568394002505e-14
a050_1,a050,1,hn,120,263.2772914951721,157.66672539577547,83.09941869329715,22.511147406099525,-4.263256414560601e-14
a050_1,a050,2,yaw,1,0.07687693039041167,0.003396549761590697,0.07346244337009511,1.7937258725865305e-05,4.404571325722362e-18
a050_1,a050,2,yaw,5,1.5367525218146045,0.08491374403976742,1.449360855545567,0.0024779222292699793,1.448494102440634e-16
a050_1,a050,2,yaw,10,5.357739399203329,0.3396549761590697,4.9984374727669785,0.01964695027728076,-6.591949208711867e-17
a050_1,a050,2,yaw,30,31.84230084147752,3.056894785431628,28.11487125816254,0.6705347978833471,5.10702591327572e-15
a050_1,a050,2,yaw,60,79.83953054573286,12.227579141726512,62.4015814246376,5.210369979368731,1.865174681370263e-14
a050_1,a050,2,yaw,120,108.0628162412389,48.91031656690605,52.35726120239288,6.795238471939978,3.552713678800501e-15
a050_1,a050,2,hn,1,0.10172072144913277,0.005933431460309484,0.0957553996669912,3.189032183208083e-05,6.844026213814747e-19
a050_1,a050,2,hn,5,2.060029767432892,0.14833578650773713,1.9074257159877486,0.004268264937406224,1.726049858596923e-16
a050_1,a050,2,hn,10,7.191681050325043,0.5933431460309485,6.56479085765955,0.03354704663454455,1.1102230246251565e-16
a050_1,a050,2,hn,30,43.52055178653959,5.340088314278536,37.124318518623724,1.056144953637335,-6.217248937900877e-15
a050_1,a050,2,hn,60,110.8016966614618,21.360353257114145,81.36436564224879,8.076977762098865,1.2434497875801753e-14
a050_1,a050,2,hn,120,167.3510408167718,85.44141302845658,70.42520621357542,11.484421574739832,-1.9539925233402755e-14
a050_1,a050,3,yaw,1,0.08961587704159357,0.002875584438888314,0.0867250518400658,1.5240762639463779e-05,-1.2490347840211913e-17
a050_1,a050,3,yaw,5,1.821686088533442,0.07188961097220785,1.7476636222969502,0.002132855264283959,1.244664094013359e-16
a050_1,a050,3,yaw,10,6.3786915053479545,0.2875584438888314,6.072952008527223,0.018181052931899547,4.3021142204224816e-16
a050_1,a050,3,yaw,30,37.41431383988908,2.5880259949994824,34.09201284497433,0.734274999915279,-7.438494264988549e-15
a050_1,a050,3,yaw,60,90.64373721917659,10.35210397999793,73.73649404892241,6.55513919025625,-8.881784197001252e-15
a050_1,a050,3,yaw,120,119.42962143956986,41.40841591999172,63.641841272444076,14.37936424713407,-1.4210854715202004e-14
a050_1,a050,3,hn,1,0.10423458173596395,0.005246092817076452,0.0989603763452402,2.8112573647294835e-05,-1.6974540262976179e-18
a050_1,a050,3,hn,5,2.0945590143577753,0.1311523204269113,1.959594527357856,0.0038121665730079966,-2.38524477946811e-16
a050_1,a050,3,hn,10,7.3527013277141355,0.5246092817076452,6.798023029210679,0.03006901679581175,-6.626643678231403e-16
a050_1,a050,3,hn,30,44.76295317681095,4.721483535368806,39.07420054790365,0.9672690935384931,4.6629367034256575e-15
a050_1,a050,3,hn,60,114.362721453751,18.885934141475225,87.6346923864147,7.84209492586107,6.217248937900877e-15
a050_1,a050,3,hn,120,166.44458586758464,75.5437365659009,79.9181903799873,10.982658921696467,-2.6645352591003757e-14
a050_3,a050,0,yaw,1,0.10479921148727571,0.0003488167627929104,0.10444917166036047,1.223064122339586e-06,-1.2497124103789947e-17
a050_3,a050,0,yaw,5,1.8376305052502055,0.008720419069822759,1.8287860039551227,0.00012408222526007594,9.326849188806552e-17
a050_3,a050,0,yaw,10,6.067017395844157,0.034881676279291035,6.0319949750728,0.0001407444920666833,-4.362287440995427e-16
a050_3,a050,0,yaw,30,33.739330979344565,0.31393508651361934,33.45693783420647,-0.03154194137552785,5.6066262743570405e-15
a050_3,a050,0,yaw,60,80.5681852867133,1.2557403460544774,80.48578102673977,-1.173336086080959,7.771561172376096e-15
a050_3,a050,0,yaw,120,201.89661525321807,5.0229613842179095,201.8350615772381,-4.961407708237903,-3.907985046680551e-14
a050_3,a050,0,hn,1,0.11788738396707395,0.00026202528501595364,0.1176244448219417,9.138601162972788e-07,-8.367309090333199e-18
a050_3,a050,0,hn,5,2.178933464979783,0.0065506321253988396,2.1723064601895232,7.637266486092884e-05,-2.155800494715865e-16
a050_3,a050,0,hn,10,7.365007233553847,0.026202528501595358,7.338902881023206,-9.817597095527469e-05,6.465368605074184e-16
a050_3,a050,0,hn,30,41.01619061179934,0.23582275651435827,40.812019678241434,-0.03165182295645678,1.700029006457271e-15
a050_3,a050,0,hn,60,101.34318015669766,0.9432910260574331,101.19966670231136,-0.7997775716711512,8.104628079763643e-15
a050_3,a050,0,hn,120,258.31285315956325,3.7731641042297324,257.2456970114338,-2.7060079561002173,-3.375077994860476e-14
a050_3,a050,1,yaw,1,0.10831711388558249,0.0005169857431282578,0.1077984676712235,1.6604712307187096e-06,1.682885059604844e-17
a050_3,a050,1,yaw,5,1.828286842427104,0.012924643578206448,1.8152107016110457,0.0001514972378518701,-7.583994196536104e-17
a050_3,a050,1,yaw,10,6.030383159876642,0.05169857431282579,5.978484930001036,0.00019965556278039718,-5.4047478298402396e-17
a050_3,a050,1,yaw,30,33.465993601882346,0.46528716881543214,33.00394176405156,-0.0032353309846480842,3.8484840314545465e-15
a050_3,a050,1,yaw,60,85.06996451788673,1.8611486752617286,83.846760190156,-0.6379443475309924,-1.1657341758564144e-14
a050_3,a050,1,yaw,120,221.74927388561525,7.444594701046914,216.53080175369263,-2.226122569124318,1.8207657603852567e-14
a050_3,a050,1,hn,1,0.10597888074433492,6.091353321259702e-05,0.10591771566515572,2.5154596661516475e-07,-3.243447973714326e-18
a050_3,a050,1,hn,5,1.8943148029891754,0.0015228383303149255,1.8927801730639287,1.179159493156367e-05,2.4558703866101733e-16
a050_3,a050,1,hn,10,6.384938715911729,0.006091353321259702,6.379176580366033,-0.000329217775564066,4.59918561568351e-16
a050_3,a050,1,hn,30,34.119021931444536,0.054822179891337315,34.09140532518829,-0.027205573635084312,-9.259953914764196e-15
a050_3,a050,1,hn,60,76.91617018365851,0.21928871956534926,77.26813603601995,-0.5712545719267943,-6.439293542825908e-15
a050_3,a050,1,hn,120,179.4651321673706,0.877154878261397,181.04400627706246,-2.456028987953279,1.865174681370263e-14
a050_3,a050,2,yaw,1,0.11314029667915712,0.00021019389085228402,0.11292934811481278,7.546734920866252e-07,-2.7248520517578808e-17
a050_3,a050,2,yaw,5,1.9530219386843157,0.0052548472713071,1.9477041604911127,6.293092189608642e-05,-2.8789633437636963e-16
a050_3,a050,2,yaw,10,6.462065772711213,0.0210193890852284,6.440977642830759,6.87407952271517e-05,-1.3660134221687992e-15
a050_3,a050,2,yaw,30,35.42210141628598,0.1891745017670556,35.24905113757284,-0.016124223053914238,-2.393918396847994e-16
a050_3,a050,2,yaw,60,86.95986438710763,0.7566980070682224,86.87842828231108,-0.6752619022716705,-9.992007221626409e-16
a050_3,a050,2,yaw,120,219.012183939952,3.0267920282728897,218.03646122728125,-2.051069315602122,-2.708944180085382e-14
a050_3,a050,2,hn,1,0.1391363110136791,0.0005181456168946457,0.13861642060078705,1.744795997410005e-06,-5.158430648778689e-18
a050_3,a050,2,hn,5,2.584017795513455,0.012953640422366141,2.570887170040801,0.00017698505028743727,2.9953795520343274e-16
a050_3,a050,2,hn,10,8.748431010913261,0.051814561689464564,8.696307580329595,0.0003088688942005159,9.369133073533487e-16
a050_3,a050,2,hn,30,47.949524559064606,0.46633105520518114,47.51448222989121,-0.03128872603178261,3.7470027081099033e-16
a050_3,a050,2,hn,60,118.35698116067249,1.8653242208207246,117.743004153457,-1.2513472136052275,-1.1102230246251565e-15
a050_3,a050,2,hn,120,294.3274989515868,7.461296883282898,290.8651938323792,-3.998991764075284,-1.509903313490213e-14
a050_3,a050,3,yaw,1,0.1100537626194951,0.00028211504745148327,0.10977066503181228,9.825402313549666e-07,-2.6478461689406242e-17
a050_3,a050,3,yaw,5,2.009394815955453,0.007052876186287081,2.002251564262825,9.037550634078182e-05,5.220433460517704e-17
a050_3,a050,3,yaw,10,6.739580684859594,0.028211504745148323,6.711373829817179,-4.649702732605559e-06,-4.560857374820253e-16
a050_3,a050,3,yaw,30,37.84886457072716,0.2539035427063349,37.62626538258768,-0.03130435456685786,1.5404344466674047e-15
a050_3,a050,3,yaw,60,92.02826910256483,1.0156141708253397,91.92421136117524,-0.9115564294357816,3.3306690738754696e-14
a050_3,a050,3,yaw,120,236.09370831027306,4.062456683301359,235.1406150161015,-3.109363389129817,3.419486915845482e-14
a050_3,a050,3,hn,1,0.10670016246294017,8.357153164830962e-05,0.1066162675246523,3.234066395677282e-07,-1.9684516298597906e-18
a050_3,a050,3,hn,5,1.907990634970481,0.002089288291207741,1.905884632135646,1.6714543627284627e-05,-1.1256390242651848e-16
a050_3,a050,3,hn,10,6.448198444793711,0.008357153164830964,6.440073853720674,-0.00023256209179323462,-7.739306157744652e-16
a050_3,a050,3,hn,30,35.08211119125362,0.07521437848347867,35.027568330674534,-0.020671517904402647,5.839079220137933e-15
a050_3,a050,3,hn,60,83.03316576643094,0.3008575139339147,83.20866229090205,-0.476354038405034,-4.440892098500626e-16
a050_3,a050,3,hn,120,201.6137155425736,1.2034300557356588,202.43566769960725,-2.025382212769302,8.881784197001252e-16
a051_1,a051,0,yaw,1,0.07111379900157963,0.00012284913110622276,0.07099035194535704,5.979251163859223e-07,-8.570914635029452e-18
a051_1,a051,0,yaw,5,1.301233070316406,0.0030712282776555687,1.2981098461779252,5.199586082498989e-05,1.7038914766967506e-16
a051_1,a051,0,yaw,10,4.388373586603936,0.012284913110622275,4.37596068128224,0.0001279922110753408,-1.1614515772750966e-15
a051_1,a051,0,yaw,30,24.3672018175702,0.11056421799560048,24.212409002732684,0.04422859684191534,-4.0245584642661925e-16
a051_1,a051,0,yaw,60,52.32276030476329,0.44225687198240193,51.246310470125806,0.6341929626550855,-4.440892098500626e-16
a051_1,a051,0,yaw,120,101.3284042735853,1.7690274879296077,97.20547647141261,2.353900314243075,1.6431300764452317e-14
a051_1,a051,0,hn,1,0.07492200320495385,0.00014716572468442672,0.0747741315489564,7.059313130186258e-07,-2.186721432455383e-18
a051_1,a051,0,hn,5,1.3223833871457602,0.0036791431171106677,1.3186424067904645,6.183723818499096e-05,1.0083080204115191e-16
a051_1,a051,0,hn,10,4.398927001152159,0.01471657246844267,4.3844317981218985,-0.00022136943818296814,8.951444186583446e-16
a051_1,a051,0,hn,30,24.035128436406236,0.13244915221598405,23.86626788047091,0.03641140371934549,-3.7816971776294395e-15
a051_1,a051,0,hn,60,51.64391334784426,0.5297966088639362,50.42696471336192,0.6871520256184078,1.9984014443252818e-15
a051_1,a051,0,hn,120,104.99611782402017,2.119186435455745,100.019917624828,2.8570137637364312,1.3322676295501878e-15
a051_1,a051,1,yaw,1,0.07216674126947838,0.0001223731005822196,0.07204374520857267,6.229603234623925e-07,3.067889807484032e-17
a051_1,a051,1,yaw,5,1.2923788909865184,0.0030593275145554904,1.2892571493091383,6.241416282469229e-05,1.6506978076091805e-17
a051_1,a051,1,yaw,10,4.329157157721769,0.012237310058221961,4.3171154986896525,-0.0001956510261049895,2.411265631607762e-16
a051_1,a051,1,yaw,30,24.322795783286974,0.11013579052399763,24.180266628328223,0.03239336443474728,6.099287741534454e-15
a051_1,a051,1,yaw,60,54.058045514560156,0.44054316209599054,53.01958902717019,0.5979133252939791,-5.88418203051333e-15
a051_1,a051,1,yaw,120,109.05438001696962,1.7621726483839621,105.38222454411962,1.9099828244660675,-4.0190073491430667e-14
a051_1,a051,1,hn,1,0.06799921777094829,0.00019964220881414654,0.06779877850994312,7.970521910269838e-07,-8.796437157235909e-19
a051_1,a051,1,hn,5,1.1599067045993392,0.004991055220353663,1.1548770904658558,3.85589131296401e-05,1.2024479719222048e-16
a051_1,a051,1,hn,10,3.835833307542358,0.01996422088141465,3.8161442063660367,-0.000275119705093205,-4.3546980257880286e-16
a051_1,a051,1,hn,30,20.985662235473065,0.17967798793273188,20.765730559830992,0.040253687709340076,1.7139067942650854e-15
a051_1,a051,1,hn,60,44.96131597800616,0.7187119517309275,43.64296853070805,0.5996354955671641,2.0650148258027912e-14
a051_1,a051,1,hn,120,89.70682907260678,2.87484780692371,84.60600372470361,2.225977540979456,8.881784197001252e-16
a051_1,a051,2,yaw,1,0.07297331592053008,0.0001280816804022403,0.0728446205027564,6.137373714354694e-07,2.7472454853009164e-18
a051_1,a051,2,yaw,5,1.3336415756587683,0.0032020420100560077,1.3303914814605229,4.8052188189492744e-05,-1.1911993743826677e-16
a051_1,a051,2,yaw,10,4.520132960220451,0.01280816804022403,4.507296241279803,2.8550900423727783e-05,-3.0921445959286586e-16
a051_1,a051,2,yaw,30,25.318544650570132,0.11527351236201627,25.16138254995711,0.04188858825100819,-2.8033131371785203e-15
a051_1,a051,2,yaw,60,55.26680121341764,0.4610940494480651,54.20550892479924,0.6001982391703284,3.774758283725532e-15
a051_1,a051,2,yaw,120,107.68679062352031,1.8443761977922604,103.5750109991797,2.267403426548337,1.865174681370263e-14
a051_1,a051,2,hn,1,0.07126806820700196,9.825696785035818e-05,0.07116926448888201,5.467502695830186e-07,3.5969254105153864e-18
a051_1,a051,2,hn,5,1.2340202985317117,0.0024564241962589544,1.2315241389404297,3.9735395023146265e-05,-1.4676709283664713e-16
a051_1,a051,2,hn,10,4.12298014127232,0.009825696785035818,4.113404462707879,-0.00025001822059522873,1.1248597539537109e-16
a051_1,a051,2,hn,30,22.4661409043315,0.08843127106532236,22.3493554350932,0.02835419817298057,-3.6637359812630166e-15
a051_1,a051,2,hn,60,47.33938592797258,0.35372508426128946,46.41767549746984,0.5679853462414586,-8.659739592076221e-15
a051_1,a051,2,hn,120,94.18746979252931,1.4149003370451578,90.57417401816892,2.1983954373152472,-5.773159728050814e-15
a051_1,a051,3,yaw,1,0.0737020948507852,7.985605317577025e-05,0.07362176894937486,4.6984823457675584e-07,-7.896570529896622e-18
a051_1,a051,3,yaw,5,1.3412236668918895,0.0019964013293942563,1.3391846267955787,4.2638766916639366e-05,-6.982939617164452e-17
a051_1,a051,3,yaw,10,4.535212838237976,0.007985605317577025,4.527303834610666,-7.660169026667835e-05,2.1377756335982934e-16
a051_1,a051,3,yaw,30,25.377924288297763,0.07187044785819323,25.279087817560633,0.026966022878936725,9.54097911787244e-16
a051_1,a051,3,yaw,60,55.66285264873893,0.2874817914327729,54.89875385792343,0.47661699938273383,-1.3322676295501878e-14
a051_1,a051,3,yaw,120,108.6867705317329,1.1499271657310917,106.1170475599518,1.4197958060500369,-1.84297022087776e-14
a051_1,a051,3,hn,1,0.07343473261296579,0.00027183954475682224,0.07316186315100692,1.0299172020502884e-06,-2.5368636770266295e-19
a051_1,a051,3,hn,5,1.3033177925847794,0.006795988618920556,1.2964355085512198,8.629541463899634e-05,7.467442462993912e-18
a051_1,a051,3,hn,10,4.403968972704153,0.027183954475682223,4.376679317667506,0.00010570056096526855,-8.961337531407376e-16
a051_1,a051,3,hn,30,24.600364104968563,0.24465559028114,24.294113619253423,0.06159489543399848,-4.85722573273506e-17
a051_1,a051,3,hn,60,53.986678355060725,0.97862236112456,52.163022486289144,0.8450335076470131,1.0769163338864018e-14
a051_1,a051,3,hn,120,112.18502724813555,3.91448944449824,104.63534117997277,3.6351966236645517,-1.0658141036401503e-14
a051_2,a051,0,yaw,1,0.015034605242005705,3.6175968884605844e-05,0.014998383082389974,4.619073112908938e-08,-3.677658238300562e-18
a051_2,a051,0,yaw,5,0.22468989952238236,0.0009043992221151459,0.22373756980450862,4.79304957586278e-05,-2.5377107099738838e-17
a051_2,a051,0,yaw,10,0.6718090865057069,0.0036175968884605836,0.6672786538613668,0.0009128357558797519,-2.255140518769849e-16
a051_2,a051,0,yaw,30,3.211234575801603,0.03255837199614526,3.1613760522218737,0.017300151583584007,-6.938893903907228e-18
a051_2,a051,0,yaw,60,5.038533140970118,0.13023348798458104,4.83536179559918,0.07293785738635818,-1.124100812432971e-15
a051_2,a051,0,yaw,120,8.98673029878305,0.5209339519383241,8.192664928939758,0.2731314179049656,1.27675647831893e-15
a051_2,a051,0,hn,1,0.016251801491746865,4.495107401278997e-05,0.016206756560406415,9.385732765858446e-08,1.2897400110926808e-18
a051_2,a051,0,hn,5,0.22219292055617343,0.0011237768503197494,0.22101913639223228,5.0007313621342584e-05,5.4847077400610456e-17
a051_2,a051,0,hn,10,0.6131469136218796,0.004495107401278998,0.6078229101976128,0.0008288960229877562,-9.974659986866641e-18
a051_2,a051,0,hn,30,2.524545087794188,0.04045596661151098,2.4703319241096198,0.013757197073057215,2.3245294578089215e-16
a051_2,a051,0,hn,60,3.5517686238784223,0.1618238664460439,3.289719984824307,0.100224772608071,6.106226635438361e-16
a051_2,a051,0,hn,120,6.752323282792211,0.6472954657841756,5.690346664893006,0.4146811521150287,1.6653345369377348e-16
a051_2,a051,1,yaw,1,0.015913317672926783,1.6939283908258145e-05,0.015896365241431402,1.314758711899347e-08,4.181072087294209e-18
a051_2,a051,1,yaw,5,0.24190436081455216,0.00042348209770645353,0.24145154310998104,2.9335606864642268e-05,1.8810907692623502e-17
a051_2,a051,1,yaw,10,0.717342336766801,0.0016939283908258141,0.7150637466524103,0.0005846617235648925,-3.144186300207963e-17
a051_2,a051,1,yaw,30,3.2645563791157173,0.015245355517432328,3.238359930296964,0.01095109330132146,-1.9081958235744878e-16
a051_2,a051,1,yaw,60,5.0323996427314,0.06098142206972931,4.921889215572134,0.04952900508953614,1.2490009027033011e-15
a051_2,a051,1,yaw,120,9.037268681441644,0.24392568827891725,8.602811564265458,0.19053142889726848,-5.551115123125783e-16
a051_2,a051,1,hn,1,0.013534192532938812,4.568185242075994e-05,0.013488407018408997,1.0366210905317383e-07,1.4708462431274908e-18
a051_2,a051,1,hn,5,0.15245273226189326,0.0011420463105189984,0.15126228036106856,4.840559030568571e-05,8.870129023647033e-18
a051_2,a051,1,hn,10,0.40844491532951627,0.004568185242075994,0.4031935156757059,0.0006832144117344349,-2.2985086056692694e-17
a051_2,a051,1,hn,30,1.6489502459334855,0.04111366717868395,1.5921597625070003,0.01567681624780073,4.198030811863873e-16
a051_2,a051,1,hn,60,2.2593161450706805,0.1644546687147358,1.9570836577131205,0.13777781864282412,1.1102230246251565e-16
a051_2,a051,1,hn,120,4.796325295886997,0.6578186748589432,3.5275160295162693,0.6109905915117844,-2.220446049250313e-16
a051_2,a051,2,yaw,1,0.015483763953299826,6.525440141437701e-05,0.015418387577100665,1.2197478478625507e-07,-1.6180976270517306e-18
a051_2,a051,2,yaw,5,0.24389392099319776,0.0016313600353594253,0.24219427455639592,6.828640144238772e-05,2.0111950299606107e-17
a051_2,a051,2,yaw,10,0.7506669558977607,0.006525440141437701,0.7428870628243431,0.001254452931979728,6.006480035569695e-17
a051_2,a051,2,yaw,30,3.5709071851256398,0.058728961272939306,3.48480803078512,0.027370193067580515,-3.122502256758253e-17
a051_2,a051,2,yaw,60,5.84958501494547,0.23491584509175722,5.470480267976495,0.14418890187721806,-5.551115123125783e-17
a051_2,a051,2,yaw,120,11.482733443145287,0.9396633803670289,9.998067032496133,0.5450030302821283,-1.7763568394002505e-15
a051_2,a051,2,hn,1,0.015626441301567397,3.2284050049196034e-05,0.015594095350536269,6.190098193342797e-08,-1.1527456667640985e-18
a051_2,a051,2,hn,5,0.19577376074650488,0.0008071012512299008,0.1949253786538433,4.128084143172867e-05,-4.9690340817726275e-17
a051_2,a051,2,hn,10,0.535219702485755,0.003228405004919603,0.5312773761096241,0.0007139213712113196,-2.938187887435717e-17
a051_2,a051,2,hn,30,2.3008963626441155,0.02905564504427643,2.2581935299837843,0.013647187616055323,-4.440892098500626e-16
a051_2,a051,2,hn,60,3.5357607906313664,0.11622258017710572,3.332021203669402,0.08751700678485737,1.5959455978986625e-15
a051_2,a051,2,hn,120,6.485780354598192,0.4648903207084229,5.654395653271338,0.3664943806184308,-3.885780586188048e-16
a051_2,a051,3,yaw,1,0.015107788650336452,2.3882990019061454e-05,0.01508387262276903,3.303754836144185e-08,-1.2099799477078676e-18
a051_2,a051,3,yaw,5,0.21693291644426765,0.0005970747504765362,0.21629951974806547,3.63219457257339e-05,-9.138469061337195e-17
a051_2,a051,3,yaw,10,0.6347286436722878,0.002388299001906145,0.631668059271657,0.0006722853987244985,4.954803928258755e-17
a051_2,a051,3,yaw,30,2.81735638065077,0.021494691017155308,2.781758424080016,0.014103265553599255,-1.682681771697503e-16
a051_2,a051,3,yaw,60,4.410917391114634,0.08597876406862123,4.255249639600823,0.06968898744519057,-7.632783294297951e-16
a051_2,a051,3,yaw,120,8.01084602255305,0.34391505627448493,7.411288342214279,0.2556426240642858,6.106226635438361e-16
a051_2,a051,3,hn,1,0.013669091057518363,6.479228764392285e-05,0.013604158248181989,1.4052169245161276e-07,-1.0529678325555021e-18
a051_2,a051,3,hn,5,0.18712298862900947,0.0016198071910980714,0.18543867667001396,6.450476789745715e-05,-2.405573570202213e-17
a051_2,a051,3,hn,10,0.5312002794518205,0.006479228764392286,0.5236246267517226,0.0010964239357055612,-3.5128150388530344e-17
a051_2,a051,3,hn,30,2.343742570241481,0.05831305887953058,2.2630005892322482,0.02242892212970191,1.3530843112619095e-16
a051_2,a051,3,hn,60,3.8965821316800504,0.23325223551812233,3.53411829601329,0.12921160014863828,-1.942890293094024e-16
a051_2,a051,3,hn,120,7.864301987906737,0.9330089420724893,6.461051952652031,0.4702410931822172,-8.881784197001252e-16
a051_3,a051,0,yaw,1,0.021909591969528366,0.0001994599798597685,0.021709727613856238,4.043758123623159e-07,-2.9293046294013875e-18
a051_3,a051,0,yaw,5,0.2546487999035135,0.004986499496494212,0.24949806335775007,0.0001642370492692315,7.589415207398531e-18
a051_3,a051,0,yaw,10,0.5986550905016037,0.01994599798597685,0.5756470218298718,0.003062070685755148,-1.1188966420050406e-16
a051_3,a051,0,yaw,30,1.8154447120365909,0.17951398187379158,1.626506132397201,0.00942459776559796,2.706168622523819e-16
a051_3,a051,0,yaw,60,3.5116409491557126,0.7180559274951663,2.8637712440512355,-0.07018622239068872,-3.3306690738754696e-16
a051_3,a051,0,yaw,120,6.622065245547444,2.8722237099806653,3.9089149060025608,-0.1590733704357825,2.220446049250313e-16
a051_3,a051,0,hn,1,0.026595890964018327,0.0001801199777958128,0.026415527236387387,2.4374983512412525e-07,4.356449266406477e-18
a051_3,a051,0,hn,5,0.27793063567293635,0.004502999444895321,0.2732925735494147,0.00013506267862634937,-8.456776945386935e-18
a051_3,a051,0,hn,10,0.6450931373479979,0.018011997779581283,0.6253854959315971,0.001695643636819575,-6.461844948013606e-17
a051_3,a051,0,hn,30,1.9699591594676185,0.16210798001623156,1.8262004390327933,-0.018349259581406617,2.983724378680108e-16
a051_3,a051,0,hn,60,3.2819619594306197,0.6484319200649262,2.9635574478170255,-0.33002740845133166,-4.996003610813204e-16
a051_3,a051,0,hn,120,4.16790538950422,2.593727680259705,3.3958117247494486,-1.8216340155049324,-8.881784197001252e-16
a051_3,a051,1,yaw,1,0.023218408512519346,0.00015434764554268202,0.023063682949198177,3.779177784928816e-07,-4.9354492254139945e-18
a051_3,a051,1,yaw,5,0.2667478854026522,0.0038586911385670507,0.2627658686290804,0.0001233256350047792,-5.627009275199768e-17
a051_3,a051,1,yaw,10,0.6439694624216367,0.015434764554268203,0.6264379208905214,0.002096776976847003,6.722053469410127e-17
a051_3,a051,1,yaw,30,2.3196573430810172,0.13891288098841378,2.178123172604199,0.002621289488404386,-4.2500725161431774e-17
a051_3,a051,1,yaw,60,3.917821201688417,0.5556515239536551,3.508319357738599,-0.14614968000383718,8.326672684688674e-17
a051_3,a051,1,yaw,120,4.829258333403436,2.2226060958146205,3.439810840217437,-0.8331586026286218,1.1102230246251565e-16
a051_3,a051,1,hn,1,0.026574649232262406,0.00013857600555891868,0.02643604275439132,3.0472312166568443e-08,6.104592920641344e-20
a051_3,a051,1,hn,5,0.27264677554069927,0.0034644001389729675,0.2690770712179418,0.00010530418378448552,3.037121335675019e-17
a051_3,a051,1,hn,10,0.593588129833327,0.01385760055589187,0.5772065863769129,0.0025239429005221798,-2.168404344971009e-17
a051_3,a051,1,hn,30,1.8392570788246112,0.12471840500302682,1.7328147315101334,-0.01827605768854895,-5.898059818321144e-17
a051_3,a051,1,hn,60,3.5386696830668782,0.4988736200121073,3.4495634915726927,-0.40976742851792175,1.6653345369377348e-16
a051_3,a051,1,hn,120,4.631789740819277,1.995494480048429,5.586285288701622,-2.949990027930774,0.0
a051_3,a051,2,yaw,1,0.025007542832472977,0.00012821043453336073,0.024879180438770084,1.5195916953000513e-07,2.30678835272868e-18
a051_3,a051,2,yaw,5,0.26872902748391553,0.0032052608633340186,0.26540785519609283,0.00011591142448869479,-4.269046054161674e-18
a051_3,a051,2,yaw,10,0.6191768338310836,0.012821043453336074,0.6040187373720585,0.0023370530056890464,-6.375108774214766e-17
a051_3,a051,2,yaw,30,2.1157284989172056,0.11538939108002466,1.99986964092857,0.0004694669086112929,-3.546967407286328e-16
a051_3,a051,2,yaw,60,3.7010875697507335,0.46155756432009865,3.3097599482387916,-0.07022994280815727,5.134781488891349e-16
a051_3,a051,2,yaw,120,4.986144994058096,1.8462302572803946,3.6050033127310135,-0.465088575953312,-3.3306690738754696e-16
a051_3,a051,2,hn,1,0.026046868598184825,0.0002822788219316041,0.025764029426136634,5.603501165874374e-07,1.2052220048244626e-18
a051_3,a051,2,hn,5,0.2739690802541064,0.007056970548290102,0.2667001121798161,0.00021199752600022405,-1.6886448836461732e-17
a051_3,a051,2,hn,10,0.6576074342239846,0.028227882193160407,0.626385583547673,0.002993968483151025,1.1882855810441129e-16
a051_3,a051,2,hn,30,2.184833147561213,0.25405093973844367,1.950495045686228,-0.019712837863459298,5.100087019371813e-16
a051_3,a051,2,hn,60,4.093303550537912,1.0162037589537747,3.5334692466163964,-0.4563694550322597,6.661338147750939e-16
a051_3,a051,2,hn,120,5.8216188919727365,4.064815035815099,4.132834870399472,-2.3760310142418355,8.881784197001252e-16
a051_3,a051,3,yaw,1,0.024080889767875025,8.823956525336556e-05,0.023992404738392904,2.4546422875784616e-07,-2.3030825835844426e-18
a051_3,a051,3,yaw,5,0.25744214877527793,0.002205989131334139,0.255169372978772,6.67866651717649e-05,2.6983081567732992e-17
a051_3,a051,3,yaw,10,0.5865382776054144,0.008823956525336556,0.5768942825024267,0.000820038577651217,1.0516761073109393e-17
a051_3,a051,3,yaw,30,1.8336121713818128,0.079415608728029,1.7673904126915245,-0.0131938500377409,2.498001805406602e-16
a051_3,a051,3,yaw,60,3.303094786788328,0.317662434912116,3.1782608912833967,-0.1928285394071844,-3.0531133177191805e-16
a051_3,a051,3,yaw,120,4.373995920178359,1.270649739648464,4.356313448357716,-1.2529672678278205,-6.661338147750939e-16
a051_3,a051,3,hn,1,0.025783616399200984,0.00020180753395873742,0.02558150058808672,3.082771555256897e-07,2.9514863047076095e-18
a051_3,a051,3,hn,5,0.28406363936672524,0.005045188348968436,0.27886398943559093,0.0001544615821658866,-2.0897996874658098e-17
a051_3,a051,3,hn,10,0.642058838104844,0.020180753395873743,0.6188922613648236,0.002985823344146668,-1.3877787807814457e-17
a051_3,a051,3,hn,30,1.9830630521126225,0.1816267805628637,1.8023514695204605,-0.000915197970701588,-2.4296970685400154e-16
a051_3,a051,3,hn,60,3.7306545950947334,0.7265071222514548,3.2157933815831115,-0.21164590873983277,1.942890293094024e-16
a051_3,a051,3,hn,120,5.822027566719949,2.906028489005819,3.9503816715794255,-1.0343825938652962,2.220446049250313e-16
a052_2,a052,0,yaw,1,0.1684161631634852,0.00041239411405525977,0.16800327716611713,4.91883312833371e-07,-2.472383293916896e-18
a052_2,a052,0,yaw,5,2.726305340705367,0.010309852851381494,2.715450760040461,0.0005447278135242734,3.857591329703425e-16
a052_2,a052,0,yaw,10,8.759749001679,0.04123941140552598,8.716894072918125,0.0016155173553472782,1.6495051852194464e-15
a052_2,a052,0,yaw,30,50.14404910597252,0.3711547026497338,49.853808676708475,-0.0809142733856806,-6.7584826624056404e-15
a052_2,a052,0,yaw,60,114.77819141134943,1.4846188105989353,114.76169876021027,-1.4681261594597739,2.4424906541753444e-15
a052_2,a052,0,yaw,120,147.23531418116437,5.938475242395741,145.3365418770731,-4.039702938304493,6.217248937900877e-15
a052_2,a052,0,hn,1,0.1893104910357707,0.000765630848250534,0.18854434894029928,5.112472209086139e-07,-4.512726845174895e-17
a052_2,a052,0,hn,5,3.2461974213417544,0.019140771206263354,3.226183148541871,0.0008735015936195439,3.303564019563332e-16
a052_2,a052,0,hn,10,10.671119402181018,0.07656308482505342,10.59132093801464,0.0032353793413257385,-1.0651202142497596e-15
a052_2,a052,0,hn,30,58.04428147470642,0.6890677634254808,57.45190234316654,-0.09668863188559665,-1.7486012637846216e-15
a052_2,a052,0,hn,60,124.46485959721493,2.7562710537019233,123.72386303106583,-2.0152744875528406,1.0658141036401503e-14
a052_2,a052,0,hn,120,143.60031954374614,11.025084214807693,140.50194738298885,-7.926712054050396,-1.7763568394002505e-15
a052_2,a052,1,yaw,1,0.1773459277117746,0.0007294131573920509,0.17661498641380774,1.5281405748238662e-06,-2.1427180708455222e-17
a052_2,a052,1,yaw,5,2.983060039874353,0.018235328934801277,2.963914200826248,0.0009105101133041827,-3.963843142607004e-16
a052_2,a052,1,yaw,10,9.596190354448225,0.0729413157392051,9.519496117634445,0.0037529210745788884,-3.6333783204334225e-15
a052_2,a052,1,yaw,30,53.80335618029163,0.6564718416528459,53.25805360787861,-0.11116926923983321,9.58955137519979e-15
a052_2,a052,1,yaw,60,117.05706845438942,2.6258873666113836,116.54478290512334,-2.1136018173452853,-1.2878587085651816e-14
a052_2,a052,1,yaw,120,140.7474299496237,10.503549466445534,134.90702329045217,-4.6631428072740215,-6.217248937900877e-15
a052_2,a052,1,hn,1,0.24951432436378143,0.0017776416851795274,0.24773207236579756,4.6103128043277975e-06,2.6180094333735915e-17
a052_2,a052,1,hn,5,4.227252574093319,0.044441042129488184,4.181037998875637,0.001773533088193079,8.977193988179977e-17
a052_2,a052,1,hn,10,13.447165852376019,0.17776416851795274,13.260003224508361,0.009398459349708172,-4.102621020685149e-15
a052_2,a052,1,hn,30,68.88829949406062,1.5998775166615746,67.33214656922148,-0.04372459182242821,-1.0942635686461699e-14
a052_2,a052,1,hn,60,151.9679121818402,6.3995100666462985,147.62924054117144,-2.0608384259775483,2.6201263381153694e-14
a052_2,a052,1,hn,120,203.52802213444207,25.598040266585194,179.36390307868376,-1.4339212108268444,-5.084821452783217e-14
a052_2,a052,2,yaw,1,0.16519703488966114,0.00031983494674361305,0.16487748423654658,-2.842936290334297e-07,-2.136958246804193e-17
a052_2,a052,2,yaw,5,2.7214456146976107,0.007995873668590326,2.7129840619892827,0.00046567903973762924,3.0254661623208e-16
a052_2,a052,2,yaw,10,8.690514320150026,0.031983494674361304,8.657077479316326,0.0014533461593387359,3.8359072862537147e-16
a052_2,a052,2,yaw,30,49.14670161331733,0.2878514520692517,48.960922629570916,-0.10207246832282335,-1.4654943925052066e-14
a052_2,a052,2,yaw,60,113.86632917650657,1.151405808277007,114.13744968417596,-1.4225263159463921,-7.105427357601002e-15
a052_2,a052,2,yaw,120,145.05462328186363,4.605623233108028,143.99553914619716,-3.546539097441536,-1.687538997430238e-14
a052_2,a052,2,hn,1,0.18767373118737896,0.0009150558698555112,0.1867576992134599,9.761040635907232e-07,-4.1524096173247566e-17
a052_2,a052,2,hn,5,3.2405230947058508,0.02287639674638778,3.216609677227112,0.0010370207323508406,-1.6089560239684886e-16
a052_2,a052,2,hn,10,10.838873352094975,0.09150558698555113,10.742027888869845,0.005339876239576822,1.1674688993323912e-15
a052_2,a052,2,hn,30,64.98904481673252,0.8235502828699602,64.2250551538499,-0.059560619987329366,-7.93809462606987e-15
a052_2,a052,2,hn,60,155.47541226709606,3.294201131479841,153.63971879385832,-1.4585076582421221,2.398081733190338e-14
a052_2,a052,2,hn,120,225.2765906808615,13.176804525919364,213.52312706817824,-1.4233409132360946,-8.659739592076221e-15
a052_2,a052,3,yaw,1,0.20439207316998667,0.0023880192916780896,0.20199603832962487,8.015548683732679e-06,-2.2995250452059746e-17
a052_2,a052,3,yaw,5,3.5158282091230033,0.05970048229195224,3.453860012519405,0.002267714311645375,2.5500435096859064e-16
a052_2,a052,3,yaw,10,11.288568418581763,0.23880192916780896,11.037850774450838,0.011915714963114608,1.7780915628762273e-15
a052_2,a052,3,yaw,30,58.40890151171251,2.1492173625102806,56.228469825681344,0.03121432352088315,1.8943180357666733e-15
a052_2,a052,3,yaw,60,117.49927981040085,8.596869450041122,110.71616510961636,-1.8137547492566115,-1.9761969838327786e-14
a052_2,a052,3,yaw,120,152.94877816475335,34.38747780016449,113.19603172062044,5.365268643968394,2.6645352591003757e-14
a052_2,a052,3,hn,1,0.19958261346876083,0.0008050268353747067,0.19877915666605087,-1.5700326647251063e-06,-1.3212655185983017e-17
a052_2,a052,3,hn,5,3.4948850018711,0.020125670884367664,3.4739136434162563,0.000845687570476411,-3.163701939312702e-16
a052_2,a052,3,hn,10,11.551272585056763,0.08050268353747066,11.466428868366393,0.004341033152900576,-1.3331349912881763e-15
a052_2,a052,3,hn,30,68.2147087731114,0.7245241518372361,67.53217166851127,-0.041987047237103184,2.9559688030644793e-15
a052_2,a052,3,hn,60,164.34194574921435,2.8980966073489443,162.69149512414256,-1.2476459822771533,-9.769962616701378e-15
a052_2,a052,3,hn,120,227.43136766919906,11.592386429395777,215.93054218167083,-0.09156094186755216,-3.649858193455202e-15
a053_1,a053,0,yaw,1,0.030284172419006685,6.176100401027842e-05,0.030222307882330924,1.0353266548292933e-07,-4.651269671610177e-19
a053_1,a053,0,yaw,5,0.5483162298385292,0.0015440251002569604,0.5467428789817905,2.9325756481873384e-05,-1.3830692775947118e-16
a053_1,a053,0,yaw,10,1.8223788426788603,0.0061761004010278415,1.8160789678655795,0.00012377441225322214,-3.582475028435228e-16
a053_1,a053,0,yaw,30,9.808910543687686,0.05558490360925057,9.755485773650781,-0.0021601335723482663,2.2538394761628666e-15
a053_1,a053,0,yaw,60,15.496480680781142,0.2223396144370023,15.37103173424096,-0.09689066789682081,1.5265566588595902e-16
a053_1,a053,0,yaw,120,6.8832632911631695,0.8893584577480091,6.993591596963601,-0.9996867635484397,-4.440892098500626e-16
a053_1,a053,0,hn,1,0.038296169296298345,0.0002514462815934709,0.038044131299157596,5.917155472789549e-07,-3.570561510032096e-18
a053_1,a053,0,hn,5,0.6884992644093899,0.006286157039836772,0.682066570987044,0.00014653638250911296,-5.80861313909109e-17
a053_1,a053,0,hn,10,2.33372527221046,0.025144628159347086,2.3072741233421614,0.0013065207089512597,-1.6197980456933436e-16
a053_1,a053,0,hn,30,12.88898616056279,0.22630165343412378,12.627939864197192,0.03474464293147592,-8.673617379884035e-16
a053_1,a053,0,hn,60,21.754816175262793,0.9052066137364951,20.933721441981618,-0.08411188045531837,-2.7755575615628914e-15
a053_1,a053,0,hn,120,11.288445845316225,3.6208264549459805,10.147590307207544,-2.4799709168372988,-4.440892098500626e-16
a053_1,a053,1,yaw,1,0.03060639762579604,0.00015893843514581398,0.0304469679894888,4.912011614325211e-07,-2.960274271535373e-18
a053_1,a053,1,yaw,5,0.5297010213454373,0.003973460878645349,0.5256436918956252,8.386857116670117e-05,1.0814916670542907e-17
a053_1,a053,1,yaw,10,1.7796050537328825,0.015893843514581396,1.7634909979085787,0.00022021230972235032,5.9631119486702744e-18
a053_1,a053,1,yaw,30,9.677284886805323,0.14304459163123256,9.547837884219785,-0.013597589045693761,-9.853229343548264e-16
a053_1,a053,1,yaw,60,15.2926633842761,0.5721783665249303,15.048828739442534,-0.3283437216913682,3.497202527569243e-15
a053_1,a053,1,yaw,120,6.213400229993439,2.288713466099721,7.126232486744274,-3.201545722850557,1.3322676295501878e-15
a053_1,a053,1,hn,1,0.028688825542198357,0.00014759694906703387,0.028540990629523668,2.3796360765508912e-07,5.388453033517435e-19
a053_1,a053,1,hn,5,0.4856046200413074,0.003689923726675847,0.4818100367489531,0.00010465956567844991,-4.9954615097269617e-17
a053_1,a053,1,hn,10,1.605988606086523,0.014759694906703388,1.589876457687995,0.0013524534918243978,1.5894403848637495e-16
a053_1,a053,1,hn,30,8.966931373249514,0.1328372541603305,8.803333460577294,0.030760658511890276,-9.159339953157541e-16
a053_1,a053,1,hn,60,14.760218112057002,0.531349016641322,14.288678047740424,-0.05980895232474505,1.2351231148954867e-15
a053_1,a053,1,hn,120,8.355054467151827,2.125396066565288,7.592004041101052,-1.3623456405145111,-8.881784197001252e-16
a053_1,a053,2,yaw,1,0.031045717017578696,9.049198540640965e-05,0.03095492316946921,3.0186270307666065e-07,1.444191175068582e-19
a053_1,a053,2,yaw,5,0.5412499836648055,0.0022622996351602414,0.53894590798432,4.177604532511029e-05,1.8215274124114278e-16
a053_1,a053,2,yaw,10,1.8055489432047558,0.009049198540640966,1.7967703519068225,-0.00027060724270760235,-6.320898665590491e-17
a053_1,a053,2,yaw,30,9.746111090581747,0.0814427868657687,9.695594749158742,-0.030926445442763833,1.1483869410966463e-15
a053_1,a053,2,yaw,60,15.968022352491218,0.3257711474630748,15.934980767353045,-0.2927295623249019,9.992007221626409e-16
a053_1,a053,2,yaw,120,6.523193077085453,1.3030845898522991,7.285001656001401,-2.0648931687682484,4.440892098500626e-16
a053_1,a053,2,hn,1,0.045172564525511154,0.00016082783933150924,0.04501141302144583,3.236647338098896e-07,3.233071820110461e-18
a053_1,a053,2,hn,5,0.8150850417501672,0.00402069598328773,0.8109565814110833,0.00010776435579615176,2.873135757086587e-17
a053_1,a053,2,hn,10,2.7431320214362342,0.01608278393315092,2.7258577534712916,0.0011914840317917186,2.0426368929626904e-16
a053_1,a053,2,hn,30,14.91553962796871,0.1447450553983583,14.751434119567806,0.019360453002548888,-2.480654570646834e-15
a053_1,a053,2,hn,60,25.08487240251227,0.5789802215934332,24.774042094466708,-0.2681499135478675,-2.0539125955565396e-15
a053_1,a053,2,hn,120,10.64803263622247,2.315920886373733,11.219185185462806,-2.8870734356140675,8.881784197001252e-16
a053_1,a053,3,yaw,1,0.032486478204985896,9.65951468903926e-05,0.03238980253982859,8.0518266913007e-08,2.012510578006815e-18
a053_1,a053,3,yaw,5,0.5918536794761088,0.002414878672259815,0.5893617124208648,7.708838298424027e-05,-9.294323123631987e-17
a053_1,a053,3,yaw,10,2.002833966562841,0.00965951468903926,1.9920863072332182,0.0010881446405833662,3.441257695468991e-16
a053_1,a053,3,yaw,30,11.571107894329575,0.08693563220135335,11.428094051005017,0.056078211123204026,1.4085954624931674e-15
a053_1,a053,3,yaw,60,20.137756767252082,0.3477425288054134,19.507861468651406,0.2821527697952618,2.1094237467877974e-15
a053_1,a053,3,yaw,120,12.717015744708785,1.3909701152216536,10.468571138964968,0.8574744905221621,1.1102230246251565e-15
a053_1,a053,3,hn,1,0.038733056897584675,0.00018670725851027773,0.03854599285812168,3.5678095272262436e-07,-3.497557857890616e-18
a053_1,a053,3,hn,5,0.6843465440513753,0.004667681462756943,0.6795715468220801,0.00010731576653825901,-4.050850366948966e-17
a053_1,a053,3,hn,10,2.283548965799325,0.01867072585102777,2.2638124194788243,0.0010658204694729517,-5.160802341031001e-17
a053_1,a053,3,hn,30,12.578169602783058,0.16803653265924995,12.38362267586451,0.026510394259301455,-4.211908599671688e-15
a053_1,a053,3,hn,60,21.244643758990144,0.6721461306369998,20.732578619782505,-0.16008099142936313,2.525757381022231e-15
a053_1,a053,3,hn,120,9.354520026268352,2.688584522547999,9.029193600002927,-2.3632580962825744,4.440892098500626e-16
a053_2,a053,0,yaw,1,0.03330880037509168,0.00048125388575842365,0.03282678963018869,7.568591445704149e-07,-4.834546425572326e-18
a053_2,a053,0,yaw,5,0.6970791110046917,0.01203134714396059,0.68487607800827,0.00017168585246083373,2.4497548087309973e-16
a053_2,a053,0,yaw,10,2.4562522727904987,0.04812538857584236,2.4075669659832717,0.0005599182313847395,-5.767955557622884e-17
a053_2,a053,0,yaw,30,14.29156117645338,0.43312849718258123,13.912033860797417,-0.05360118152661877,5.759281940243e-16
a053_2,a053,0,yaw,60,23.649208809149055,1.732513988730325,22.163371986675774,-0.24667716625704308,-6.38378239159465e-16
a053_2,a053,0,yaw,120,15.923584593652649,6.9300559549213,8.959330608553426,0.03419803017791932,3.011479954295737e-15
a053_2,a053,0,hn,1,0.03273706868482217,1.3499603835035857e-05,0.03272361724195992,-4.816097277988996e-08,-6.3142798972010865e-18
a053_2,a053,0,hn,5,0.6853186617637905,0.00033749009587589644,0.6849859333490957,-4.761681181126748e-06,-4.54602582791383e-18
a053_2,a053,0,hn,10,2.4438620215432705,0.0013499603835035858,2.4426872712879795,-0.0001752101282119615,-6.824239524166886e-16
a053_2,a053,0,hn,30,14.398975304321937,0.012149643451532272,14.39926302458847,-0.012437363718061494,-4.2032349822918036e-15
a053_2,a053,0,hn,60,22.28439651448891,0.048598573806129086,22.289786413005768,-0.05398847232298388,-7.7021722333370235e-16
a053_2,a053,0,hn,120,10.556316612223789,0.19439429522451634,10.37184262210651,-0.009920305107238086,1.5699247457590104e-15
a053_2,a053,1,yaw,1,0.029978150976920054,7.704402227316712e-05,0.029900650999782848,4.559548640413436e-07,-2.9110404814762167e-18
a053_2,a053,1,yaw,5,0.5973501134187366,0.0019261005568291779,0.5953924245380163,3.1588323891093155e-05,-4.1226787608761306e-17
a053_2,a053,1,yaw,10,2.0652816165905326,0.007704402227316711,2.0571251638305728,0.0004520505326432879,-2.0995575070181793e-16
a053_2,a053,1,yaw,30,11.825862913993776,0.0693396200458504,11.728845355805024,0.027677938142900767,1.0408340855860843e-16
a053_2,a053,1,yaw,60,19.872206261181503,0.2773584801834016,19.474773552777705,0.12007422822039567,4.85722573273506e-16
a053_2,a053,1,yaw,120,11.474262731142002,1.1094339207336064,10.558715275505062,-0.19388646509666915,3.0808688933348094e-15
a053_2,a053,1,hn,1,0.029331671365110484,1.2845627822954286e-05,0.029318801156342625,2.4580944903106316e-08,1.4334543707176438e-18
a053_2,a053,1,hn,5,0.5826801367407425,0.00032114069557385706,0.582363178160477,-4.182115308424682e-06,3.1496073110703904e-17
a053_2,a053,1,hn,10,2.035310276803822,0.0012845627822954282,2.0340366481743857,-1.093415285881475e-05,-3.174899714875404e-16
a053_2,a053,1,hn,30,11.78224701720162,0.011561065040658855,11.768654240594044,0.0020317115669189886,-2.8163235632483463e-15
a053_2,a053,1,hn,60,18.865872468182406,0.04624426016263542,18.801176918098843,0.01845128992092861,2.0469737016526324e-16
a053_2,a053,1,hn,120,9.440171056038839,0.18497704065054169,9.21977889291187,0.035415122476425295,5.689893001203927e-16
a053_2,a053,2,yaw,1,0.028570901873481096,0.00020064802792157417,0.028370093900513742,1.5994504577963747e-07,1.1530235994499163e-18
a053_2,a053,2,yaw,5,0.5643549888577687,0.005016200698039356,0.5592763337349543,6.245442477500088e-05,3.7161029461940664e-17
a053_2,a053,2,yaw,10,1.942597948743575,0.020064802792157423,1.922541750180763,-8.604229345821993e-06,3.673090613132493e-16
a053_2,a053,2,yaw,30,10.94711241674706,0.18058322512941674,10.792491274184112,-0.02596208256646973,2.4702462297909733e-15
a053_2,a053,2,yaw,60,18.389671489361323,0.722332900517667,17.80669034118313,-0.13935175233948116,5.551115123125783e-15
a053_2,a053,2,yaw,120,10.776320401812564,2.889331602070668,7.8646480715731375,0.022340728168758945,-7.28583859910259e-17
a053_2,a053,2,hn,1,0.025342662355154297,5.1554968918187214e-05,0.02529115897392715,-5.158769103613646e-08,-2.9701938214411088e-18
a053_2,a053,2,hn,5,0.502980564214129,0.0012888742229546807,0.5016839860839831,7.70390719122618e-06,-4.509942224360797e-17
a053_2,a053,2,hn,10,1.7570469126320054,0.005155496891818723,1.7520999797429135,-0.0002085640027269028,-4.9168568522217626e-17
a053_2,a053,2,hn,30,10.124615656913866,0.0463994720263685,10.109597821168903,-0.031381636281404626,-1.2628786905111156e-15
a053_2,a053,2,hn,60,15.76648574470773,0.185597888105474,15.747319840544588,-0.16643198394233147,8.326672684688674e-17
a053_2,a053,2,hn,120,8.376798378624976,0.742391552421896,7.846548245369865,-0.21214141916678594,3.0531133177191805e-16
a053_2,a053,3,yaw,1,0.026567785434138947,0.0004924735457691759,0.0260738490046972,1.462883672566489e-06,3.342392009865469e-18
a053_2,a053,3,yaw,5,0.5308778060132077,0.0123118386442294,0.5184329799120397,0.00013298745693862094,-4.954803928258755e-17
a053_2,a053,3,yaw,10,1.859261332277416,0.0492473545769176,1.8091179652056575,0.0008960124948413617,-4.141652298894627e-16
a053_2,a053,3,yaw,30,11.105330457914325,0.44322619119225837,10.647226708196005,0.014877558526059348,3.635980405647388e-15
a053_2,a053,3,yaw,60,19.496029675114,1.7729047647690335,17.82410886852791,-0.10098395818294417,-3.3029134982598407e-15
a053_2,a053,3,yaw,120,15.120301241228173,7.091619059076134,9.78314105768967,-1.754458875537629,-2.4424906541753444e-15
a053_2,a053,3,hn,1,0.0296979384069046,3.496236939841997e-05,0.029663029445853594,-5.340834741429014e-08,-4.782692127332602e-19
a053_2,a053,3,hn,5,0.6025372355536156,0.0008740592349604992,0.6016545112803331,8.665038322110136e-06,-1.3462064037302046e-16
a053_2,a053,3,hn,10,2.1292155765208585,0.003496236939841997,2.126017783411414,-0.0002984438303972242,-4.52437566578201e-16
a053_2,a053,3,hn,30,12.580232335901751,0.031466132458577975,12.569652651626024,-0.02088644818284965,-2.5326962749261384e-16
a053_2,a053,3,hn,60,19.633967486070198,0.1258645298343119,19.594554957503366,-0.08645200126747797,-3.677613769070831e-15
a053_2,a053,3,hn,120,10.13169482601887,0.5034581193372476,9.489749574614496,0.13848713206712818,-1.582067810090848e-15
a053_3,a053,0,yaw,1,0.030175310020650374,0.0004488366657368141,0.029724182086060758,2.291268852803088e-06,-4.688327363052552e-19
a053_3,a053,0,yaw,5,0.6127910729535927,0.011220916643420351,0.6014004662622338,0.00016969004793861633,-7.418653365232064e-17
a053_3,a053,0,yaw,10,2.1372548610854074,0.044883666573681404,2.092735080017523,-0.0003638855057970043,-2.413434035952733e-16
a053_3,a053,0,yaw,30,12.21352018902239,0.4039529991631326,11.927926473050174,-0.1183592831909177,-1.3877787807814457e-17
a053_3,a053,0,yaw,60,23.88728012749629,1.6158119966525304,23.39785134945503,-1.1263832186112692,-4.440892098500626e-15
a053_3,a053,0,yaw,120,22.683552122073475,6.463247986610122,17.001973124380346,-0.7816689889169884,-2.3314683517128287e-15
a053_3,a053,0,hn,1,0.03244960467036767,2.2872295574767584e-05,0.03242658637974159,1.459950513106433e-07,1.5432940298973352e-18
a053_3,a053,0,hn,5,0.6411148032286678,0.0005718073893691896,0.640529848475768,1.3147363530648365e-05,-1.182220825141772e-16
a053_3,a053,0,hn,10,2.208666177501199,0.0022872295574767583,2.2062293284242567,0.00014961951946600342,-5.43049763143677e-16
a053_3,a053,0,hn,30,12.241379277462833,0.020585066017290824,12.239688216021445,-0.018894004575901676,-1.9463597400459776e-15
a053_3,a053,0,hn,60,22.500961719027607,0.0823402640691633,22.658060847854813,-0.23943939289636415,-4.579669976578771e-15
a053_3,a053,0,hn,120,13.570689301042544,0.3293610562766532,13.43041277280279,-0.18908452803689815,-7.494005416219807e-16
a053_3,a053,1,yaw,1,0.02759543710894836,4.785680602775795e-05,0.027547860848937844,-2.8054601724180214e-07,1.6279973246227653e-18
a053_3,a053,1,yaw,5,0.5484454355101432,0.0011964201506939488,0.5472068221058445,4.219325360482016e-05,-4.8165681512668534e-17
a053_3,a053,1,yaw,10,1.8954338736728655,0.004785680602775795,1.8896664995814396,0.000981693488650417,-2.3548871186385156e-16
a053_3,a053,1,yaw,30,10.559712809454961,0.043071125424982155,10.470575200030355,0.04606648399962339,7.077671781985373e-16
a053_3,a053,1,yaw,60,20.62888238295495,0.17228450169992862,20.149935289662466,0.30666259159255466,9.43689570931383e-16
a053_3,a053,1,yaw,120,16.022523524909246,0.6891380067997145,14.856204874539895,0.4771806435696361,1.2212453270876722e-15
a053_3,a053,1,hn,1,0.02428528803430512,3.053902591738774e-05,0.024254638771042357,1.1023734537937702e-07,-5.7731648102484975e-18
a053_3,a053,1,hn,5,0.46917350277850656,0.0007634756479346936,0.4683897410480737,2.028608249815302e-05,2.425902360936316e-18
a053_3,a053,1,hn,10,1.608663148897998,0.0030539025917387746,1.605275375173505,0.00033387113275446634,-1.7320129705455933e-16
a053_3,a053,1,hn,30,8.806646787990553,0.027485123325648977,8.793560132703403,-0.014398468038500015,1.4797191250082165e-15
a053_3,a053,1,hn,60,16.000022796875445,0.1099404933025959,16.098595760186377,-0.20851345661352974,2.3592239273284576e-15
a053_3,a053,1,hn,120,10.80362812599015,0.4397619732103836,10.515383118619248,-0.15151696583948387,1.7208456881689926e-15
a053_3,a053,2,yaw,1,0.027602433195782306,0.0003060116661786226,0.02729514150761329,1.280021990403082e-06,-8.129186953036334e-18
a053_3,a053,2,yaw,5,0.5361104209529507,0.007650291654465564,0.528316915436415,0.00014321386207018084,-1.2441219929271163e-17
a053_3,a053,2,yaw,10,1.8055726069316214,0.030601166617862257,1.7737036098740888,0.0012678304396700588,2.1120258320017626e-16
a053_3,a053,2,yaw,30,9.700969389917285,0.2754104995607603,9.459644998393214,-0.03408610803668971,4.996003610813204e-16
a053_3,a053,2,yaw,60,19.305566660823633,1.1016419982430412,18.678565210594325,-0.4746405480137362,1.3877787807814457e-15
a053_3,a053,2,yaw,120,19.44860708470477,4.406567992972165,14.345009566455918,0.6970295252766874,-6.661338147750939e-16
a053_3,a053,2,hn,1,0.02231815125712334,2.7899574390600084e-05,0.022290111994613507,1.3968811923056074e-07,4.337920420685289e-18
a053_3,a053,2,hn,5,0.4111595664474412,0.0006974893597650021,0.4104439901241182,1.8086963557990056e-05,4.934813950703554e-17
a053_3,a053,2,hn,10,1.380040846363911,0.0027899574390600084,1.376990339095105,0.0002605498297457894,9.25366554216378e-17
a053_3,a053,2,hn,30,7.634907157363133,0.025109616951540077,7.623708584999195,-0.01391104458760238,9.853229343548264e-16
a053_3,a053,2,hn,60,14.460083104606575,0.10043846780616031,14.546818509795903,-0.18717387299549115,2.3314683517128287e-15
a053_3,a053,2,hn,120,9.805565262159988,0.40175387122464123,9.562721545766747,-0.15891015483140253,9.43689570931383e-16
a053_3,a053,3,yaw,1,0.023527508881316685,3.94371458303914e-05,0.023487712189471786,3.595460145083944e-07,-2.0932301709021897e-18
a053_3,a053,3,yaw,5,0.4621379549778341,0.0009859286457597851,0.46116096841977783,-8.942087703538767e-06,1.5873397431545588e-17
a053_3,a053,3,yaw,10,1.6123213579727274,0.0039437145830391405,1.6090404163983578,-0.0006627730086696766,-4.87890977618477e-18
a053_3,a053,3,yaw,30,9.32095968194811,0.03549343124735226,9.299671372622825,-0.014205121922068898,3.0982161280945775e-15
a053_3,a053,3,yaw,60,18.680375435351227,0.14197372498940905,18.57574976882827,-0.03734805846645056,-2.1649348980190553e-15
a053_3,a053,3,yaw,120,10.577914596689386,0.5678948999576362,10.524991848308376,-0.5149721515766257,-1.3322676295501878e-15
a053_3,a053,3,hn,1,0.027892598206962774,4.8925397564468884e-05,0.02784362864862166,4.416077664092318e-08,5.672500238423244e-18
a053_3,a053,3,hn,5,0.538784807708864,0.0012231349391117218,0.53751783319952,4.383957023247855e-05,-1.2725145373190805e-16
a053_3,a053,3,hn,10,1.8577340139455527,0.004892539756446887,1.8521509320401315,0.0006905421489741867,5.139118297581291e-17
a053_3,a053,3,hn,30,10.236683240726995,0.044032857808022,10.195044248223999,-0.002393865305025147,-3.5301622736128024e-16
a053_3,a053,3,hn,60,18.721157148353875,0.176131431232088,18.66770316603079,-0.122677448909001,-9.020562075079397e-16
a053_3,a053,3,hn,120,13.766931354621633,0.704525724928352,12.809156840217906,0.2532487894753746,3.885780586188048e-16
a054_1,a054,0,yaw,1,0.06344168905251109,0.0005827823379334312,0.06285502135087916,3.885363698495985e-06,1.0282979979667206e-18
a054_1,a054,0,yaw,5,1.1738520843437397,0.014569558448335782,1.1588846018359276,0.00039792405947621456,3.664603343001005e-17
a054_1,a054,0,yaw,10,3.9305059619153564,0.058278233793343126,3.868723488163152,0.0035042399588613112,3.1008182133085427e-16
a054_1,a054,0,yaw,30,22.067890016019227,0.5245041041400882,21.32428510967876,0.21910080220038294,-2.9698465908722937e-15
a054_1,a054,0,yaw,60,33.97126747188343,2.0980164165603528,30.03429873416354,1.838952321159539,-2.220446049250313e-16
a054_1,a054,0,yaw,120,44.30707874739705,8.392065666241411,27.09301980810125,8.821993273054398,-1.2434497875801753e-14
a054_1,a054,0,hn,1,0.07324618912526179,0.0004049782847942055,0.072838320854076,2.8899863915877106e-06,-2.2687777492206435e-18
a054_1,a054,0,hn,5,1.3775958966297834,0.010124457119855141,1.367112928320334,0.00035851118959447065,-1.8014019095846656e-16
a054_1,a054,0,hn,10,4.717964391893364,0.040497828479420565,4.67396761126246,0.003498952151483452,-1.5612511283791264e-17
a054_1,a054,0,hn,30,25.922664293771074,0.3644804563147851,25.30724395410672,0.2509398833495679,2.275957200481571e-15
a054_1,a054,0,hn,60,44.00738797367304,1.4579218252591404,39.618535491576466,2.9309306568374343,-1.7763568394002505e-15
a054_1,a054,0,hn,120,52.83024674107113,5.8316873010365615,38.21123430365556,8.787325136379009,1.7763568394002505e-15
a054_1,a054,1,yaw,1,0.0614148066501436,0.0003143557518816695,0.061098246678288934,2.20421997299994e-06,-3.082776411532026e-18
a054_1,a054,1,yaw,5,1.164608101034751,0.007858893797041739,1.1564994289185109,0.0002497783191984933,9.698188432882837e-17
a054_1,a054,1,yaw,10,3.961146780065022,0.031435575188166955,3.926180591021206,0.003530613855649425,-4.132978681514743e-16
a054_1,a054,1,yaw,30,21.971951460429658,0.28292017669350256,21.507522437401335,0.18150884633482312,-1.3322676295501878e-15
a054_1,a054,1,yaw,60,34.53766449284384,1.1316807067740102,32.280592678992804,1.1253911070770306,-9.103828801926284e-15
a054_1,a054,1,yaw,120,37.65400260724852,4.526722827096041,29.548541528559284,3.5787382515932,-6.217248937900877e-15
a054_1,a054,1,hn,1,0.07296841498460763,0.0011430778772820057,0.07181821687780174,7.12022952388186e-06,3.497399039213006e-18
a054_1,a054,1,hn,5,1.3660531428969447,0.02857694693205015,1.3366197641480015,0.0008564318168931527,-5.312590645178972e-17
a054_1,a054,1,hn,10,4.6102598144614415,0.1143077877282006,4.489504861933216,0.006447164800024912,-8.239936510889834e-17
a054_1,a054,1,hn,30,24.97110792201074,1.0287700895538054,23.594486414133954,0.34785141832298483,-2.886579864025407e-15
a054_1,a054,1,hn,60,48.55634725345501,4.115080358215222,40.65810560833364,3.7831612869061493,-6.217248937900877e-15
a054_1,a054,1,hn,120,62.52248846181339,16.460321432860887,35.577743577232994,10.4844234517195,7.105427357601002e-15
a054_1,a054,2,yaw,1,0.06863151298820185,0.00045850480511266413,0.06817002000494454,2.9881781446288516e-06,4.517226707707184e-18
a054_1,a054,2,yaw,5,1.294894960331395,0.011462620127816606,1.2831303936977911,0.0003019465057876055,-1.9618638311125203e-16
a054_1,a054,2,yaw,10,4.396461479885903,0.045850480511266424,4.347557702279156,0.003053297095480854,2.237793284010081e-16
a054_1,a054,2,yaw,30,24.622746577855946,0.4126543246013977,24.016795293906405,0.19329695934814128,1.1102230246251565e-15
a054_1,a054,2,yaw,60,39.91543655600285,1.650617298405591,37.05274807349419,1.2120711841030565,1.0436096431476471e-14
a054_1,a054,2,yaw,120,44.290875393400384,6.602469193622364,32.98149615749506,4.70691004228296,3.552713678800501e-15
a054_1,a054,2,hn,1,0.08242949168987428,0.0011444291032402091,0.08127776114656406,7.301440070012369e-06,-2.9341221292888964e-18
a054_1,a054,2,hn,5,1.5731836975054045,0.028610727581005233,1.5436663392086765,0.0009066307157227859,4.7813315806610746e-17
a054_1,a054,2,hn,10,5.399162866846167,0.11444291032402093,5.274601756662159,0.010118199859986583,4.85722573273506e-17
a054_1,a054,2,hn,30,30.59389843109643,1.0299861929161882,29.09340661661795,0.47050562156229264,-1.6653345369377348e-16
a054_1,a054,2,hn,60,58.58460723161906,4.119944771664753,49.31375234787255,5.150910112081757,-3.552713678800501e-15
a054_1,a054,2,hn,120,74.00426707600849,16.47977908665901,41.3833050437732,16.141182945576276,7.105427357601002e-15
a054_1,a054,3,yaw,1,0.07803619091320928,0.0008731851732444086,0.07715722759291105,5.7781470538281095e-06,-2.7096583982665068e-18
a054_1,a054,3,yaw,5,1.5296423187295867,0.021829629331110222,1.50719815005307,0.0006145393454065162,-6.548581121812447e-17
a054_1,a054,3,yaw,10,5.231587645423017,0.08731851732444089,5.139292920738266,0.004976207360309574,-1.1449174941446927e-16
a054_1,a054,3,yaw,30,29.07651588295756,0.7858666559199677,27.92961757806051,0.36103164897707485,7.549516567451064e-15
a054_1,a054,3,yaw,60,49.09245084453682,3.143466623679871,42.56929593777552,3.3796882830814274,8.881784197001252e-16
a054_1,a054,3,yaw,120,64.64275611725832,12.573866494719484,40.71072841721553,11.358161205323315,-8.881784197001252e-15
a054_1,a054,3,hn,1,0.09263013337246101,0.001812185607781054,0.0908066900219535,1.1257742726441348e-05,9.066640667410031e-18
a054_1,a054,3,hn,5,1.789028687862629,0.045304640194526354,1.7423708178345623,0.0013532298335403698,-1.0625181290357943e-17
a054_1,a054,3,hn,10,6.180129636977087,0.18121856077810541,5.98818072504218,0.010730351156802405,-4.180683577104105e-16
a054_1,a054,3,hn,30,35.67501275605394,1.6309670470029485,33.452115816262236,0.5919298927887521,3.219646771412954e-15
a054_1,a054,3,hn,60,69.94616588542428,6.523868188011794,56.99304891567605,6.429248781736433,0.0
a054_1,a054,3,hn,120,94.51153179346706,26.095472752047176,45.78557573101379,22.630483310406095,-3.552713678800501e-15
a054_2,a054,0,yaw,1,0.038277602488752824,0.00012121677621770307,0.038156490761021324,-1.050484862042294e-07,2.82046089567921e-18
a054_2,a054,0,yaw,5,0.6404410201158438,0.0030304194054425766,0.6373864582408452,2.4142469555972457e-05,9.301438200388923e-17
a054_2,a054,0,yaw,10,2.0412368658483695,0.012121677621770306,2.028818817184462,0.00029637104213686596,2.231288070975168e-16
a054_2,a054,0,yaw,30,8.581319509819503,0.10909509859593278,8.481678679949603,-0.009454268726032252,-1.025221574302293e-15
a054_2,a054,0,yaw,60,14.619111768170459,0.4363803943837311,14.258373912758334,-0.07564253897160755,2.220446049250313e-15
a054_2,a054,0,yaw,120,19.46439819285837,1.7455215775349244,18.929088218929536,-1.2102116036060906,0.0
a054_2,a054,0,hn,1,0.031819716158351864,1.800111946887598e-05,0.031801573872633784,1.411662491974432e-07,6.573452126726201e-18
a054_2,a054,0,hn,5,0.5527896670857925,0.00045002798672189953,0.5523306907308564,8.948368214175702e-06,1.4280975490707504e-17
a054_2,a054,0,hn,10,1.8096174136823908,0.0018001119468875981,1.8077625379316749,5.4763803828885355e-05,-4.794003193551999e-16
a054_2,a054,0,hn,30,8.29402432598388,0.01620100752198838,8.268921614883242,0.008901703578649774,-3.8510861166685117e-16
a054_2,a054,0,hn,60,15.071658790540777,0.06480403008795352,14.91828761689141,0.0885671435614129,-8.326672684688674e-17
a054_2,a054,0,hn,120,21.541404923902693,0.25921612035181407,20.45782564931685,0.8243631542340276,4.107825191113079e-15
a054_2,a054,1,yaw,1,0.033270003649886234,0.0001355896989392777,0.0331343926264511,2.132449586046855e-08,-3.8457777347182894e-18
a054_2,a054,1,yaw,5,0.6056765774406081,0.0033897424734819423,0.6022576457075023,2.9189259623879617e-05,3.8878812278972386e-17
a054_2,a054,1,yaw,10,1.9784450959849316,0.01355896989392777,1.9645754243817948,0.0003107017092089047,8.895878825243564e-17
a054_2,a054,1,yaw,30,8.369472431859084,0.12203072904534995,8.25503370730511,-0.007592004491377043,1.949829186997931e-15
a054_2,a054,1,yaw,60,14.57154352159924,0.4881229161813998,14.128624208239339,-0.04520360282149903,6.522560269672795e-16
a054_2,a054,1,yaw,120,20.485183222815042,1.9524916647255992,19.745649652864575,-1.2129580947751335,1.3322676295501878e-15
a054_2,a054,1,hn,1,0.03988320025186473,3.0032933007682733e-05,0.039853363749197145,-1.9643034010432577e-07,6.517309724191002e-18
a054_2,a054,1,hn,5,0.6899213956890159,0.0007508233251920683,0.6891781452449685,-7.572881144617798e-06,4.834017029980292e-18
a054_2,a054,1,hn,10,2.2889331028715842,0.0030032933007682733,2.2859017026031707,2.8106967645061407e-05,2.6353566681333596e-16
a054_2,a054,1,hn,30,10.464616374683208,0.027029639706914462,10.436490045277024,0.0010966896992698411,7.288007003447561e-16
a054_2,a054,1,hn,60,18.918688296948915,0.10811855882765785,18.82313876172045,-0.012569023599193886,-7.650130529057719e-16
a054_2,a054,1,hn,120,27.830291528504148,0.4324742353106314,27.645481923226832,-0.24766463003331698,4.718447854656915e-16
a054_2,a054,2,yaw,1,0.038502899274164254,0.00010624925447849429,0.038396237644880975,4.123748047782641e-07,4.413994567260566e-18
a054_2,a054,2,yaw,5,0.7015522621301209,0.002656231361962357,0.6988469704289971,4.9060339161343603e-05,6.723408722125734e-17
a054_2,a054,2,yaw,10,2.3180317554479646,0.010624925447849428,2.3070842690965394,0.00032256090357551633,2.2518879122523927e-16
a054_2,a054,2,yaw,30,10.422560524253315,0.09562432903064486,10.340860446579246,-0.013924251356572643,-3.1797481314654874e-15
a054_2,a054,2,yaw,60,19.843084732542184,0.3824973161225794,19.544842790841184,-0.08425537442157893,1.887379141862766e-15
a054_2,a054,2,yaw,120,29.69657533809711,1.5299892644903177,29.66627671316981,-1.49969063956302,-4.440892098500626e-16
a054_2,a054,2,hn,1,0.03302427780107745,2.5462787143526068e-05,0.032998958334184446,-1.4332025051637844e-07,-5.227357954861508e-18
a054_2,a054,2,hn,5,0.570166921584114,0.0006365696785881516,0.5695359504224001,-5.598516874248439e-06,-6.823358609901742e-17
a054_2,a054,2,hn,10,1.8762580493243621,0.0025462787143526065,1.873704379029002,7.391581006911224e-06,5.76377968519292e-16
a054_2,a054,2,hn,30,8.221105974367017,0.022916508429173452,8.203530284973347,-0.005340819035503276,4.0072112295064244e-16
a054_2,a054,2,hn,60,14.649452158422514,0.09166603371669381,14.616384429357161,-0.05859830465134041,-1.1796119636642288e-16
a054_2,a054,2,hn,120,21.129629976598594,0.36666413486677524,21.390930202002437,-0.6279643602706193,1.9984014443252818e-15
a054_2,a054,3,yaw,1,0.03858538381466463,0.0001558544506328831,0.038429417124780485,1.1223925126876606e-07,-7.573559809417115e-18
a054_2,a054,3,yaw,5,0.6830258267058696,0.003896361265822077,0.6790838570506419,4.56083894055808e-05,1.2386332194289085e-16
a054_2,a054,3,yaw,10,2.2000797593285717,0.015585445063288308,2.1840581058341497,0.0004362084311336557,1.3314002678121994e-16
a054_2,a054,3,yaw,30,9.492141918483306,0.14026900556959482,9.362409514035607,-0.010536601121895499,2.6020852139652106e-17
a054_2,a054,3,yaw,60,18.453413302681472,0.5610760222783793,17.965563061538838,-0.0732257811357446,1.0824674490095276e-15
a054_2,a054,3,yaw,120,30.144316951251184,2.244304089113517,29.545989982876577,-1.6459771207389062,-2.6645352591003757e-15
a054_2,a054,3,hn,1,0.043699308610114666,8.130692862969486e-06,0.043691323743304325,-1.458260526326473e-07,3.563970534911274e-18
a054_2,a054,3,hn,5,0.7925029542876044,0.0002032673215742371,0.7923070767038878,-7.389737857669247e-06,3.6607916947383606e-17
a054_2,a054,3,hn,10,2.6224581239622604,0.0008130692862969484,2.6216510555959505,-6.000919986931077e-06,-2.1694631361550767e-16
a054_2,a054,3,hn,30,11.403169105576739,0.007317623576672537,11.395786645913738,6.483608632755433e-05,1.5687456758964324e-15
a054_2,a054,3,hn,60,20.740369175106824,0.029270494306690147,20.73602372892326,-0.024925048123128894,2.435551760271437e-15
a054_2,a054,3,hn,120,33.24588632176329,0.11708197722676059,33.15965269187538,-0.030848347338857045,3.6012859361278515e-15
a054_3,a054,0,yaw,1,0.08111322287422587,0.0003132561929029723,0.08079911870838555,8.479729373663574e-07,-1.2410514984933195e-17
a054_3,a054,0,yaw,5,1.5793995913558483,0.007831404822574307,1.5714144887882269,0.000153697745046994,1.4929463915125396e-16
a054_3,a054,0,yaw,10,5.335238892866659,0.03132561929029723,5.302806034222505,0.0011072393538569033,2.2551405187698492e-17
a054_3,a054,0,yaw,30,25.854295296024922,0.28193057361267504,25.546107166347443,0.02625755606480388,-1.4779844015322396e-15
a054_3,a054,0,yaw,60,41.175250104762,1.1277222944507002,39.44434772538731,0.6031800849239839,7.549516567451064e-15
a054_3,a054,0,yaw,120,45.46188044484474,4.510889177802801,41.00030564837652,-0.049314381334583136,7.008282842946301e-16
a054_3,a054,0,hn,1,0.08429293112936241,0.0007199134454054046,0.08357088089691424,2.13678704275131e-06,1.2788926954119054e-17
a054_3,a054,0,hn,5,1.5743973205467745,0.017997836135135115,1.5560695373780735,0.00032994703356567403,1.3986208025063007e-16
a054_3,a054,0,hn,10,5.3433046591227855,0.07199134454054046,5.26888825667789,0.002425057904355489,-7.229460086133344e-16
a054_3,a054,0,hn,30,27.937000699202876,0.647922100864864,27.21161755325023,0.07746104508778331,4.163336342344337e-16
a054_3,a054,0,hn,60,43.858417319548224,2.591688403459456,39.70453049399406,1.5621984220947012,1.5543122344752192e-15
a054_3,a054,0,hn,120,46.79756404340502,10.366753613837824,32.92173176241314,3.509078667154049,7.993605777301127e-15
a054_3,a054,1,yaw,1,0.08521159268835231,0.0005150577768235599,0.08469513569033535,1.3992211934108626e-06,-1.4779666138403473e-17
a054_3,a054,1,yaw,5,1.6440829256720455,0.012876444420588998,1.6309731667341327,0.00023331451732410292,-4.345482307321902e-16
a054_3,a054,1,yaw,10,5.525997486515537,0.051505777682355994,5.473021213686125,0.0014704951470550262,1.9125326322644298e-16
a054_3,a054,1,yaw,30,26.993287445424478,0.463551999141204,26.500103058941477,0.02963238734179332,5.641320743876577e-15
a054_3,a054,1,yaw,60,42.71279817419945,1.854207996564816,40.005260726119516,0.853329451515118,-2.4424906541753444e-15
a054_3,a054,1,yaw,120,41.10931913185039,7.416831986259264,32.52121750430415,1.17126964128698,3.1086244689504383e-15
a054_3,a054,1,hn,1,0.09444907686538266,0.0007944948824169326,0.09365214010736501,2.441875600711617e-06,-2.7630214739435277e-18
a054_3,a054,1,hn,5,1.7707570310470206,0.019862372060423312,1.7505065847139267,0.00038807427267049184,2.1467203015212988e-17
a054_3,a054,1,hn,10,5.862260279184546,0.07944948824169325,5.780331042676815,0.0024797482660371393,-3.3176586478056436e-16
a054_3,a054,1,hn,30,28.022025957688765,0.7150453941752392,27.24150680066736,0.06547376284616456,2.9004576518332215e-15
a054_3,a054,1,hn,60,43.51587882608027,2.8601815767009566,39.46217669830418,1.1935205510751332,-1.5543122344752192e-15
a054_3,a054,1,hn,120,41.023899920704444,11.440726306803827,27.91477040610572,1.6684032077949034,-4.218847493575595e-15
a054_3,a054,2,yaw,1,0.08779094707648276,0.0011550997360695785,0.08663255273544974,3.2946049634261885e-06,1.5172477667692655e-17
a054_3,a054,2,yaw,5,1.7704181204934468,0.028877493401739462,1.7410121080134624,0.0005285190782451856,-2.699663409488906e-16
a054_3,a054,2,yaw,10,5.9976845182337115,0.11550997360695785,5.878518567380251,0.0036559772465041807,-1.607654981361506e-15
a054_3,a054,2,yaw,30,28.61877611467483,1.0395897624626205,27.493644652742002,0.08554169947020655,2.400857290751901e-15
a054_3,a054,2,yaw,60,46.606961428719885,4.158359049850482,41.03184078919459,1.4167615896748151,-1.9984014443252818e-15
a054_3,a054,2,yaw,120,51.78501027390662,16.633436199401928,34.11221974877964,1.0393543257250655,-8.43769498715119e-15
a054_3,a054,2,hn,1,0.0769987119437483,0.0005401590534288283,0.07645695584999755,1.5970403218972889e-06,2.114151884699371e-17
a054_3,a054,2,hn,5,1.4435137759055918,0.013503976335720709,1.4297700523621701,0.00023974720770077943,1.4495783046131194e-16
a054_3,a054,2,hn,10,4.864926208683523,0.054015905342882836,4.809548677829908,0.0013616255107330034,-7.361732751176575e-16
a054_3,a054,2,hn,30,24.815563207760455,0.4861431480859455,24.28724450495819,0.04217555471632427,-1.3183898417423734e-15
a054_3,a054,2,hn,60,38.7947788066298,1.944572592343782,35.69789665341302,1.1523095608729965,3.774758283725532e-15
a054_3,a054,2,hn,120,35.922010242535556,7.778290369375128,26.076003008915496,2.067716864244936,-3.552713678800501e-15
a054_3,a054,3,yaw,1,0.08654176065386737,0.00036112282277731933,0.0861796521685762,9.856625138413832e-07,2.9709680624944584e-18
a054_3,a054,3,yaw,5,1.6769403421591542,0.009028070569432983,1.6677390406730517,0.00017323091666950898,3.3285006695304986e-17
a054_3,a054,3,yaw,10,5.645678352455439,0.03611228227773193,5.608302864466167,0.0012632057115397669,2.717010644248674e-16
a054_3,a054,3,yaw,30,27.097170032460056,0.3250105404995874,26.75224409743716,0.01991539452330827,9.8879238130678e-16
a054_3,a054,3,yaw,60,41.24017102694804,1.3000421619983495,39.41593345225595,0.5241954126937446,-1.6653345369377348e-15
a054_3,a054,3,yaw,120,37.14879293866988,5.200168647993398,31.469787231295417,0.47883705938105764,6.38378239159465e-15
a054_3,a054,3,hn,1,0.09661412471687354,0.00040203995909153805,0.09621085901917815,1.2257386038388349e-06,1.3387355731354217e-17
a054_3,a054,3,hn,5,1.9027486551023667,0.010050998977288454,1.8924892731444296,0.00020838298064873074,-2.1694885471434944e-16
a054_3,a054,3,hn,10,6.474667824100795,0.040203995909153814,6.432868641108848,0.0015951870827932888,-4.627374872168133e-16
a054_3,a054,3,hn,30,31.927753812170405,0.3618359631823843,31.52189022808217,0.044027620905842765,8.229528170033973e-15
a054_3,a054,3,hn,60,50.48429161625113,1.4473438527295373,48.31199143178811,0.724956331733487,-6.5503158452884236e-15
a054_3,a054,3,hn,120,40.19098522360574,5.789375410918149,34.53521193101273,-0.13360211832513413,-1.9984014443252818e-15
a055_2,a055,0,yaw,1,0.17205635988066487,0.0011123488108431623,0.17094135145306208,2.6596167596188103e-06,1.2745304757335457e-17
a055_2,a055,0,yaw,5,2.67866039493094,0.02780872027107905,2.6505457656758407,0.00030590898402017895,3.1864701849348975e-16
a055_2,a055,0,yaw,10,8.517607040228432,0.1112348810843162,8.403917806925792,0.0024543522183235636,4.549312315749177e-16
a055_2,a055,0,yaw,30,39.65612004395071,1.0011139297588458,38.58510860653493,0.06989750765693789,-5.3013149425851225e-15
a055_2,a055,0,yaw,60,72.20589078313485,4.004455719035383,66.923710450995,1.277724613104446,2.1760371282653068e-14
a055_2,a055,0,yaw,120,68.63578874859762,16.017822876141533,47.8294683068027,4.788497565653385,-5.329070518200751e-15
a055_2,a055,0,hn,1,0.19196474420206522,0.0008573955216499625,0.1911053636181979,1.985062217333037e-06,1.9247553176933094e-17
a055_2,a055,0,hn,5,2.76393687410492,0.021434888041249066,2.7422458215848207,0.0002561644788505661,-2.1467203015212988e-16
a055_2,a055,0,hn,10,8.332108174903052,0.08573955216499626,8.244494695944654,0.0018739267934029013,-1.974982677399595e-15
a055_2,a055,0,hn,30,39.22545683425061,0.7716559694849662,38.4806779195243,-0.026877054758661756,4.773959005888173e-15
a055_2,a055,0,hn,60,70.00026678766505,3.0866238779398647,66.60660249492088,0.30704041480430583,-4.996003610813204e-16
a055_2,a055,0,hn,120,50.18065565409655,12.346495511759459,37.848585239048134,-0.014425096711050264,6.513886652292911e-15
a055_2,a055,1,yaw,1,0.17787803070553349,0.000667808231334642,0.17720884587517485,1.3765990240172195e-06,-2.276803386395878e-17
a055_2,a055,1,yaw,5,2.875412705456891,0.016695205783366043,2.8585213144393795,0.00019618523414552277,-3.0417291949080827e-16
a055_2,a055,1,yaw,10,9.03016028988062,0.06678082313346417,8.961561993743716,0.0018174730034382436,-9.107298248878237e-17
a055_2,a055,1,yaw,30,40.809086815845085,0.6010274082011777,40.17230203891499,0.03575736872891697,-8.673617379884035e-16
a055_2,a055,1,yaw,60,73.33772474219657,2.404109632804711,70.11637575296595,0.8172393564259149,3.3306690738754696e-16
a055_2,a055,1,yaw,120,86.84756838988434,9.616438531218844,72.10749522124769,5.1236346374177995,8.881784197001252e-15
a055_2,a055,1,hn,1,0.23522715273452013,0.001966991727175152,0.23325508426478458,5.076742560379397e-06,1.5411764475291995e-17
a055_2,a055,1,hn,5,3.588545905441404,0.049174793179378805,3.5387810322657605,0.0005900799962647963,-2.0437210951351759e-16
a055_2,a055,1,hn,10,11.216511523617326,0.19669917271751522,11.015243187342666,0.004569163557144606,1.5612511283791264e-16
a055_2,a055,1,hn,30,51.0884111981936,1.7702925544576371,49.27149164496195,0.04662699877400167,7.438494264988549e-15
a055_2,a055,1,hn,60,96.7358120197103,7.0811702178305485,88.17624082250896,1.4784009793707842,5.329070518200751e-15
a055_2,a055,1,hn,120,112.06542054629719,28.324680871322194,79.28033517822848,4.46040449674649,3.019806626980426e-14
a055_2,a055,2,yaw,1,0.18355707996611612,0.0009762095764115392,0.18257824773646544,2.622653239101398e-06,3.5731237846975406e-17
a055_2,a055,2,yaw,5,2.9260078880823284,0.02440523941028848,2.9013751643975465,0.00022748427449323505,3.5949433534188113e-16
a055_2,a055,2,yaw,10,9.139380738187748,0.09762095764115392,9.040510244059346,0.001249536487250082,-1.1785277614917433e-15
a055_2,a055,2,yaw,30,42.49681931256677,0.8785886187703853,41.576876753632014,0.041353940164368046,2.282896094385478e-15
a055_2,a055,2,yaw,60,78.44699343046324,3.514354475081541,73.63955471377349,1.293084241608216,-1.7319479184152442e-14
a055_2,a055,2,yaw,120,77.78325834565466,14.057417900326165,60.52607217897599,3.1997682663525246,-1.7763568394002505e-14
a055_2,a055,2,hn,1,0.19953832862528215,0.0017438273464213988,0.19779001701477175,4.484264088968601e-06,3.11106731197032e-17
a055_2,a055,2,hn,5,3.0722428956150267,0.04359568366053498,3.028131652140091,0.0005155598144005207,1.360673726469308e-16
a055_2,a055,2,hn,10,9.426732230714245,0.1743827346421399,9.249019098983647,0.0033303970884585314,-3.612561638721701e-16
a055_2,a055,2,hn,30,42.007372780640615,1.569444611779259,40.441400331313744,-0.00347216245238195,-7.732096213297623e-15
a055_2,a055,2,hn,60,77.28838794349467,6.277778447117036,69.88010165742048,1.1305078389571641,-6.439293542825908e-15
a055_2,a055,2,hn,120,69.77245897345536,25.111113788468145,41.91088914499309,2.750456039994113,6.661338147750939e-15
a055_2,a055,3,yaw,1,0.17619723200809703,0.0003603277748221863,0.1758363511091489,5.531241260088754e-07,-6.288362012504085e-17
a055_2,a055,3,yaw,5,2.740919090454737,0.009008194370554657,2.731722757128653,0.00018813895552865806,7.241386310030684e-16
a055_2,a055,3,yaw,10,8.529827304813896,0.03603277748221863,8.491628098141762,0.0021664291899152373,1.1483869410966463e-15
a055_2,a055,3,yaw,30,40.032998659155965,0.32429499733996764,39.663832716905716,0.044870944910275615,3.70536934468646e-15
a055_2,a055,3,yaw,60,70.68158812147972,1.2971799893598706,69.24557990103152,0.13882823108834064,-1.509903313490213e-14
a055_2,a055,3,yaw,120,61.31426703293478,5.188719957439482,53.89006807817869,2.2354789973166023,2.6645352591003757e-15
a055_2,a055,3,hn,1,0.18370907438288198,0.0015084839701795996,0.1821969048070244,3.6856056779097605e-06,4.574528486588937e-17
a055_2,a055,3,hn,5,2.8472214189499327,0.03771209925448999,2.8090388023627137,0.0004705173327293883,-3.181591275158713e-16
a055_2,a055,3,hn,10,8.915265354661864,0.15084839701795996,8.760831067303325,0.003585890340579674,-4.618701254788249e-16
a055_2,a055,3,hn,30,42.44174483828768,1.3576355731616392,41.081247683860234,0.002861581265806187,5.5207574622961886e-15
a055_2,a055,3,hn,60,76.75553801613026,5.430542292646557,70.30760372420018,1.0173919992835185,1.3766765505351941e-14
a055_2,a055,3,hn,120,59.13202818124789,21.722169170586227,34.382288153055015,3.027570857606641,6.661338147750939e-15
a055_3,a055,0,yaw,1,0.22260472515905652,0.0012057049292671235,0.22139827900467074,7.412251186438071e-07,2.844357812703622e-17
a055_3,a055,0,yaw,5,3.859984694831429,0.030142623231678083,3.829509934443908,0.00033213715584293175,4.166046847775551e-16
a055_3,a055,0,yaw,10,12.78903672249031,0.12057049292671233,12.666425920618973,0.002040308944626492,-1.012211148232467e-15
a055_3,a055,0,yaw,30,67.00569936391138,1.0851344363404112,65.88426852121651,0.036296406354443325,9.089951014118469e-15
a055_3,a055,0,yaw,60,88.64504233131353,4.340537745361645,83.99655340329502,0.30795118265684296,2.1871393585115584e-14
a055_3,a055,0,yaw,120,86.87467160833582,17.36215098144658,66.82638965020415,2.6861309766851056,-1.3322676295501878e-14
a055_3,a055,0,hn,1,0.24346986231398288,0.0010846197170108723,0.24238357028148497,1.6723154870588074e-06,-2.5302991716854087e-17
a055_3,a055,0,hn,5,3.9644360219267094,0.02711549292527181,3.9370008013113393,0.00031972769009830067,-1.6349768761081407e-16
a055_3,a055,0,hn,10,12.912976254833284,0.10846197170108723,12.803003977858834,0.0015103052733613609,4.618701254788249e-16
a055_3,a055,0,hn,30,64.57221547091062,0.9761577453097852,63.58282100043942,0.013236725161420692,-8.656270145124267e-16
a055_3,a055,0,hn,60,87.61106500876866,3.9046309812391407,83.61955541997962,0.08687860754990007,5.88418203051333e-15
a055_3,a055,0,hn,120,89.81349526971809,15.618523924956563,70.4679063664489,3.7270649783126255,4.440892098500626e-16
a055_3,a055,1,yaw,1,0.24519919280807292,0.002709070913963254,0.24247970129500346,1.0420599106248894e-05,-2.8831307458641875e-17
a055_3,a055,1,yaw,5,4.397081950787422,0.06772677284908135,4.32833527424816,0.0010199036901801808,6.093216209368535e-16
a055_3,a055,1,yaw,10,14.715130177038231,0.2709070913963254,14.43704235918033,0.007180726461576191,-8.864436962241484e-16
a055_3,a055,1,yaw,30,76.36682856358802,2.4381638225669287,73.768852983491,0.1598117575300788,2.220446049250313e-16
a055_3,a055,1,yaw,60,98.59500043052633,9.752655290267715,89.53843046164393,-0.696085321385306,-5.329070518200751e-15
a055_3,a055,1,yaw,120,112.83214505795647,39.01062116107086,72.51187075473062,1.3096531421549862,-6.661338147750939e-16
a055_3,a055,1,hn,1,0.27562233360595734,0.0023339406845797822,0.27328517383548606,3.219085891484405e-06,3.0467351596263556e-17
a055_3,a055,1,hn,5,4.552118106060966,0.05834851711449457,4.4930737096031175,0.0006958793433537002,3.220080452281948e-16
a055_3,a055,1,hn,10,14.825634538698612,0.23339406845797828,14.587472549190728,0.004767921049905975,-1.0928757898653885e-16
a055_3,a055,1,hn,30,74.56424446673311,2.1005466161218043,72.33497055531159,0.12872729529974405,-1.8457457784393227e-14
a055_3,a055,1,hn,60,101.00185133183246,8.402186464487217,92.22085258112271,0.37881228622253643,-9.936496070395151e-15
a055_3,a055,1,hn,120,132.09138987252413,33.60874585794887,98.22132720421087,0.26131681036438964,1.6042722705833512e-14
a055_3,a055,2,yaw,1,0.23012904638594767,0.0015841158677123105,0.22854287733930992,2.053178925431207e-06,6.79743940171576e-19
a055_3,a055,2,yaw,5,4.034844739630679,0.039602896692807754,3.994776988595347,0.00046485434252502256,-7.213197053546061e-16
a055_3,a055,2,yaw,10,13.34780883552327,0.15841158677123102,13.186280046027266,0.003117202724775616,-2.1671033023640263e-15
a055_3,a055,2,yaw,30,69.61605577158271,1.4257042809410791,68.10582746700699,0.08452402363464631,-3.58046925441613e-15
a055_3,a055,2,yaw,60,98.84578889443834,5.702817123764317,92.6195825024315,0.5233892682425327,-7.771561172376096e-15
a055_3,a055,2,yaw,120,125.97457779311394,22.811268495057266,95.70259621798967,7.460713080067009,0.0
a055_3,a055,2,hn,1,0.2526504956227826,0.0018347252009947913,0.25080992614204745,5.844279740293659e-06,2.5432164241310368e-17
a055_3,a055,2,hn,5,4.1829043065128575,0.04586813002486977,4.136399310662535,0.0006368658254542623,-1.0699991240259443e-15
a055_3,a055,2,hn,10,13.585643946901707,0.1834725200994791,13.398587535595738,0.003583891206489732,9.870576578308032e-16
a055_3,a055,2,hn,30,67.8951349725461,1.651252680895312,66.16496663065912,0.07891566099165911,9.686695889854491e-15
a055_3,a055,2,hn,60,93.82395389215269,6.605010723581248,86.88882160797034,0.33012156060108566,1.4210854715202004e-14
a055_3,a055,2,hn,120,113.25637819642023,26.420042894324993,82.86762794814175,3.9687073539535076,-1.687538997430238e-14
a055_3,a055,3,yaw,1,0.2408512328663806,0.0012037151516638446,0.2396423194538784,5.198260838380263e-06,-1.754035827174205e-17
a055_3,a055,3,yaw,5,4.268149958559723,0.03009287879159611,4.2376004302598185,0.00045664950830886445,2.837357085394565e-16
a055_3,a055,3,yaw,10,14.292493428555161,0.12037151516638445,14.16934099997788,0.0027809134108958324,8.690964614643804e-16
a055_3,a055,3,yaw,30,75.18821210141225,1.08334363649746,74.05487282768992,0.04999563722485737,1.0179357357031904e-14
a055_3,a055,3,yaw,60,96.66535621009784,4.33337454598984,93.21313127568084,-0.8811496115728207,-1.6764367671839864e-14
a055_3,a055,3,yaw,120,90.90110584327273,17.33349818395936,74.26079813603764,-0.6931904767242766,8.104628079763643e-15
a055_3,a055,3,hn,1,0.23624848745444563,0.0014024035003133571,0.23484318917427857,2.8947798537157135e-06,-3.0798964995113615e-17
a055_3,a055,3,hn,5,3.982067413564535,0.035060087507833924,3.9465762047648947,0.00043112129180643554,-2.1093153265705489e-16
a055_3,a055,3,hn,10,13.110951337997394,0.1402403500313357,12.968582948261078,0.0021280397049801393,-4.831204880595408e-16
a055_3,a055,3,hn,30,66.75799507586333,1.2621631502820214,65.43585672051273,0.05997520506857742,4.808653475407709e-15
a055_3,a055,3,hn,60,88.93574235373843,5.048652601128086,83.77575883755004,0.11133091506033582,-2.858824288409778e-14
a055_3,a055,3,hn,120,94.77360203778204,20.194610404512343,70.1826695777032,4.396322055566513,-1.2434497875801753e-14
a057_1,a057,0,yaw,1,0.12937769808186717,0.0014747996663194891,0.12789760718973817,5.291225809513e-06,-1.2411573776117263e-17
a057_1,a057,0,yaw,5,2.6142539373600746,0.03686999165798723,2.576693816804094,0.0006901288979939457,-2.542454094478508e-16
a057_1,a057,0,yaw,10,9.173430531772754,0.14747996663194893,9.021521372631371,0.004429192509433153,1.0347625534201654e-15
a057_1,a057,0,yaw,30,56.45590425792351,1.32731969968754,55.063847794020546,0.06473676421540424,1.3725132141928498e-14
a057_1,a057,0,yaw,60,106.06033037740222,5.30927879875016,97.8208761370253,2.9301754416267793,-6.661338147750939e-15
a057_1,a057,0,yaw,120,125.80733757083811,21.23711519500064,102.62203868538516,1.9481836904523082,2.4424906541753444e-15
a057_1,a057,0,hn,1,0.14442030654196628,0.00045239828628115,0.14396642271538376,1.4855403013666268e-06,-1.1900389392449293e-17
a057_1,a057,0,hn,5,2.881420456398382,0.011309957157028752,2.8699006436913845,0.00020985554996993887,-9.430661546822039e-16
a057_1,a057,0,hn,10,10.036040820104237,0.04523982862811501,9.990210851282399,0.0005901401937197943,4.259288234609304e-15
a057_1,a057,0,hn,30,59.22180781224442,0.407158457653035,58.84750687509407,-0.0328575205026887,7.827072323607354e-15
a057_1,a057,0,hn,60,111.04266967602565,1.62863383061214,108.5444795133523,0.8695563320612023,5.773159728050814e-15
a057_1,a057,0,hn,120,118.15148548726913,6.51453532244856,114.447089178652,-2.8101390138314493,3.552713678800501e-15
a057_1,a057,1,yaw,1,0.11952289799930949,0.0007721844302601719,0.11874795359770622,2.7599713430725756e-06,2.16717614719749e-17
a057_1,a057,1,yaw,5,2.364970214065148,0.0193046107565043,2.3452909243439564,0.0003746789646872653,-2.512096433648914e-16
a057_1,a057,1,yaw,10,8.241288813191186,0.0772184430260172,8.164360397720008,-0.00029002755483699345,-2.8732983874124596e-15
a057_1,a057,1,yaw,30,49.51561048237748,0.6949659872341547,48.921604361134214,-0.10095986599088833,8.604228440844963e-16
a057_1,a057,1,yaw,60,85.77585181146267,2.779863948936619,82.86879933092997,0.12718853159606663,9.270362255620057e-15
a057_1,a057,1,yaw,120,89.35579609834771,11.119455795746475,83.95363282289732,-5.7172925202960805,-3.552713678800501e-15
a057_1,a057,1,hn,1,0.13487124208976076,0.0004789439478549897,0.13439079062828416,1.507513621601911e-06,-5.137254825097332e-19
a057_1,a057,1,hn,5,2.6704218530966006,0.011973598696374745,2.6582232288865386,0.00022502551368748367,-4.009921734937638e-16
a057_1,a057,1,hn,10,9.185658665386352,0.04789439478549898,9.137623293429977,0.00014097717087795846,-2.158375474875518e-15
a057_1,a057,1,hn,30,55.01160362934735,0.4310495530694908,54.62895745671909,-0.04840338044123193,-4.336808689942018e-15
a057_1,a057,1,hn,60,102.71943792837348,1.724198212277963,100.49541437752266,0.49982533857286654,-1.9040324872321435e-14
a057_1,a057,1,hn,120,115.75064665497095,6.896792849111852,113.6431885320426,-4.789334726183522,2.4868995751603507e-14
a057_1,a057,2,yaw,1,0.12871793779145158,0.0017059103046301628,0.12700588522719045,6.142259630966149e-06,3.998842543987552e-18
a057_1,a057,2,yaw,5,2.5446317513050345,0.04264775761575407,2.50118135997464,0.0008026337146405313,-4.649058915617843e-16
a057_1,a057,2,yaw,10,8.894472419216424,0.17059103046301627,8.717927261924986,0.005954126828421555,-8.8557633448616e-16
a057_1,a057,2,yaw,30,53.456794435268286,1.5353192741671464,51.85624710734613,0.06522805375502327,-9.2148511043888e-15
a057_1,a057,2,yaw,60,99.43707443749692,6.141277096668586,90.1429406480587,3.1528566927696304,1.3322676295501878e-15
a057_1,a057,2,yaw,120,120.7202000322443,24.565108386674343,91.2257942961599,4.9292973494100325,3.108624468950438e-14
a057_1,a057,2,hn,1,0.12197243867516988,0.0005047178834925718,0.12146606239706237,1.6583946149423578e-06,-2.806643670727124e-18
a057_1,a057,2,hn,5,2.396115486374196,0.01261794708731429,2.3832623226182688,0.00023521666861341857,-6.042529757804838e-16
a057_1,a057,2,hn,10,8.320308668702545,0.05047178834925716,8.269270919143045,0.000565961210243766,-1.7718031902758113e-15
a057_1,a057,2,hn,30,50.73819653400717,0.4542460951433145,50.30388011653189,-0.019929677668026575,-4.756611771128405e-15
a057_1,a057,2,hn,60,92.33232857953865,1.816984380573258,89.49226175298378,1.0230824459816152,-4.440892098500626e-16
a057_1,a057,2,hn,120,100.19223212260587,7.267937522293032,93.27959802866174,-0.3553034283488859,-1.815214645262131e-14
a057_1,a057,3,yaw,1,0.12719520735712275,0.0005107442583745312,0.12668265799728542,1.805101462798694e-06,5.299038118022903e-18
a057_1,a057,3,yaw,5,2.5218056377383626,0.01276860645936328,2.5087961496466913,0.00024088163230833473,-4.732542482899227e-17
a057_1,a057,3,yaw,10,8.716007581820334,0.05107442583745312,8.664431257622695,0.0005018983601882627,-2.1588633658531364e-15
a057_1,a057,3,yaw,30,51.76601374208753,0.4596698325370781,51.36267645667941,-0.056332547128978505,1.8318679906315083e-14
a057_1,a057,3,yaw,60,93.39842810827638,1.8386793301483124,90.8893464590954,0.6704023190326595,1.4432899320127035e-15
a057_1,a057,3,yaw,120,103.03265478430421,7.35471732059325,99.28619509440371,-3.608257630692757,9.325873406851315e-15
a057_1,a057,3,hn,1,0.13408614443807823,0.0004032796815945534,0.1336815549786044,1.3097778792526651e-06,1.3229172328454476e-17
a057_1,a057,3,hn,5,2.650985915806744,0.010081992039863832,2.640715421151596,0.00018850261528512288,-9.86623976961809e-16
a057_1,a057,3,hn,10,9.180362749252689,0.04032796815945533,9.14028746290476,-0.00025268181152762075,-2.0101108277881252e-16
a057_1,a057,3,hn,30,55.98788397113791,0.3629517134350981,55.66013852042676,-0.03520626272394541,-8.118505867571457e-16
a057_1,a057,3,hn,60,101.66622909563486,1.4518068537403923,99.4611001055432,0.7533221363512793,-6.994405055138486e-15
a057_1,a057,3,hn,120,99.54157940042002,5.807227414961569,95.52890530562446,-1.7945533201660053,-1.1546319456101628e-14
a057_2,a057,0,yaw,1,0.06338290130702981,0.00016435691021243109,0.06321789819334318,6.462034741994294e-07,-1.0562712610497939e-17
a057_2,a057,0,yaw,5,0.9709907838292136,0.0041089227553107776,0.9668757553694638,6.10570443912203e-06,-1.919258073865629e-16
a057_2,a057,0,yaw,10,2.966292024292722,0.01643569102124311,2.9524308819950935,-0.0025745487236140544,-5.681219383824043e-16
a057_2,a057,0,yaw,30,13.693717644975326,0.14792121919118797,13.664447335343915,-0.11865090955977839,9.71445146547012e-16
a057_2,a057,0,yaw,60,21.665545661167656,0.5916848767647519,21.84408234391655,-0.7702215595136489,1.6653345369377348e-15
a057_2,a057,0,yaw,120,43.47412172298098,2.3667395070590076,43.00035710624985,-1.8929748903278725,-5.329070518200751e-15
a057_2,a057,0,hn,1,0.0707581424270555,1.7375019466580988e-05,0.07074066757174123,9.983584768703317e-08,-8.9710053537091e-19
a057_2,a057,0,hn,5,1.151240283722108,0.0004343754866645248,1.1508225220182107,-1.6613782767228055e-05,1.560166926206641e-16
a057_2,a057,0,hn,10,3.6382298395331287,0.0017375019466580992,3.6374211459222594,-0.0009288083357888319,2.6508743117270583e-16
a057_2,a057,0,hn,30,16.3978145733828,0.01563751751992289,16.42056509098059,-0.0383880351177101,-2.5049406993105094e-15
a057_2,a057,0,hn,60,26.117270487233633,0.06255007007969156,26.29600431997376,-0.24128390281981935,-5.828670879282072e-16
a057_2,a057,0,hn,120,53.236090057883644,0.25020028031876623,53.537077908895846,-0.5511881313309639,-3.3306690738754696e-15
a057_2,a057,1,yaw,1,0.06575473767733953,0.00025536969114855004,0.06549846854716972,8.994390212598568e-07,2.5813329067574803e-18
a057_2,a057,1,yaw,5,1.0493595018285116,0.006384242278713751,1.0429761610864674,-9.015366695810039e-07,4.1266386399045445e-17
a057_2,a057,1,yaw,10,3.3345359479173875,0.025536969114855004,3.3119981945506667,-0.0029992157481344224,4.2370620900733513e-16
a057_2,a057,1,yaw,30,15.840090976935546,0.22983272203369498,15.759526125073824,-0.14926787017197343,-1.942890293094024e-16
a057_2,a057,1,yaw,60,22.96150718219753,0.9193308881347799,23.18184661465604,-1.1396703205932903,8.881784197001252e-16
a057_2,a057,1,yaw,120,42.28296947034874,3.6773235525391197,42.67663314509446,-4.070987227284837,-8.881784197001252e-15
a057_2,a057,1,hn,1,0.06938013155186934,3.389853854897161e-05,0.0693460648076618,1.6820565857300868e-07,-4.665325124578678e-18
a057_2,a057,1,hn,5,1.0782641386578873,0.0008474634637242902,1.0774411802691253,-2.4505074962032797e-05,-2.893295141231239e-16
a057_2,a057,1,hn,10,3.314487383497682,0.003389853854897161,3.312409430693188,-0.0013119010504037522,2.888314587501384e-16
a057_2,a057,1,hn,30,13.953243706049136,0.030508684694074452,13.972583875401376,-0.049848854046314575,-7.632783294297951e-16
a057_2,a057,1,hn,60,18.906581653417508,0.12203473877629781,19.108172411024704,-0.323625496383492,-3.885780586188048e-16
a057_2,a057,1,hn,120,34.37456223666195,0.48813895510519123,34.66190679047822,-0.7754835089214687,7.771561172376096e-15
a057_2,a057,2,yaw,1,0.059156100887075964,0.00013017232875284717,0.05902540701686805,5.215414550671218e-07,-2.454913239379776e-18
a057_2,a057,2,yaw,5,0.8916965058615639,0.003254308218821179,0.8884539572018995,-1.1759559156694136e-05,-8.237564818637522e-17
a057_2,a057,2,yaw,10,2.7100836101864365,0.013017232875284716,2.699517342481272,-0.002450965170120057,-2.7668839441830073e-16
a057_2,a057,2,yaw,30,12.089967833823296,0.11715509587756247,12.08276681834158,-0.10995408039584735,8.187894806610529e-16
a057_2,a057,2,yaw,60,17.896577205453955,0.46862038351024987,18.139176005461422,-0.7112191835177133,-3.1086244689504383e-15
a057_2,a057,2,yaw,120,31.10750620160086,1.8744815340409995,31.61874059835748,-2.3857159307976215,1.7763568394002505e-15
a057_2,a057,2,hn,1,0.0636527194207147,0.0001778568286300643,0.06347420543606988,6.571560147348589e-07,2.2939240398422555e-17
a057_2,a057,2,hn,5,0.9774953572242138,0.004446420715751608,0.9730459269521464,3.0095563157616465e-06,-4.766720262320938e-17
a057_2,a057,2,hn,10,3.0421205151817996,0.01778568286300643,3.0271226836457044,-0.002787851326910347,-9.367506770274758e-16
a057_2,a057,2,hn,30,13.894231711065661,0.1600711457670579,13.845958960369865,-0.11179839507126148,1.5265566588595902e-16
a057_2,a057,2,hn,60,18.880697024948418,0.6402845830682315,19.040005322593863,-0.7995928807136792,6.661338147750939e-16
a057_2,a057,2,hn,120,35.02426115593103,2.561138332272926,35.07233411521075,-2.609211291552652,4.884981308350689e-15
a057_2,a057,3,yaw,1,0.061580796501241285,0.00024286719899878904,0.06133704314708013,8.861551623662867e-07,1.3322769469126076e-18
a057_2,a057,3,yaw,5,0.9550595598272604,0.0060716799749697264,0.9489697429254754,1.8136926815215324e-05,7.778472961225691e-17
a057_2,a057,3,yaw,10,2.9738530203116014,0.024286719899878906,2.952401453027494,-0.0028351526157716564,3.8163916471489756e-16
a057_2,a057,3,yaw,30,13.60447960012028,0.21858047909891015,13.512973537482871,-0.12707441646150183,-2.498001805406602e-16
a057_2,a057,3,yaw,60,19.65818353622632,0.8743219163956406,19.706397374906494,-0.922535755075815,1.6653345369377348e-15
a057_2,a057,3,yaw,120,35.504537059187705,3.4972876655825624,34.88151844696882,-2.8742690533636694,-6.661338147750939e-15
a057_2,a057,3,hn,1,0.06904548279988977,0.0001525117061108904,0.06889239551467022,5.755791086705463e-07,-4.088839794633321e-18
a057_2,a057,3,hn,5,1.1118812086688852,0.0038127926527722605,1.108094241196394,-2.5825180280949895e-05,-2.083158949159336e-16
a057_2,a057,3,hn,10,3.5017375729541964,0.015251170611089042,3.4893236186384873,-0.0028372162953793707,-4.367166350771612e-16
a057_2,a057,3,hn,30,15.580661549954932,0.1372605354998014,15.558044772224198,-0.11464375776906825,2.636779683484747e-16
a057_2,a057,3,hn,60,20.172183390918455,0.5490421419992056,20.459084547205766,-0.835943298286514,-1.7763568394002505e-15
a057_2,a057,3,hn,120,34.36392121297322,2.1961685679968226,35.06279065191536,-2.8950380069389676,6.661338147750939e-15
a057_3,a057,0,yaw,1,0.08244699730530584,0.001864335132802627,0.08058216340433692,4.987681662887063e-07,7.308941422738951e-18
a057_3,a057,0,yaw,5,1.329152999244814,0.046608378320065674,1.2820932380661005,0.00045138285864747296,1.8019440106709084e-16
a057_3,a057,0,yaw,10,4.085713724415454,0.1864335132802627,3.8910617623671215,0.008218448768070825,-1.1726730697603216e-15
a057_3,a057,0,yaw,30,19.90820894835893,1.6779016195223642,18.143729202392116,0.08657812644445531,-4.579669976578771e-15
a057_3,a057,0,yaw,60,43.339178764551185,6.711606478089457,36.674508028653,-0.04693574219126802,-5.259681579161679e-15
a057_3,a057,0,yaw,120,71.32348673355763,26.846425912357827,56.333140442897296,-11.856079621697498,1.7763568394002505e-15
a057_3,a057,0,hn,1,0.08423187863258218,0.0007142880491534131,0.08351869083606639,-1.100252637618983e-06,-4.050723312006878e-18
a057_3,a057,0,hn,5,1.32654868036987,0.017857201228835325,1.3085938520013973,9.762713963742366e-05,-7.739848258830895e-17
a057_3,a057,0,hn,10,4.019278713302177,0.0714288049153413,3.9442090182689458,0.003640890117890068,3.0401028916493544e-16
a057_3,a057,0,hn,30,19.077524901481024,0.6428592442380717,18.43475300490135,-8.7347658397658e-05,7.50051062925472e-16
a057_3,a057,0,hn,60,39.85754061111172,2.571436976952287,37.822564435903736,-0.5364608017443071,9.547918011776346e-15
a057_3,a057,0,hn,120,57.828073086001666,10.285747907809148,56.29250252952077,-8.750177351328245,-1.7763568394002505e-15
a057_3,a057,1,yaw,1,0.08483241129165361,0.0019250738846346234,0.08290666984997298,6.675570460259256e-07,-2.351617571462114e-17
a057_3,a057,1,yaw,5,1.3849836573030745,0.04812684711586558,1.3363849332549789,0.0004718769322302469,-1.9380113833178392e-16
a057_3,a057,1,yaw,10,4.287143116608251,0.19250738846346233,4.086344599009733,0.008291129135056538,-2.8622937353617317e-16
a057_3,a057,1,yaw,30,21.11428579525537,1.7325664961711609,19.38386633842501,-0.0021470393408030597,4.986028950826338e-15
a057_3,a057,1,yaw,60,46.367331394176425,6.9302659846846435,40.015699166511645,-0.5786337570198754,9.992007221626409e-15
a057_3,a057,1,yaw,120,73.64841278705582,27.721063938738574,61.25271554684148,-15.32536669852424,5.329070518200751e-15
a057_3,a057,1,hn,1,0.08420450357302021,0.0009010548632307502,0.08330433417350563,-8.854637161712972e-07,2.586520983559413e-18
a057_3,a057,1,hn,5,1.2620040177919312,0.022526371580768756,1.2393240838400241,0.00015356237113836135,-1.8962695996771473e-16
a057_3,a057,1,hn,10,3.7442812267592367,0.09010548632307502,3.6497512209812317,0.00442451945492902,9.228728892196614e-16
a057_3,a057,1,hn,30,17.767730020278613,0.8109493769076753,16.850909944878374,0.10587069849256682,-4.010680676458378e-15
a057_3,a057,1,hn,60,39.6689552778367,3.2437975076307013,36.39423083691797,0.030926933288022828,6.262351748276274e-15
a057_3,a057,1,hn,120,67.61292195044288,12.975190030522805,59.97881545867194,-5.341083538751878,1.7763568394002505e-14
a057_3,a057,2,yaw,1,0.07647899053039842,0.001399693409497354,0.07507959036077452,-2.932398734572667e-07,-9.47734576770996e-18
a057_3,a057,2,yaw,5,1.2120085364177569,0.03499233523743386,1.1767204638494368,0.00029573733088592724,1.3167635384836451e-16
a057_3,a057,2,yaw,10,3.7261101043575726,0.13996934094973543,3.580264505519843,0.0058762578879948246,-5.39499001028787e-16
a057_3,a057,2,yaw,30,18.122908672832544,1.2597240685476183,16.90544175684534,-0.04225715256041524,-1.7139067942650854e-15
a057_3,a057,2,yaw,60,40.89164945758786,5.038896274190473,36.70471108846654,-0.8519579050691587,9.658940314238862e-15
a057_3,a057,2,yaw,120,65.1638840427354,20.155585096761893,58.19712033409371,-13.188821388120195,-8.881784197001252e-15
a057_3,a057,2,hn,1,0.08267295370628672,0.0013437631884164808,0.08132956901227065,-3.7849440040526987e-07,4.424688358219651e-19
a057_3,a057,2,hn,5,1.3291843653114996,0.03359407971041203,1.295305654084472,0.0002846315166153046,3.142017895862992e-16
a057_3,a057,2,hn,10,4.0260607937382344,0.1343763188416481,3.8859542338933872,0.005730241003198598,3.677613769070831e-16
a057_3,a057,2,hn,30,19.250884829840736,1.2093868695748327,18.029458690272932,0.01203926999297156,1.0928757898653885e-16
a057_3,a057,2,hn,60,42.31473772562568,4.837547478299331,38.07832788094959,-0.6011376336232391,7.438494264988549e-15
a057_3,a057,2,hn,120,70.52974053740418,19.350189913197323,63.08908019048388,-11.909529566277035,1.2434497875801753e-14
a057_3,a057,3,yaw,1,0.07605211105772207,0.0013302520965261249,0.07472225965470615,-4.006935101879785e-07,-1.7240402729295622e-17
a057_3,a057,3,yaw,5,1.2206276839415497,0.03325630241315312,1.1870975544961289,0.0002738270322675999,1.4837306730464128e-16
a057_3,a057,3,yaw,10,3.7359562994929463,0.13302520965261247,3.5960581111732064,0.006872978667127577,-2.498001805406602e-16
a057_3,a057,3,yaw,30,18.317758029309516,1.1972268868735125,17.054463393777546,0.06606774865845262,5.592748486549226e-15
a057_3,a057,3,yaw,60,38.99018409647652,4.78890754749405,34.38104275134232,-0.17976620235985324,2.7200464103316335e-15
a057_3,a057,3,yaw,120,61.62753944679525,19.1556301899762,53.11015994384136,-10.638250687022316,1.7763568394002505e-15
a057_3,a057,3,hn,1,0.08275503990760523,0.0018274550628099016,0.08092711724258012,4.676022152152055e-07,-2.957203777101576e-18
a057_3,a057,3,hn,5,1.3764196768166832,0.045686376570247544,1.3302917240734007,0.00044157617303504804,-7.37257477290143e-17
a057_3,a057,3,hn,10,4.300777161933156,0.18274550628099018,4.110242202360293,0.0077894532918719945,3.1138286393783687e-16
a057_3,a057,3,hn,30,20.654708547043214,1.6447095565289116,18.992516495516,0.017482494998303268,-2.033095913844818e-15
a057_3,a057,3,hn,60,46.47946126275898,6.578838226115646,40.523982770965866,-0.6233597343225248,-2.220446049250313e-15
a057_3,a057,3,hn,120,77.52702144045207,26.315352904462586,65.04019056817995,-13.828522032190476,1.2434497875801753e-14
a058_1,a058,0,yaw,1,0.10676717790826909,0.0005514218005094161,0.1062131299985827,2.6261091769681125e-06,-3.404225415015033e-18
a058_1,a058,0,yaw,5,2.3084740838289357,0.013785545012735401,2.294336465792579,0.00035207302362129947,-1.9569849213363355e-17
a058_1,a058,0,yaw,10,8.347721653794299,0.055142180050941604,8.285283931254636,0.007295542488720956,5.950101522600448e-16
a058_1,a058,0,yaw,30,56.75147833907264,0.4962796204584745,56.09709480792245,0.15810391069171945,-4.85722573273506e-15
a058_1,a058,0,yaw,60,114.64519612288416,1.985118481833898,113.46910174624627,-0.8090241051959876,-1.454392162258955e-14
a058_1,a058,0,yaw,120,30.298751034676005,7.940473927335592,32.22430885682759,-9.866031749487176,-1.7763568394002505e-15
a058_1,a058,0,hn,1,0.11105107395951415,0.0003453830322711565,0.1107041510339003,1.5398933426925052e-06,-6.167035130721747e-18
a058_1,a058,0,hn,5,2.354025210957624,0.008634575806778913,2.3451889020666483,0.00020173308419738886,-8.129889990382555e-16
a058_1,a058,0,hn,10,8.416708848026522,0.03453830322711565,8.377589752876025,0.004580791923380501,3.9898639947466563e-16
a058_1,a058,0,hn,30,57.28250314076699,0.3108447290440408,56.866238707446904,0.10541970427603874,6.231126725708691e-15
a058_1,a058,0,hn,60,115.62115108950492,1.2433789161761633,115.21161988254518,-0.8338477092164331,4.884981308350689e-15
a058_1,a058,0,hn,120,28.487961159584728,4.973515664704653,31.198582405245666,-7.684136910365589,-2.6645352591003757e-15
a058_1,a058,1,yaw,1,0.10168533677166487,0.0016506535656236878,0.10002677588726316,7.907318777995045e-06,2.4267493938835705e-17
a058_1,a058,1,yaw,5,2.1381320687848646,0.0412663391405922,2.0958113989808944,0.001054330663377913,-1.2576745200831851e-17
a058_1,a058,1,yaw,10,7.623764467330533,0.1650653565623688,7.440309267704326,0.018389843063837823,-4.2674197509029455e-16
a058_1,a058,1,yaw,30,51.85082386632091,1.4855882090613193,50.04922236562416,0.3160132916354216,6.994405055138486e-15
a058_1,a058,1,yaw,60,104.29177068559108,5.942352836245277,100.085959775586,-1.736541926240185,-2.19824158875781e-14
a058_1,a058,1,yaw,120,31.133104024194797,23.76941134498111,26.908686147298724,-19.544993468085043,7.105427357601002e-15
a058_1,a058,1,hn,1,0.10704622865108628,0.0006227035811727027,0.10642067760568585,2.8474642277088368e-06,3.2564181657191577e-18
a058_1,a058,1,hn,5,2.241697989043396,0.015567589529317569,2.225744825164185,0.00038557434989317,-1.1140177322288558e-16
a058_1,a058,1,hn,10,7.897753836330408,0.062270358117270275,7.82744355500742,0.008039923205718277,-5.204170427930421e-17
a058_1,a058,1,hn,30,52.47699741471297,0.5604332230554324,51.78219933807016,0.1343648535873779,3.608224830031759e-16
a058_1,a058,1,hn,60,104.79003345647628,2.2417328922217297,104.18779839568907,-1.6394978314345328,7.549516567451064e-15
a058_1,a058,1,hn,120,24.930830088290136,8.966931568886919,30.404864019681195,-14.440965500277972,-5.329070518200751e-15
a058_1,a058,2,yaw,1,0.11667506574440216,0.0016153574017690527,0.11505202651031629,7.681832316797421e-06,2.464696469920563e-17
a058_1,a058,2,yaw,5,2.555288508566645,0.04038393504422633,2.5139048677740985,0.0009997057483206672,-6.882515390937982e-16
a058_1,a058,2,yaw,10,9.258179985747573,0.1615357401769053,9.080574801613832,0.016069443956836755,-1.1275702593849246e-15
a058_1,a058,2,yaw,30,63.439521094796014,1.4538216615921478,61.63543288422695,0.35026654897692056,-9.103828801926284e-15
a058_1,a058,2,yaw,60,127.15303600015197,5.815286646368591,122.45989669541127,-1.122147341627921,2.708944180085382e-14
a058_1,a058,2,yaw,120,43.33902497007375,23.261146585474364,36.27970807927134,-16.20182969467195,0.0
a058_1,a058,2,hn,1,0.10194264736716661,0.000760537210623339,0.10117854569149726,3.564465046019582e-06,-6.427709520239258e-18
a058_1,a058,2,hn,5,2.1693591634541085,0.019013430265583477,2.149861302500864,0.00048443068766087344,3.679782173415802e-16
a058_1,a058,2,hn,10,7.711151054047316,0.0760537210623339,7.625394230792635,0.009703102192347579,-5.325601071248798e-16
a058_1,a058,2,hn,30,51.03161197022473,0.6844834895610051,50.15649632497025,0.1906321556934837,-5.245803791353865e-15
a058_1,a058,2,hn,60,102.04008786502015,2.7379339582440205,100.70968084003822,-1.4075269332620923,1.5987211554602254e-14
a058_1,a058,2,hn,120,25.931237546119284,10.951735832976082,28.40001583376185,-13.420514120618643,-3.552713678800501e-15
a058_1,a058,3,yaw,1,0.11355810113464537,0.0005961289065168434,0.11295916114312048,2.8110850080451565e-06,2.4525838987748266e-18
a058_1,a058,3,yaw,5,2.4727479520146067,0.014903222662921087,2.4575030968901057,0.0003416324615796635,4.800847219765814e-16
a058_1,a058,3,yaw,10,8.920282623342596,0.05961289065168435,8.852554739420187,0.008114993270722562,2.617697725249002e-15
a058_1,a058,3,yaw,30,61.12712025306016,0.5365160158651591,60.40662473857892,0.18397949861608515,-2.609024107869118e-15
a058_1,a058,3,yaw,60,123.06575084393353,2.1460640634606363,121.33033107157651,-0.4106442911036537,3.114175584073564e-14
a058_1,a058,3,yaw,120,34.69882818113373,8.584256253842545,32.13899872238369,-6.024426795092515,6.217248937900877e-15
a058_1,a058,3,hn,1,0.12907077482822785,0.0006496964512944657,0.12841805913447385,3.0192424595490715e-06,-3.139231157466525e-17
a058_1,a058,3,hn,5,2.8343757482672287,0.016242411282361643,2.8177271721096293,0.00040616487523770895,1.043544591017298e-16
a058_1,a058,3,hn,10,10.205255237579184,0.06496964512944657,10.130120730691655,0.010164861758086164,-2.987193825632062e-15
a058_1,a058,3,hn,30,69.43227111575501,0.584726806165019,68.63008224227563,0.21746206731436066,-2.7478019859472624e-15
a058_1,a058,3,hn,60,143.2146004064234,2.338907224660076,141.8213350809918,-0.9456418992284615,-9.992007221626409e-16
a058_1,a058,3,hn,120,37.581926815735386,9.355628898640305,40.75110190498839,-12.524803987893312,5.329070518200751e-15
a058_2,a058,0,yaw,1,0.032768132669101085,7.772125886394216e-05,0.032690194052288075,2.1735794906708438e-07,2.8784826525661295e-18
a058_2,a058,0,yaw,5,0.6958148357043659,0.001943031471598554,0.6938395379186058,3.226631416159877e-05,-6.563488901684122e-17
a058_2,a058,0,yaw,10,2.463062830140382,0.007772125886394216,2.455171171925484,0.00011953232850428327,-5.812814422509471e-16
a058_2,a058,0,yaw,30,14.971575171135784,0.06994913297754796,14.897871972901411,0.0037540652568205457,4.1000189354711836e-15
a058_2,a058,0,yaw,60,35.78055455719696,0.2797965319101918,35.50767485085158,-0.006916825564811363,-3.735727005516054e-15
a058_2,a058,0,yaw,120,37.25286454766389,1.1191861276407673,37.021871660484635,-0.8881932404615173,5.88418203051333e-15
a058_2,a058,0,hn,1,0.026296752338276205,2.3276218177573873e-05,0.026273388527945533,8.75921531006824e-08,-5.135269591627204e-19
a058_2,a058,0,hn,5,0.532378627269685,0.0005819054544393468,0.5317939923679864,2.7294472591549957e-06,5.376583984344034e-17
a058_2,a058,0,hn,10,1.8603827442712757,0.002327621817757387,1.8579830609163057,7.20615372125157e-05,-6.844026213814747e-18
a058_2,a058,0,hn,30,10.983477293323817,0.020948596359816486,10.962067306765132,0.0004613901988681194,2.5278173651499536e-16
a058_2,a058,0,hn,60,25.48173212416989,0.08379438543926594,25.408954009551106,-0.011016270820478395,-2.005340338229189e-15
a058_2,a058,0,hn,120,27.572453734332143,0.33517754175706377,27.09019943379819,0.14707675877689358,-3.164135620181696e-15
a058_2,a058,1,yaw,1,0.03164433567046477,1.6737231061876934e-05,0.03162755595457469,4.24848282098413e-08,-5.7711200197742665e-18
a058_2,a058,1,yaw,5,0.6688372512867531,0.0004184307765469233,0.6684039396420026,1.4880868203543409e-05,1.6085155668359163e-17
a058_2,a058,1,yaw,10,2.357248233298482,0.0016737231061876932,2.355557188856864,1.732133543024592e-05,1.7432954494030206e-16
a058_2,a058,1,yaw,30,14.109254471202062,0.015063507955689238,14.091866446731073,0.0023245165153016295,-1.994498316504334e-15
a058_2,a058,1,yaw,60,32.19795731791365,0.06025403182275695,32.134847086121866,0.002856199969027332,-3.3562562451461275e-15
a058_2,a058,1,yaw,120,33.85375800939149,0.2410161272910278,34.30457656221251,-0.691834680112047,1.9984014443252818e-15
a058_2,a058,1,hn,1,0.032361695607159735,6.919928545513884e-05,0.032292305773742244,1.9054796235547184e-07,-2.289344767971162e-18
a058_2,a058,1,hn,5,0.6643522397370516,0.0017299821363784714,0.6625980516609928,2.4205939680149874e-05,1.8303704363807627e-16
a058_2,a058,1,hn,10,2.3187411378753193,0.0069199285455138855,2.311863998172516,-4.2788842710739214e-05,3.774514338236723e-16
a058_2,a058,1,hn,30,13.939381315938272,0.06227935690962495,13.879338685834494,-0.0022367268058474067,-4.336808689942018e-18
a058_2,a058,1,hn,60,32.68508569349941,0.2491174276384998,32.48010316359884,-0.04413489773793135,-2.095545958979983e-15
a058_2,a058,1,hn,120,35.42822430224165,0.9964697105539992,34.87759230126824,-0.4458377095805845,-2.7200464103316335e-15
a058_2,a058,2,yaw,1,0.024382429011034677,5.483895528333634e-05,0.024327416205044923,1.738507064179378e-07,-2.880176718460638e-19
a058_2,a058,2,yaw,5,0.4950896123993839,0.0013709738820834086,0.49371054086671007,8.097650590436317e-06,1.8768556045260787e-17
a058_2,a058,2,yaw,10,1.7264505892076936,0.005483895528333635,1.7206617016929293,0.0003049919864308344,-1.9830057734759876e-16
a058_2,a058,2,yaw,30,10.274182734108388,0.04935505975500272,10.218451132830065,0.006376541523319059,8.413408858487514e-16
a058_2,a058,2,yaw,60,23.97992813647471,0.19742023902001088,23.72083855650879,0.061669340945918846,-1.0699774399824946e-14
a058_2,a058,2,yaw,120,27.05608370713432,0.7896809560800435,24.73165139796203,1.534751353092243,3.9968028886505635e-15
a058_2,a058,2,hn,1,0.03428644082510871,4.397926334449009e-05,0.034242331068810444,1.3049295378008449e-07,-4.099798283388424e-18
a058_2,a058,2,hn,5,0.7151402968164758,0.001099481583612252,0.7140258515414917,1.496369137197913e-05,-9.599424391232986e-17
a058_2,a058,2,hn,10,2.5039320567203793,0.004397926334449008,2.499689600485392,-0.00015547009946188984,-3.973600962159374e-17
a058_2,a058,2,hn,30,14.950727412436722,0.03958133701004108,14.917510689594407,-0.006364614167726441,3.946495907847236e-16
a058_2,a058,2,hn,60,35.06025000812189,0.15832534804016432,34.958781441804035,-0.05685678172231264,2.851885394505871e-15
a058_2,a058,2,hn,120,37.82097480267601,0.6333013921606573,37.689765705201296,-0.5020922946859451,7.771561172376096e-16
a058_2,a058,3,yaw,1,0.03473296840221605,0.0004165093157753294,0.034315233106688686,1.2259797520285488e-06,1.4886604047994328e-18
a058_2,a058,3,yaw,5,0.7354228862974032,0.010412732894383237,0.7248903393258651,0.00011981407715500691,-2.28482055324164e-16
a058_2,a058,3,yaw,10,2.5849213486400786,0.04165093157753295,2.5419484127970686,0.0013220042654769513,-4.5319650809894085e-17
a058_2,a058,3,yaw,30,15.110975367159481,0.3748583841977965,14.712268210110448,0.02384877285123685,-4.163336342344337e-16
a058_2,a058,3,yaw,60,34.938655796363165,1.499433536791186,33.3359933226389,0.10322893693309053,-1.2198575483068907e-14
a058_2,a058,3,yaw,120,42.3997065164312,5.997734147164744,33.29403430243607,3.107938066830389,3.552713678800501e-15
a058_2,a058,3,hn,1,0.023852109783674368,4.508102792156421e-05,0.0238068839008268,1.4485492600784554e-07,-2.3234643138777492e-18
a058_2,a058,3,hn,5,0.48080529432570124,0.0011270256980391048,0.4796679902805051,1.0278347156992849e-05,7.196391919872536e-18
a058_2,a058,3,hn,10,1.6654367140355344,0.004508102792156419,1.661049889000739,-0.00012127775736119361,4.4628471924934576e-17
a058_2,a058,3,hn,30,9.605726904432002,0.04057292512940778,9.569189272123772,-0.004035292821176268,-8.265957363029486e-16
a058_2,a058,3,hn,60,21.96230386436332,0.16229170051763112,21.842717565402886,-0.042705401557193816,-2.338407245616736e-15
a058_2,a058,3,hn,120,22.71525759400811,0.6491668020705245,22.2611392042935,-0.19504841235591674,3.885780586188048e-15
a058_3,a058,0,yaw,1,0.08270007759525747,1.906912495523104e-05,0.08268087484456646,1.3362573577189125e-07,-3.752064788760932e-18
a058_3,a058,0,yaw,5,1.638518878209565,0.000476728123880776,1.6380265402353176,1.5609850366457425e-05,2.915758454992423e-16
a058_3,a058,0,yaw,10,5.622502276402619,0.001906912495523104,5.6205422308192565,5.313308784063811e-05,-9.196270589657829e-16
a058_3,a058,0,yaw,30,30.941255589465666,0.017162212459707938,30.922024594801886,0.002068782204069338,5.806986835832362e-16
a058_3,a058,0,yaw,60,64.22478539627447,0.06864884983883175,64.17740826020993,-0.021271713774288707,-8.333611578592581e-15
a058_3,a058,0,yaw,120,52.10686665683356,0.274595399355327,51.29191354455877,0.5403577129194581,7.771561172376096e-15
a058_3,a058,0,hn,1,0.07610346921175429,4.109268143395608e-05,0.07606239015068278,-1.3620362439831503e-08,-9.175714357342498e-18
a058_3,a058,0,hn,5,1.4255193497849856,0.0010273170358489022,1.4244794412378112,1.2591511325324223e-05,2.749909403920031e-16
a058_3,a058,0,hn,10,4.710884458881994,0.004109268143395609,4.7066544633835194,0.00012072735507889936,2.7606497816912157e-16
a058_3,a058,0,hn,30,24.15709584063398,0.03698341329056048,24.133038545540114,-0.01292611819670087,5.556319293553713e-15
a058_3,a058,0,hn,60,48.89907958568419,0.1479336531622419,48.91341877639663,-0.1622728438746921,1.021405182655144e-14
a058_3,a058,0,hn,120,43.12378197305343,0.5917346126489677,44.0299295908134,-1.4978822304089385,-1.9984014443252818e-15
a058_3,a058,1,yaw,1,0.08028537338933453,0.0001201763735399027,0.08016506203828724,1.3497750737297192e-07,6.480437321205838e-18
a058_3,a058,1,yaw,5,1.5598568355099405,0.003004409338497567,1.5568272505811793,2.517559026401629e-05,-4.1212557455247434e-16
a058_3,a058,1,yaw,10,5.296154195089453,0.012017637353990269,5.283759982905371,0.0003765748300906609,5.754945131553058e-16
a058_3,a058,1,yaw,30,27.228573473249174,0.10815873618591244,27.118490138845125,0.0019245982181402713,-4.984077386915864e-15
a058_3,a058,1,yaw,60,54.03009556545296,0.4326349447436498,53.55141129873977,0.046049321969541354,-5.412337245047638e-16
a058_3,a058,1,yaw,120,42.34474391714725,1.730539778974599,42.19559474827723,-1.581390610104582,-2.4424906541753444e-15
a058_3,a058,1,hn,1,0.07737446629060277,1.9932035728851113e-05,0.07735455859998691,-2.4345113000955758e-08,5.972326740694115e-18
a058_3,a058,1,hn,5,1.386954256536516,0.0004983008932212779,1.3864599139468288,-3.958303533991893e-06,-6.545701209791782e-17
a058_3,a058,1,hn,10,4.6371237193901464,0.0019932035728851116,4.635068718689824,6.179712743781229e-05,-3.3272809420864524e-16
a058_3,a058,1,hn,30,24.888385221982997,0.017938832155966,24.86542996913953,0.0050164206875008095,-5.091413401991929e-16
a058_3,a058,1,hn,60,51.91846899987786,0.071755328623864,51.81370492301487,0.033008748239113414,1.2947976024690888e-14
a058_3,a058,1,hn,120,42.727474027490366,0.287021314495456,43.023831344417175,-0.5833786314222715,7.993605777301127e-15
a058_3,a058,2,yaw,1,0.07077464180853382,0.00011934125449567656,0.07065508367367161,2.168803665222856e-07,4.720223447472597e-18
a058_3,a058,2,yaw,5,1.3206608069844605,0.002983531362391913,1.3176519117545282,2.5363867540602803e-05,-1.184389229486743e-16
a058_3,a058,2,yaw,10,4.467416172361393,0.011934125449567652,4.455048263148786,0.0004337837630382913,1.1945739536445288e-15
a058_3,a058,2,yaw,30,23.6059358297984,0.1074071290461089,23.47986748290993,0.018661217842362413,-1.5577816814271728e-15
a058_3,a058,2,yaw,60,47.151105684881735,0.4296285161844356,46.445561755274426,0.2759154134228831,-1.0824674490095276e-14
a058_3,a058,2,yaw,120,40.53959782280162,1.7185140647377424,38.76869467210667,0.052389085957205,4.1494585545365226e-15
a058_3,a058,2,hn,1,0.07534456499416878,2.5508277346683966e-05,0.07531906425717638,-7.540354300739601e-09,1.5332709169789077e-17
a058_3,a058,2,hn,5,1.4016666911550437,0.0006377069336670993,1.4010313063941966,-2.3221728199160676e-06,-1.1903904579180398e-16
a058_3,a058,2,hn,10,4.719721582392412,0.002550827734668397,4.71708018059885,9.05740588937177e-05,1.8198333465169192e-16
a058_3,a058,2,hn,30,24.998760562803522,0.02295744961201557,24.968042781361856,0.007760331829649669,1.4103301859691442e-15
a058_3,a058,2,hn,60,51.04218620968608,0.09182979844806229,50.87638722332707,0.07396918791093728,9.922618282587337e-15
a058_3,a058,2,hn,120,42.94469530725366,0.36731919379224914,43.05081232432084,-0.4734362108594312,5.773159728050814e-15
a058_3,a058,3,yaw,1,0.07575951914369475,7.782099753984472e-06,0.07575168577700232,5.126693843777739e-08,6.705655440946876e-18
a058_3,a058,3,yaw,5,1.4688670165617435,0.00019455249384961177,1.4686647124759344,7.751591959272713e-06,1.5349422850374078e-16
a058_3,a058,3,yaw,10,4.965319897199379,0.0007782099753984471,4.964534310910891,7.376313088725536e-06,4.990591070280249e-16
a058_3,a058,3,yaw,30,26.550025507317507,0.007003889778586026,26.54672800511347,-0.003706387574547864,-1.6883196229944275e-15
a058_3,a058,3,yaw,60,53.98363042656383,0.028015559114344103,54.01984934957204,-0.06423448212254286,-1.491862189340054e-14
a058_3,a058,3,yaw,120,47.5633324292017,0.11206223645737641,47.40902725799974,0.04224293474458033,5.294376048681215e-15
a058_3,a058,3,hn,1,0.06779739105467313,9.158011702817917e-06,0.06778824166688065,-8.62391034135136e-09,5.5037206518766994e-18
a058_3,a058,3,hn,5,1.2323212446983003,0.00022895029257044794,1.232095697731181,-3.4033254510044158e-06,-2.300355137494284e-16
a058_3,a058,3,hn,10,4.109974742957056,0.0009158011702817918,4.10902426264634,3.4679140434268975e-05,-2.892922446734447e-16
a058_3,a058,3,hn,30,21.24263352739752,0.008242210532536124,21.23001205323251,0.004379263632471595,8.352693536828326e-16
a058_3,a058,3,hn,60,44.571814675579944,0.0329688421301445,44.48933132953304,0.04951450391675452,6.522560269672795e-15
a058_3,a058,3,hn,120,38.36096348078681,0.131875368520578,38.332136765484385,-0.10304865321815439,1.6792123247455493e-15
