sequence,subject,seed,arm,condition,windows,mean_error,p95_error,fraction_error_over_1
a006_2,a006,0,yaw,all,16737,0.1329496991448297,0.4407426728937934,0.005018820577164366
a006_2,a006,0,yaw,jump,1528,0.13282205492055787,0.42437596260764276,0.005235602094240838
a006_2,a006,0,yaw,near_jump,13668,0.13272133836062772,0.43473121672907056,0.004828797190517998
a006_2,a006,0,yaw,away,3069,0.13396671941152016,0.45530795710987837,0.005865102639296188
a006_2,a006,0,yaw,low_gap,195,0.17175139444186047,0.7379063961083306,0.015384615384615385
a006_2,a006,0,yaw,other_gap,16542,0.13249229794890896,0.43878853020328956,0.004896626768226333
a006_2,a006,0,yaw,low_kappa,1254,0.15167496145662415,0.4551702971480104,0.003189792663476874
a006_2,a006,0,yaw,other_kappa,15483,0.13143310165474445,0.43874601757546544,0.0051669573080152425
a006_2,a006,0,hn,all,16737,0.14127899017826256,0.489468509187805,0.005078568441178228
a006_2,a006,0,hn,jump,1528,0.14115158999490102,0.5021772010134018,0.005235602094240838
a006_2,a006,0,hn,near_jump,13668,0.13972494514813638,0.48620133428707224,0.005194615159496634
a006_2,a006,0,hn,away,3069,0.14820003529776882,0.5083652238942501,0.004561746497230368
a006_2,a006,0,hn,low_gap,195,0.17749383340039726,0.7273526080899063,0.020512820512820513
a006_2,a006,0,hn,other_gap,16542,0.1408520832487307,0.4888719003507864,0.004896626768226333
a006_2,a006,0,hn,low_kappa,1254,0.1459391766684885,0.47757835773147433,0.001594896331738437
a006_2,a006,0,hn,other_kappa,15483,0.14090155209399313,0.4911380313102873,0.005360718207065814
a006_2,a006,1,yaw,all,16737,0.13147881915913054,0.4192012523204478,0.006691760769552488
a006_2,a006,1,yaw,jump,1528,0.12593624782337104,0.40511211366588096,0.004581151832460733
a006_2,a006,1,yaw,near_jump,13668,0.13059025281600745,0.4159354484972472,0.0066578870354111796
a006_2,a006,1,yaw,away,3069,0.13543610973515088,0.4412206577165389,0.006842619745845552
a006_2,a006,1,yaw,low_gap,195,0.16821519419429512,0.6658644135873673,0.015384615384615385
a006_2,a006,1,yaw,other_gap,16542,0.13104576432103016,0.4180608778151781,0.006589287873292226
a006_2,a006,1,yaw,low_kappa,1254,0.14191387273508257,0.4171191881549492,0.0023923444976076554
a006_2,a006,1,yaw,other_kappa,15483,0.1306336627175983,0.4192062319360214,0.007039979332170768
a006_2,a006,1,hn,all,16737,0.13817785900626312,0.46995413534538977,0.007050247953635657
a006_2,a006,1,hn,jump,1528,0.1421107936776176,0.48664438257546105,0.008507853403141362
a006_2,a006,1,hn,near_jump,13668,0.13786841049785192,0.47266381823191916,0.007389522973368452
a006_2,a006,1,hn,away,3069,0.13955600896161163,0.46269688537176884,0.005539263603779733
a006_2,a006,1,hn,low_gap,195,0.16942327572074797,0.6133023613459287,0.005128205128205128
a006_2,a006,1,hn,other_gap,16542,0.13780953254880188,0.468154786903972,0.007072905331882481
a006_2,a006,1,hn,low_kappa,1254,0.14582118745458575,0.4866067807144103,0.004784688995215311
a006_2,a006,1,hn,other_kappa,15483,0.13755881012205487,0.46951697123999875,0.00723374023122134
a006_2,a006,2,yaw,all,16737,0.13047342186736235,0.42932020715508173,0.006333273585469319
a006_2,a006,2,yaw,jump,1528,0.12478231269871706,0.3900617210537729,0.007198952879581152
a006_2,a006,2,yaw,near_jump,13668,0.12961914165157745,0.4255555359805802,0.005853087503658179
a006_2,a006,2,yaw,away,3069,0.13427801684597024,0.43817066433924323,0.008471814923427827
a006_2,a006,2,yaw,low_gap,195,0.18099184730223258,0.6206849598660079,0.03076923076923077
a006_2,a006,2,yaw,other_gap,16542,0.12987790179966802,0.4259015331831032,0.0060452182323781885
a006_2,a006,2,yaw,low_kappa,1254,0.14020910284879054,0.42392607919578457,0.004784688995215311
a006_2,a006,2,yaw,other_kappa,15483,0.12968490905003294,0.4294341526920623,0.006458696635019053
a006_2,a006,2,hn,all,16737,0.1438975370426802,0.4899739885754368,0.00878293601003764
a006_2,a006,2,hn,jump,1528,0.1400864595582076,0.4863630454826372,0.004581151832460733
a006_2,a006,2,hn,near_jump,13668,0.14158843846023292,0.4831651360802027,0.007755340942347088
a006_2,a006,2,hn,away,3069,0.15418126445385316,0.537814001608433,0.01335940045617465
a006_2,a006,2,hn,low_gap,195,0.1667198842923556,0.5611000964752106,0.005128205128205128
a006_2,a006,2,hn,other_gap,16542,0.1436285032067664,0.48854239401998745,0.008826018619272156
a006_2,a006,2,hn,low_kappa,1254,0.1513496457003287,0.4875103545181002,0.0023923444976076554
a006_2,a006,2,hn,other_kappa,15483,0.1432939754424289,0.48997552911976466,0.009300523154427436
a006_2,a006,3,yaw,all,16737,0.1312105994090928,0.426331507032233,0.005377307761247535
a006_2,a006,3,yaw,jump,1528,0.13199253223071256,0.44260317323556075,0.0058900523560209425
a006_2,a006,3,yaw,near_jump,13668,0.13105210368782427,0.4253443468837439,0.005121451565700907
a006_2,a006,3,yaw,away,3069,0.13191647087155547,0.42861220225613467,0.006516780710329097
a006_2,a006,3,yaw,low_gap,195,0.16499620024135742,0.6263422816550452,0.0
a006_2,a006,3,yaw,other_gap,16542,0.13081232881531382,0.424919818619734,0.00544069640914037
a006_2,a006,3,yaw,low_kappa,1254,0.14335575314634885,0.42927109749003073,0.003189792663476874
a006_2,a006,3,yaw,other_kappa,15483,0.13022693843986724,0.42603413452718053,0.005554479106116386
a006_2,a006,3,hn,all,16737,0.14406586424866463,0.5103659302111682,0.00914142319412081
a006_2,a006,3,hn,jump,1528,0.14515651838656388,0.49802945936508214,0.009162303664921465
a006_2,a006,3,hn,near_jump,13668,0.1420142215873676,0.5006864936933818,0.008706467661691543
a006_2,a006,3,hn,away,3069,0.153202994224099,0.5663417314295731,0.011078527207559466
a006_2,a006,3,hn,low_gap,195,0.17856677105624724,0.7189200887069607,0.010256410256410256
a006_2,a006,3,hn,other_gap,16542,0.1436591615024744,0.509029653052737,0.009128279530891065
a006_2,a006,3,hn,low_kappa,1254,0.1552082826808889,0.5196040170610772,0.005582137161084529
a006_2,a006,3,hn,other_kappa,15483,0.14316341687322,0.5095587391499428,0.009429697087127818
a019_3,a019,0,yaw,all,8831,0.27634613667930824,0.8122136108343776,0.02502547842826407
a019_3,a019,0,yaw,jump,462,0.2480007778533797,0.8524266937082121,0.032467532467532464
a019_3,a019,0,yaw,near_jump,4489,0.27511955637463825,0.8521401095623786,0.02762307863666741
a019_3,a019,0,yaw,away,4342,0.2776142433093552,0.7154071847144152,0.02233993551358821
a019_3,a019,0,yaw,low_gap,83,0.2907774797096133,0.7743523088410805,0.024096385542168676
a019_3,a019,0,yaw,other_gap,8748,0.2762092137859023,0.8122898519178613,0.025034293552812073
a019_3,a019,0,yaw,low_kappa,412,0.3225410812708004,1.1465277410598598,0.06310679611650485
a019_3,a019,0,yaw,other_kappa,8419,0.2740854979844876,0.7855005256254416,0.02316189571207982
a019_3,a019,0,hn,all,8831,0.2994798365108022,0.8758907125568713,0.031593251047446494
a019_3,a019,0,hn,jump,462,0.2516719166635663,0.8425699952662183,0.02813852813852814
a019_3,a019,0,hn,near_jump,4489,0.2992223338166846,0.938103721659271,0.03787034974381822
a019_3,a019,0,hn,away,4342,0.2997460570529241,0.801191747548038,0.025103638876093966
a019_3,a019,0,hn,low_gap,83,0.33785789072052297,0.8781198721523844,0.03614457831325301
a019_3,a019,0,hn,other_gap,8748,0.299115710024816,0.8748940734166075,0.03155006858710562
a019_3,a019,0,hn,low_kappa,412,0.3248180958196708,1.0770536795142736,0.06310679611650485
a019_3,a019,0,hn,other_kappa,8419,0.2982398599298241,0.8598187709231455,0.030051074949518947
a019_3,a019,1,yaw,all,8831,0.2742246018918171,0.7835821023520317,0.024232816215604122
a019_3,a019,1,yaw,jump,462,0.24328131436393174,0.8341699046854527,0.025974025974025976
a019_3,a019,1,yaw,near_jump,4489,0.276707438139887,0.8304720368490642,0.026732011583871687
a019_3,a019,1,yaw,away,4342,0.27165770831337716,0.6702942067893382,0.02164900967296177
a019_3,a019,1,yaw,low_gap,83,0.26803189847119024,0.6703505674038075,0.012048192771084338
a019_3,a019,1,yaw,other_gap,8748,0.274283357536983,0.7893559064480248,0.024348422496570644
a019_3,a019,1,yaw,low_kappa,412,0.2929540976754388,0.9171482773601686,0.04854368932038835
a019_3,a019,1,yaw,other_kappa,8419,0.2733080378981299,0.7724415944404763,0.02304311675971018
a019_3,a019,1,hn,all,8831,0.3069335061354868,0.909262846822801,0.03906692333824029
a019_3,a019,1,hn,jump,462,0.2655392032908747,0.9519581252819542,0.0367965367965368
a019_3,a019,1,hn,near_jump,4489,0.30848420457093395,1.0018185798552641,0.05034528848295834
a019_3,a019,1,hn,away,4342,0.3053303082366563,0.7661210978168741,0.02740672501151543
a019_3,a019,1,hn,low_gap,83,0.33515604913739705,1.0133750563093693,0.07228915662650602
a019_3,a019,1,hn,other_gap,8748,0.3066657339510837,0.9055369948079005,0.0387517146776406
a019_3,a019,1,hn,low_kappa,412,0.3419978460531144,1.1126954374114342,0.08009708737864078
a019_3,a019,1,hn,other_kappa,8419,0.30521756504437597,0.8924613675117521,0.037059033139327714
a019_3,a019,2,yaw,all,8831,0.2651290762462273,0.8117361719158563,0.02604461555882686
a019_3,a019,2,yaw,jump,462,0.23998729432849966,0.7899846757586255,0.030303030303030304
a019_3,a019,2,yaw,near_jump,4489,0.263781121927303,0.8668377478131429,0.03074181332145244
a019_3,a019,2,yaw,away,4342,0.2665226660522271,0.7232772418603209,0.021188392445877474
a019_3,a019,2,yaw,low_gap,83,0.2629483809196215,0.8748198286423646,0.024096385542168676
a019_3,a019,2,yaw,other_gap,8748,0.26514976642822413,0.8113079034208235,0.02606310013717421
a019_3,a019,2,yaw,low_kappa,412,0.2823684059982149,1.066469910883822,0.05339805825242718
a019_3,a019,2,yaw,other_kappa,8419,0.26428543640089897,0.8038404011725327,0.02470602209288514
a019_3,a019,2,hn,all,8831,0.2851722946917729,0.8248246266488535,0.029441739327369494
a019_3,a019,2,hn,jump,462,0.2478848332045658,0.8196076659426155,0.02813852813852814
a019_3,a019,2,hn,near_jump,4489,0.28382206299838153,0.9108971149427657,0.03452884829583426
a019_3,a019,2,hn,away,4342,0.28656823897358624,0.7099234355044702,0.02418240442192538
a019_3,a019,2,hn,low_gap,83,0.30800691287558013,0.8771101541219235,0.024096385542168676
a019_3,a019,2,hn,other_gap,8748,0.28495564250735855,0.8242622501356228,0.029492455418381344
a019_3,a019,2,hn,low_kappa,412,0.324783981449271,1.1044165046510592,0.08009708737864078
a019_3,a019,2,hn,other_kappa,8419,0.28323382041405704,0.8070231879145334,0.026962822187908304
a019_3,a019,3,yaw,all,8831,0.2704226517325896,0.7695064942774844,0.022760729249235646
a019_3,a019,3,yaw,jump,462,0.23371776750840229,0.844417677232826,0.012987012987012988
a019_3,a019,3,yaw,near_jump,4489,0.26474014729222684,0.8429249961988013,0.026954778347070617
a019_3,a019,3,yaw,away,4342,0.2762975394416611,0.6720106599857449,0.018424689083371717
a019_3,a019,3,yaw,low_gap,83,0.3003796124133432,0.8361347991507638,0.024096385542168676
a019_3,a019,3,yaw,other_gap,8748,0.2701384235962725,0.7677087902056131,0.022748056698673982
a019_3,a019,3,yaw,low_kappa,412,0.2937830198870106,0.9792067635532824,0.04611650485436893
a019_3,a019,3,yaw,other_kappa,8419,0.2692794670693729,0.7514995453508027,0.0216177693312745
a019_3,a019,3,hn,all,8831,0.30045725192117295,0.8510391731984128,0.030687351375835125
a019_3,a019,3,hn,jump,462,0.2549236488349835,0.8793538746148513,0.025974025974025976
a019_3,a019,3,hn,near_jump,4489,0.2959790602549288,0.9237865363146586,0.03787034974381822
a019_3,a019,3,hn,away,4342,0.30508705440614986,0.7604702900835909,0.023261169967756793
a019_3,a019,3,hn,low_gap,83,0.30265443753112337,0.8714980705673252,0.024096385542168676
a019_3,a019,3,hn,other_gap,8748,0.30043640528129806,0.8508478741456357,0.030749885688157293
a019_3,a019,3,hn,low_kappa,412,0.31684974330801846,1.0473929377223183,0.06796116504854369
a019_3,a019,3,hn,other_kappa,8419,0.2996550537442659,0.837309167910261,0.028863285425822543
a024_1,a024,0,yaw,all,9146,0.28285475447723407,0.7593514186671046,0.02853706538377433
a024_1,a024,0,yaw,jump,699,0.31117232667439343,0.9157905604858737,0.04721030042918455
a024_1,a024,0,yaw,near_jump,6523,0.28850742539447594,0.8216356942868116,0.03326690173233175
a024_1,a024,0,yaw,away,2623,0.2687974260772462,0.666279582255016,0.01677468547464735
a024_1,a024,0,yaw,low_gap,220,0.31826677543040954,0.8703406714109695,0.03636363636363636
a024_1,a024,0,yaw,other_gap,8926,0.2819819509135216,0.7574368244658053,0.028344163118978267
a024_1,a024,0,yaw,low_kappa,558,0.29007092015453084,0.7962561142023403,0.034050179211469536
a024_1,a024,0,yaw,other_kappa,8588,0.28238588856573765,0.7580028817029467,0.028178854215183978
a024_1,a024,0,hn,all,9146,0.30858499228109426,0.8595536801649081,0.035753334791165534
a024_1,a024,0,hn,jump,699,0.31130869242987463,0.9223297998363976,0.04148783977110158
a024_1,a024,0,hn,near_jump,6523,0.31188391538623117,0.8892264264616428,0.03924574582247432
a024_1,a024,0,hn,away,2623,0.30038107485265053,0.7831023814112645,0.02706824247045368
a024_1,a024,0,hn,low_gap,220,0.3512546304456787,1.1378265886797945,0.06363636363636363
a024_1,a024,0,hn,other_gap,8926,0.3075333095120814,0.8498534176352499,0.03506609903652252
a024_1,a024,0,hn,low_kappa,558,0.28580262575600446,0.776164421465642,0.025089605734767026
a024_1,a024,0,hn,other_kappa,8588,0.31006526248614785,0.8653809500736949,0.03644620400558919
a024_1,a024,1,yaw,all,9146,0.2885694139586694,0.8030118642677939,0.03411327356221299
a024_1,a024,1,yaw,jump,699,0.3057387745677291,0.9905935504579798,0.045779685264663805
a024_1,a024,1,yaw,near_jump,6523,0.29287333929188886,0.8466607041931146,0.03817261996014104
a024_1,a024,1,yaw,away,2623,0.2778662096321004,0.7384999619930914,0.024018299656881435
a024_1,a024,1,yaw,low_gap,220,0.35404928089317655,1.1949446594381021,0.07727272727272727
a024_1,a024,1,yaw,other_gap,8926,0.2869555252374515,0.7892724984723644,0.03304951826125924
a024_1,a024,1,yaw,low_kappa,558,0.26882027033385486,0.669536224357133,0.025089605734767026
a024_1,a024,1,yaw,other_kappa,8588,0.2898526023777014,0.8161014839240954,0.034699580810433166
a024_1,a024,1,hn,all,9146,0.32234699861622923,0.9344530263712809,0.04450032801224579
a024_1,a024,1,hn,jump,699,0.3332556510314234,1.0226304197094271,0.05436337625178827
a024_1,a024,1,hn,near_jump,6523,0.32271237357965843,0.9913068845419033,0.048903878583473864
a024_1,a024,1,hn,away,2623,0.3214383669401146,0.8729589175301921,0.0335493709492947
a024_1,a024,1,hn,low_gap,220,0.3815140796252834,1.307878729754088,0.09545454545454546
a024_1,a024,1,hn,other_gap,8926,0.32088870175066886,0.9265179240762647,0.043244454402868025
a024_1,a024,1,hn,low_kappa,558,0.30364663351655646,0.7947314506465847,0.035842293906810034
a024_1,a024,1,hn,other_kappa,8588,0.3235620432978335,0.9416800053267463,0.04506287843502562
a024_1,a024,2,yaw,all,9146,0.27354904596147084,0.7653719173836333,0.026022304832713755
a024_1,a024,2,yaw,jump,699,0.29151527534576255,0.7539172174800988,0.030042918454935622
a024_1,a024,2,yaw,near_jump,6523,0.28084513758373114,0.7814466713115757,0.027594665031427257
a024_1,a024,2,yaw,away,2623,0.25540478151160295,0.7390945117610245,0.02211208539839878
a024_1,a024,2,yaw,low_gap,220,0.3192892223779097,1.0731152328552183,0.05909090909090909
a024_1,a024,2,yaw,other_gap,8926,0.27242168333413314,0.7575208060660736,0.025207259690790948
a024_1,a024,2,yaw,low_kappa,558,0.2735562976912579,0.6253671882250015,0.016129032258064516
a024_1,a024,2,yaw,other_kappa,8588,0.2735485747848032,0.7779407281982837,0.026665114112715417
a024_1,a024,2,hn,all,9146,0.3120700124700675,0.895363538331318,0.03968948174065165
a024_1,a024,2,hn,jump,699,0.318487469018128,0.9268341011461245,0.04291845493562232
a024_1,a024,2,hn,near_jump,6523,0.30977281277286306,0.9170145100666397,0.04215851602023609
a024_1,a024,2,hn,away,2623,0.3177827969248385,0.851718862551928,0.0335493709492947
a024_1,a024,2,hn,low_gap,220,0.3799356061137769,1.4358259740841581,0.09545454545454546
a024_1,a024,2,hn,other_gap,8926,0.31039732250797736,0.8817894012371726,0.038315034730002244
a024_1,a024,2,hn,low_kappa,558,0.29050875760960054,0.7729392439088837,0.02867383512544803
a024_1,a024,2,hn,other_kappa,8588,0.3134709416983093,0.9037870186343255,0.0404052165812762
a024_1,a024,3,yaw,all,9146,0.28182559415989794,0.8173455057118632,0.03258254974852395
a024_1,a024,3,yaw,jump,699,0.2987828225349259,0.9586332260662496,0.045779685264663805
a024_1,a024,3,yaw,near_jump,6523,0.2889127618965612,0.8627367633612759,0.0364862793193316
a024_1,a024,3,yaw,away,2623,0.2642008914735639,0.7333696392662788,0.022874571101791842
a024_1,a024,3,yaw,low_gap,220,0.3482873021367728,1.1989562150379625,0.09545454545454546
a024_1,a024,3,yaw,other_gap,8926,0.28018750590593056,0.8010227668714056,0.031032937485995966
a024_1,a024,3,yaw,low_kappa,558,0.27478765001297545,0.6719763798239434,0.021505376344086023
a024_1,a024,3,yaw,other_kappa,8588,0.28228288023744597,0.8246360589094908,0.033302282254308334
a024_1,a024,3,hn,all,9146,0.3091746342589157,0.8389463995021909,0.03553465996063853
a024_1,a024,3,hn,jump,699,0.3271444994152288,1.035381134798577,0.05293276108726753
a024_1,a024,3,hn,near_jump,6523,0.3150503908459383,0.8934139563162351,0.04108539015790281
a024_1,a024,3,hn,away,2623,0.2945625259031597,0.7527108808803323,0.02173084254670225
a024_1,a024,3,hn,low_gap,220,0.363063278159456,1.4276557522479199,0.10454545454545454
a024_1,a024,3,hn,other_gap,8926,0.30784643555197877,0.828472906415523,0.03383374411830607
a024_1,a024,3,hn,low_kappa,558,0.30579611957213043,0.7733456800830879,0.02867383512544803
a024_1,a024,3,hn,other_kappa,8588,0.30939415116567237,0.8425910770350118,0.035980437820214255
a024_3,a024,0,yaw,all,10363,0.1975433234399245,0.4760595671223894,0.0048248576666988325
a024_3,a024,0,yaw,jump,698,0.15939172010621355,0.4531883898052621,0.004297994269340974
a024_3,a024,0,yaw,near_jump,6220,0.16881026076322114,0.4668856900314752,0.004983922829581993
a024_3,a024,0,yaw,away,4143,0.2406810617573503,0.48416494987464587,0.004586048756939416
a024_3,a024,0,yaw,low_gap,248,0.14974239879708182,0.5678785706341503,0.0
a024_3,a024,0,yaw,other_gap,10115,0.19871530854238867,0.47471504898406747,0.004943153732081068
a024_3,a024,0,yaw,low_kappa,538,0.17385103998356716,0.4801184179317337,0.007434944237918215
a024_3,a024,0,yaw,other_kappa,9825,0.19884067188771284,0.4759924973008807,0.004681933842239186
a024_3,a024,0,hn,all,10363,0.20420379289645849,0.497904408820815,0.004728360513364856
a024_3,a024,0,hn,jump,698,0.16912071805675644,0.5031150998040009,0.0028653295128939827
a024_3,a024,0,hn,near_jump,6220,0.18277893981427784,0.5070668611431981,0.006430868167202572
a024_3,a024,0,hn,away,4143,0.23636951487839516,0.48258261587316054,0.002172338884866039
a024_3,a024,0,hn,low_gap,248,0.1539637845550036,0.5735954944184826,0.008064516129032258
a024_3,a024,0,hn,other_gap,10115,0.20543557955673342,0.49391304389834156,0.0046465645081562035
a024_3,a024,0,hn,low_kappa,538,0.18263360953005225,0.521105350064076,0.0055762081784386614
a024_3,a024,0,hn,other_kappa,9825,0.2053849388151482,0.49457075354128216,0.004681933842239186
a024_3,a024,1,yaw,all,10363,0.19128897586809535,0.47047535820897757,0.004149377593360996
a024_3,a024,1,yaw,jump,698,0.15588761511056115,0.4374486257390364,0.004297994269340974
a024_3,a024,1,yaw,near_jump,6220,0.16496721500168263,0.455322462344961,0.004983922829581993
a024_3,a024,1,yaw,away,4143,0.2308065603694439,0.48626397344673733,0.002896451846488052
a024_3,a024,1,yaw,low_gap,248,0.1398230715649953,0.5027224046575375,0.0
a024_3,a024,1,yaw,other_gap,10115,0.1925508190976721,0.4694099054403952,0.0042511122095897184
a024_3,a024,1,yaw,low_kappa,538,0.16072775997036362,0.462120639738437,0.0037174721189591076
a024_3,a024,1,yaw,other_kappa,9825,0.1929624551711976,0.47074761863894654,0.004173027989821883
a024_3,a024,1,hn,all,10363,0.20741382403851352,0.5657761451673023,0.005886326353372576
a024_3,a024,1,hn,jump,698,0.17964380114172554,0.6009255779590162,0.0071633237822349575
a024_3,a024,1,hn,near_jump,6220,0.18606778399019322,0.5658048842216475,0.008038585209003215
a024_3,a024,1,hn,away,4143,0.23946122184217083,0.5645684173562435,0.0026550808592807145
a024_3,a024,1,hn,low_gap,248,0.17577782714173756,0.6875604079708367,0.0
a024_3,a024,1,hn,other_gap,10115,0.2081894767553104,0.5565903066359449,0.006030647553138903
a024_3,a024,1,hn,low_kappa,538,0.18198825037588345,0.5823368258442689,0.007434944237918215
a024_3,a024,1,hn,other_kappa,9825,0.20880608445892013,0.5656283260886793,0.005801526717557252
a024_3,a024,2,yaw,all,10363,0.19482613901026943,0.47637819296337475,0.003087908906687253
a024_3,a024,2,yaw,jump,698,0.15944676629884882,0.45903954885058906,0.0
a024_3,a024,2,yaw,near_jump,6220,0.16866499437989194,0.4733089662117775,0.002572347266881029
a024_3,a024,2,yaw,away,4143,0.23410258593301816,0.48011473472370725,0.003861935795317403
a024_3,a024,2,yaw,low_gap,248,0.14422871410402244,0.5322891986813025,0.0
a024_3,a024,2,yaw,other_gap,10115,0.1960666888250741,0.47335437763264504,0.0031636183885318833
a024_3,a024,2,yaw,low_kappa,538,0.1678995515048991,0.4738786628052698,0.0
a024_3,a024,2,yaw,other_kappa,9825,0.1963005923515304,0.4763713945439573,0.0032569974554707377
a024_3,a024,2,hn,all,10363,0.20504644831296587,0.5301927379231746,0.005500337740036669
a024_3,a024,2,hn,jump,698,0.16996145603122945,0.4786825090591915,0.0057306590257879654
a024_3,a024,2,hn,near_jump,6220,0.1864372556594066,0.5546147583353815,0.007395498392282958
a024_3,a024,2,hn,away,4143,0.23298494174891532,0.48669346207395403,0.0026550808592807145
a024_3,a024,2,hn,low_gap,248,0.1828932215562064,0.7121844547769937,0.0
a024_3,a024,2,hn,other_gap,10115,0.20558960206834667,0.5257419018752367,0.005635195254572417
a024_3,a024,2,hn,low_kappa,538,0.18636080465456145,0.5348869086686902,0.007434944237918215
a024_3,a024,2,hn,other_kappa,9825,0.20606964182830648,0.5299038861666563,0.00539440203562341
a024_3,a024,3,yaw,all,10363,0.191690083395462,0.48237212363887916,0.003473897520023159
a024_3,a024,3,yaw,jump,698,0.15646128015980726,0.47860767794439973,0.0028653295128939827
a024_3,a024,3,yaw,near_jump,6220,0.16585326062556907,0.4729507214980697,0.0045016077170418
a024_3,a024,3,yaw,away,4143,0.23047961697710193,0.49204232389200137,0.0019309678976587015
a024_3,a024,3,yaw,low_gap,248,0.14849992678371912,0.5274882971031576,0.0
a024_3,a024,3,yaw,other_gap,10115,0.19274902149133075,0.4807744901150928,0.0035590706870983688
a024_3,a024,3,yaw,low_kappa,538,0.1655366448541851,0.47818738003792893,0.0037174721189591076
a024_3,a024,3,yaw,other_kappa,9825,0.19312220043721337,0.48245132501804366,0.003460559796437659
a024_3,a024,3,hn,all,10363,0.21039212775056143,0.5236093479451417,0.004728360513364856
a024_3,a024,3,hn,jump,698,0.1722390872663213,0.5096361014201776,0.004297994269340974
a024_3,a024,3,hn,near_jump,6220,0.1843858047295451,0.5419852637735164,0.005787781350482315
a024_3,a024,3,hn,away,4143,0.2494361367273226,0.4978800299903315,0.00313782283369539
a024_3,a024,3,hn,low_gap,248,0.18205981751340533,0.6753808711972433,0.008064516129032258
a024_3,a024,3,hn,other_gap,10115,0.2110867805373943,0.5155478957695895,0.0046465645081562035
a024_3,a024,3,hn,low_kappa,538,0.17739916648756637,0.504282741018217,0.0018587360594795538
a024_3,a024,3,hn,other_kappa,9825,0.21219876522226536,0.5235917120095122,0.004885496183206107
a029_1,a029,0,yaw,all,8397,0.3153110904598505,0.6892262284731736,0.0011909015124449208
a029_1,a029,0,yaw,jump,689,0.3231366272334509,0.6577913447092847,0.001451378809869376
a029_1,a029,0,yaw,near_jump,6659,0.32903421486205164,0.6698018595605604,0.001501726986033939
a029_1,a029,0,yaw,away,1738,0.2627321000143631,0.7463452452215189,0.0
a029_1,a029,0,yaw,low_gap,71,0.15478577682510272,0.6590590077082097,0.0
a029_1,a029,0,yaw,other_gap,8326,0.3166799707466709,0.6895857171283657,0.0012010569300984868
a029_1,a029,0,yaw,low_kappa,594,0.34081809686506,0.6586260607291368,0.0
a029_1,a029,0,yaw,other_kappa,7803,0.31336938062969616,0.6912390650670508,0.0012815583749839804
a029_1,a029,0,hn,all,8397,0.3128674173612311,0.7219847952628411,0.003929974991068239
a029_1,a029,0,hn,jump,689,0.3083259896953716,0.6589828260940809,0.0
a029_1,a029,0,hn,near_jump,6659,0.3242106785593578,0.6826900880743906,0.0036041447664814535
a029_1,a029,0,hn,away,1738,0.26940667149337955,0.8230536384637267,0.005178365937859608
a029_1,a029,0,hn,low_gap,71,0.16930532851400135,0.681919697568508,0.028169014084507043
a029_1,a029,0,hn,other_gap,8326,0.3140916436773677,0.722176699794287,0.0037232764833053087
a029_1,a029,0,hn,low_kappa,594,0.3314151877677209,0.6605605379431095,0.0
a029_1,a029,0,hn,other_kappa,7803,0.3114554763614291,0.7314334176180569,0.004229142637447136
a029_1,a029,1,yaw,all,8397,0.307710727442047,0.6883728512474494,0.0021436227224008574
a029_1,a029,1,yaw,jump,689,0.3043123639130156,0.6332069897372022,0.001451378809869376
a029_1,a029,1,yaw,near_jump,6659,0.31196494439921774,0.6586088362027818,0.0027031085748610902
a029_1,a029,1,yaw,away,1738,0.2914110549922195,0.7519348184967898,0.0
a029_1,a029,1,yaw,low_gap,71,0.14676704590092407,0.630399849307514,0.0
a029_1,a029,1,yaw,other_gap,8326,0.30908317536294777,0.6891085422348842,0.002161902474177276
a029_1,a029,1,yaw,low_kappa,594,0.31432053197124277,0.6396684486675471,0.0016835016835016834
a029_1,a029,1,yaw,other_kappa,7803,0.3072075589311739,0.6930377565304844,0.002178649237472767
a029_1,a029,1,hn,all,8397,0.3293065853311374,0.7446560055233252,0.008217220435869954
a029_1,a029,1,hn,jump,689,0.3314347287472675,0.6680289375848866,0.0043541364296081275
a029_1,a029,1,hn,near_jump,6659,0.339247849285302,0.7008044146754474,0.008710016518996846
a029_1,a029,1,hn,away,1738,0.2912174733226322,0.8371552623735313,0.006329113924050633
a029_1,a029,1,hn,low_gap,71,0.18932100897428827,0.712303025228602,0.028169014084507043
a029_1,a029,1,hn,other_gap,8326,0.3305003129219777,0.7443988132876214,0.00804708143165986
a029_1,a029,1,hn,low_kappa,594,0.35247429070593655,0.6771961246519254,0.0016835016835016834
a029_1,a029,1,hn,other_kappa,7803,0.3275429537801146,0.7522423792456119,0.008714596949891068
a029_1,a029,2,yaw,all,8397,0.3158671976661749,0.6948715824251804,0.002500893176134334
a029_1,a029,2,yaw,jump,689,0.3234910745983175,0.6490834140353238,0.001451378809869376
a029_1,a029,2,yaw,near_jump,6659,0.3296536202538912,0.668050637025081,0.0027031085748610902
a029_1,a029,2,yaw,away,1738,0.26304568557664487,0.7752906434472072,0.0017261219792865361
a029_1,a029,2,yaw,low_gap,71,0.23225332978121552,1.2008773905040997,0.07042253521126761
a029_1,a029,2,yaw,other_gap,8326,0.31658021527605146,0.6940032324467641,0.0019216910881575786
a029_1,a029,2,yaw,low_kappa,594,0.340993160071759,0.6538446741302985,0.0016835016835016834
a029_1,a029,2,yaw,other_kappa,7803,0.31395449464568065,0.7042656737745568,0.002563116749967961
a029_1,a029,2,hn,all,8397,0.3175608905591789,0.7131642761393895,0.005001786352268668
a029_1,a029,2,hn,jump,689,0.331675347965454,0.6877733550303691,0.0043541364296081275
a029_1,a029,2,hn,near_jump,6659,0.3293687259736649,0.6995050716423071,0.005556389848325575
a029_1,a029,2,hn,away,1738,0.2723201678750234,0.7790507369514418,0.0028768699654775605
a029_1,a029,2,hn,low_gap,71,0.17489886739708266,0.7419347754468804,0.0
a029_1,a029,2,hn,other_gap,8326,0.318777441561402,0.7129922598760016,0.005044439106413644
a029_1,a029,2,hn,low_kappa,594,0.3506562212876416,0.6911162624084167,0.0016835016835016834
a029_1,a029,2,hn,other_kappa,7803,0.31504152282206405,0.7139657235020589,0.00525438933743432
a029_1,a029,3,yaw,all,8397,0.3315918070255682,0.7154705262819376,0.0017863522686673813
a029_1,a029,3,yaw,jump,689,0.330524784575435,0.6514772515186323,0.001451378809869376
a029_1,a029,3,yaw,near_jump,6659,0.3452462691080496,0.6945090961088088,0.0022525904790509084
a029_1,a029,3,yaw,away,1738,0.2792758904506292,0.7661976739813402,0.0
a029_1,a029,3,yaw,low_gap,71,0.1576112076822434,0.7234792578319277,0.0
a029_1,a029,3,yaw,other_gap,8326,0.3330754273178305,0.715414009091845,0.00180158539514773
a029_1,a029,3,yaw,low_kappa,594,0.35289301970877257,0.6575489306750876,0.0
a029_1,a029,3,yaw,other_kappa,7803,0.32997026142338653,0.7183115430782421,0.0019223375624759708
a029_1,a029,3,hn,all,8397,0.3154345093134817,0.7170697207237606,0.003929974991068239
a029_1,a029,3,hn,jump,689,0.32421090972823824,0.6554642046401334,0.0
a029_1,a029,3,hn,near_jump,6659,0.32826387660307277,0.689244968362067,0.004505180958101817
a029_1,a029,3,hn,away,1738,0.26627987365100375,0.8167470659036988,0.0017261219792865361
a029_1,a029,3,hn,low_gap,71,0.217574454944448,0.8635863661971135,0.04225352112676056
a029_1,a029,3,hn,other_gap,8326,0.31626901133848784,0.7160592310665493,0.00360317079029546
a029_1,a029,3,hn,low_kappa,594,0.3481702044500069,0.7009897694653315,0.0016835016835016834
a029_1,a029,3,hn,other_kappa,7803,0.31294251868025147,0.7174950334561293,0.0041009867999487375
a029_2,a029,0,yaw,all,10434,0.1334470238769901,0.3435334389925044,9.584052137243626e-05
a029_2,a029,0,yaw,jump,885,0.12974865032257563,0.336409213179358,0.0011299435028248588
a029_2,a029,0,yaw,near_jump,8209,0.13125656363248756,0.3290899284008025,0.00012181751735899622
a029_2,a029,0,yaw,away,2225,0.1415285915835614,0.39711375628078927,0.0
a029_2,a029,0,yaw,low_gap,135,0.0826360684122415,0.3309062911211802,0.0
a029_2,a029,0,yaw,other_gap,10299,0.1341130573741977,0.343617057357051,9.709680551509856e-05
a029_2,a029,0,yaw,low_kappa,689,0.1493822430431507,0.33653743041795514,0.0
a029_2,a029,0,yaw,other_kappa,9745,0.13232035727817176,0.34364188483597596,0.0001026167265264238
a029_2,a029,0,hn,all,10434,0.1339368829608051,0.3521134225117809,0.00019168104274487253
a029_2,a029,0,hn,jump,885,0.13985169478514634,0.3657274873727043,0.0011299435028248588
a029_2,a029,0,hn,near_jump,8209,0.13385249664907428,0.3439989002688625,0.00024363503471799245
a029_2,a029,0,hn,away,2225,0.1342482210430515,0.39374935841418107,0.0
a029_2,a029,0,hn,low_gap,135,0.09072425068909712,0.36593418023815477,0.0
a029_2,a029,0,hn,other_gap,10299,0.1345033171152551,0.3518686931471433,0.00019419361103019712
a029_2,a029,0,hn,low_kappa,689,0.15418654963725037,0.37463610794918517,0.001451378809869376
a029_2,a029,0,hn,other_kappa,9745,0.13250517230507694,0.3494141231488471,0.0001026167265264238
a029_2,a029,1,yaw,all,10434,0.1332221277704762,0.35017088547307407,0.0002875215641173088
a029_2,a029,1,yaw,jump,885,0.1225800404466889,0.316838528322327,0.0
a029_2,a029,1,yaw,near_jump,8209,0.12794295248467416,0.31422459333960706,0.00036545255207698867
a029_2,a029,1,yaw,away,2225,0.15269931874627335,0.45836938165961305,0.0
a029_2,a029,1,yaw,low_gap,135,0.07049647264472546,0.278526837642794,0.0
a029_2,a029,1,yaw,other_gap,10299,0.13404433996991075,0.35095501869490736,0.00029129041654529564
a029_2,a029,1,yaw,low_kappa,689,0.14277264745531357,0.31831511372287935,0.0
a029_2,a029,1,yaw,other_kappa,9745,0.1325468780975308,0.35451342866381486,0.0003078501795792714
a029_2,a029,1,hn,all,10434,0.14678612424088344,0.37038371080498234,0.0009584052137243627
a029_2,a029,1,hn,jump,885,0.1459233995003672,0.3586108618298617,0.003389830508474576
a029_2,a029,1,hn,near_jump,8209,0.1433961898644667,0.3543288118811715,0.0012181751735899622
a029_2,a029,1,hn,away,2225,0.15929307763234646,0.45220064583972214,0.0
a029_2,a029,1,hn,low_gap,135,0.0969345993935203,0.35338500416178537,0.0
a029_2,a029,1,hn,other_gap,10299,0.14743958145560274,0.3703968046731818,0.0009709680551509856
a029_2,a029,1,hn,low_kappa,689,0.16037149922528735,0.3562078288943497,0.001451378809869376
a029_2,a029,1,hn,other_kappa,9745,0.14582559849801485,0.3728358780865254,0.0009235505387378142
a029_2,a029,2,yaw,all,10434,0.12962987100040452,0.3325890406404638,0.0002875215641173088
a029_2,a029,2,yaw,jump,885,0.12237358515495629,0.3011469192451898,0.0
a029_2,a029,2,yaw,near_jump,8209,0.12604977647215437,0.3097424622522086,0.00036545255207698867
a029_2,a029,2,yaw,away,2225,0.14283840852058685,0.4176473929236775,0.0
a029_2,a029,2,yaw,low_gap,135,0.07987705743428683,0.3292021656144187,0.0
a029_2,a029,2,yaw,other_gap,10299,0.1302820343008634,0.332668242251402,0.00029129041654529564
a029_2,a029,2,yaw,low_kappa,689,0.13905633946323848,0.3103618696065216,0.0
a029_2,a029,2,yaw,other_kappa,9745,0.1289633921116521,0.33513927811112876,0.0003078501795792714
a029_2,a029,2,hn,all,10434,0.13204654268488814,0.33996467783279116,9.584052137243626e-05
a029_2,a029,2,hn,jump,885,0.1368279334503473,0.3419009785458748,0.0011299435028248588
a029_2,a029,2,hn,near_jump,8209,0.13116902892038676,0.3305621736028955,0.00012181751735899622
a029_2,a029,2,hn,away,2225,0.13528407549063717,0.4013459636640043,0.0
a029_2,a029,2,hn,low_gap,135,0.08182643979074516,0.3271977811136414,0.0
a029_2,a029,2,hn,other_gap,10299,0.13270483124598234,0.34014113491962844,9.709680551509856e-05
a029_2,a029,2,hn,low_kappa,689,0.15128492734484103,0.3402353126496569,0.0
a029_2,a029,2,hn,other_kappa,9745,0.13068633262529783,0.3397495596743759,0.0001026167265264238
a029_2,a029,3,yaw,all,10434,0.12737026720816672,0.33127765319523894,0.0002875215641173088
a029_2,a029,3,yaw,jump,885,0.1197696427169574,0.30627919441982054,0.0022598870056497176
a029_2,a029,3,yaw,near_jump,8209,0.12357222843985509,0.3104318154562957,0.00036545255207698867
a029_2,a029,3,yaw,away,2225,0.14138289653359143,0.40195169480790083,0.0
a029_2,a029,3,yaw,low_gap,135,0.07382236688818009,0.31602965402796535,0.0
a029_2,a029,3,yaw,other_gap,10299,0.12807217676668678,0.3313524239129953,0.00029129041654529564
a029_2,a029,3,yaw,low_kappa,689,0.13745092588604646,0.31637766648908494,0.002902757619738752
a029_2,a029,3,yaw,other_kappa,9745,0.12665753515798106,0.33148130825075156,0.0001026167265264238
a029_2,a029,3,hn,all,10434,0.13177570781884426,0.35840227686267845,0.0
a029_2,a029,3,hn,jump,885,0.13131746489663548,0.35727922660788447,0.0
a029_2,a029,3,hn,near_jump,8209,0.12850287866644367,0.3359204119448173,0.0
a029_2,a029,3,hn,away,2225,0.1438506087231392,0.43318401144227014,0.0
a029_2,a029,3,hn,low_gap,135,0.08360470561615427,0.3368247676581513,0.0
a029_2,a029,3,hn,other_gap,10299,0.13240713662721043,0.35901689734433917,0.0
a029_2,a029,3,hn,low_kappa,689,0.1421555401531086,0.34283823395702623,0.0
a029_2,a029,3,hn,other_kappa,9745,0.1310418233161959,0.36112253957183027,0.0
a032_1,a032,0,yaw,all,8540,0.25137980275374155,0.5375936192424904,0.0
a032_1,a032,0,yaw,jump,849,0.28325467368115786,0.5696732191798035,0.0
a032_1,a032,0,yaw,near_jump,6286,0.26739267331532157,0.5405169496265355,0.0
a032_1,a032,0,yaw,away,2254,0.2067227910633723,0.5226670817565716,0.0
a032_1,a032,0,yaw,low_gap,227,0.28041736885962426,0.524414730620933,0.0
a032_1,a032,0,yaw,other_gap,8313,0.2505868847330468,0.5377214443201097,0.0
a032_1,a032,0,yaw,low_kappa,858,0.2834794856070043,0.5719418122087679,0.0
a032_1,a032,0,yaw,other_kappa,7682,0.2477945999565403,0.5331448222534998,0.0
a032_1,a032,0,hn,all,8540,0.25896744878989897,0.5786451615888132,0.001990632318501171
a032_1,a032,0,hn,jump,849,0.28862251593898197,0.5722737783317706,0.001177856301531213
a032_1,a032,0,hn,near_jump,6286,0.2822231083103886,0.5804956565832565,0.002545338848234171
a032_1,a032,0,hn,away,2254,0.1941116032948691,0.5658725533380654,0.00044365572315882877
a032_1,a032,0,hn,low_gap,227,0.31181220825673217,0.5710097697814029,0.0
a032_1,a032,0,hn,other_gap,8313,0.2575244365922602,0.5787738483462312,0.002044989775051125
a032_1,a032,0,hn,low_kappa,858,0.2879785296564085,0.5963509027721271,0.0011655011655011655
a032_1,a032,0,hn,other_kappa,7682,0.2557272109112912,0.576049649981434,0.002082790939859412
a032_1,a032,1,yaw,all,8540,0.24949014479593612,0.5239028385477384,0.001639344262295082
a032_1,a032,1,yaw,jump,849,0.27930793925525815,0.5407998583216024,0.0
a032_1,a032,1,yaw,near_jump,6286,0.26727564113170554,0.5325779832782054,0.001590836780146357
a032_1,a032,1,yaw,away,2254,0.19988959911419396,0.481494535314194,0.001774622892635315
a032_1,a032,1,yaw,low_gap,227,0.2867994136328152,0.49927847802248354,0.0
a032_1,a032,1,yaw,other_gap,8313,0.2484713544644106,0.5241039378250292,0.001684109226512691
a032_1,a032,1,yaw,low_kappa,858,0.2784580348443862,0.5364080710070093,0.0011655011655011655
a032_1,a032,1,yaw,other_kappa,7682,0.24625473088529173,0.5205632050783549,0.001692267638635772
a032_1,a032,1,hn,all,8540,0.2692193473654059,0.6276049524374717,0.002576112412177986
a032_1,a032,1,hn,jump,849,0.30178013477134163,0.6384378445721415,0.0
a032_1,a032,1,hn,near_jump,6286,0.29294303929083354,0.6387078142956413,0.002704422526248807
a032_1,a032,1,hn,away,2254,0.20305824379697734,0.5462261362811242,0.0022182786157941437
a032_1,a032,1,hn,low_gap,227,0.3251287116756883,0.6046638279166463,0.0
a032_1,a032,1,hn,other_gap,8313,0.26769265114281066,0.6277991854779674,0.002646457355948514
a032_1,a032,1,hn,low_kappa,858,0.3006685055515842,0.6489120605968782,0.0
a032_1,a032,1,hn,other_kappa,7682,0.26570680144979264,0.6234425042719002,0.002863837542306691
a032_1,a032,2,yaw,all,8540,0.2455944154298728,0.5345261691475546,0.000234192037470726
a032_1,a032,2,yaw,jump,849,0.2748409195540828,0.5545176079757612,0.0
a032_1,a032,2,yaw,near_jump,6286,0.2631663246856225,0.5387495585904898,0.0001590836780146357
a032_1,a032,2,yaw,away,2254,0.1965895256420987,0.5114421554256435,0.00044365572315882877
a032_1,a032,2,yaw,low_gap,227,0.28478296252448243,0.49824393954601787,0.0
a032_1,a032,2,yaw,other_gap,8313,0.2445243083457303,0.5355595829930925,0.00024058703235895585
a032_1,a032,2,yaw,low_kappa,858,0.27206449116945935,0.5578774334257136,0.0
a032_1,a032,2,yaw,other_kappa,7682,0.24263798156049432,0.5286735032555427,0.0002603488674824265
a032_1,a032,2,hn,all,8540,0.2643971523595483,0.5887977214233926,0.003161592505854801
a032_1,a032,2,hn,jump,849,0.29209290889419137,0.6132982765380767,0.0
a032_1,a032,2,hn,near_jump,6286,0.28852308836880813,0.599878617658228,0.0033407572383073497
a032_1,a032,2,hn,away,2254,0.197114262495215,0.5264014662549524,0.0026619343389529724
a032_1,a032,2,hn,low_gap,227,0.3258439027219493,0.5840176637258931,0.0
a032_1,a032,2,hn,other_gap,8313,0.26271924879497893,0.5889029533353066,0.003247924936845904
a032_1,a032,2,hn,low_kappa,858,0.2896194510504323,0.6163313134706935,0.0011655011655011655
a032_1,a032,2,hn,other_kappa,7682,0.26158008228967344,0.5865513291672673,0.003384535277271544
a032_1,a032,3,yaw,all,8540,0.245656351629254,0.5135782009636449,0.000936768149882904
a032_1,a032,3,yaw,jump,849,0.26927696286125513,0.5378351468530905,0.0
a032_1,a032,3,yaw,near_jump,6286,0.25949722409756315,0.5193111719578608,0.0009545020680878142
a032_1,a032,3,yaw,away,2254,0.20705665139154736,0.4929187222828458,0.0008873114463176575
a032_1,a032,3,yaw,low_gap,227,0.28290698982693274,0.5131877533319387,0.0
a032_1,a032,3,yaw,other_gap,8313,0.2446391623027927,0.5135283748901851,0.0009623481294358234
a032_1,a032,3,yaw,low_kappa,858,0.26752108833373806,0.5442505359554016,0.0
a032_1,a032,3,yaw,other_kappa,7682,0.2432142865300029,0.507488100063509,0.001041395469929706
a032_1,a032,3,hn,all,8540,0.24829962201933403,0.5457080336714172,0.001756440281030445
a032_1,a032,3,hn,jump,849,0.27391627585519146,0.5537090673961059,0.0
a032_1,a032,3,hn,near_jump,6286,0.26576516964046265,0.5517306853625363,0.001590836780146357
a032_1,a032,3,hn,away,2254,0.19959135567221148,0.5094686019845966,0.0022182786157941437
a032_1,a032,3,hn,low_gap,227,0.29861852942023387,0.5445421979372187,0.0
a032_1,a032,3,hn,other_gap,8313,0.24692558232487913,0.5453596766008459,0.001804402742692169
a032_1,a032,3,hn,low_kappa,858,0.27056056410555934,0.5654616734660562,0.0
a032_1,a032,3,hn,other_kappa,7682,0.24581330487406183,0.5422378685459365,0.0019526165061181985
a032_3,a032,0,yaw,all,13833,0.3656891592395787,1.1811329934270243,0.07286922576447626
a032_3,a032,0,yaw,jump,677,0.3046255289837566,1.1809171006167056,0.0620384047267356
a032_3,a032,0,yaw,near_jump,6995,0.3169187195449384,1.1532246659033722,0.06862044317369549
a032_3,a032,0,yaw,away,6838,0.4155793648061199,1.1971198229831035,0.07721556010529394
a032_3,a032,0,yaw,low_gap,392,0.3042403472319367,0.7342269059903929,0.03571428571428571
a032_3,a032,0,yaw,other_gap,13441,0.36748128291393295,1.1850513165460177,0.07395283089055874
a032_3,a032,0,yaw,low_kappa,335,0.3508818741335763,1.4229393176558973,0.09253731343283582
a032_3,a032,0,yaw,other_kappa,13498,0.3660566537210212,1.174560319380244,0.07238109349533264
a032_3,a032,0,hn,all,13833,0.5296725589076209,1.4791513101571339,0.16424492156437503
a032_3,a032,0,hn,jump,677,0.44400284360461967,1.4645860818659961,0.14918759231905465
a032_3,a032,0,hn,near_jump,6995,0.4501127517403516,1.46173829181197,0.146819156540386
a032_3,a032,0,hn,away,6838,0.6110590536626734,1.496194913514118,0.18207078093009652
a032_3,a032,0,hn,low_gap,392,0.5421413586252938,1.4548596556022375,0.1556122448979592
a032_3,a032,0,hn,other_gap,13441,0.5293089126395362,1.4791690451476849,0.16449668923443198
a032_3,a032,0,hn,low_kappa,335,0.41846537279830043,1.4062680208211136,0.1253731343283582
a032_3,a032,0,hn,other_kappa,13498,0.5324325535250919,1.4806431488129879,0.16520966069047266
a032_3,a032,1,yaw,all,13833,0.3836688654208609,1.2305985712929828,0.08732740547965011
a032_3,a032,1,yaw,jump,677,0.34780787985043204,1.2928458510432714,0.09896602658788774
a032_3,a032,1,yaw,near_jump,6995,0.34586580176893444,1.269055781960353,0.09006433166547534
a032_3,a032,1,yaw,away,6838,0.422339884760613,1.19805411468815,0.08452763966071951
a032_3,a032,1,yaw,low_gap,392,0.34888324584484876,1.1280111734269203,0.06887755102040816
a032_3,a032,1,yaw,other_gap,13441,0.3846833705078184,1.2337601097735704,0.08786548619894353
a032_3,a032,1,yaw,low_kappa,335,0.33516346075123155,1.2496108700221198,0.08358208955223881
a032_3,a032,1,yaw,other_kappa,13498,0.38487269640058575,1.2305059838817467,0.08742035857164024
a032_3,a032,1,hn,all,13833,0.43661097806756843,1.3646806295441152,0.11407503795272175
a032_3,a032,1,hn,jump,677,0.34304493083114657,1.2188045959394818,0.0915805022156573
a032_3,a032,1,hn,near_jump,6995,0.38242258768486154,1.3723657897962653,0.10650464617583988
a032_3,a032,1,hn,away,6838,0.49204353008965596,1.360685456749867,0.12181924539338988
a032_3,a032,1,hn,low_gap,392,0.4043956383385087,1.2185071858566305,0.08673469387755102
a032_3,a032,1,hn,other_gap,13441,0.4375505222364392,1.3666100802471426,0.1148724053269846
a032_3,a032,1,hn,low_kappa,335,0.3796908215429485,1.3765870239295628,0.11044776119402985
a032_3,a032,1,hn,other_kappa,13498,0.43802365049576136,1.363915664866293,0.1141650614905912
a032_3,a032,2,yaw,all,13833,0.3723019475524988,1.243608160148699,0.0786524976505458
a032_3,a032,2,yaw,jump,677,0.3094570224992396,1.2197213392738302,0.08124076809453472
a032_3,a032,2,yaw,near_jump,6995,0.32580871990845595,1.2614043567105824,0.0769120800571837
a032_3,a032,2,yaw,away,6838,0.41986265643961207,1.2314745284023683,0.0804328751096812
a032_3,a032,2,yaw,low_gap,392,0.3375326249067199,1.0324532064028014,0.05357142857142857
a032_3,a032,2,yaw,other_gap,13441,0.3733159773476885,1.2522284051270782,0.07938397440666617
a032_3,a032,2,yaw,low_kappa,335,0.3195790088087189,1.1734502309635824,0.07761194029850746
a032_3,a032,2,yaw,other_kappa,13498,0.3736104513663354,1.2434697354141646,0.07867832271447622
a032_3,a032,2,hn,all,13833,0.49762035449602865,1.5088987395023372,0.15932914046121593
a032_3,a032,2,hn,jump,677,0.4282104245765832,1.5330079407400463,0.1447562776957164
a032_3,a032,2,hn,near_jump,6995,0.41603403279095214,1.4146445821189197,0.1330950679056469
a032_3,a032,2,hn,away,6838,0.5810798924204232,1.5967708390296365,0.18616554548113484
a032_3,a032,2,hn,low_gap,392,0.47203224749198247,1.3793806984307482,0.12755102040816327
a032_3,a032,2,hn,other_gap,13441,0.4983666187580319,1.5130969365687832,0.16025593333829327
a032_3,a032,2,hn,low_kappa,335,0.452621923283978,1.5538564938453525,0.16716417910447762
a032_3,a032,2,hn,other_kappa,13498,0.4987371476843556,1.5067579853385664,0.15913468662024002
a032_3,a032,3,yaw,all,13833,0.3956435937798323,1.2586576922913104,0.08270078797079447
a032_3,a032,3,yaw,jump,677,0.3256697530081598,1.1824096198152674,0.07680945347119646
a032_3,a032,3,yaw,near_jump,6995,0.34522722114753557,1.214180773412904,0.07533952823445318
a032_3,a032,3,yaw,away,6838,0.44721752278874083,1.2871242444841822,0.09023106171395144
a032_3,a032,3,yaw,low_gap,392,0.35359540065380957,0.9679089594576011,0.04846938775510204
a032_3,a032,3,yaw,other_gap,13441,0.3968699081690446,1.2662261216466415,0.0836991295290529
a032_3,a032,3,yaw,low_kappa,335,0.34414453155606933,1.2241412891503534,0.07761194029850746
a032_3,a032,3,yaw,other_kappa,13498,0.3969217228245028,1.2581965177536083,0.08282708549414729
a032_3,a032,3,hn,all,13833,0.46536404796953135,1.4437864901691877,0.13178630810380973
a032_3,a032,3,hn,jump,677,0.415483382996546,1.4895791697237781,0.1344165435745938
a032_3,a032,3,hn,near_jump,6995,0.4155410926147527,1.4267798498385187,0.1268048606147248
a032_3,a032,3,hn,away,6838,0.5163309348818853,1.4634232614875018,0.13688212927756654
a032_3,a032,3,hn,low_gap,392,0.4639079680075384,1.3091757846240946,0.1377551020408163
a032_3,a032,3,hn,other_gap,13441,0.46540651380876213,1.4473606577865363,0.13161223123279517
a032_3,a032,3,hn,low_kappa,335,0.3953803399455974,1.534101475233368,0.1373134328358209
a032_3,a032,3,hn,other_kappa,13498,0.467100938041247,1.4431238553823567,0.13164913320491925
a042_2,a042,0,yaw,all,14313,0.1468195525378186,0.4335861864892477,0.0039823936281701946
a042_2,a042,0,yaw,jump,866,0.11346504413900296,0.4143804502206048,0.006928406466512702
a042_2,a042,0,yaw,near_jump,7342,0.12817897366892034,0.4747385148784241,0.006810133478616181
a042_2,a042,0,yaw,away,6971,0.16645219205230022,0.416098042408835,0.0010041600918089227
a042_2,a042,0,yaw,low_gap,186,0.15287548028070838,0.6151600102928473,0.010752688172043012
a042_2,a042,0,yaw,other_gap,14127,0.14673981851359708,0.43288217972502135,0.0038932540525235364
a042_2,a042,0,yaw,low_kappa,572,0.10706767203919569,0.37967748453568495,0.0034965034965034965
a042_2,a042,0,yaw,other_kappa,13741,0.14847431388307822,0.4348142453908041,0.004002619896659632
a042_2,a042,0,hn,all,14313,0.17613025677225336,0.4837047594930289,0.005170125061133236
a042_2,a042,0,hn,jump,866,0.1290762084389929,0.4656029472080957,0.005773672055427252
a042_2,a042,0,hn,near_jump,7342,0.14613585894414408,0.5386507728986739,0.008716970852628712
a042_2,a042,0,hn,away,6971,0.20772097099603443,0.4572764240194496,0.0014345144168698895
a042_2,a042,0,hn,low_gap,186,0.13856432104975747,0.4467787227689204,0.005376344086021506
a042_2,a042,0,hn,other_gap,14127,0.1766248603005597,0.4841391056080086,0.005167409924258512
a042_2,a042,0,hn,low_kappa,572,0.12695939075741552,0.41327505898222927,0.0034965034965034965
a042_2,a042,0,hn,other_kappa,13741,0.1781771045533819,0.4856871173609336,0.005239793319263518
a042_2,a042,1,yaw,all,14313,0.15467553677437054,0.42479197152521014,0.0035631942988891218
a042_2,a042,1,yaw,jump,866,0.12185207798552325,0.44466025390513053,0.005773672055427252
a042_2,a042,1,yaw,near_jump,7342,0.13371131181132062,0.4820114453960254,0.006129120130754563
a042_2,a042,1,yaw,away,6971,0.17675548795479123,0.399538863240228,0.0008607086501219337
a042_2,a042,1,yaw,low_gap,186,0.12961443488129243,0.40525217847923733,0.005376344086021506
a042_2,a042,1,yaw,other_gap,14127,0.15500549819237242,0.42504456055703155,0.0035393218659304877
a042_2,a042,1,yaw,low_kappa,572,0.12019075853930856,0.3886682255001467,0.0017482517482517483
a042_2,a042,1,yaw,other_kappa,13741,0.1561110431531243,0.4251470332558481,0.0036387453605996652
a042_2,a042,1,hn,all,14313,0.1759814085218426,0.4928458720594427,0.00551945783553413
a042_2,a042,1,hn,jump,866,0.14008255836694627,0.5374406126253889,0.008083140877598153
a042_2,a042,1,hn,near_jump,7342,0.14987285431120395,0.5739928754400527,0.010215200217924271
a042_2,a042,1,hn,away,6971,0.2034794726467184,0.4636569099317024,0.0005738057667479559
a042_2,a042,1,hn,low_gap,186,0.15736960261697341,0.5673837176176095,0.005376344086021506
a042_2,a042,1,hn,other_gap,14127,0.17622645672020784,0.4925740103526062,0.005521342110851561
a042_2,a042,1,hn,low_kappa,572,0.13484646844118575,0.48328610196809096,0.0034965034965034965
a042_2,a042,1,hn,other_kappa,13741,0.17769374282983585,0.4928599379324441,0.0056036678553234845
a042_2,a042,2,yaw,all,14313,0.14548673951951108,0.40925106959065544,0.0031439949696080486
a042_2,a042,2,yaw,jump,866,0.11764971230803219,0.4515227121872507,0.005773672055427252
a042_2,a042,2,yaw,near_jump,7342,0.1287400887344047,0.487903934729489,0.005720512122037592
a042_2,a042,2,yaw,away,6971,0.16312465517928026,0.3717151024828762,0.00043035432506096684
a042_2,a042,2,yaw,low_gap,186,0.12244909287346017,0.36003597920591907,0.005376344086021506
a042_2,a042,2,yaw,other_gap,14127,0.14579005956454297,0.4093699976094755,0.003114603242018829
a042_2,a042,2,yaw,low_kappa,572,0.11666971652018959,0.4097735454640014,0.0017482517482517483
a042_2,a042,2,yaw,other_kappa,13741,0.14668631285155473,0.40920826453831505,0.0032020959173277054
a042_2,a042,2,hn,all,14313,0.1694379326641706,0.47416830014011485,0.006567456158736813
a042_2,a042,2,hn,jump,866,0.1364850888974538,0.5245245978013784,0.010392609699769052
a042_2,a042,2,hn,near_jump,7342,0.14597525756224897,0.542258132860536,0.011441024244075185
a042_2,a042,2,hn,away,6971,0.1941493027112669,0.4414887276349081,0.0014345144168698895
a042_2,a042,2,hn,low_gap,186,0.1521562529770563,0.5486250696565254,0.010752688172043012
a042_2,a042,2,hn,other_gap,14127,0.16966546805185395,0.47379298268940834,0.006512352233312097
a042_2,a042,2,hn,low_kappa,572,0.1342568337852094,0.47624887626944096,0.006993006993006993
a042_2,a042,2,hn,other_kappa,13741,0.1709024249543071,0.4741207394902549,0.006549741649079397
a042_2,a042,3,yaw,all,14313,0.15082347286949366,0.44438985603844605,0.0023754628659260813
a042_2,a042,3,yaw,jump,866,0.11924619998332318,0.4215376925954012,0.006928406466512702
a042_2,a042,3,yaw,near_jump,7342,0.12831409255667045,0.47570680681354177,0.004494688095886679
a042_2,a042,3,yaw,away,6971,0.17453081331659567,0.4271864210864184,0.00014345144168698896
a042_2,a042,3,yaw,low_gap,186,0.13929817884127343,0.49429767126493906,0.010752688172043012
a042_2,a042,3,yaw,other_gap,14127,0.1509752180871088,0.4442541186962013,0.0022651659941955123
a042_2,a042,3,yaw,low_kappa,572,0.10867957481184555,0.347709614077433,0.0017482517482517483
a042_2,a042,3,yaw,other_kappa,13741,0.15257780732033235,0.44555485893160834,0.002401571937995779
a042_2,a042,3,hn,all,14313,0.17968244719313453,0.5191991713274804,0.00307412841472787
a042_2,a042,3,hn,jump,866,0.13567074402513848,0.5486060921469349,0.006928406466512702
a042_2,a042,3,hn,near_jump,7342,0.1406146616428057,0.5316723975314945,0.005720512122037592
a042_2,a042,3,hn,away,6971,0.22082943923308782,0.5137175180429635,0.00028690288337397793
a042_2,a042,3,hn,low_gap,186,0.13563581682444276,0.49591589782915846,0.016129032258064516
a042_2,a042,3,hn,other_gap,14127,0.18026237734451675,0.5193577182744854,0.002902243930063
a042_2,a042,3,hn,low_kappa,572,0.12469716694639651,0.4434225112875142,0.0017482517482517483
a042_2,a042,3,hn,other_kappa,13741,0.18197133303122012,0.5198805806259977,0.003129321010115712
a049_1,a049,0,yaw,all,6917,0.24216086668146536,0.6624337291203013,0.0
a049_1,a049,0,yaw,jump,846,0.23305216424450026,0.6382945240679248,0.0
a049_1,a049,0,yaw,near_jump,6280,0.23798137633191552,0.656797819086776,0.0
a049_1,a049,0,yaw,away,637,0.283365261336368,0.7132778390069954,0.0
a049_1,a049,0,yaw,low_gap,431,0.2305810061692129,0.5819089924106295,0.0
a049_1,a049,0,yaw,other_gap,6486,0.24293035787492523,0.664355031239112,0.0
a049_1,a049,0,yaw,low_kappa,631,0.25359050947295175,0.7026843732898225,0.0
a049_1,a049,0,yaw,other_kappa,6286,0.24101353855524393,0.6598961969399271,0.0
a049_1,a049,0,hn,all,6917,0.2734929410600583,0.6929562410864648,0.0
a049_1,a049,0,hn,jump,846,0.26058621221090816,0.6795012283107189,0.0
a049_1,a049,0,hn,near_jump,6280,0.27084380570014466,0.6865796271692856,0.0
a049_1,a049,0,hn,away,637,0.2996100055188616,0.7298429897276651,0.0
a049_1,a049,0,hn,low_gap,431,0.26644769880774394,0.6202013029971991,0.0
a049_1,a049,0,hn,other_gap,6486,0.2739611031647064,0.6966280806072851,0.0
a049_1,a049,0,hn,low_kappa,631,0.28011044661300943,0.6773915235057703,0.0
a049_1,a049,0,hn,other_kappa,6286,0.27282866393566885,0.6944794637239056,0.0
a049_1,a049,1,yaw,all,6917,0.23139461535671477,0.609722727289431,0.0
a049_1,a049,1,yaw,jump,846,0.22178991725934843,0.6012431846732833,0.0
a049_1,a049,1,yaw,near_jump,6280,0.22663777685602277,0.6040608864215716,0.0
a049_1,a049,1,yaw,away,637,0.2782909195707582,0.6607801721849582,0.0
a049_1,a049,1,yaw,low_gap,431,0.22484883643047066,0.5352727425978749,0.0
a049_1,a049,1,yaw,other_gap,6486,0.2318295877152117,0.6127441151824734,0.0
a049_1,a049,1,yaw,low_kappa,631,0.23869460009216753,0.6215475444872537,0.0
a049_1,a049,1,yaw,other_kappa,6286,0.2306618297429587,0.6083177806993381,0.0
a049_1,a049,1,hn,all,6917,0.29694728655644703,0.7322526589737626,0.0014457134595923088
a049_1,a049,1,hn,jump,846,0.29499077275755203,0.7391133477461205,0.002364066193853428
a049_1,a049,1,hn,near_jump,6280,0.2959761110663573,0.7325352186269186,0.0015923566878980893
a049_1,a049,1,hn,away,637,0.30652182670992184,0.7269689796184345,0.0
a049_1,a049,1,hn,low_gap,431,0.30215270815610434,0.6603893416447799,0.0
a049_1,a049,1,hn,other_gap,6486,0.29660138203756753,0.7335676637716962,0.001541782300339192
a049_1,a049,1,hn,low_kappa,631,0.3119242580593511,0.7428069792106584,0.003169572107765452
a049_1,a049,1,hn,other_kappa,6286,0.2954438711860473,0.7320293351935152,0.0012726694241170856
a049_1,a049,2,yaw,all,6917,0.24572183670054262,0.6593097312901083,0.0
a049_1,a049,2,yaw,jump,846,0.23893571551150775,0.6583154479304045,0.0
a049_1,a049,2,yaw,near_jump,6280,0.24201984226390727,0.656973017583098,0.0
a049_1,a049,2,yaw,away,637,0.28221873632702626,0.6714141045367676,0.0
a049_1,a049,2,yaw,low_gap,431,0.23276084965542318,0.5760745610384357,0.0
a049_1,a049,2,yaw,other_gap,6486,0.24658310488069166,0.6627993799570527,0.0
a049_1,a049,2,yaw,low_kappa,631,0.2547647584511701,0.6805677518456801,0.0
a049_1,a049,2,yaw,other_kappa,6286,0.24481409193047485,0.6570767108566613,0.0
a049_1,a049,2,hn,all,6917,0.2563536032310209,0.6735955148382936,0.0005782853838369235
a049_1,a049,2,hn,jump,846,0.25176242573794666,0.6853336650699873,0.002364066193853428
a049_1,a049,2,hn,near_jump,6280,0.2552050663355368,0.6749642149133298,0.0006369426751592356
a049_1,a049,2,hn,away,637,0.26767669852715936,0.6552916588520998,0.0
a049_1,a049,2,hn,low_gap,431,0.25243092899517616,0.6243625068678177,0.0
a049_1,a049,2,hn,other_gap,6486,0.2566142681393849,0.6758655422731309,0.0006167129201356768
a049_1,a049,2,hn,low_kappa,631,0.27139365133265086,0.6882043944727554,0.003169572107765452
a049_1,a049,2,hn,other_kappa,6286,0.25484385611805105,0.6713365393593821,0.0003181673560292714
a049_1,a049,3,yaw,all,6917,0.24382156981945935,0.6552014989723373,0.0
a049_1,a049,3,yaw,jump,846,0.23601092658933304,0.6516060824292429,0.0
a049_1,a049,3,yaw,near_jump,6280,0.23962543391268346,0.6547890222678947,0.0
a049_1,a049,3,yaw,away,637,0.28519006824104953,0.6665704937149127,0.0
a049_1,a049,3,yaw,low_gap,431,0.2412062587942088,0.5986815401155192,0.0
a049_1,a049,3,yaw,other_gap,6486,0.2439953593741746,0.6563812425247838,0.0
a049_1,a049,3,yaw,low_kappa,631,0.2566513676944258,0.6604489502115167,0.0
a049_1,a049,3,yaw,other_kappa,6286,0.2425336916045208,0.6549832400885923,0.0
a049_1,a049,3,hn,all,6917,0.2781282757485394,0.6854034794045671,0.00014457134595923088
a049_1,a049,3,hn,jump,846,0.27166590423335596,0.6697052393766105,0.0
a049_1,a049,3,hn,near_jump,6280,0.27466784334275735,0.6789762776284066,0.0001592356687898089
a049_1,a049,3,hn,away,637,0.31224368470978187,0.7391532101908107,0.0
a049_1,a049,3,hn,low_gap,431,0.28334134272185263,0.6080735864483386,0.0
a049_1,a049,3,hn,other_gap,6486,0.27778186318833314,0.6874009761742048,0.0001541782300339192
a049_1,a049,3,hn,low_kappa,631,0.28401385822865355,0.677339332359036,0.0
a049_1,a049,3,hn,other_kappa,6286,0.27753747038026827,0.6857024361218659,0.0001590836780146357
a049_2,a049,0,yaw,all,13218,0.1407804817151925,0.32945878906078035,0.0029505220154334997
a049_2,a049,0,yaw,jump,1399,0.13893860021639773,0.32120645794398867,0.002144388849177984
a049_2,a049,0,yaw,near_jump,11059,0.14007758331707357,0.3248646917719026,0.0033456912921602314
a049_2,a049,0,yaw,away,2159,0.14438092330148122,0.34230421405570366,0.0009263547938860583
a049_2,a049,0,yaw,low_gap,316,0.17346978039156719,0.6451379899094307,0.028481012658227847
a049_2,a049,0,yaw,other_gap,12902,0.1399798447300945,0.32618149318987283,0.002325220895985119
a049_2,a049,0,yaw,low_kappa,1205,0.1377072220695251,0.3035517493984841,0.0016597510373443983
a049_2,a049,0,yaw,other_kappa,12013,0.14108875424270678,0.33148764998450986,0.00307999667027387
a049_2,a049,0,hn,all,13218,0.14881086041964098,0.3522372729162504,0.0031774852473899226
a049_2,a049,0,hn,jump,1399,0.14203545705453421,0.33691772528898584,0.0028591851322373124
a049_2,a049,0,hn,near_jump,11059,0.1489692121880858,0.3510311784849376,0.0028935708472737137
a049_2,a049,0,hn,away,2159,0.14799973850800083,0.3541090988641947,0.004631773969430292
a049_2,a049,0,hn,low_gap,316,0.18133665303821497,0.6044192114128561,0.022151898734177215
a049_2,a049,0,hn,other_gap,12902,0.14801422807833972,0.3490657254634443,0.0027127577119826383
a049_2,a049,0,hn,low_kappa,1205,0.13952257653399108,0.32043871373610205,0.0033195020746887966
a049_2,a049,0,hn,other_kappa,12013,0.14974254959655,0.356083441044507,0.003163239823524515
a049_2,a049,1,yaw,all,13218,0.15047377981599858,0.33604942159714357,0.003026176426085641
a049_2,a049,1,yaw,jump,1399,0.1468764914833122,0.33053874846469183,0.0035739814152966403
a049_2,a049,1,yaw,near_jump,11059,0.14849899002533065,0.3341475161580634,0.003074419025228321
a049_2,a049,1,yaw,away,2159,0.16058920375995261,0.34263975705020877,0.002779064381658175
a049_2,a049,1,yaw,low_gap,316,0.18182530621592427,0.4717614134865679,0.02531645569620253
a049_2,a049,1,yaw,other_gap,12902,0.1497059079866406,0.334500062669064,0.0024802356223841263
a049_2,a049,1,yaw,low_kappa,1205,0.14566090377861132,0.323459643861093,0.004149377593360996
a049_2,a049,1,yaw,other_kappa,12013,0.15095654978395426,0.3384651673292488,0.0029135103637725796
a049_2,a049,1,hn,all,13218,0.14495736990410124,0.35275068177954566,0.0033287940686942048
a049_2,a049,1,hn,jump,1399,0.13789927963625837,0.32386908019413485,0.0028591851322373124
a049_2,a049,1,hn,near_jump,11059,0.14451447879614898,0.3527775123210103,0.003436115381137535
a049_2,a049,1,hn,away,2159,0.1472259816515973,0.3517809251496185,0.002779064381658175
a049_2,a049,1,hn,low_gap,316,0.1730892177724967,0.5315531508540461,0.0189873417721519
a049_2,a049,1,hn,other_gap,12902,0.14426835549343522,0.3498336114052152,0.0029452798015811503
a049_2,a049,1,hn,low_kappa,1205,0.13987143364999585,0.30245101644643513,0.005809128630705394
a049_2,a049,1,hn,other_kappa,12013,0.14546752999618456,0.3572289885698289,0.00307999667027387
a049_2,a049,2,yaw,all,13218,0.13422614129997973,0.32004522526344426,0.0015887426236949613
a049_2,a049,2,yaw,jump,1399,0.13444902398442019,0.3282125647944935,0.0028591851322373124
a049_2,a049,2,yaw,near_jump,11059,0.13319594516371838,0.31871545194770845,0.0018989058685233745
a049_2,a049,2,yaw,away,2159,0.1395030931623763,0.32581794323121693,0.0
a049_2,a049,2,yaw,low_gap,316,0.16449767594529954,0.4389414432071647,0.02531645569620253
a049_2,a049,2,yaw,other_gap,12902,0.1334847209815856,0.31714328352065424,0.0010075957215935514
a049_2,a049,2,yaw,low_kappa,1205,0.12812261416573045,0.29875045465511857,0.004149377593360996
a049_2,a049,2,yaw,other_kappa,12013,0.13483837389772968,0.3228297346900146,0.0013318904520103223
a049_2,a049,2,hn,all,13218,0.15165861501956,0.3646048698585076,0.003253139658042064
a049_2,a049,2,hn,jump,1399,0.14994449264656012,0.3538689229961445,0.004288777698355968
a049_2,a049,2,hn,near_jump,11059,0.1512171098688759,0.3659552774917607,0.003436115381137535
a049_2,a049,2,hn,away,2159,0.1539201275074779,0.35576817728432614,0.002315886984715146
a049_2,a049,2,hn,low_gap,316,0.1877272883963356,0.5929960208052231,0.02531645569620253
a049_2,a049,2,hn,other_gap,12902,0.15077520928501797,0.3628071493390703,0.0027127577119826383
a049_2,a049,2,hn,low_kappa,1205,0.14806023936920082,0.3293177897112658,0.005809128630705394
a049_2,a049,2,hn,other_kappa,12013,0.15201956088309804,0.36730079071240296,0.002996753517023225
a049_2,a049,3,yaw,all,13218,0.15304917427209147,0.3392375913243693,0.002420941140868513
a049_2,a049,3,yaw,jump,1399,0.15075097276744973,0.32910887214595785,0.002144388849177984
a049_2,a049,3,yaw,near_jump,11059,0.15246752164906333,0.34218966394713507,0.0025318744913644994
a049_2,a049,3,yaw,away,2159,0.15602856119106706,0.3256521362200163,0.0018527095877721167
a049_2,a049,3,yaw,low_gap,316,0.17837722035746847,0.5703718558811874,0.0189873417721519
a049_2,a049,3,yaw,other_gap,12902,0.1524288314908964,0.3377067206267797,0.002015191443187103
a049_2,a049,3,yaw,low_kappa,1205,0.14759014765896403,0.30320126970592004,0.0024896265560165973
a049_2,a049,3,yaw,other_kappa,12013,0.15359675831178335,0.3431525030634958,0.002414051444268709
a049_2,a049,3,hn,all,13218,0.15030026266083085,0.34435248926027745,0.003858374943259192
a049_2,a049,3,hn,jump,1399,0.15332089205335978,0.34216413611943536,0.002144388849177984
a049_2,a049,3,hn,near_jump,11059,0.1505873339359022,0.343918739010228,0.003978659915001357
a049_2,a049,3,hn,away,2159,0.14882980354503011,0.3507695898478405,0.003242241778601204
a049_2,a049,3,hn,low_gap,316,0.19232393212293417,0.5055216721402248,0.012658227848101266
a049_2,a049,3,hn,other_gap,12902,0.14927100521624673,0.34214075049306236,0.0036428460703766857
a049_2,a049,3,hn,low_kappa,1205,0.14619613079983015,0.3228112394400036,0.0033195020746887966
a049_2,a049,3,hn,other_kappa,12013,0.15071193991817758,0.34563150266877923,0.003912428202780321
a049_3,a049,0,yaw,all,12916,0.15685447775966718,0.32688866645909753,0.0009290802105915144
a049_3,a049,0,yaw,jump,1235,0.15089894558207004,0.31563915523702973,0.0016194331983805667
a049_3,a049,0,yaw,near_jump,9172,0.15144841275658177,0.32278656381615206,0.0013083296990841692
a049_3,a049,0,yaw,away,3744,0.1700981818751318,0.3341529243784382,0.0
a049_3,a049,0,yaw,low_gap,251,0.1380205970077742,0.3021998647703013,0.0
a049_3,a049,0,yaw,other_gap,12665,0.15722773508842558,0.3274508472410603,0.0009474930911962101
a049_3,a049,0,yaw,low_kappa,1140,0.15123605122843625,0.30999779866287,0.0
a049_3,a049,0,yaw,other_kappa,11776,0.15739838114329519,0.3297236250175959,0.0010190217391304348
a049_3,a049,0,hn,all,12916,0.14517722179740872,0.33525250358417236,0.0012387736141220192
a049_3,a049,0,hn,jump,1235,0.1365291489850774,0.32037408730976064,0.0024291497975708503
a049_3,a049,0,hn,near_jump,9172,0.14387503660340747,0.33949316096516174,0.0017444395987788923
a049_3,a049,0,hn,away,3744,0.14836729727801212,0.3273735598760002,0.0
a049_3,a049,0,hn,low_gap,251,0.13199362211415125,0.31006561213823736,0.00796812749003984
a049_3,a049,0,hn,other_gap,12665,0.14543849961189728,0.33578585622464324,0.0011054086063955783
a049_3,a049,0,hn,low_kappa,1140,0.13932954985453555,0.2977948843486549,0.002631578947368421
a049_3,a049,0,hn,other_kappa,11776,0.14574331775655233,0.338838251951876,0.0011039402173913043
a049_3,a049,1,yaw,all,12916,0.17248535312542643,0.3548097170075874,0.0012387736141220192
a049_3,a049,1,yaw,jump,1235,0.16500150824985707,0.3544783637440241,0.0008097165991902834
a049_3,a049,1,yaw,near_jump,9172,0.1693358480698794,0.3592525796852322,0.0011993022241604885
a049_3,a049,1,yaw,away,3744,0.18020096754035103,0.3441125647796497,0.0013354700854700855
a049_3,a049,1,yaw,low_gap,251,0.16262440038104692,0.34626112406233733,0.0
a049_3,a049,1,yaw,other_gap,12665,0.17268078140326612,0.35486831876750924,0.0012633241215949467
a049_3,a049,1,yaw,low_kappa,1140,0.16810832248280935,0.33947906436880615,0.0008771929824561404
a049_3,a049,1,yaw,other_kappa,11776,0.1729090806163048,0.35579148304306946,0.0012737771739130435
a049_3,a049,1,hn,all,12916,0.1578185927848742,0.35259928693140064,0.002013007122948281
a049_3,a049,1,hn,jump,1235,0.13676394735124864,0.3107459282759486,0.0024291497975708503
a049_3,a049,1,hn,near_jump,9172,0.14989736837736703,0.349144292272325,0.0026166593981683385
a049_3,a049,1,hn,away,3744,0.17722390001394886,0.3585541217047899,0.0005341880341880342
a049_3,a049,1,hn,low_gap,251,0.1351467591542081,0.3354584446409592,0.00796812749003984
a049_3,a049,1,hn,other_gap,12665,0.15826791218805594,0.3526102030369781,0.0018949861823924202
a049_3,a049,1,hn,low_kappa,1140,0.15053022600782617,0.3372587093873161,0.0008771929824561404
a049_3,a049,1,hn,other_kappa,11776,0.15852415818278814,0.3559534497986242,0.002122961956521739
a049_3,a049,2,yaw,all,12916,0.14772341902172645,0.31666789888618097,0.002709817280891917
a049_3,a049,2,yaw,jump,1235,0.14282685892303257,0.3020308842628116,0.004048582995951417
a049_3,a049,2,yaw,near_jump,9172,0.1447353460658399,0.3094975489533064,0.003815961622328827
a049_3,a049,2,yaw,away,3744,0.1550435592865212,0.3332843269430907,0.0
a049_3,a049,2,yaw,low_gap,251,0.1301868666874005,0.29210906708569806,0.00796812749003984
a049_3,a049,2,yaw,other_gap,12665,0.1480709653806618,0.31685845927536266,0.0026056060007895775
a049_3,a049,2,yaw,low_kappa,1140,0.14378693614827948,0.2958500221147113,0.0035087719298245615
a049_3,a049,2,yaw,other_kappa,11776,0.14810449837598338,0.3201979605809836,0.0026324728260869565
a049_3,a049,2,hn,all,12916,0.16603565624533234,0.3839105819292053,0.002013007122948281
a049_3,a049,2,hn,jump,1235,0.14247383106289954,0.3546313922164766,0.0008097165991902834
a049_3,a049,2,hn,near_jump,9172,0.1591296762185875,0.3799079034349803,0.0025076319232446576
a049_3,a049,2,hn,away,3744,0.18295383167409918,0.39121577490134685,0.0008012820512820513
a049_3,a049,2,hn,low_gap,251,0.13904605150238006,0.3485824380513849,0.0
a049_3,a049,2,hn,other_gap,12665,0.16657054695125265,0.3843684912671194,0.0020529016975917884
a049_3,a049,2,hn,low_kappa,1140,0.15510766880377316,0.36048171522330974,0.0008771929824561404
a049_3,a049,2,hn,other_kappa,11776,0.16709356263828218,0.3866208861834485,0.002122961956521739
a049_3,a049,3,yaw,all,12916,0.17466734967705838,0.35224497737804344,0.0012387736141220192
a049_3,a049,3,yaw,jump,1235,0.1641873198189311,0.3324917420731087,0.004048582995951417
a049_3,a049,3,yaw,near_jump,9172,0.1674501393310185,0.3448156073096969,0.0015263846489315307
a049_3,a049,3,yaw,away,3744,0.19234797288589342,0.36321162257830664,0.0005341880341880342
a049_3,a049,3,yaw,low_gap,251,0.15667985799554424,0.35115808135245563,0.0
a049_3,a049,3,yaw,other_gap,12665,0.17502383293107027,0.3523060560729627,0.0012633241215949467
a049_3,a049,3,yaw,low_kappa,1140,0.16999555403257846,0.3347305859559339,0.002631578947368421
a049_3,a049,3,yaw,other_kappa,11776,0.17511961250269586,0.35431040307496414,0.0011039402173913043
a049_3,a049,3,hn,all,12916,0.14977663272054118,0.321503812520456,0.0013936203158872716
a049_3,a049,3,hn,jump,1235,0.14692034338234547,0.32185283719231855,0.0032388663967611335
a049_3,a049,3,hn,near_jump,9172,0.14846198381741282,0.3249667024685014,0.0019624945486262538
a049_3,a049,3,hn,away,3744,0.15299724162532025,0.3107773166521303,0.0
a049_3,a049,3,hn,low_gap,251,0.15558156506613557,0.329770031050447,0.00796812749003984
a049_3,a049,3,hn,other_gap,12665,0.14966158826584364,0.3214198336569318,0.0012633241215949467
a049_3,a049,3,hn,low_kappa,1140,0.14662534307228536,0.30651476994148624,0.0
a049_3,a049,3,hn,other_kappa,11776,0.15008169982303873,0.32283643681157287,0.0015285326086956522
a050_1,a050,0,yaw,all,7117,0.2648730914154254,0.5726896643334239,0.0061823802163833074
a050_1,a050,0,yaw,jump,881,0.2603693120936692,0.5488484082953274,0.0056753688989784334
a050_1,a050,0,yaw,near_jump,6187,0.2673721177027423,0.5750193244030717,0.006788427347664458
a050_1,a050,0,yaw,away,930,0.24824784879216816,0.536367668865406,0.002150537634408602
a050_1,a050,0,yaw,low_gap,443,0.2661716267519532,0.5454480826730321,0.0
a050_1,a050,0,yaw,other_gap,6674,0.2647868985544602,0.5737032305287528,0.006592747977225052
a050_1,a050,0,yaw,low_kappa,764,0.261475603477651,0.5672240655739894,0.005235602094240838
a050_1,a050,0,yaw,other_kappa,6353,0.265281667015057,0.5727007307579631,0.006296237997796317
a050_1,a050,0,hn,all,7117,0.3176821693771841,0.6912384210626908,0.006744414781509063
a050_1,a050,0,hn,jump,881,0.3109859904898455,0.6839839796371169,0.0056753688989784334
a050_1,a050,0,hn,near_jump,6187,0.31743857192163394,0.6869573042660252,0.006788427347664458
a050_1,a050,0,hn,away,930,0.31930274728846236,0.726176295110392,0.0064516129032258064
a050_1,a050,0,hn,low_gap,443,0.31183570354929724,0.678295699913361,0.006772009029345372
a050_1,a050,0,hn,other_gap,6674,0.31807024015359314,0.6916117019173851,0.006742583158525622
a050_1,a050,0,hn,low_kappa,764,0.3133091465875219,0.6949889194055009,0.005235602094240838
a050_1,a050,0,hn,other_kappa,6353,0.31820806098922594,0.6909842657106664,0.006925861797575948
a050_1,a050,1,yaw,all,7117,0.26358953028746807,0.603947254518177,0.007306449346634818
a050_1,a050,1,yaw,jump,881,0.258981642252711,0.5954382078387405,0.004540295119182747
a050_1,a050,1,yaw,near_jump,6187,0.2641610590584464,0.5960041671159068,0.007434944237918215
a050_1,a050,1,yaw,away,930,0.2597873275927987,0.6549089623755782,0.0064516129032258064
a050_1,a050,1,yaw,low_gap,443,0.2565375320709716,0.5569941815630449,0.0
a050_1,a050,1,yaw,other_gap,6674,0.26405762066953403,0.6050944019046537,0.007791429427629608
a050_1,a050,1,yaw,low_kappa,764,0.26195387712454943,0.6224391714041773,0.005235602094240838
a050_1,a050,1,yaw,other_kappa,6353,0.26378623090394376,0.5987603499156382,0.00755548559735558
a050_1,a050,1,hn,all,7117,0.31690214985537,0.7349789139186278,0.010819165378670788
a050_1,a050,1,hn,jump,881,0.3117166050466255,0.7881081257359657,0.011350737797956867
a050_1,a050,1,hn,near_jump,6187,0.31791155356575995,0.7402864021780394,0.011637304024567642
a050_1,a050,1,hn,away,930,0.3101869017304426,0.686324264270745,0.005376344086021506
a050_1,a050,1,hn,low_gap,443,0.31784961145648516,0.7223408147766653,0.006772009029345372
a050_1,a050,1,hn,other_gap,6674,0.31683926021058517,0.7351084898459376,0.011087803416242133
a050_1,a050,1,hn,low_kappa,764,0.3162569186223521,0.8111886370825909,0.015706806282722512
a050_1,a050,1,hn,other_kappa,6353,0.31697974416703784,0.7261476904456591,0.010231386746419015
a050_1,a050,2,yaw,all,7117,0.24566733082799994,0.548891998440151,0.004355767879724603
a050_1,a050,2,yaw,jump,881,0.24473383061484796,0.5388731517301042,0.00340522133938706
a050_1,a050,2,yaw,near_jump,6187,0.24711838401327277,0.5481583014117465,0.004687247454339745
a050_1,a050,2,yaw,away,930,0.23601392646533018,0.5510551735121587,0.002150537634408602
a050_1,a050,2,yaw,low_gap,443,0.25818377655192165,0.5152293327468966,0.0
a050_1,a050,2,yaw,other_gap,6674,0.24483652689397278,0.5492795606329107,0.00464489062031765
a050_1,a050,2,yaw,low_kappa,764,0.24381647828926964,0.5603105058609922,0.0
a050_1,a050,2,yaw,other_kappa,6353,0.24588991092237897,0.547969726488884,0.004879584448292146
a050_1,a050,2,hn,all,7117,0.29386470901330153,0.6573831572364031,0.008711535759449206
a050_1,a050,2,hn,jump,881,0.29099037776077474,0.6640758309513581,0.00681044267877412
a050_1,a050,2,hn,near_jump,6187,0.2942973296196449,0.6641559992165031,0.009536124131242928
a050_1,a050,2,hn,away,930,0.2909866190224987,0.6149845015874205,0.0032258064516129032
a050_1,a050,2,hn,low_gap,443,0.2967534274335395,0.6174426886613749,0.009029345372460496
a050_1,a050,2,hn,other_gap,6674,0.29367296459313885,0.659376781594627,0.008690440515433023
a050_1,a050,2,hn,low_kappa,764,0.2834167647204211,0.657091147327345,0.007853403141361256
a050_1,a050,2,hn,other_kappa,6353,0.29512115942094524,0.65741771401605,0.008814733196914844
a050_1,a050,3,yaw,all,7117,0.26506467957739904,0.5649295579376333,0.00590136293382043
a050_1,a050,3,yaw,jump,881,0.26236337917163605,0.556893008069283,0.00340522133938706
a050_1,a050,3,yaw,near_jump,6187,0.2664627878341948,0.565851561115341,0.005818652012283821
a050_1,a050,3,yaw,away,930,0.25576350131417847,0.56051944338296,0.0064516129032258064
a050_1,a050,3,yaw,low_gap,443,0.27284224507881627,0.5213861980995189,0.0
a050_1,a050,3,yaw,other_gap,6674,0.2645484282263161,0.5662683074011264,0.006293077614623914
a050_1,a050,3,yaw,low_kappa,764,0.2591759974449025,0.5753459035655903,0.002617801047120419
a050_1,a050,3,yaw,other_kappa,6353,0.26577284157161085,0.5636954792203065,0.006296237997796317
a050_1,a050,3,hn,all,7117,0.29766339609985504,0.677802593836463,0.009835604889700717
a050_1,a050,3,hn,jump,881,0.2926205530361704,0.6718215466874746,0.01021566401816118
a050_1,a050,3,hn,near_jump,6187,0.2997546516839588,0.6840556520787733,0.011314045579440763
a050_1,a050,3,hn,away,930,0.28375092481076924,0.6358796982422423,0.0
a050_1,a050,3,hn,low_gap,443,0.3068096483052952,0.651826567915403,0.009029345372460496
a050_1,a050,3,hn,other_gap,6674,0.29705629545151674,0.6785102814808592,0.009889121965837579
a050_1,a050,3,hn,low_kappa,764,0.2940092574733348,0.7138902050385029,0.014397905759162303
a050_1,a050,3,hn,other_kappa,6353,0.29810283603542276,0.6755810794100272,0.009286951046749568
a050_3,a050,0,yaw,all,13266,0.24534468309007848,0.8672560386454998,0.036936529473842905
a050_3,a050,0,yaw,jump,1318,0.2211103984926663,0.7562495860292997,0.021244309559939303
a050_3,a050,0,yaw,near_jump,10830,0.22570173137978036,0.7550529550353778,0.025300092336103416
a050_3,a050,0,yaw,away,2436,0.33267356938832504,1.2770369419384062,0.08866995073891626
a050_3,a050,0,yaw,low_gap,460,0.24900447250631952,0.8899932719710104,0.034782608695652174
a050_3,a050,0,yaw,other_gap,12806,0.24521322103077262,0.867123356384339,0.03701389973449945
a050_3,a050,0,yaw,low_kappa,1059,0.21196221262369477,0.5681342981571862,0.014164305949008499
a050_3,a050,0,yaw,other_kappa,12207,0.24824072931141872,0.8879702713142643,0.038912099614975014
a050_3,a050,0,hn,all,13266,0.28001974285625586,0.9331056214254019,0.04289160259309513
a050_3,a050,0,hn,jump,1318,0.25517803790807697,0.8139250642559863,0.03490136570561457
a050_3,a050,0,hn,near_jump,10830,0.2638286309873716,0.8253133049753884,0.03425669436749769
a050_3,a050,0,hn,away,2436,0.35200239537678835,1.2770983792746438,0.0812807881773399
a050_3,a050,0,hn,low_gap,460,0.29309165492323275,0.8902285048660568,0.041304347826086954
a050_3,a050,0,hn,other_gap,12806,0.27955019111872587,0.9347289295901696,0.04294861783538966
a050_3,a050,0,hn,low_kappa,1059,0.25305204207079196,0.7437664175981917,0.031161473087818695
a050_3,a050,0,hn,other_kappa,12207,0.2823592853426822,0.9458309618097849,0.04390923240763497
a050_3,a050,1,yaw,all,13266,0.24741070251734812,0.9068020342844644,0.0406301824212272
a050_3,a050,1,yaw,jump,1318,0.22227385330183194,0.7960149075913252,0.025796661608497723
a050_3,a050,1,yaw,near_jump,10830,0.2273779012859392,0.7844285888343211,0.029362880886426593
a050_3,a050,1,yaw,away,2436,0.3364727868096956,1.3259668322734053,0.09072249589490969
a050_3,a050,1,yaw,low_gap,460,0.22156170326091493,0.7459429670668959,0.02826086956521739
a050_3,a050,1,yaw,other_gap,12806,0.24833921568757764,0.9114220871312463,0.04107449632984538
a050_3,a050,1,yaw,low_kappa,1059,0.21445719105718877,0.6235432562567634,0.021718602455146365
a050_3,a050,1,yaw,other_kappa,12207,0.2502695350426458,0.9211261162908859,0.042270828213320226
a050_3,a050,1,hn,all,13266,0.2765469974477956,0.8277173223042081,0.03075531433740389
a050_3,a050,1,hn,jump,1318,0.25787154188670447,0.8158084950622279,0.030349013657056147
a050_3,a050,1,hn,near_jump,10830,0.26497357499356905,0.7744985601243539,0.024930747922437674
a050_3,a050,1,hn,away,2436,0.32800026722582243,1.0343904318122727,0.05665024630541872
a050_3,a050,1,hn,low_gap,460,0.2959643904582102,0.8464925099783793,0.02391304347826087
a050_3,a050,1,hn,other_gap,12806,0.2758495118328658,0.8256174638089882,0.0310010932375449
a050_3,a050,1,hn,low_kappa,1059,0.2728297192086517,0.7650622845438128,0.027384324834749764
a050_3,a050,1,hn,other_kappa,12207,0.27686948435328046,0.8337647774188188,0.031047759482264275
a050_3,a050,2,yaw,all,13266,0.2528608541000116,0.8915133581004941,0.04123322780039198
a050_3,a050,2,yaw,jump,1318,0.22680557175149707,0.7403155510249098,0.025796661608497723
a050_3,a050,2,yaw,near_jump,10830,0.23137354847202246,0.7267007106238816,0.029085872576177285
a050_3,a050,2,yaw,away,2436,0.3483893926677959,1.3484150887797355,0.09523809523809523
a050_3,a050,2,yaw,low_gap,460,0.2769164537287934,1.0880214822815266,0.058695652173913045
a050_3,a050,2,yaw,other_gap,12806,0.2519967610319779,0.8794391982641837,0.04060596595345932
a050_3,a050,2,yaw,low_kappa,1059,0.21638378787916007,0.581409877903944,0.019830028328611898
a050_3,a050,2,yaw,other_kappa,12207,0.25602536734060155,0.9209661239487905,0.043090030310477596
a050_3,a050,2,hn,all,13266,0.2924304215065183,1.0096732368554715,0.05148499924619328
a050_3,a050,2,hn,jump,1318,0.26770868366982425,0.8863165485490969,0.03717754172989378
a050_3,a050,2,hn,near_jump,10830,0.27146775957080377,0.8764592900112296,0.03693444136657433
a050_3,a050,2,hn,away,2436,0.38562649242761393,1.3958652471292028,0.11617405582922824
a050_3,a050,2,hn,low_gap,460,0.3015293163461124,0.9022112366869914,0.034782608695652174
a050_3,a050,2,hn,other_gap,12806,0.2921035831786866,1.0128932959575345,0.05208496017491801
a050_3,a050,2,hn,low_kappa,1059,0.2636994927871623,0.754099141050219,0.031161473087818695
a050_3,a050,2,hn,other_kappa,12207,0.2949229301911909,1.0288635370220731,0.05324813631522897
a050_3,a050,3,yaw,all,13266,0.25301061529888597,0.8852444755924124,0.039951756369666816
a050_3,a050,3,yaw,jump,1318,0.23433451998066188,0.7781053946394152,0.030349013657056147
a050_3,a050,3,yaw,near_jump,10830,0.23322297144709986,0.7560869388607245,0.028901200369344415
a050_3,a050,3,yaw,away,2436,0.34098277577295993,1.2894550938877138,0.08908045977011494
a050_3,a050,3,yaw,low_gap,460,0.25531037204788054,0.9177020010635596,0.04565217391304348
a050_3,a050,3,yaw,other_gap,12806,0.2529280065135871,0.8845573141076528,0.039746993596751524
a050_3,a050,3,yaw,low_kappa,1059,0.22754171417714517,0.6884545884001999,0.018885741265344664
a050_3,a050,3,yaw,other_kappa,12207,0.2552201316655546,0.9062700539328132,0.041779306955025804
a050_3,a050,3,hn,all,13266,0.26461112502018524,0.8446784478148229,0.033318257198854215
a050_3,a050,3,hn,jump,1318,0.24862727619563957,0.7711750180708803,0.027314112291350532
a050_3,a050,3,hn,near_jump,10830,0.24832670707329987,0.7620274711355707,0.02363804247460757
a050_3,a050,3,hn,away,2436,0.3370085988973482,1.248702172354813,0.07635467980295567
a050_3,a050,3,hn,low_gap,460,0.2842948652762133,0.7864754394107484,0.02608695652173913
a050_3,a050,3,hn,other_gap,12806,0.2639040720358207,0.8467668118181441,0.03357801030766828
a050_3,a050,3,hn,low_kappa,1059,0.24462265916306727,0.6859674919158832,0.01794145420207743
a050_3,a050,3,hn,other_kappa,12207,0.26634519443467597,0.8553373374212037,0.034652248709756694
a051_1,a051,0,yaw,all,18068,0.20050013876081585,0.6140155348473323,0.0059774186406907235
a051_1,a051,0,yaw,jump,1443,0.1801089865127013,0.5837707072723541,0.002079002079002079
a051_1,a051,0,yaw,near_jump,13022,0.18346523603502307,0.5889976483797288,0.004454000921517432
a051_1,a051,0,yaw,away,5046,0.24446139585460766,0.6662200022458691,0.009908838684106223
a051_1,a051,0,yaw,low_gap,682,0.21898605533600207,0.6322636592741473,0.002932551319648094
a051_1,a051,0,yaw,other_gap,17386,0.19977499237267154,0.612803649408167,0.006096859542160359
a051_1,a051,0,yaw,low_kappa,1106,0.1695972786988029,0.5273811891570142,0.0018083182640144665
a051_1,a051,0,yaw,other_kappa,16962,0.2025151466153487,0.6176919561494821,0.00624926305860158
a051_1,a051,0,hn,all,18068,0.21025215537740086,0.6293567710587272,0.008080584458711534
a051_1,a051,0,hn,jump,1443,0.18977874182649632,0.604203504726863,0.003465003465003465
a051_1,a051,0,hn,near_jump,13022,0.19468398822964417,0.6157436718122407,0.006066656427584088
a051_1,a051,0,hn,away,5046,0.25042826964574955,0.674688667819424,0.013277843836702339
a051_1,a051,0,hn,low_gap,682,0.22724626778570894,0.6167200415038241,0.005865102639296188
a051_1,a051,0,hn,other_gap,17386,0.20958552793794,0.6300169533334077,0.008167491084780858
a051_1,a051,0,hn,low_kappa,1106,0.17977140618074533,0.5915848946398978,0.0018083182640144665
a051_1,a051,0,hn,other_kappa,16962,0.21223963967238382,0.630817429148179,0.008489564909798374
a051_1,a051,1,yaw,all,18068,0.20220555901648388,0.6260370111774665,0.005091875138366172
a051_1,a051,1,yaw,jump,1443,0.17747909443645396,0.5853716405487801,0.000693000693000693
a051_1,a051,1,yaw,near_jump,13022,0.18387049348171072,0.6077835535940019,0.002380586699431731
a051_1,a051,1,yaw,away,5046,0.2495220915955201,0.655491008935407,0.012088783194609591
a051_1,a051,1,yaw,low_gap,682,0.22403803435063072,0.6518452413240117,0.002932551319648094
a051_1,a051,1,yaw,other_gap,17386,0.20134913728762804,0.6244941859042317,0.005176578856551248
a051_1,a051,1,yaw,low_kappa,1106,0.16894227660996436,0.5936757988046016,0.0009041591320072332
a051_1,a051,1,yaw,other_kappa,16962,0.20437447720665078,0.6278779671719775,0.005364933380497583
a051_1,a051,1,hn,all,18068,0.20391473017038916,0.6164455413604306,0.006309497454062431
a051_1,a051,1,hn,jump,1443,0.18736332708652706,0.5863985348134522,0.005544005544005544
a051_1,a051,1,hn,near_jump,13022,0.19113329816161115,0.6067543555691433,0.005605897711565044
a051_1,a051,1,hn,away,5046,0.23689923425645887,0.6376788158714831,0.008125247720967102
a051_1,a051,1,hn,low_gap,682,0.2228226350969704,0.6436029697933313,0.002932551319648094
a051_1,a051,1,hn,other_gap,17386,0.2031730304602817,0.6139973846891708,0.0064419647992637755
a051_1,a051,1,hn,low_kappa,1106,0.17944752467322578,0.578762466571415,0.0027124773960217
a051_1,a051,1,hn,other_kappa,16962,0.20551010390461052,0.6187203717685303,0.006544039617969579
a051_1,a051,2,yaw,all,18068,0.20346151438095583,0.6172745407397009,0.005036528669470888
a051_1,a051,2,yaw,jump,1443,0.18143084133797646,0.5761985488552497,0.002772002772002772
a051_1,a051,2,yaw,near_jump,13022,0.185093936798339,0.5942757994556048,0.003225311012133313
a051_1,a051,2,yaw,away,5046,0.2508619494346293,0.6646719568190738,0.009710661910424098
a051_1,a051,2,yaw,low_gap,682,0.2217381684071976,0.622621159431979,0.002932551319648094
a051_1,a051,2,yaw,other_gap,17386,0.2027445767273324,0.6170735895473872,0.0051190613137006786
a051_1,a051,2,yaw,low_kappa,1106,0.16929715289269354,0.5604682777894311,0.0009041591320072332
a051_1,a051,2,yaw,other_kappa,16962,0.20568918704962802,0.6200603493104593,0.005305978068623983
a051_1,a051,2,hn,all,18068,0.20417195535409965,0.6168254603676595,0.009907017932255922
a051_1,a051,2,hn,jump,1443,0.18548699989704617,0.5963109383017461,0.006237006237006237
a051_1,a051,2,hn,near_jump,13022,0.19066143236409275,0.6118331460397405,0.008908001843034865
a051_1,a051,2,hn,away,5046,0.23903799387488234,0.6361738695364854,0.01248513674197384
a051_1,a051,2,hn,low_gap,682,0.2186874285700012,0.6210121901022556,0.002932551319648094
a051_1,a051,2,hn,other_gap,17386,0.20360255740556374,0.6165464271772279,0.010180605084550789
a051_1,a051,2,hn,low_kappa,1106,0.17656662935421152,0.6102417584735349,0.0045207956600361665
a051_1,a051,2,hn,other_kappa,16962,0.2059719489017872,0.6182773143687409,0.010258224266006368
a051_1,a051,3,yaw,all,18068,0.20315459495901886,0.6200075904061093,0.007084348018596413
a051_1,a051,3,yaw,jump,1443,0.17891266779942394,0.5797231794707755,0.002772002772002772
a051_1,a051,3,yaw,near_jump,13022,0.1841554717485126,0.5984548985598884,0.0038396559668253723
a051_1,a051,3,yaw,away,5046,0.25218483325612784,0.6842719915198506,0.015457788347205707
a051_1,a051,3,yaw,low_gap,682,0.21734097293650148,0.6090260026449962,0.002932551319648094
a051_1,a051,3,yaw,other_gap,17386,0.20259810641762674,0.6211705015578136,0.007247210399171747
a051_1,a051,3,yaw,low_kappa,1106,0.1712761677977253,0.5806985749290857,0.0018083182640144665
a051_1,a051,3,yaw,other_kappa,16962,0.20523321425157814,0.6217714984815474,0.007428369296073576
a051_1,a051,3,hn,all,18068,0.20829062668559678,0.6354726792686795,0.007859198583130396
a051_1,a051,3,hn,jump,1443,0.1883115139902011,0.611470135566039,0.003465003465003465
a051_1,a051,3,hn,near_jump,13022,0.19401532734696603,0.6232287852525985,0.006604208262939641
a051_1,a051,3,hn,away,5046,0.24513029136804812,0.6786692873854722,0.01109789932619897
a051_1,a051,3,hn,low_gap,682,0.23383526944743344,0.6847599625483036,0.007331378299120235
a051_1,a051,3,hn,other_gap,17386,0.2072885878978611,0.6315078203079668,0.007879903370528012
a051_1,a051,3,hn,low_kappa,1106,0.1813456287194127,0.6003824952858381,0.006329113924050633
a051_1,a051,3,hn,other_kappa,16962,0.21004756382453083,0.637799083161433,0.007958967102935975
a051_2,a051,0,yaw,all,14416,0.08247902901815202,0.2907597679080732,0.002427857935627081
a051_2,a051,0,yaw,jump,1345,0.07319183410994533,0.24436804763520947,0.001486988847583643
a051_2,a051,0,yaw,near_jump,11534,0.07556927454761726,0.2610092014563388,0.0020808045777700713
a051_2,a051,0,yaw,away,2882,0.11013243223229074,0.3358092197225475,0.003816793893129771
a051_2,a051,0,yaw,low_gap,525,0.10393353784729316,0.34066245000637296,0.0019047619047619048
a051_2,a051,0,yaw,other_gap,13891,0.08166817183470237,0.2873715530442343,0.0024476279605499963
a051_2,a051,0,yaw,low_kappa,999,0.06587908704059296,0.24273840391830803,0.002002002002002002
a051_2,a051,0,yaw,other_kappa,13417,0.0837150238035423,0.29361223528218466,0.0024595662219572185
a051_2,a051,0,hn,all,14416,0.08772315807725099,0.3032793678877823,0.003190899001109878
a051_2,a051,0,hn,jump,1345,0.07923643422160327,0.25818632803006664,0.0044609665427509295
a051_2,a051,0,hn,near_jump,11534,0.082585203203294,0.28090340464728203,0.0033813074388763654
a051_2,a051,0,hn,away,2882,0.10828567421750769,0.34078559532689806,0.0024288688410825814
a051_2,a051,0,hn,low_gap,525,0.10394496584690176,0.32478926227548843,0.0
a051_2,a051,0,hn,other_gap,13891,0.08711006693341204,0.3009296338186571,0.003311496652508819
a051_2,a051,0,hn,low_kappa,999,0.07470581210842966,0.2572722184478364,0.004004004004004004
a051_2,a051,0,hn,other_kappa,13417,0.08869240072634188,0.30478714531766726,0.0031303570097637326
a051_2,a051,1,yaw,all,14416,0.08401385712950345,0.30256041559222163,0.001942286348501665
a051_2,a051,1,yaw,jump,1345,0.07785062413940586,0.27100687354087155,0.0007434944237918215
a051_2,a051,1,yaw,near_jump,11534,0.07775742615240928,0.26761559132234336,0.001647303624067973
a051_2,a051,1,yaw,away,2882,0.10905260622381445,0.3466234951383243,0.003122831367106176
a051_2,a051,1,yaw,low_gap,525,0.10733880763507625,0.34865530096772906,0.0019047619047619048
a051_2,a051,1,yaw,other_gap,13891,0.08313230799586113,0.29998182469907764,0.0019437045569073502
a051_2,a051,1,yaw,low_kappa,999,0.06770326108732219,0.2598556498897657,0.0
a051_2,a051,1,yaw,other_kappa,13417,0.08522830785963233,0.30391339873581763,0.0020869046731758216
a051_2,a051,1,hn,all,14416,0.08334546608829523,0.270717587663059,0.003329633740288568
a051_2,a051,1,hn,jump,1345,0.07910739330737297,0.25062633105652493,0.0037174721189591076
a051_2,a051,1,hn,near_jump,11534,0.07992219416569508,0.2647212014126069,0.0034680076296167853
a051_2,a051,1,hn,away,2882,0.09704568064598781,0.28646876907626495,0.002775850104094379
a051_2,a051,1,hn,low_gap,525,0.09726031684930252,0.2980824925613261,0.0019047619047619048
a051_2,a051,1,hn,other_gap,13891,0.08281956466654526,0.26913000163951684,0.003383485710172054
a051_2,a051,1,hn,low_kappa,999,0.07439527331062772,0.2513298194025738,0.005005005005005005
a051_2,a051,1,hn,other_kappa,13417,0.0840118775502383,0.2714282939881194,0.003204889319520012
a051_2,a051,2,yaw,all,14416,0.08479231287471505,0.30263721441826685,0.0015260821309655938
a051_2,a051,2,yaw,jump,1345,0.07601945761621544,0.25918416234897035,0.0
a051_2,a051,2,yaw,near_jump,11534,0.07782803545941293,0.26584369786045164,0.0008670019074041963
a051_2,a051,2,yaw,away,2882,0.1126639213785647,0.35285014214601906,0.004163775156141568
a051_2,a051,2,yaw,low_gap,525,0.1112732935405652,0.3632448558612436,0.0019047619047619048
a051_2,a051,2,yaw,other_gap,13891,0.08379148393154527,0.29895877981503016,0.001511770210927939
a051_2,a051,2,yaw,low_kappa,999,0.06675884512350294,0.2534338097341656,0.001001001001001001
a051_2,a051,2,yaw,other_kappa,13417,0.08613504480312384,0.30564471835361146,0.0015651785048818663
a051_2,a051,2,hn,all,14416,0.08513117835858078,0.2841663089493133,0.003260266370699223
a051_2,a051,2,hn,jump,1345,0.07640386370740898,0.2515383176092555,0.0007434944237918215
a051_2,a051,2,hn,near_jump,11534,0.08033243979484243,0.2728819324940523,0.003034506675914687
a051_2,a051,2,hn,away,2882,0.10433612304774036,0.30341205967650936,0.004163775156141568
a051_2,a051,2,hn,low_gap,525,0.10377051218397655,0.3291486966829016,0.007619047619047619
a051_2,a051,2,hn,other_gap,13891,0.08442671861786138,0.2832195202480007,0.0030955294795191133
a051_2,a051,2,hn,low_kappa,999,0.07213345324869654,0.2515425637529987,0.001001001001001001
a051_2,a051,2,hn,other_kappa,13417,0.08609896008212363,0.2856622734224323,0.00342848624878885
a051_2,a051,3,yaw,all,14416,0.08285433099254401,0.2862294528630902,0.001664816870144284
a051_2,a051,3,yaw,jump,1345,0.07581628375530522,0.2540110871543082,0.0022304832713754648
a051_2,a051,3,yaw,near_jump,11534,0.0768680941903441,0.25708524141177397,0.0017340038148083927
a051_2,a051,3,yaw,away,2882,0.1068117408733815,0.3288252631948073,0.0013879250520471894
a051_2,a051,3,yaw,low_gap,525,0.10556438874936255,0.3192107840685175,0.0019047619047619048
a051_2,a051,3,yaw,other_gap,13891,0.08199602127241373,0.28414129730793475,0.0016557483262544094
a051_2,a051,3,yaw,low_kappa,999,0.06570040506366018,0.24007930382354623,0.002002002002002002
a051_2,a051,3,yaw,other_kappa,13417,0.08413157419169098,0.2894400783044473,0.0016397108146381457
a051_2,a051,3,hn,all,14416,0.08403915201192355,0.2847136798414541,0.0013179800221975583
a051_2,a051,3,hn,jump,1345,0.07574380652639792,0.2627837916909181,0.0007434944237918215
a051_2,a051,3,hn,near_jump,11534,0.0794278122724203,0.2729456403405782,0.0008670019074041963
a051_2,a051,3,hn,away,2882,0.1024941112608586,0.31764326876481824,0.003122831367106176
a051_2,a051,3,hn,low_gap,525,0.09626171600318029,0.3060796974723149,0.0019047619047619048
a051_2,a051,3,hn,other_gap,13891,0.083577209308345,0.28281117812435674,0.0012958030379382334
a051_2,a051,3,hn,low_kappa,999,0.06811710977263774,0.26082488192006703,0.001001001001001001
a051_2,a051,3,hn,other_kappa,13417,0.08522467188947046,0.2856003956075192,0.0013415815756130283
a051_3,a051,0,yaw,all,7521,0.10900894418673628,0.39191688978144046,0.0006648052120728626
a051_3,a051,0,yaw,jump,728,0.11303678501881896,0.4699584703948674,0.0
a051_3,a051,0,yaw,near_jump,6043,0.11137820346816713,0.42376840511094893,0.0008274036074797286
a051_3,a051,0,yaw,away,1478,0.09932191182023657,0.29181848368533464,0.0
a051_3,a051,0,yaw,low_gap,315,0.108045647626504,0.29432138304467304,0.0
a051_3,a051,0,yaw,other_gap,7206,0.10905105332030181,0.3952836178716196,0.0006938662225922842
a051_3,a051,0,yaw,low_kappa,479,0.11491826038326455,0.5087796746092714,0.0
a051_3,a051,0,yaw,other_kappa,7042,0.1086069898473246,0.38760716451263094,0.0007100255609201931
a051_3,a051,0,hn,all,7521,0.12194593991889122,0.43736270430953517,0.006249168993484909
a051_3,a051,0,hn,jump,728,0.12541776185276132,0.5259313043967925,0.008241758241758242
a051_3,a051,0,hn,near_jump,6043,0.1226865624738758,0.46022652899781863,0.006950190302829721
a051_3,a051,0,hn,away,1478,0.11891780588656932,0.3807854835458034,0.0033829499323410014
a051_3,a051,0,hn,low_gap,315,0.13055197603481106,0.3995887399086528,0.0
a051_3,a051,0,hn,other_gap,7206,0.12156973933930272,0.43808547455747276,0.006522342492367472
a051_3,a051,0,hn,low_kappa,479,0.13589659503430593,0.5660839244043606,0.008350730688935281
a051_3,a051,0,hn,other_kappa,7042,0.12099701009777739,0.42674001548589263,0.006106219823913661
a051_3,a051,1,yaw,all,7521,0.10864819287438753,0.3722957268462737,0.0018614545938040155
a051_3,a051,1,yaw,jump,728,0.11006085331297377,0.3906658753311264,0.0
a051_3,a051,1,yaw,near_jump,6043,0.11037805154705577,0.3886475801536639,0.0023167301009432402
a051_3,a051,1,yaw,away,1478,0.10157543512138739,0.2905296771331247,0.0
a051_3,a051,1,yaw,low_gap,315,0.12323357133905287,0.4069444086765114,0.0
a051_3,a051,1,yaw,other_gap,7206,0.1080106138823851,0.37208156243634993,0.0019428254232583958
a051_3,a051,1,yaw,low_kappa,479,0.10745497030933553,0.3794994645229065,0.0
a051_3,a051,1,yaw,other_kappa,7042,0.10872935640870449,0.36739025644451123,0.0019880715705765406
a051_3,a051,1,hn,all,7521,0.1255846658133323,0.43740809393153246,0.004520675442095466
a051_3,a051,1,hn,jump,728,0.12644779273805848,0.4842950358053141,0.004120879120879121
a051_3,a051,1,hn,near_jump,6043,0.12582137316098985,0.45749797201868475,0.0046334602018864805
a051_3,a051,1,hn,away,1478,0.12461685627213168,0.36500130402334774,0.0040595399188092015
a051_3,a051,1,hn,low_gap,315,0.13966909229649146,0.423913899597167,0.0
a051_3,a051,1,hn,other_gap,7206,0.12496898522185367,0.43865916751596595,0.004718290313627533
a051_3,a051,1,hn,low_kappa,479,0.13120333072046933,0.5110504835732051,0.010438413361169102
a051_3,a051,1,hn,other_kappa,7042,0.12520248170505077,0.4336083338381357,0.00411814825333712
a051_3,a051,2,yaw,all,7521,0.11394488292446188,0.4197775966645101,0.0017284935513894428
a051_3,a051,2,yaw,jump,728,0.11472053930566978,0.42299035037538024,0.0
a051_3,a051,2,yaw,near_jump,6043,0.11683790733304593,0.4526173316200918,0.0019857686579513485
a051_3,a051,2,yaw,away,1478,0.10211636702387092,0.29602238120534774,0.0006765899864682003
a051_3,a051,2,yaw,low_gap,315,0.13398615490124913,0.45646486846532636,0.006349206349206349
a051_3,a051,2,yaw,other_gap,7206,0.11306880733846576,0.41671675829405574,0.0015265056897030252
a051_3,a051,2,yaw,low_kappa,479,0.11580220408876452,0.4191884077469838,0.0
a051_3,a051,2,yaw,other_kappa,7042,0.11381854710541885,0.4197355510708134,0.001846066458392502
a051_3,a051,2,hn,all,7521,0.12081483057970178,0.4613709548457977,0.004786597526924611
a051_3,a051,2,hn,jump,728,0.11754097465579047,0.4540780537978477,0.0013736263736263737
a051_3,a051,2,hn,near_jump,6043,0.12160027823036258,0.4638559242431482,0.005295383087870263
a051_3,a051,2,hn,away,1478,0.11760342316905001,0.4276516797124695,0.0027063599458728013
a051_3,a051,2,hn,low_gap,315,0.13434888143659307,0.40755352560143665,0.0
a051_3,a051,2,hn,other_gap,7206,0.12022320887280186,0.4629572858772364,0.004995836802664446
a051_3,a051,2,hn,low_kappa,479,0.12785553702861277,0.5042329138020244,0.006263048016701462
a051_3,a051,2,hn,other_kappa,7042,0.1203359185676273,0.4600750855561926,0.004686168702073275
a051_3,a051,3,yaw,all,7521,0.11344706333381797,0.43219454180254785,0.0011966493817311527
a051_3,a051,3,yaw,jump,728,0.11505981036341269,0.45363409704494534,0.0013736263736263737
a051_3,a051,3,yaw,near_jump,6043,0.11466922021209223,0.4500592019671162,0.0014893264934635116
a051_3,a051,3,yaw,away,1478,0.10845011203786976,0.30965868042181843,0.0
a051_3,a051,3,yaw,low_gap,315,0.11049913328560526,0.3600537292630153,0.0
a051_3,a051,3,yaw,other_gap,7206,0.1135759278863002,0.4347027828299461,0.0012489592006661116
a051_3,a051,3,yaw,low_kappa,479,0.12100283572991373,0.505284621586045,0.0020876826722338203
a051_3,a051,3,yaw,other_kappa,7042,0.11293311630488727,0.42727984453127366,0.001136040897472309
a051_3,a051,3,hn,all,7521,0.11923322543330438,0.4412621764480168,0.0034569871027788856
a051_3,a051,3,hn,jump,728,0.12388829331042588,0.46748953798660076,0.0013736263736263737
a051_3,a051,3,hn,near_jump,6043,0.12118348931678131,0.46253009270993134,0.0038060565944067516
a051_3,a051,3,hn,away,1478,0.11125931159849307,0.35199660802505867,0.0020297699594046007
a051_3,a051,3,hn,low_gap,315,0.13769119426452392,0.4055283474101242,0.0031746031746031746
a051_3,a051,3,hn,other_gap,7206,0.11842636168339679,0.44516125966722886,0.003469331112961421
a051_3,a051,3,hn,low_kappa,479,0.12692738044608015,0.46664593842810526,0.006263048016701462
a051_3,a051,3,hn,other_kappa,7042,0.11870986555668986,0.4365591531971974,0.0032661175802328885
a052_2,a052,0,yaw,all,7260,0.31918057505055647,1.0187130636405208,0.051790633608815424
a052_2,a052,0,yaw,jump,393,0.37550392745191863,1.0801965932103927,0.05597964376590331
a052_2,a052,0,yaw,near_jump,3636,0.3781732635923852,1.08487970881737,0.06050605060506051
a052_2,a052,0,yaw,away,3624,0.2599925464804435,0.8309194479868893,0.04304635761589404
a052_2,a052,0,yaw,low_gap,183,0.2641518841162125,0.6681047979727545,0.0
a052_2,a052,0,yaw,other_gap,7077,0.3206035297546662,1.0371110483072654,0.053129857284159955
a052_2,a052,0,yaw,low_kappa,394,0.37124475322715605,1.0841978277083215,0.05583756345177665
a052_2,a052,0,yaw,other_kappa,6866,0.3161929132093709,1.0160654113502914,0.05155840372851733
a052_2,a052,0,hn,all,7260,0.3454445205365771,1.1433239273091746,0.06928374655647383
a052_2,a052,0,hn,jump,393,0.3952901892116408,1.0987109066903225,0.06615776081424936
a052_2,a052,0,hn,near_jump,3636,0.4214351278203274,1.2677878236469255,0.09103410341034103
a052_2,a052,0,hn,away,3624,0.26920228872539703,0.9341711335893976,0.04746136865342163
a052_2,a052,0,hn,low_gap,183,0.3022661830240393,0.7445023299534176,0.00546448087431694
a052_2,a052,0,hn,other_gap,7077,0.34656104388895725,1.1496619547415383,0.07093401158683058
a052_2,a052,0,hn,low_kappa,394,0.41640770979764063,1.1536298565974188,0.08375634517766498
a052_2,a052,0,hn,other_kappa,6866,0.34137235383560727,1.1419501644411858,0.06845324788814448
a052_2,a052,1,yaw,all,7260,0.32935094946738525,1.0722252091336129,0.05881542699724518
a052_2,a052,1,yaw,jump,393,0.3980344580076908,1.1554271850296784,0.07124681933842239
a052_2,a052,1,yaw,near_jump,3636,0.4026388258139505,1.1607334395568587,0.07673267326732673
a052_2,a052,1,yaw,away,3624,0.2558203980335797,0.7583353910848964,0.04083885209713024
a052_2,a052,1,yaw,low_gap,183,0.2759361526062265,0.7762546920176355,0.01092896174863388
a052_2,a052,1,yaw,other_gap,7077,0.33073217142945843,1.078206070538696,0.060053695068531865
a052_2,a052,1,yaw,low_kappa,394,0.425484743316525,1.2942377644804055,0.09390862944162437
a052_2,a052,1,yaw,other_kappa,6866,0.3238343874550693,1.0557882274019186,0.05680163122633265
a052_2,a052,1,hn,all,7260,0.3832054716522812,1.4789061873100078,0.08526170798898072
a052_2,a052,1,hn,jump,393,0.4505241887705571,1.4946534631662456,0.09669211195928754
a052_2,a052,1,hn,near_jump,3636,0.45915885379036675,1.559419445586674,0.10891089108910891
a052_2,a052,1,hn,away,3624,0.30700058824883764,1.2945212564301025,0.06153421633554084
a052_2,a052,1,hn,low_gap,183,0.3253514570871278,0.7178066502503986,0.01639344262295082
a052_2,a052,1,hn,other_gap,7077,0.38470148474616594,1.4891539113113803,0.08704253214638971
a052_2,a052,1,hn,low_kappa,394,0.5197569102332508,1.9874099928430515,0.1319796954314721
a052_2,a052,1,hn,other_kappa,6866,0.3753695749437314,1.4000126865461815,0.08258083309059132
a052_2,a052,2,yaw,all,7260,0.3176111862295638,1.052790533655364,0.06046831955922865
a052_2,a052,2,yaw,jump,393,0.38472596144121995,1.1548159156927371,0.07888040712468193
a052_2,a052,2,yaw,near_jump,3636,0.38233438661824326,1.1584426232666687,0.08058305830583058
a052_2,a052,2,yaw,away,3624,0.2526736706078093,0.8160045841817306,0.04028697571743929
a052_2,a052,2,yaw,low_gap,183,0.3076660679144689,0.8938956024677712,0.03825136612021858
a052_2,a052,2,yaw,other_gap,7077,0.3178683512220271,1.0569601582068893,0.06104281475201356
a052_2,a052,2,yaw,low_kappa,394,0.3665529818613592,1.1547315501200448,0.07614213197969544
a052_2,a052,2,yaw,other_kappa,6866,0.3148026998504599,1.0494951287202545,0.05956889018351296
a052_2,a052,2,hn,all,7260,0.3456948655216847,1.1420602723089173,0.07493112947658402
a052_2,a052,2,hn,jump,393,0.416179562403721,1.1100960678144964,0.08396946564885496
a052_2,a052,2,hn,near_jump,3636,0.42572400563987856,1.2030986266287758,0.10066006600660066
a052_2,a052,2,hn,away,3624,0.26540072825078154,0.9887007014013108,0.04911699779249448
a052_2,a052,2,hn,low_gap,183,0.30941439587516195,0.7924242752981269,0.01639344262295082
a052_2,a052,2,hn,other_gap,7077,0.34663302094705045,1.1466927159565483,0.07644482125194291
a052_2,a052,2,hn,low_kappa,394,0.41896677015484013,1.1337561350153782,0.08883248730964467
a052_2,a052,2,hn,other_kappa,6866,0.34149021500821786,1.1424788586878143,0.07413341101077775
a052_2,a052,3,yaw,all,7260,0.3448325236092436,1.123391369225995,0.07603305785123966
a052_2,a052,3,yaw,jump,393,0.41212158477873334,1.1834331964627949,0.0916030534351145
a052_2,a052,3,yaw,near_jump,3636,0.4282279596263759,1.2825580163826569,0.1078107810781078
a052_2,a052,3,yaw,away,3624,0.2611609437642399,0.952738669746162,0.04415011037527594
a052_2,a052,3,yaw,low_gap,183,0.2835381421460708,0.7495640399962379,0.02185792349726776
a052_2,a052,3,yaw,other_gap,7077,0.3464174991366931,1.1353566490635498,0.07743394093542462
a052_2,a052,3,yaw,low_kappa,394,0.47181294199907026,1.5126897266054617,0.14213197969543148
a052_2,a052,3,yaw,other_kappa,6866,0.3375458523529674,1.0985867990389848,0.07224002330323333
a052_2,a052,3,hn,all,7260,0.3562470913254568,1.137194482405569,0.07121212121212121
a052_2,a052,3,hn,jump,393,0.42089594741119024,1.2071249158888868,0.07633587786259542
a052_2,a052,3,hn,near_jump,3636,0.4347838832438983,1.2767976172893787,0.0968096809680968
a052_2,a052,3,hn,away,3624,0.27745024380463634,0.938179507349797,0.04552980132450331
a052_2,a052,3,hn,low_gap,183,0.31671951931362785,0.7035573251271942,0.02185792349726776
a052_2,a052,3,hn,other_gap,7077,0.3572692116699763,1.149052086624529,0.07248834251801611
a052_2,a052,3,hn,low_kappa,394,0.4395512678560006,1.3841074659986532,0.09137055837563451
a052_2,a052,3,hn,other_kappa,6866,0.3514667467939925,1.1324519039516425,0.07005534517914361
a053_1,a053,0,yaw,all,9149,0.15133264528355717,0.32319974567615173,0.0039348562684446385
a053_1,a053,0,yaw,jump,723,0.1339074256678953,0.2953813879095867,0.0013831258644536654
a053_1,a053,0,yaw,near_jump,5979,0.1418671284950894,0.322039056767326,0.0035122930255895636
a053_1,a053,0,yaw,away,3170,0.169185744614235,0.32612654958525245,0.00473186119873817
a053_1,a053,0,yaw,low_gap,736,0.13541888280396777,0.28707296311161307,0.0
a053_1,a053,0,yaw,other_gap,8413,0.15272483940990658,0.3256652148915767,0.004279091881611791
a053_1,a053,0,yaw,low_kappa,453,0.12468596712308015,0.27143018628269544,0.0
a053_1,a053,0,yaw,other_kappa,8696,0.15272074845820022,0.32592921807470776,0.004139834406623735
a053_1,a053,0,hn,all,9149,0.17211224558276714,0.36213635739681677,0.005246475024592852
a053_1,a053,0,hn,jump,723,0.1630844672721629,0.3573326734111736,0.0027662517289073307
a053_1,a053,0,hn,near_jump,5979,0.16824202965252194,0.3672495871905385,0.006355577855828734
a053_1,a053,0,hn,away,3170,0.17941193676476597,0.3548527062598625,0.0031545741324921135
a053_1,a053,0,hn,low_gap,736,0.1781687890152639,0.3427803777082127,0.001358695652173913
a053_1,a053,0,hn,other_gap,8413,0.17158239701907793,0.3646950540164488,0.00558659217877095
a053_1,a053,0,hn,low_kappa,453,0.1584028493882566,0.3583531683793033,0.0
a053_1,a053,0,hn,other_kappa,8696,0.17282640801102306,0.36224042672603546,0.005519779208831647
a053_1,a053,1,yaw,all,9149,0.1504630776083019,0.34235503813126983,0.0039348562684446385
a053_1,a053,1,yaw,jump,723,0.12760034950537988,0.3003457535327527,0.0013831258644536654
a053_1,a053,1,yaw,near_jump,5979,0.1376096229812293,0.3102699230184756,0.0035122930255895636
a053_1,a053,1,yaw,away,3170,0.17470623382762912,0.36986701489374524,0.00473186119873817
a053_1,a053,1,yaw,low_gap,736,0.1303382673166835,0.2709921135232963,0.001358695652173913
a053_1,a053,1,yaw,other_gap,8413,0.1522236695938756,0.34899974151543256,0.004160228218233686
a053_1,a053,1,yaw,low_kappa,453,0.11804290151434318,0.2703396735102827,0.0
a053_1,a053,1,yaw,other_kappa,8696,0.15215193912745595,0.34690282768466085,0.004139834406623735
a053_1,a053,1,hn,all,9149,0.15358012588390427,0.3449369362600451,0.0045906656465187455
a053_1,a053,1,hn,jump,723,0.1458821602348789,0.352814998462498,0.0013831258644536654
a053_1,a053,1,hn,near_jump,5979,0.1485931226280094,0.343388813472259,0.00485030941629035
a053_1,a053,1,hn,away,3170,0.16298621183563788,0.3457207416645435,0.004100946372239748
a053_1,a053,1,hn,low_gap,736,0.15403633000663242,0.34669108519785513,0.001358695652173913
a053_1,a053,1,hn,other_gap,8413,0.1535402154792534,0.3448671634177036,0.004873410198502318
a053_1,a053,1,hn,low_kappa,453,0.1375579860017515,0.31194048093524346,0.0
a053_1,a053,1,hn,other_kappa,8696,0.15441476587546538,0.34657102471839485,0.004829806807727691
a053_1,a053,2,yaw,all,9149,0.15042456497390927,0.31326062503397456,0.004372062520494043
a053_1,a053,2,yaw,jump,723,0.1330634758751539,0.3036297893054501,0.0013831258644536654
a053_1,a053,2,yaw,near_jump,5979,0.1407067333565926,0.3133031640237891,0.0035122930255895636
a053_1,a053,2,yaw,away,3170,0.16875356031773786,0.31304744086098873,0.005993690851735016
a053_1,a053,2,yaw,low_gap,736,0.14018592265432941,0.2829534932189227,0.001358695652173913
a053_1,a053,2,yaw,other_gap,8413,0.15132027883902413,0.316391473368452,0.004635682871746107
a053_1,a053,2,yaw,low_kappa,453,0.12095376555830703,0.27002424359597027,0.0
a053_1,a053,2,yaw,other_kappa,8696,0.1519597848606696,0.31632300148224524,0.004599816007359705
a053_1,a053,2,hn,all,9149,0.17984955799900942,0.40008068644740974,0.0069953000327904686
a053_1,a053,2,hn,jump,723,0.1588670051440636,0.37962848867874693,0.0013831258644536654
a053_1,a053,2,hn,near_jump,5979,0.17050551394830538,0.39148960436921726,0.007024586051179127
a053_1,a053,2,hn,away,3170,0.19747354518486418,0.4089798641647579,0.00694006309148265
a053_1,a053,2,hn,low_gap,736,0.17625597342148425,0.3659809862937426,0.0
a053_1,a053,2,hn,other_gap,8413,0.1801639379168816,0.4038492156960353,0.00760727445619874
a053_1,a053,2,hn,low_kappa,453,0.1516527696422978,0.32960068620539745,0.0
a053_1,a053,2,hn,other_kappa,8696,0.1813184109343349,0.40403554834056143,0.007359705611775529
a053_1,a053,3,yaw,all,9149,0.15364810994994424,0.34049499715674986,0.004372062520494043
a053_1,a053,3,yaw,jump,723,0.13035270665144105,0.3039995927914177,0.0013831258644536654
a053_1,a053,3,yaw,near_jump,5979,0.13907067794797426,0.3112913940252847,0.0041813012209399565
a053_1,a053,3,yaw,away,3170,0.18114289415807627,0.3701276623098161,0.00473186119873817
a053_1,a053,3,yaw,low_gap,736,0.1354753818970411,0.2948288747854902,0.0
a053_1,a053,3,yaw,other_gap,8413,0.15523792664398164,0.3430945366101045,0.004754546535124212
a053_1,a053,3,yaw,low_kappa,453,0.12313578573030742,0.2776827686779875,0.0
a053_1,a053,3,yaw,other_kappa,8696,0.15523758590112816,0.34273169074274606,0.004599816007359705
a053_1,a053,3,hn,all,9149,0.167469787666108,0.36240838964703276,0.005027871898568149
a053_1,a053,3,hn,jump,723,0.16111569498041742,0.35850146173077707,0.0013831258644536654
a053_1,a053,3,hn,near_jump,5979,0.15991344277565084,0.35243120108320675,0.004348553269777555
a053_1,a053,3,hn,away,3170,0.1817219599374151,0.375328905387691,0.006309148264984227
a053_1,a053,3,hn,low_gap,736,0.1674151930507255,0.344585608814292,0.001358695652173913
a053_1,a053,3,hn,other_gap,8413,0.16747456380267303,0.36522200787227627,0.005348864852014739
a053_1,a053,3,hn,low_kappa,453,0.14731652216400262,0.31337991880202354,0.0
a053_1,a053,3,hn,other_kappa,8696,0.16851963003874532,0.3645630884272951,0.0052897884084636615
a053_2,a053,0,yaw,all,12750,0.17507560128453759,0.324386978907683,0.00031372549019607844
a053_2,a053,0,yaw,jump,794,0.16875957833460864,0.33007843185010927,0.0
a053_2,a053,0,yaw,near_jump,7502,0.1660973085408969,0.3232156277380085,0.0005331911490269261
a053_2,a053,0,yaw,away,5248,0.1879100433887283,0.32567702573118756,0.0
a053_2,a053,0,yaw,low_gap,1625,0.15458620778893553,0.29037520260978505,0.0
a053_2,a053,0,yaw,other_gap,11125,0.17806843404232217,0.3286455168981841,0.00035955056179775283
a053_2,a053,0,yaw,low_kappa,509,0.1871485339529983,0.3494038270717047,0.0
a053_2,a053,0,yaw,other_kappa,12241,0.17457358978807108,0.3238774315432997,0.00032677068866922634
a053_2,a053,0,hn,all,12750,0.18063243875613008,0.33970612317059856,0.00015686274509803922
a053_2,a053,0,hn,jump,794,0.2003684586135381,0.3826435608126367,0.0
a053_2,a053,0,hn,near_jump,7502,0.1809107100705207,0.3563357420386074,0.0
a053_2,a053,0,hn,away,5248,0.18023465076059692,0.3207330782737729,0.00038109756097560977
a053_2,a053,0,hn,low_gap,1625,0.18919272862752506,0.35475061064139957,0.0
a053_2,a053,0,hn,other_gap,11125,0.17938205933671283,0.33764688981269964,0.00017977528089887642
a053_2,a053,0,hn,low_kappa,509,0.19740536393772387,0.3948829638561618,0.0
a053_2,a053,0,hn,other_kappa,12241,0.17993499419135342,0.33667786846217274,0.00016338534433461317
a053_2,a053,1,yaw,all,12750,0.16517645917958354,0.3141579577029221,0.0005490196078431372
a053_2,a053,1,yaw,jump,794,0.16231297626968746,0.33050739184563005,0.0
a053_2,a053,1,yaw,near_jump,7502,0.158466483770591,0.31567405557359723,0.0009330845107971208
a053_2,a053,1,yaw,away,5248,0.17476834856949622,0.3128865286014414,0.0
a053_2,a053,1,yaw,low_gap,1625,0.14624124368747346,0.27700732387405597,0.0006153846153846154
a053_2,a053,1,yaw,other_gap,11125,0.1679422771728131,0.3189019498211824,0.0005393258426966292
a053_2,a053,1,yaw,low_kappa,509,0.18043741679313813,0.37113685559109105,0.0
a053_2,a053,1,yaw,other_kappa,12241,0.16454188460027636,0.31214359156686045,0.0005718487051711461
a053_2,a053,1,hn,all,12750,0.17359588937355847,0.32497311074486,0.00047058823529411766
a053_2,a053,1,hn,jump,794,0.180451108308593,0.343749149415933,0.0
a053_2,a053,1,hn,near_jump,7502,0.16892917756799813,0.3324024789323341,0.0006664889362836577
a053_2,a053,1,hn,away,5248,0.18026693967182708,0.316742902312998,0.00019054878048780488
a053_2,a053,1,hn,low_gap,1625,0.16841611562110526,0.314730365092539,0.0006153846153846154
a053_2,a053,1,hn,other_gap,11125,0.1743524855396471,0.3260457587815251,0.00044943820224719103
a053_2,a053,1,hn,low_kappa,509,0.19219109271694199,0.3888174344342835,0.003929273084479371
a053_2,a053,1,hn,other_kappa,12241,0.17282267162159523,0.3222899655553337,0.00032677068866922634
a053_2,a053,2,yaw,all,12750,0.15944734526918428,0.3131742914449114,0.00023529411764705883
a053_2,a053,2,yaw,jump,794,0.15656009947004626,0.33570780136573275,0.0
a053_2,a053,2,yaw,near_jump,7502,0.14986374456283788,0.31564192437526334,0.00013329778725673153
a053_2,a053,2,yaw,away,5248,0.17314707326061163,0.3126933429101578,0.00038109756097560977
a053_2,a053,2,yaw,low_gap,1625,0.13161207332108868,0.26618658904169795,0.0
a053_2,a053,2,yaw,other_gap,11125,0.16351317150879374,0.3190597792700428,0.0002696629213483146
a053_2,a053,2,yaw,low_kappa,509,0.17645402368782478,0.35757921209509586,0.0
a053_2,a053,2,yaw,other_kappa,12241,0.1587401808777875,0.31197034118536315,0.00024507801650191976
a053_2,a053,2,hn,all,12750,0.16246347242501036,0.3208671831123894,0.000784313725490196
a053_2,a053,2,hn,jump,794,0.17724337695012557,0.3776455591141606,0.0
a053_2,a053,2,hn,near_jump,7502,0.16722777246443535,0.3523592588247846,0.0010663822980538523
a053_2,a053,2,hn,away,5248,0.15565292004395728,0.2851672699618644,0.00038109756097560977
a053_2,a053,2,hn,low_gap,1625,0.17272096604549494,0.3737413275473774,0.0012307692307692308
a053_2,a053,2,hn,other_gap,11125,0.16096518683999575,0.31451778829563853,0.0007191011235955057
a053_2,a053,2,hn,low_kappa,509,0.17660267347285113,0.3877218943761969,0.005893909626719057
a053_2,a053,2,hn,other_kappa,12241,0.1618755422450127,0.3184444355906449,0.0005718487051711461
a053_2,a053,3,yaw,all,12750,0.15893138773866278,0.2942541362288967,0.0005490196078431372
a053_2,a053,3,yaw,jump,794,0.14744762997591324,0.2936507630370292,0.0
a053_2,a053,3,yaw,near_jump,7502,0.15248790057346337,0.2944394348852094,0.0009330845107971208
a053_2,a053,3,yaw,away,5248,0.16814233299653736,0.29352008266014207,0.0
a053_2,a053,3,yaw,low_gap,1625,0.1415887356481148,0.2583395929804383,0.0
a053_2,a053,3,yaw,other_gap,11125,0.1614645841114394,0.2972049344623897,0.0006292134831460674
a053_2,a053,3,yaw,low_kappa,509,0.16027306122537588,0.30863177687185617,0.0
a053_2,a053,3,yaw,other_kappa,12241,0.1588755988484792,0.293649125716301,0.0005718487051711461
a053_2,a053,3,hn,all,12750,0.1744098181852936,0.3275196166967795,7.843137254901961e-05
a053_2,a053,3,hn,jump,794,0.18203951569623378,0.35529145531169026,0.0
a053_2,a053,3,hn,near_jump,7502,0.17425483506609257,0.339865940845587,0.00013329778725673153
a053_2,a053,3,hn,away,5248,0.17463136608168206,0.3117907165389658,0.0
a053_2,a053,3,hn,low_gap,1625,0.17581200950582396,0.33982187265214786,0.0
a053_2,a053,3,hn,other_gap,11125,0.17420500372274428,0.32630709239876665,8.988764044943821e-05
a053_2,a053,3,hn,low_kappa,509,0.17059193053442334,0.35031080820211075,0.0
a053_2,a053,3,hn,other_kappa,12241,0.17456857194840883,0.3268057868330808,8.169267216730659e-05
a053_3,a053,0,yaw,all,11772,0.16299814364487034,0.32628266245074444,0.0
a053_3,a053,0,yaw,jump,744,0.14960654204711074,0.3416049994346185,0.0
a053_3,a053,0,yaw,near_jump,6629,0.1486091286369653,0.3237779611423145,0.0
a053_3,a053,0,yaw,away,5143,0.18154466911393552,0.32991674537011473,0.0
a053_3,a053,0,yaw,low_gap,1382,0.15353125467365467,0.30824619869815434,0.0
a053_3,a053,0,yaw,other_gap,10390,0.1642573583280484,0.3293808504480942,0.0
a053_3,a053,0,yaw,low_kappa,432,0.14601384984872143,0.3290844100199908,0.0
a053_3,a053,0,yaw,other_kappa,11340,0.1636451643609141,0.32610394165062934,0.0
a053_3,a053,0,hn,all,11772,0.17159285498407587,0.3409332607953473,0.0019537886510363573
a053_3,a053,0,hn,jump,744,0.18862094670512952,0.38324154548306366,0.004032258064516129
a053_3,a053,0,hn,near_jump,6629,0.1708203128957661,0.36600737113641973,0.0034696032584100164
a053_3,a053,0,hn,away,5143,0.17258861261647043,0.3197432192016982,0.0
a053_3,a053,0,hn,low_gap,1382,0.17988155906612602,0.3485458756193626,0.000723589001447178
a053_3,a053,0,hn,other_gap,10390,0.17049035363264242,0.3398761377930386,0.0021174205967276227
a053_3,a053,0,hn,low_kappa,432,0.16304443566907065,0.35864992382031247,0.0023148148148148147
a053_3,a053,0,hn,other_kappa,11340,0.17191850905321893,0.34059639702432215,0.0019400352733686067
a053_3,a053,1,yaw,all,11772,0.15740862493194785,0.30878107925453985,0.0005946313285762827
a053_3,a053,1,yaw,jump,744,0.1521241213517138,0.31207415004979727,0.0013440860215053765
a053_3,a053,1,yaw,near_jump,6629,0.15279718641676227,0.31475613932871316,0.0010559662090813093
a053_3,a053,1,yaw,away,5143,0.16335247597553434,0.3002343982241568,0.0
a053_3,a053,1,yaw,low_gap,1382,0.15768791815910602,0.30019540244606235,0.0
a053_3,a053,1,yaw,other_gap,10390,0.15737147543821037,0.3095390439135007,0.0006737247353224255
a053_3,a053,1,yaw,low_kappa,432,0.13819793403352254,0.3023336884740687,0.0
a053_3,a053,1,yaw,other_kappa,11340,0.1581404607756974,0.3089001593602995,0.0006172839506172839
a053_3,a053,1,hn,all,11772,0.15562825600693317,0.3090230040244853,0.0006795786612300374
a053_3,a053,1,hn,jump,744,0.1601222967073665,0.3447210576890268,0.0013440860215053765
a053_3,a053,1,hn,near_jump,6629,0.15401354163505399,0.3272592439612804,0.0012068185246643535
a053_3,a053,1,hn,away,5143,0.1577095201662151,0.29002270307559336,0.0
a053_3,a053,1,hn,low_gap,1382,0.1576803180507266,0.3064549021921614,0.000723589001447178
a053_3,a053,1,hn,other_gap,10390,0.15535530607964515,0.30918863021000675,0.0006737247353224255
a053_3,a053,1,hn,low_kappa,432,0.13975666249097496,0.30234947384313154,0.0
a053_3,a053,1,hn,other_kappa,11340,0.15623288814087444,0.3091725748742481,0.0007054673721340388
a053_3,a053,2,yaw,all,11772,0.15462615995120962,0.3096282325071022,0.0006795786612300374
a053_3,a053,2,yaw,jump,744,0.15174293794365232,0.30305541419620774,0.0
a053_3,a053,2,yaw,near_jump,6629,0.14503160890576494,0.3037297899123177,0.0012068185246643535
a053_3,a053,2,yaw,away,5143,0.16699292621219597,0.31653526837974416,0.0
a053_3,a053,2,yaw,low_gap,1382,0.14526999608963317,0.283565432434999,0.0
a053_3,a053,2,yaw,other_gap,10390,0.15587064680940968,0.31514398943155264,0.0007699711260827719
a053_3,a053,2,yaw,low_kappa,432,0.1439968592453187,0.3040269741740016,0.0
a053_3,a053,2,yaw,other_kappa,11340,0.15503108569238644,0.30966239095712034,0.0007054673721340388
a053_3,a053,2,hn,all,11772,0.14890390410681198,0.30788125620625645,0.0019537886510363573
a053_3,a053,2,hn,jump,744,0.15585277864155933,0.35230577842934424,0.004032258064516129
a053_3,a053,2,hn,near_jump,6629,0.14890607418443105,0.33412298137587887,0.0034696032584100164
a053_3,a053,2,hn,away,5143,0.1489011070147379,0.2781621703564994,0.0
a053_3,a053,2,hn,low_gap,1382,0.15292036743124404,0.32654840770818666,0.000723589001447178
a053_3,a053,2,hn,other_gap,10390,0.14836966423054967,0.3044712273558841,0.0021174205967276227
a053_3,a053,2,hn,low_kappa,432,0.12599710062148559,0.30023611904383823,0.0023148148148148147
a053_3,a053,2,hn,other_kappa,11340,0.14977654423958633,0.3080144634080265,0.0019400352733686067
a053_3,a053,3,yaw,all,11772,0.14766348578461438,0.2948502164848385,0.0003397893306150187
a053_3,a053,3,yaw,jump,744,0.13490294037712264,0.2913428922901954,0.0
a053_3,a053,3,yaw,near_jump,6629,0.13948090576313904,0.2936251475958772,0.0006034092623321768
a053_3,a053,3,yaw,away,5143,0.1582103111710348,0.2954596144278845,0.0
a053_3,a053,3,yaw,low_gap,1382,0.1395819057160203,0.2659727684660735,0.0
a053_3,a053,3,yaw,other_gap,10390,0.14873843705071613,0.29780367254609913,0.00038498556304138594
a053_3,a053,3,yaw,low_kappa,432,0.12523015988114722,0.27466680176220204,0.0
a053_3,a053,3,yaw,other_kappa,11340,0.14851808867617508,0.2952881289379738,0.0003527336860670194
a053_3,a053,3,hn,all,11772,0.16403316508667448,0.31977794304659246,0.0016989466530750934
a053_3,a053,3,hn,jump,744,0.16031154826584681,0.3288327477327808,0.004032258064516129
a053_3,a053,3,hn,near_jump,6629,0.16068586620076894,0.3295526142986607,0.003017046311660884
a053_3,a053,3,hn,away,5143,0.16834762052409777,0.31053660689631696,0.0
a053_3,a053,3,hn,low_gap,1382,0.16620310575543767,0.31062395825272365,0.000723589001447178
a053_3,a053,3,hn,other_gap,10390,0.16374453582736448,0.32087972835567596,0.0018286814244465833
a053_3,a053,3,hn,low_kappa,432,0.13282886102043368,0.31141155860923597,0.0
a053_3,a053,3,hn,other_kappa,11340,0.1652219004796741,0.3198339669718806,0.001763668430335097
a054_1,a054,0,yaw,all,6821,0.21280472686006174,0.5539604294973898,0.006597273127107462
a054_1,a054,0,yaw,jump,647,0.2208116976849757,0.5902189851790318,0.0077279752704791345
a054_1,a054,0,yaw,near_jump,5329,0.22002390376389264,0.5947358142955885,0.007130793769938075
a054_1,a054,0,yaw,away,1492,0.18701987852191523,0.3479030387390267,0.004691689008042895
a054_1,a054,0,yaw,low_gap,120,0.27670115731223205,0.674266575849773,0.0
a054_1,a054,0,yaw,other_gap,6701,0.21166048396284334,0.5486746017041613,0.006715415609610506
a054_1,a054,0,yaw,low_kappa,415,0.21295783004361615,0.557708118459388,0.004819277108433735
a054_1,a054,0,yaw,other_kappa,6406,0.2127948083740837,0.5533045585742014,0.006712457071495473
a054_1,a054,0,hn,all,6821,0.24593094811952462,0.5733262532732473,0.01011581879489811
a054_1,a054,0,hn,jump,647,0.2500638503713293,0.7077248134458246,0.010819165378670788
a054_1,a054,0,hn,near_jump,5329,0.24963762374865955,0.6260115934970799,0.010133233252017265
a054_1,a054,0,hn,away,1492,0.23269175614388118,0.427750245095104,0.010053619302949061
a054_1,a054,0,hn,low_gap,120,0.32894757949832615,0.7778836135546112,0.008333333333333333
a054_1,a054,0,hn,other_gap,6701,0.24444430496694197,0.5622678593710515,0.010147739143411431
a054_1,a054,0,hn,low_kappa,415,0.23866702123833394,0.6660014660132764,0.007228915662650603
a054_1,a054,0,hn,other_kappa,6406,0.2464015272103292,0.5687970913256524,0.010302841086481423
a054_1,a054,1,yaw,all,6821,0.2144070055799838,0.5320820049123359,0.006890485266090016
a054_1,a054,1,yaw,jump,647,0.22683126438447335,0.5636087936043735,0.0061823802163833074
a054_1,a054,1,yaw,near_jump,5329,0.22133644958153204,0.5715927283526236,0.007506098705197973
a054_1,a054,1,yaw,away,1492,0.1896570008318264,0.342079476964595,0.004691689008042895
a054_1,a054,1,yaw,low_gap,120,0.2802179100813887,0.6287680056205829,0.0
a054_1,a054,1,yaw,other_gap,6701,0.21322847871232695,0.5268531477943212,0.007013878525593195
a054_1,a054,1,yaw,low_kappa,415,0.2134291858226533,0.4927695105113194,0.004819277108433735
a054_1,a054,1,yaw,other_kappa,6406,0.21447035169289233,0.5347105888494244,0.007024664377146425
a054_1,a054,1,hn,all,6821,0.24179320602448284,0.628413774454868,0.01202169769828471
a054_1,a054,1,hn,jump,647,0.2555632251474321,0.7089786310094406,0.02009273570324575
a054_1,a054,1,hn,near_jump,5329,0.24847062501261905,0.6592806092689135,0.014449240007506099
a054_1,a054,1,hn,away,1492,0.21794336300318398,0.44833624951130646,0.003351206434316354
a054_1,a054,1,hn,low_gap,120,0.340133405386495,0.7943278556032165,0.016666666666666666
a054_1,a054,1,hn,other_gap,6701,0.24003215186488852,0.6168097271771503,0.011938516639307567
a054_1,a054,1,hn,low_kappa,415,0.24567328744206673,0.7789922435806859,0.016867469879518072
a054_1,a054,1,hn,other_kappa,6406,0.24154184264822665,0.6166171463405664,0.011707773961910709
a054_1,a054,2,yaw,all,6821,0.2207019986869339,0.5551294053487972,0.00908957630845917
a054_1,a054,2,yaw,jump,647,0.23281880350394177,0.5956368611913857,0.00463678516228748
a054_1,a054,2,yaw,near_jump,5329,0.2267426013927252,0.594273189677636,0.009382623381497467
a054_1,a054,2,yaw,away,1492,0.1991266824542516,0.36061336475226213,0.00804289544235925
a054_1,a054,2,yaw,low_gap,120,0.31948318042837726,0.7102848376744141,0.0
a054_1,a054,2,yaw,other_gap,6701,0.21893304751412787,0.5403018361564598,0.009252350395463363
a054_1,a054,2,yaw,low_kappa,415,0.21654842128968105,0.5496551400406886,0.0
a054_1,a054,2,yaw,other_kappa,6406,0.22097107995759577,0.5550121790431506,0.00967842647517952
a054_1,a054,2,hn,all,6821,0.254607719048243,0.6265572303518643,0.012314909837267263
a054_1,a054,2,hn,jump,647,0.25918919195322004,0.7586791964105869,0.01854714064914992
a054_1,a054,2,hn,near_jump,5329,0.257806612259389,0.6730562421564985,0.013323325201726403
a054_1,a054,2,hn,away,1492,0.2431821815668774,0.4416120855694502,0.00871313672922252
a054_1,a054,2,hn,low_gap,120,0.3428827749923139,0.8706647085083956,0.016666666666666666
a054_1,a054,2,hn,other_gap,6701,0.2530269092119068,0.6180459005100792,0.012236979555290255
a054_1,a054,2,hn,low_kappa,415,0.24014135784925275,0.7167571345860958,0.021686746987951807
a054_1,a054,2,hn,other_kappa,6406,0.2555448935561388,0.6201732278392991,0.011707773961910709
a054_1,a054,3,yaw,all,6821,0.22506041825407977,0.6604917961151422,0.013634364462688755
a054_1,a054,3,yaw,jump,647,0.24188565923667704,0.6828809102659895,0.017001545595054096
a054_1,a054,3,yaw,near_jump,5329,0.2351163736025269,0.7063557627651761,0.015575154813285795
a054_1,a054,3,yaw,away,1492,0.18914340347400288,0.3612521398762809,0.006702412868632708
a054_1,a054,3,yaw,low_gap,120,0.347464860709406,0.8292987758702136,0.008333333333333333
a054_1,a054,3,yaw,other_gap,6701,0.22286842704461263,0.65180757973738,0.0137292941352037
a054_1,a054,3,yaw,low_kappa,415,0.22808845631408914,0.6272906539678061,0.00963855421686747
a054_1,a054,3,yaw,other_kappa,6406,0.22486425281622402,0.6666969863826966,0.013893225101467375
a054_1,a054,3,hn,all,6821,0.26578386909478824,0.6779021775874824,0.019498607242339833
a054_1,a054,3,hn,jump,647,0.26490815269799783,0.8373796665653255,0.02936630602782071
a054_1,a054,3,hn,near_jump,5329,0.268457073430883,0.756079707797662,0.021392381309814225
a054_1,a054,3,hn,away,1492,0.25623594288362944,0.47178177203663896,0.012734584450402145
a054_1,a054,3,hn,low_gap,120,0.3866293031288829,1.0245123860073393,0.058333333333333334
a054_1,a054,3,hn,other_gap,6701,0.2636197962572876,0.6526676725559354,0.018803163706909418
a054_1,a054,3,hn,low_kappa,415,0.25511777782722295,0.7849941517523154,0.01927710843373494
a054_1,a054,3,hn,other_kappa,6406,0.2664748506552065,0.6651846076111056,0.019512956603184514
a054_2,a054,0,yaw,all,12133,0.14628160376665045,0.3803447667686855,0.005686969422236875
a054_2,a054,0,yaw,jump,1272,0.1442354506760418,0.3871540144697091,0.006289308176100629
a054_2,a054,0,yaw,near_jump,10583,0.15113361090867394,0.3895116184047059,0.006330908060096381
a054_2,a054,0,yaw,away,1550,0.11315335113178937,0.30509527624274735,0.0012903225806451613
a054_2,a054,0,yaw,low_gap,291,0.16647421800113502,0.5937670190291305,0.020618556701030927
a054_2,a054,0,yaw,other_gap,11842,0.1457853995154906,0.37347590893011,0.0053200472893092385
a054_2,a054,0,yaw,low_kappa,915,0.14628476662840198,0.3815486947698871,0.002185792349726776
a054_2,a054,0,yaw,other_kappa,11218,0.14628134578675184,0.3800349752666438,0.005972544125512569
a054_2,a054,0,hn,all,12133,0.1526758652659372,0.3986829826427532,0.005110030495343278
a054_2,a054,0,hn,jump,1272,0.15405249879670296,0.4117868965183498,0.003930817610062893
a054_2,a054,0,hn,near_jump,10583,0.15729394380384695,0.4104379038392062,0.005763961069639989
a054_2,a054,0,hn,away,1550,0.12114481677129296,0.33560218846059126,0.0006451612903225806
a054_2,a054,0,hn,low_gap,291,0.1752353494446911,0.6187011641032469,0.024054982817869417
a054_2,a054,0,hn,other_gap,11842,0.15212149861368107,0.39243965189896574,0.004644485728762034
a054_2,a054,0,hn,low_kappa,915,0.1550851570156924,0.4207235367543106,0.002185792349726776
a054_2,a054,0,hn,other_kappa,11218,0.1524793505617987,0.3955072325012359,0.005348546978070958
a054_2,a054,1,yaw,all,12133,0.14640295381139862,0.3869832674819327,0.004533091568449683
a054_2,a054,1,yaw,jump,1272,0.1503894495894835,0.4292813615416139,0.0047169811320754715
a054_2,a054,1,yaw,near_jump,10583,0.1511860883047757,0.39900211313478634,0.0049135405839554
a054_2,a054,1,yaw,away,1550,0.11374494584790847,0.3095746800170726,0.001935483870967742
a054_2,a054,1,yaw,low_gap,291,0.1575096679825434,0.5790813467938847,0.020618556701030927
a054_2,a054,1,yaw,other_gap,11842,0.146130022395776,0.38016825749952554,0.00413781455835163
a054_2,a054,1,yaw,low_kappa,915,0.147513620635486,0.37662672547879594,0.001092896174863388
a054_2,a054,1,yaw,other_kappa,11218,0.14631236189269298,0.38779086665529117,0.004813692280263861
a054_2,a054,1,hn,all,12133,0.15645859087956807,0.40223255680589215,0.00947828237039479
a054_2,a054,1,hn,jump,1272,0.15423263800732176,0.42304207886935,0.010220125786163521
a054_2,a054,1,hn,near_jump,10583,0.1605918224652547,0.40777422071183717,0.009921572332986866
a054_2,a054,1,hn,away,1550,0.1282379522529091,0.3441829275300795,0.0064516129032258064
a054_2,a054,1,hn,low_gap,291,0.18462732198011886,0.6718488108201559,0.037800687285223365
a054_2,a054,1,hn,other_gap,11842,0.155766385107717,0.3945820539264656,0.008782300287113663
a054_2,a054,1,hn,low_kappa,915,0.15829751194168892,0.4234558943736397,0.009836065573770493
a054_2,a054,1,hn,other_kappa,11218,0.15630859865529986,0.39985739371225854,0.009449099661258691
a054_2,a054,2,yaw,all,12133,0.14653641235897324,0.37504367491279933,0.006758427429324982
a054_2,a054,2,yaw,jump,1272,0.1517188401271679,0.39588176658854585,0.009433962264150943
a054_2,a054,2,yaw,near_jump,10583,0.15158234963409875,0.38743993215254696,0.007653784371161296
a054_2,a054,2,yaw,away,1550,0.1120840548217777,0.3143235347606776,0.0006451612903225806
a054_2,a054,2,yaw,low_gap,291,0.17934252217146315,0.7153355311267877,0.027491408934707903
a054_2,a054,2,yaw,other_gap,11842,0.1457302497212909,0.3677794263285297,0.006248944435061645
a054_2,a054,2,yaw,low_kappa,915,0.14646892988589616,0.3649155470593971,0.004371584699453552
a054_2,a054,2,yaw,other_kappa,11218,0.14654191658992935,0.37535443402327134,0.006953111071492245
a054_2,a054,2,hn,all,12133,0.1560691027493572,0.39600706093714777,0.005274870188741449
a054_2,a054,2,hn,jump,1272,0.16289636314483982,0.41287156959025634,0.007861635220125786
a054_2,a054,2,hn,near_jump,10583,0.15978393180598324,0.405182701875285,0.005385996409335727
a054_2,a054,2,hn,away,1550,0.13070520861627757,0.34473162964697396,0.004516129032258065
a054_2,a054,2,hn,low_gap,291,0.18194089409444164,0.7150340733999295,0.030927835051546393
a054_2,a054,2,hn,other_gap,11842,0.15543334094548794,0.39013458879861773,0.004644485728762034
a054_2,a054,2,hn,low_kappa,915,0.1570721243916768,0.38865236888110954,0.002185792349726776
a054_2,a054,2,hn,other_kappa,11218,0.1559872909466542,0.39717126152500704,0.005526831877339989
a054_2,a054,3,yaw,all,12133,0.15285054081963798,0.3880674251079115,0.007252946509519492
a054_2,a054,3,yaw,jump,1272,0.15586993144145198,0.3899129248835977,0.007075471698113208
a054_2,a054,3,yaw,near_jump,10583,0.15792825855483988,0.3986062157045237,0.007937257866389493
a054_2,a054,3,yaw,away,1550,0.1181811945024497,0.313102999544944,0.0025806451612903226
a054_2,a054,3,yaw,low_gap,291,0.1676997796624592,0.7029412793548395,0.024054982817869417
a054_2,a054,3,yaw,other_gap,11842,0.15248564228026448,0.379521546727457,0.006840060800540449
a054_2,a054,3,yaw,low_kappa,915,0.15257032718174943,0.35120557504185956,0.007650273224043716
a054_2,a054,3,yaw,other_kappa,11218,0.1528733965406817,0.3898509131233192,0.007220538420395792
a054_2,a054,3,hn,all,12133,0.1710198157217302,0.40700336420018735,0.007005686969422237
a054_2,a054,3,hn,jump,1272,0.17556961365505327,0.4678308948155505,0.007075471698113208
a054_2,a054,3,hn,near_jump,10583,0.17591757711122294,0.4204503270851513,0.0073703108759331
a054_2,a054,3,hn,away,1550,0.13757916489269661,0.3329332532917767,0.004516129032258065
a054_2,a054,3,hn,low_gap,291,0.2004444579709083,0.8615336299669211,0.037800687285223365
a054_2,a054,3,hn,other_gap,11842,0.1702967477522562,0.3981759841603303,0.006248944435061645
a054_2,a054,3,hn,low_kappa,915,0.16570006780435423,0.39202506168478124,0.001092896174863388
a054_2,a054,3,hn,other_kappa,11218,0.17145372277685578,0.4078371023547472,0.0074879657692993404
a054_3,a054,0,yaw,all,13374,0.22976824891861092,0.65408137907072,0.010767160161507403
a054_3,a054,0,yaw,jump,1328,0.24851052841667598,0.7446287235671631,0.015060240963855422
a054_3,a054,0,yaw,near_jump,10511,0.23857581102916228,0.6837251092875807,0.013033964418228523
a054_3,a054,0,yaw,away,2863,0.1974328366433733,0.5293232586647884,0.0024449877750611247
a054_3,a054,0,yaw,low_gap,395,0.3177444846438522,0.66163944506245,0.012658227848101266
a054_3,a054,0,yaw,other_gap,12979,0.2270907997228739,0.6534712966276317,0.010709607828029894
a054_3,a054,0,yaw,low_kappa,890,0.2680503103487449,0.7792761767028155,0.017977528089887642
a054_3,a054,0,yaw,other_kappa,12484,0.22703907279935273,0.6435457639389454,0.01025312399871836
a054_3,a054,0,hn,all,13374,0.25346212223589415,0.5921043132202289,0.015552564677732915
a054_3,a054,0,hn,jump,1328,0.2605193084249176,0.6428859450721298,0.016566265060240965
a054_3,a054,0,hn,near_jump,10511,0.25935367889596717,0.6206206622369386,0.017695747312339454
a054_3,a054,0,hn,away,2863,0.23183231013179806,0.5057021685272107,0.007684247293049249
a054_3,a054,0,hn,low_gap,395,0.31708392477451325,0.686036313887894,0.015189873417721518
a054_3,a054,0,hn,other_gap,12979,0.2515258704443266,0.5904256517191878,0.015563602742892365
a054_3,a054,0,hn,low_kappa,890,0.27211470584946285,0.7189304126654669,0.02247191011235955
a054_3,a054,0,hn,other_kappa,12484,0.25213235618205915,0.584912861671529,0.01505927587311759
a054_3,a054,1,yaw,all,13374,0.23784782409639268,0.6388491815177471,0.01278600269179004
a054_3,a054,1,yaw,jump,1328,0.2602748633831935,0.7283782324231501,0.02108433734939759
a054_3,a054,1,yaw,near_jump,10511,0.24735898098185663,0.6658278540374936,0.015602701931310057
a054_3,a054,1,yaw,away,2863,0.20292928758814555,0.5137794942665498,0.0024449877750611247
a054_3,a054,1,yaw,low_gap,395,0.32730666500511263,0.7164790218725148,0.015189873417721518
a054_3,a054,1,yaw,other_gap,12979,0.2351252536241726,0.6361343283632193,0.012712843824639802
a054_3,a054,1,yaw,low_kappa,890,0.27645992495144567,0.7644555448317759,0.028089887640449437
a054_3,a054,1,yaw,other_kappa,12484,0.23509511905305744,0.6307718228337275,0.011694969561038129
a054_3,a054,1,hn,all,13374,0.24743972980321396,0.693033648563702,0.02452519814565575
a054_3,a054,1,hn,jump,1328,0.2619912717717995,0.7592416815448242,0.03237951807228916
a054_3,a054,1,hn,near_jump,10511,0.25691391025240207,0.7433883809145865,0.027495005232613452
a054_3,a054,1,hn,away,2863,0.21265694576499675,0.5015177447973759,0.013622074746769124
a054_3,a054,1,hn,low_gap,395,0.358041056523291,0.9169233921049226,0.04810126582278481
a054_3,a054,1,hn,other_gap,12979,0.2440737136190372,0.6860560205531596,0.02380768934432545
a054_3,a054,1,hn,low_kappa,890,0.28342515658494444,0.9096961496869609,0.046067415730337076
a054_3,a054,1,hn,other_kappa,12484,0.2448742836452726,0.6777861707999617,0.02298942646587632
a054_3,a054,2,yaw,all,13374,0.24010228066970393,0.6487031931486068,0.011066247943771496
a054_3,a054,2,yaw,jump,1328,0.2598312495080172,0.7173640926477142,0.016566265060240965
a054_3,a054,2,yaw,near_jump,10511,0.24907212816762692,0.6863631014740423,0.013604794976691086
a054_3,a054,2,yaw,away,2863,0.20717106619165007,0.504472395809549,0.0017464198393293748
a054_3,a054,2,yaw,low_gap,395,0.3174266271225508,0.6884334109183213,0.007594936708860759
a054_3,a054,2,yaw,other_gap,12979,0.23774900870353746,0.6482332817159429,0.011171893058016797
a054_3,a054,2,yaw,low_kappa,890,0.2771131916296479,0.7965112607442143,0.017977528089887642
a054_3,a054,2,yaw,other_kappa,12484,0.23746372645996744,0.6345121853083318,0.010573534123678308
a054_3,a054,2,hn,all,13374,0.24262900834843812,0.6182341086981445,0.013907581875280395
a054_3,a054,2,hn,jump,1328,0.2550332659861619,0.6939941243041633,0.01581325301204819
a054_3,a054,2,hn,near_jump,10511,0.2480781502903439,0.6620613514444338,0.016363809342593474
a054_3,a054,2,hn,away,2863,0.2226234439225312,0.5095208895158644,0.004889975550122249
a054_3,a054,2,hn,low_gap,395,0.3199296980720004,0.7797599213910933,0.015189873417721518
a054_3,a054,2,hn,other_gap,12979,0.24027645634591044,0.6103613612685588,0.013868556899607058
a054_3,a054,2,hn,low_kappa,890,0.2658408443318033,0.7423826899201276,0.024719101123595506
a054_3,a054,2,hn,other_kappa,12484,0.24097420748131262,0.6087902733780114,0.013136815123357898
a054_3,a054,3,yaw,all,13374,0.23683689304640662,0.6760397668312482,0.01525347689546882
a054_3,a054,3,yaw,jump,1328,0.25553059306468723,0.7494249749027216,0.024096385542168676
a054_3,a054,3,yaw,near_jump,10511,0.24515752101738145,0.7110995477229962,0.017410332033108173
a054_3,a054,3,yaw,away,2863,0.2062891736601278,0.541155564624895,0.007334963325183374
a054_3,a054,3,yaw,low_gap,395,0.3190998341385007,0.730419493225202,0.007594936708860759
a054_3,a054,3,yaw,other_gap,12979,0.23433332098913123,0.6727447931933436,0.015486555204561214
a054_3,a054,3,yaw,low_kappa,890,0.27076454839768116,0.8242520099271429,0.033707865168539325
a054_3,a054,3,yaw,other_kappa,12484,0.23441814799172592,0.6645084607025726,0.01393784043575777
a054_3,a054,3,hn,all,13374,0.25744452183921157,0.7057199511830464,0.020113653357260355
a054_3,a054,3,hn,jump,1328,0.2735095100907204,0.7896283427369968,0.02710843373493976
a054_3,a054,3,hn,near_jump,10511,0.265489847522198,0.7457427502908955,0.023118637617733803
a054_3,a054,3,hn,away,2863,0.2279075262912302,0.5464405000190845,0.009081383164512749
a054_3,a054,3,hn,low_gap,395,0.3418447974720761,0.7458165245946716,0.015189873417721518
a054_3,a054,3,hn,other_gap,12979,0.25487590261777837,0.7017830013456392,0.020263502581092534
a054_3,a054,3,hn,low_kappa,890,0.28483921490603237,0.8192790309554286,0.029213483146067417
a054_3,a054,3,hn,other_kappa,12484,0.2554915198503081,0.695105923079076,0.019464915091316884
a055_2,a055,0,yaw,all,13414,0.36778676888620715,0.9202877231432,0.04085284031608767
a055_2,a055,0,yaw,jump,1213,0.37471450358819486,0.9207176384914437,0.041220115416323165
a055_2,a055,0,yaw,near_jump,9806,0.37497847874605533,0.9459529752223929,0.04385070365082602
a055_2,a055,0,yaw,away,3608,0.34824078582476814,0.8270572627646176,0.03270509977827051
a055_2,a055,0,yaw,low_gap,300,0.32580121199582596,0.7826915327567154,0.02666666666666667
a055_2,a055,0,yaw,other_gap,13114,0.36874724372737794,0.9229536400695981,0.04117736769864267
a055_2,a055,0,yaw,low_kappa,985,0.3769573675946711,0.846251542014144,0.025380710659898477
a055_2,a055,0,yaw,other_kappa,12429,0.36705999764734343,0.9273777832146866,0.042079008769812534
a055_2,a055,0,hn,all,13414,0.3949077902540222,1.145577226560136,0.07044878485164753
a055_2,a055,0,hn,jump,1213,0.39898733818192017,1.0863749421393862,0.0717230008244023
a055_2,a055,0,hn,near_jump,9806,0.3992880616925176,1.1135607384600095,0.06791760146848869
a055_2,a055,0,hn,away,3608,0.3830028729242308,1.2052964159837345,0.07732815964523282
a055_2,a055,0,hn,low_gap,300,0.39419975495859955,1.0907809984537251,0.07333333333333333
a055_2,a055,0,hn,other_gap,13114,0.3949239874927461,1.1462305904179275,0.07038279701082813
a055_2,a055,0,hn,low_kappa,985,0.39583764974621993,1.0843123072735326,0.0649746192893401
a055_2,a055,0,hn,other_kappa,12429,0.3948340987583414,1.1568352729783031,0.0708826132432215
a055_2,a055,1,yaw,all,13414,0.37236935546908834,0.9662744759344304,0.044505740271358285
a055_2,a055,1,yaw,jump,1213,0.36848273786569297,0.9229711547059704,0.036273701566364384
a055_2,a055,1,yaw,near_jump,9806,0.37613530473043094,0.9663041100617125,0.04395268203140934
a055_2,a055,1,yaw,away,3608,0.36213407319172525,0.9649799801649597,0.046008869179600884
a055_2,a055,1,yaw,low_gap,300,0.3261139610863186,0.8661299619723258,0.02666666666666667
a055_2,a055,1,yaw,other_gap,13114,0.3734275084593911,0.9690512743362433,0.04491383254537136
a055_2,a055,1,yaw,low_kappa,985,0.3640493711840962,0.8408468631452615,0.029441624365482234
a055_2,a055,1,yaw,other_kappa,12429,0.37302871539512555,0.9741903571847654,0.0456995735779226
a055_2,a055,1,hn,all,13414,0.43726023669251757,1.2713815667205444,0.10384672729983599
a055_2,a055,1,hn,jump,1213,0.4215022537209268,1.143448131952282,0.0832646331409728
a055_2,a055,1,hn,near_jump,9806,0.4237548996667226,1.2236818462045376,0.09025086681623495
a055_2,a055,1,hn,away,3608,0.47396570644721425,1.3626929757784696,0.14079822616407983
a055_2,a055,1,hn,low_gap,300,0.3993339731374778,1.0911495373305924,0.056666666666666664
a055_2,a055,1,hn,other_gap,13114,0.4381278498590962,1.2755349803261335,0.1049260332469117
a055_2,a055,1,hn,low_kappa,985,0.4158413145162576,1.1890194924908133,0.08527918781725888
a055_2,a055,1,hn,other_kappa,12429,0.43895768929076484,1.2748104423022384,0.10531820741813501
a055_2,a055,2,yaw,all,13414,0.3753362608524599,0.9594414006404165,0.04562397495154316
a055_2,a055,2,yaw,jump,1213,0.3799389325996015,0.9948022029615132,0.0494641384995878
a055_2,a055,2,yaw,near_jump,9806,0.37930351548621505,0.9761141151479895,0.04670609830715888
a055_2,a055,2,yaw,away,3608,0.36455386092490916,0.9080029873367624,0.042682926829268296
a055_2,a055,2,yaw,low_gap,300,0.34071488547858714,0.9759493761886807,0.043333333333333335
a055_2,a055,2,yaw,other_gap,13114,0.3761282703546836,0.9592426016843689,0.04567637639164252
a055_2,a055,2,yaw,low_kappa,985,0.3688823606514699,0.8555384395120634,0.03451776649746193
a055_2,a055,2,yaw,other_kappa,12429,0.37584773335209587,0.9655883583587779,0.046504143535280394
a055_2,a055,2,hn,all,13414,0.4071331083773848,1.1292479649075915,0.07111972565975846
a055_2,a055,2,hn,jump,1213,0.3997123663006954,1.0531797382870793,0.06183017312448475
a055_2,a055,2,hn,near_jump,9806,0.40722114383395425,1.117279605452556,0.06852947175198858
a055_2,a055,2,hn,away,3608,0.4068938412800679,1.1491872124354903,0.07815964523281596
a055_2,a055,2,hn,low_gap,300,0.37821867489387706,1.0193200695159055,0.05333333333333334
a055_2,a055,2,hn,other_gap,13114,0.40779456407702275,1.131254077868364,0.07152661278023487
a055_2,a055,2,hn,low_kappa,985,0.41236071337153674,1.1049954328256393,0.0700507614213198
a055_2,a055,2,hn,other_kappa,12429,0.40671881994555287,1.131635148200833,0.07120444122616461
a055_2,a055,3,yaw,all,13414,0.37202749277253155,0.9588395094569809,0.045996719844938125
a055_2,a055,3,yaw,jump,1213,0.37496309495844865,0.9028534810811004,0.041220115416323165
a055_2,a055,3,yaw,near_jump,9806,0.37520210450484837,0.9651697765149428,0.04599224964307567
a055_2,a055,3,yaw,away,3608,0.36339937673952194,0.9347590079021323,0.046008869179600884
a055_2,a055,3,yaw,low_gap,300,0.3376656109520709,0.8464149491501212,0.03666666666666667
a055_2,a055,3,yaw,other_gap,13114,0.3728135660183862,0.964265031550879,0.04621015708403233
a055_2,a055,3,yaw,low_kappa,985,0.36439468441066925,0.8377377336899204,0.03451776649746193
a055_2,a055,3,yaw,other_kappa,12429,0.37263239390990666,0.9682230371796923,0.04690642851395929
a055_2,a055,3,hn,all,13414,0.39386450477591206,1.08258726953304,0.06157745638884747
a055_2,a055,3,hn,jump,1213,0.4092532993220781,1.0886057999537846,0.06265457543281121
a055_2,a055,3,hn,near_jump,9806,0.3974507796035395,1.096936330079674,0.06271670405873955
a055_2,a055,3,hn,away,3608,0.384117550518785,1.0559411114422517,0.058481152993348114
a055_2,a055,3,hn,low_gap,300,0.4058028400329631,1.0301271990817988,0.06666666666666667
a055_2,a055,3,hn,other_gap,13114,0.39359139965336243,1.0832451961273717,0.061461034009455545
a055_2,a055,3,hn,low_kappa,985,0.3986486423778176,1.0387149522964967,0.05989847715736041
a055_2,a055,3,hn,other_kappa,12429,0.3934853611973557,1.0845793481051074,0.06171051572934266
a055_3,a055,0,yaw,all,13735,0.42275759586694656,1.132165440111702,0.06421550782672006
a055_3,a055,0,yaw,jump,1323,0.42051241712603615,1.091444166999083,0.06198034769463341
a055_3,a055,0,yaw,near_jump,10561,0.4154515999950648,1.091588336326019,0.06097907395133036
a055_3,a055,0,yaw,away,3174,0.44706718074500024,1.3053443167707077,0.07498424700693132
a055_3,a055,0,yaw,low_gap,336,0.4149518705900958,0.9624484582323262,0.044642857142857144
a055_3,a055,0,yaw,other_gap,13399,0.42295333612316127,1.1385620527392155,0.06470632136726621
a055_3,a055,0,yaw,low_kappa,1062,0.4069913626517088,0.9751035857919153,0.047080979284369114
a055_3,a055,0,yaw,other_kappa,12673,0.424078809444993,1.1465475974792596,0.06565138483389885
a055_3,a055,0,hn,all,13735,0.457785956050825,1.266311073845502,0.09159082635602475
a055_3,a055,0,hn,jump,1323,0.4800032187846803,1.3014294841819716,0.09674981103552532
a055_3,a055,0,hn,near_jump,10561,0.467087313374437,1.2934956059466698,0.0981914591421267
a055_3,a055,0,hn,away,3174,0.4268371108414151,1.1406719688669265,0.06962822936357908
a055_3,a055,0,hn,low_gap,336,0.5069999833959011,1.395989665003527,0.13690476190476192
a055_3,a055,0,hn,other_gap,13399,0.4565518405804208,1.2649048207097406,0.09045451153071124
a055_3,a055,0,hn,low_kappa,1062,0.4528798407683232,1.1811637576488414,0.08380414312617702
a055_3,a055,0,hn,other_kappa,12673,0.45819708951804006,1.2693805947125352,0.09224335200820642
a055_3,a055,1,yaw,all,13735,0.442625112177845,1.2033120052815758,0.07426283218056061
a055_3,a055,1,yaw,jump,1323,0.44550688801844096,1.212055519287512,0.06878306878306878
a055_3,a055,1,yaw,near_jump,10561,0.43969093318878966,1.1765866299575858,0.07290976233311239
a055_3,a055,1,yaw,away,3174,0.4523881444095441,1.2604161565294014,0.07876496534341525
a055_3,a055,1,yaw,low_gap,336,0.5162111055448563,1.3366370638025118,0.11904761904761904
a055_3,a055,1,yaw,other_gap,13399,0.44077983314423685,1.1922030049613126,0.07313978655123517
a055_3,a055,1,yaw,low_kappa,1062,0.39405964524797754,0.9292979003386005,0.046139359698681735
a055_3,a055,1,yaw,other_kappa,12673,0.4466949082702871,1.2244426587932125,0.07661958494436992
a055_3,a055,1,hn,all,13735,0.4920404469013456,1.3381567837816912,0.12158718602111394
a055_3,a055,1,hn,jump,1323,0.4977290330755956,1.3255159023485175,0.10808767951625095
a055_3,a055,1,hn,near_jump,10561,0.4882178480124241,1.3371103855840532,0.12082189186630055
a055_3,a055,1,hn,away,3174,0.5047595605957058,1.3478448404489136,0.12413358538122243
a055_3,a055,1,hn,low_gap,336,0.5073471248951843,1.2330005327641498,0.12797619047619047
a055_3,a055,1,hn,other_gap,13399,0.4916566090174789,1.3413074529192945,0.12142697216210165
a055_3,a055,1,hn,low_kappa,1062,0.45984041481745064,1.2847794689102836,0.09981167608286252
a055_3,a055,1,hn,other_kappa,12673,0.4947388161961531,1.3440077243617221,0.12341197822141561
a055_3,a055,2,yaw,all,13735,0.4292734112193111,1.1613591282908053,0.06902074990899162
a055_3,a055,2,yaw,jump,1323,0.4323966844149099,1.188008391262469,0.07256235827664399
a055_3,a055,2,yaw,near_jump,10561,0.4258391835507398,1.149301818760529,0.06893286620585172
a055_3,a055,2,yaw,away,3174,0.44070027902264497,1.2345861722239215,0.06931316950220542
a055_3,a055,2,yaw,low_gap,336,0.44597261819565515,1.1696691160102843,0.09226190476190477
a055_3,a055,2,yaw,other_gap,13399,0.4288546535848569,1.1611858974182312,0.06843794313008433
a055_3,a055,2,yaw,low_kappa,1062,0.3904541361832261,1.0483174505741386,0.05273069679849341
a055_3,a055,2,yaw,other_kappa,12673,0.4325264744315199,1.1655771003330035,0.07038585970172809
a055_3,a055,2,hn,all,13735,0.4585107728559791,1.299320677008843,0.09246450673461959
a055_3,a055,2,hn,jump,1323,0.45166586045204615,1.2316328969440096,0.08238851095993953
a055_3,a055,2,hn,near_jump,10561,0.4567558580955469,1.2716284582160808,0.0899536028785153
a055_3,a055,2,hn,away,3174,0.4643499835632643,1.3432732796244842,0.10081915563957151
a055_3,a055,2,hn,low_gap,336,0.5333833471741075,1.5425800281147302,0.11607142857142858
a055_3,a055,2,hn,other_gap,13399,0.4566332308774067,1.2942842038162508,0.09187252780058214
a055_3,a055,2,hn,low_kappa,1062,0.4237294295465199,1.1302757591009769,0.0743879472693032
a055_3,a055,2,hn,other_kappa,12673,0.46142545656107226,1.3121218814837465,0.09397932612641048
a055_3,a055,3,yaw,all,13735,0.44446696429767796,1.1938347920215897,0.07382599199126319
a055_3,a055,3,yaw,jump,1323,0.4441827652129147,1.1690755725492794,0.07256235827664399
a055_3,a055,3,yaw,near_jump,10561,0.43889264851957416,1.1748024384924256,0.0711106902755421
a055_3,a055,3,yaw,away,3174,0.4630146482713876,1.2579033844157999,0.08286074354127285
a055_3,a055,3,yaw,low_gap,336,0.47744635382196693,1.2556676809992235,0.09226190476190477
a055_3,a055,3,yaw,other_gap,13399,0.4436399566941134,1.1897922097690214,0.07336368385700426
a055_3,a055,3,yaw,low_kappa,1062,0.4053601390314936,1.0147090158854857,0.05367231638418079
a055_3,a055,3,yaw,other_kappa,12673,0.447744124278163,1.2075596174136947,0.07551487414187644
a055_3,a055,3,hn,all,13735,0.45612639449426495,1.1975309300910169,0.08045140152894066
a055_3,a055,3,hn,jump,1323,0.4691285600919805,1.2169464401180219,0.08163265306122448
a055_3,a055,3,hn,near_jump,10561,0.45840949980103385,1.2001686481347271,0.08408294669065429
a055_3,a055,3,hn,away,3174,0.4485297104536898,1.172637887421273,0.06836798991808443
a055_3,a055,3,hn,low_gap,336,0.49005052992695103,1.1778054178798163,0.10416666666666667
a055_3,a055,3,hn,other_gap,13399,0.4552756959715854,1.1975235323954965,0.07985670572430778
a055_3,a055,3,hn,low_kappa,1062,0.4466541817995242,1.0959445035087039,0.0687382297551789
a055_3,a055,3,hn,other_kappa,12673,0.4569201678614089,1.2070018729970298,0.08143296772666299
a057_1,a057,0,yaw,all,10610,0.28853789587337597,0.9264745783376622,0.033270499528746465
a057_1,a057,0,yaw,jump,734,0.24450100802967345,0.7160161304020038,0.01907356948228883
a057_1,a057,0,yaw,near_jump,6858,0.25451784811152756,0.7820497203385881,0.02289297171186935
a057_1,a057,0,yaw,away,3752,0.3507205951139826,1.0037027141152086,0.05223880597014925
a057_1,a057,0,yaw,low_gap,173,0.24897027287612664,0.5537802787294512,0.03468208092485549
a057_1,a057,0,yaw,other_gap,10437,0.28919375471964637,0.9274820058436134,0.033247101657564435
a057_1,a057,0,yaw,low_kappa,358,0.2706492886458906,0.9262039135000838,0.030726256983240222
a057_1,a057,0,yaw,other_kappa,10252,0.2891625663169421,0.9263917337816754,0.0333593445181428
a057_1,a057,0,hn,all,10610,0.31319281058864806,0.9545627122138027,0.03986804901036758
a057_1,a057,0,hn,jump,734,0.2779149574443022,0.7938327991723421,0.02452316076294278
a057_1,a057,0,hn,near_jump,6858,0.28403565858823404,0.8550643426421971,0.02989209682123068
a057_1,a057,0,hn,away,3752,0.36648698660646245,1.0290511746293665,0.05810234541577825
a057_1,a057,0,hn,low_gap,173,0.2475545482162403,0.6539643355421862,0.011560693641618497
a057_1,a057,0,hn,other_gap,10437,0.31428080708097594,0.9577741642621455,0.040337261665229475
a057_1,a057,0,hn,low_kappa,358,0.3019011569337449,0.9440425572917176,0.0335195530726257
a057_1,a057,0,hn,other_kappa,10252,0.3135871153105028,0.9549489747715926,0.04008973858759266
a057_1,a057,1,yaw,all,10610,0.27917378617002986,0.8863829466673365,0.028369462770970782
a057_1,a057,1,yaw,jump,734,0.23692447492861418,0.6808318739961933,0.017711171662125342
a057_1,a057,1,yaw,near_jump,6858,0.24891232934342145,0.767816106798488,0.020705745115193935
a057_1,a057,1,yaw,away,3752,0.3344864383333776,0.9700873467641339,0.0423773987206823
a057_1,a057,1,yaw,low_gap,173,0.24656153347331797,0.5668800296937642,0.023121387283236993
a057_1,a057,1,yaw,other_gap,10437,0.2797143552719299,0.8875924595247126,0.028456453003736705
a057_1,a057,1,yaw,low_kappa,358,0.26785731902383514,0.8511691449833958,0.030726256983240222
a057_1,a057,1,yaw,other_kappa,10252,0.2795689573793878,0.8882779119415485,0.02828716348029653
a057_1,a057,1,hn,all,10610,0.29543734701190866,0.9826053522695519,0.04561734213006598
a057_1,a057,1,hn,jump,734,0.2991015453021726,0.9204080892717639,0.0340599455040872
a057_1,a057,1,hn,near_jump,6858,0.26765161984636093,0.9194648751208572,0.03747448235637212
a057_1,a057,1,hn,away,3752,0.3462247982116225,1.0244490627226843,0.06050106609808102
a057_1,a057,1,hn,low_gap,173,0.25106172961686896,0.6378286926355449,0.017341040462427744
a057_1,a057,1,hn,other_gap,10437,0.2961729014633163,0.9844818464259514,0.046086040049822745
a057_1,a057,1,hn,low_kappa,358,0.3372921779079566,1.0358742484228392,0.07541899441340782
a057_1,a057,1,hn,other_kappa,10252,0.2939757756638024,0.9786132246513995,0.044576667967225904
a057_1,a057,2,yaw,all,10610,0.284156032734783,0.9401309868987889,0.03713477851083883
a057_1,a057,2,yaw,jump,734,0.24415691501740966,0.7845084466625072,0.01907356948228883
a057_1,a057,2,yaw,near_jump,6858,0.25293547986222464,0.8077262255026008,0.025080198308544764
a057_1,a057,2,yaw,away,3752,0.3412217447816928,1.031653939906714,0.059168443496801705
a057_1,a057,2,yaw,low_gap,173,0.2277326038206886,0.5314583883912493,0.005780346820809248
a057_1,a057,2,yaw,other_gap,10437,0.2850912874250329,0.9435656953181613,0.03765449841908594
a057_1,a057,2,yaw,low_kappa,358,0.2597994012057448,0.8660941152825141,0.027932960893854747
a057_1,a057,2,yaw,other_kappa,10252,0.285006566687904,0.9408358598817887,0.03745610612563402
a057_1,a057,2,hn,all,10610,0.2797600053974721,0.9006505112955304,0.03345900094250707
a057_1,a057,2,hn,jump,734,0.266391973263973,0.7263726316760842,0.02452316076294278
a057_1,a057,2,hn,near_jump,6858,0.25543166437102577,0.8530690110284586,0.028871391076115485
a057_1,a057,2,hn,away,3752,0.32422795922459596,0.9676850391729902,0.041844349680170576
a057_1,a057,2,hn,low_gap,173,0.24140069465177405,0.5490998808962473,0.017341040462427744
a057_1,a057,2,hn,other_gap,10437,0.2803958356896064,0.9053143639199717,0.03372616652294721
a057_1,a057,2,hn,low_kappa,358,0.2969479518042299,0.908878643562433,0.0446927374301676
a057_1,a057,2,hn,other_kappa,10252,0.27915980204070084,0.9005890194671735,0.03306671868903629
a057_1,a057,3,yaw,all,10610,0.27619514434456754,0.9317953515992836,0.03581526861451461
a057_1,a057,3,yaw,jump,734,0.23659113088051406,0.7272691596690446,0.017711171662125342
a057_1,a057,3,yaw,near_jump,6858,0.2479508000538711,0.7972171556738872,0.022747156605424323
a057_1,a057,3,yaw,away,3752,0.32782086746439604,1.0279436020891755,0.05970149253731343
a057_1,a057,3,yaw,low_gap,173,0.23886200326940807,0.5588862200051232,0.023121387283236993
a057_1,a057,3,yaw,other_gap,10437,0.2768139652132082,0.932803843051042,0.03602567787678452
a057_1,a057,3,yaw,low_kappa,358,0.27539928942486713,0.8717584313446258,0.025139664804469275
a057_1,a057,3,yaw,other_kappa,10252,0.27622293561078415,0.9334347455132748,0.036188060866172454
a057_1,a057,3,hn,all,10610,0.2988038360144079,0.9491197339480383,0.039679547596606975
a057_1,a057,3,hn,jump,734,0.2868736941807816,0.901063716637893,0.03678474114441417
a057_1,a057,3,hn,near_jump,6858,0.2700609457256215,0.8612548552542594,0.0310586176727909
a057_1,a057,3,hn,away,3752,0.35134081405291995,1.0132241705714167,0.05543710021321962
a057_1,a057,3,hn,low_gap,173,0.27264754122948287,0.8374211678210491,0.03468208092485549
a057_1,a057,3,hn,other_gap,10437,0.29923739345407374,0.9503043806073377,0.039762383826770144
a057_1,a057,3,hn,low_kappa,358,0.3136952589154248,1.0087780230831493,0.05307262569832402
a057_1,a057,3,hn,other_kappa,10252,0.29828382729429825,0.9464564033372121,0.03921186110027312
a057_2,a057,0,yaw,all,13524,0.1814040902960944,0.6314636956740183,0.013901212658976633
a057_2,a057,0,yaw,jump,1206,0.15338624473892962,0.5624712472361877,0.014925373134328358
a057_2,a057,0,yaw,near_jump,10604,0.16401672683362836,0.5888329535442725,0.011410788381742738
a057_2,a057,0,yaw,away,2920,0.24454641980157032,0.7179109684451941,0.022945205479452054
a057_2,a057,0,yaw,low_gap,303,0.2166169657929673,0.8613207162312596,0.013201320132013201
a057_2,a057,0,yaw,other_gap,13221,0.1805970786271168,0.6239848594402719,0.013917252855305953
a057_2,a057,0,yaw,low_kappa,1014,0.16993911224189495,0.6143191903133771,0.01775147928994083
a057_2,a057,0,yaw,other_kappa,12510,0.1823333858793844,0.6316391218811122,0.013589128697042365
a057_2,a057,0,hn,all,13524,0.19687192286031685,0.7108758723237637,0.01774622892635315
a057_2,a057,0,hn,jump,1206,0.172785411722158,0.7387452800812595,0.02321724709784411
a057_2,a057,0,hn,near_jump,10604,0.18198528209795178,0.6777883690824394,0.016597510373443983
a057_2,a057,0,hn,away,2920,0.25093286075213844,0.8037605143941322,0.021917808219178082
a057_2,a057,0,hn,low_gap,303,0.25063710722666277,0.9656722340572769,0.039603960396039604
a057_2,a057,0,hn,other_gap,13221,0.19563972780222721,0.7005509009106545,0.017245291581574767
a057_2,a057,0,hn,low_kappa,1014,0.19424858219626615,0.8251575459572212,0.028599605522682446
a057_2,a057,0,hn,other_kappa,12510,0.1970845581467555,0.7021605241416876,0.016866506794564348
a057_2,a057,1,yaw,all,13524,0.1830770060140653,0.6143783122117685,0.013457556935817806
a057_2,a057,1,yaw,jump,1206,0.15202456450598256,0.5648708551191522,0.012437810945273632
a057_2,a057,1,yaw,near_jump,10604,0.16652782572964403,0.5930696799959765,0.013296869105997736
a057_2,a057,1,yaw,away,2920,0.24317546756749103,0.6849806597544382,0.014041095890410958
a057_2,a057,1,yaw,low_gap,303,0.23356226313334147,0.890216190060112,0.0231023102310231
a057_2,a057,1,yaw,other_gap,13221,0.181919980606975,0.6056363936909884,0.013236517661296422
a057_2,a057,1,yaw,low_kappa,1014,0.172888457570612,0.6048291857090814,0.020710059171597635
a057_2,a057,1,yaw,other_kappa,12510,0.18390284039629248,0.6145579667163029,0.012869704236610711
a057_2,a057,1,hn,all,13524,0.1994601439763978,0.6946202799581752,0.01818988464951198
a057_2,a057,1,hn,jump,1206,0.1715832976043988,0.6732768363383613,0.01658374792703151
a057_2,a057,1,hn,near_jump,10604,0.18464103086203204,0.6823372261072944,0.018106374952847983
a057_2,a057,1,hn,away,2920,0.25327585475199194,0.7447443145989924,0.018493150684931507
a057_2,a057,1,hn,low_gap,303,0.24317011348357973,0.8327740890646896,0.026402640264026403
a057_2,a057,1,hn,other_gap,13221,0.19845839518578623,0.6916206085047519,0.018001664019363133
a057_2,a057,1,hn,low_kappa,1014,0.19895005797986592,0.7990745872361062,0.026627218934911243
a057_2,a057,1,hn,other_kappa,12510,0.19950148907635654,0.6919048779626171,0.01750599520383693
a057_2,a057,2,yaw,all,13524,0.17752679960391982,0.6073636510403463,0.012570245489500148
a057_2,a057,2,yaw,jump,1206,0.15278767609250304,0.5796020855587313,0.014925373134328358
a057_2,a057,2,yaw,near_jump,10604,0.16265657982543916,0.5798287913027481,0.012542436816295738
a057_2,a057,2,yaw,away,2920,0.23152810458029294,0.6560917180283128,0.012671232876712329
a057_2,a057,2,yaw,low_gap,303,0.23712560996954657,0.9562685301744326,0.036303630363036306
a057_2,a057,2,yaw,other_gap,13221,0.1761609090101081,0.5972062227526377,0.012026321760835035
a057_2,a057,2,yaw,low_kappa,1014,0.16655281028693866,0.6400461067444416,0.020710059171597635
a057_2,a057,2,yaw,other_kappa,12510,0.17841629801858164,0.6053250702838829,0.011910471622701839
a057_2,a057,2,hn,all,13524,0.1911703929891616,0.6709383317367199,0.01611949127477078
a057_2,a057,2,hn,jump,1206,0.16677948790835542,0.6667397586752758,0.014925373134328358
a057_2,a057,2,hn,near_jump,10604,0.17361733655689052,0.643448213700774,0.014522821576763486
a057_2,a057,2,hn,away,2920,0.2549144376493681,0.7497241394352876,0.021917808219178082
a057_2,a057,2,hn,low_gap,303,0.22552392382748696,0.8380516666274387,0.0231023102310231
a057_2,a057,2,hn,other_gap,13221,0.19038307585399689,0.6676163640495695,0.015959458437334543
a057_2,a057,2,hn,low_kappa,1014,0.18228695516488197,0.7087208263252259,0.021696252465483234
a057_2,a057,2,hn,other_kappa,12510,0.19189044142671716,0.6695769092816894,0.015667466027178258
a057_2,a057,3,yaw,all,13524,0.17852925105245346,0.6322295275368974,0.012348417627920733
a057_2,a057,3,yaw,jump,1206,0.1550127604092785,0.5881010424629737,0.013266998341625208
a057_2,a057,3,yaw,near_jump,10604,0.16484487993862662,0.6098627345616099,0.012448132780082987
a057_2,a057,3,yaw,away,2920,0.228224138480885,0.6670330625002762,0.011986301369863013
a057_2,a057,3,yaw,low_gap,303,0.22034274831304973,0.9373780661444079,0.026402640264026403
a057_2,a057,3,yaw,other_gap,13221,0.17757096577373319,0.6243659454885487,0.012026321760835035
a057_2,a057,3,yaw,low_kappa,1014,0.17451845807089394,0.6685378993605706,0.020710059171597635
a057_2,a057,3,yaw,other_kappa,12510,0.1788543465027573,0.6314836182426344,0.01167066346922462
a057_2,a057,3,hn,all,13524,0.1961032827179514,0.6824963571075562,0.016415261756876662
a057_2,a057,3,hn,jump,1206,0.1712778573988103,0.6591523978702021,0.017412935323383085
a057_2,a057,3,hn,near_jump,10604,0.17930329043394522,0.6516463246043154,0.015371557902678235
a057_2,a057,3,hn,away,2920,0.2571125697657603,0.7533212379376855,0.020205479452054795
a057_2,a057,3,hn,low_gap,303,0.25285886623703224,0.8840605766610296,0.026402640264026403
a057_2,a057,3,hn,other_gap,13221,0.19480255343829925,0.6693682396353695,0.016186370168671055
a057_2,a057,3,hn,low_kappa,1014,0.19032067093124744,0.7726998016586047,0.02465483234714004
a057_2,a057,3,hn,other_kappa,12510,0.1965719932176891,0.6773981024771171,0.01574740207833733
a057_3,a057,0,yaw,all,12000,0.2236973601312981,0.6395669743109046,0.019
a057_3,a057,0,yaw,jump,1080,0.1943036691277805,0.5518343580843091,0.012962962962962963
a057_3,a057,0,yaw,near_jump,9081,0.21195802143797932,0.6299472632770065,0.01949124545754873
a057_3,a057,0,yaw,away,2919,0.260218406610924,0.6653195565607968,0.017471736896197326
a057_3,a057,0,yaw,low_gap,344,0.1951972875568958,0.5885978498586062,0.0029069767441860465
a057_3,a057,0,yaw,other_gap,11656,0.22453847414687758,0.6419026575711888,0.019474948524365134
a057_3,a057,0,yaw,low_kappa,893,0.21141975602812857,0.6051719608942139,0.015677491601343786
a057_3,a057,0,yaw,other_kappa,11107,0.2246844764060915,0.6402349482108821,0.01926712883766994
a057_3,a057,0,hn,all,12000,0.24233523663077172,0.734280075441443,0.023833333333333335
a057_3,a057,0,hn,jump,1080,0.21337270334862843,0.6362238492918569,0.012037037037037037
a057_3,a057,0,hn,near_jump,9081,0.22880044000567062,0.7107580297783993,0.023235326505891423
a057_3,a057,0,hn,away,2919,0.2844419472003307,0.7793083028839822,0.025693730729701953
a057_3,a057,0,hn,low_gap,344,0.20924802177499816,0.6028171103202788,0.00872093023255814
a057_3,a057,0,hn,other_gap,11656,0.24331172958808006,0.7377801696822834,0.024279341111873715
a057_3,a057,0,hn,low_kappa,893,0.21995263738064694,0.6656523239004152,0.012318029115341545
a057_3,a057,0,hn,other_kappa,11107,0.24413479196797905,0.7378255738613984,0.024759160889529126
a057_3,a057,1,yaw,all,12000,0.22762032610614202,0.6551578374272791,0.021083333333333332
a057_3,a057,1,yaw,jump,1080,0.19895251331350022,0.5957764794439818,0.012037037037037037
a057_3,a057,1,yaw,near_jump,9081,0.21434968183021239,0.6456233711342466,0.01938112542671512
a057_3,a057,1,yaw,away,2919,0.268905259531876,0.6713404998334614,0.026378896882494004
a057_3,a057,1,yaw,low_gap,344,0.18415804685641257,0.5243964480207998,0.00872093023255814
a057_3,a057,1,yaw,other_gap,11656,0.2289030151986186,0.6593294730911765,0.02144818119423473
a057_3,a057,1,yaw,low_kappa,893,0.21487587411449333,0.6431137125033667,0.01791713325867861
a057_3,a057,1,yaw,other_kappa,11107,0.22864497683347992,0.6559023578751967,0.021337895021157828
a057_3,a057,1,hn,all,12000,0.23762752269694684,0.7557675091410808,0.026583333333333334
a057_3,a057,1,hn,jump,1080,0.21426003741564484,0.6231411052330766,0.017592592592592594
a057_3,a057,1,hn,near_jump,9081,0.2231323710282452,0.7168645305973694,0.023675806629225856
a057_3,a057,1,hn,away,2919,0.2827218948461347,0.8712270954119464,0.03562863994518671
a057_3,a057,1,hn,low_gap,344,0.21148002808529923,0.633687944410283,0.011627906976744186
a057_3,a057,1,hn,other_gap,11656,0.23839920579118215,0.7647616097538503,0.02702470830473576
a057_3,a057,1,hn,low_kappa,893,0.22355013341587715,0.6492556592395632,0.023516237402015677
a057_3,a057,1,hn,other_kappa,11107,0.23875934124632964,0.7647958790831696,0.026829927073017016
a057_3,a057,2,yaw,all,12000,0.21811053614127812,0.6525804087807132,0.018833333333333334
a057_3,a057,2,yaw,jump,1080,0.18804292673038214,0.557086256958498,0.009259259259259259
a057_3,a057,2,yaw,near_jump,9081,0.20520088489581717,0.6332075217723491,0.017288844840876557
a057_3,a057,2,yaw,away,2919,0.25827242136225487,0.7070054854436475,0.023638232271325797
a057_3,a057,2,yaw,low_gap,344,0.18930440028962223,0.5972403964873665,0.011627906976744186
a057_3,a057,2,yaw,other_gap,11656,0.21896068290972093,0.6545142621594188,0.01904598490048044
a057_3,a057,2,yaw,low_kappa,893,0.19815900572100276,0.5728252605755154,0.014557670772676373
a057_3,a057,2,yaw,other_kappa,11107,0.21971463415742165,0.6559496952894542,0.019177095525344377
a057_3,a057,2,hn,all,12000,0.2347045987555071,0.7228726032108996,0.023
a057_3,a057,2,hn,jump,1080,0.20522708226374634,0.6141331400215462,0.014814814814814815
a057_3,a057,2,hn,near_jump,9081,0.2191866883646065,0.6928584689371902,0.02015196564255038
a057_3,a057,2,hn,away,2919,0.2829807701360376,0.8330119639573106,0.03186022610483042
a057_3,a057,2,hn,low_gap,344,0.19818161836045467,0.5427495810980253,0.005813953488372093
a057_3,a057,2,hn,other_gap,11656,0.2357824904212499,0.7279532780309883,0.023507206588881262
a057_3,a057,2,hn,low_kappa,893,0.21906786417285143,0.6354936248554229,0.0167973124300112
a057_3,a057,2,hn,other_kappa,11107,0.23596178827403697,0.7282215195333476,0.02349869451697128
a057_3,a057,3,yaw,all,12000,0.21622273974863898,0.6636675611880448,0.01925
a057_3,a057,3,yaw,jump,1080,0.18777136314603865,0.5568630314950157,0.012037037037037037
a057_3,a057,3,yaw,near_jump,9081,0.20506808112425334,0.6479916008529542,0.017509084902543774
a057_3,a057,3,yaw,away,2919,0.25092484833652734,0.693628004590962,0.024665981500513873
a057_3,a057,3,yaw,low_gap,344,0.19131032557273997,0.5366307457051915,0.0029069767441860465
a057_3,a057,3,yaw,other_gap,11656,0.21695797228780417,0.670954065990273,0.01973232669869595
a057_3,a057,3,yaw,low_kappa,893,0.20427368596703813,0.6449677706979878,0.01791713325867861
a057_3,a057,3,yaw,other_kappa,11107,0.2171834406604036,0.6662704160198363,0.0193571621499955
a057_3,a057,3,hn,all,12000,0.23810270522107022,0.6914505481829765,0.02025
a057_3,a057,3,hn,jump,1080,0.21237466960516405,0.6123228921894142,0.019444444444444445
a057_3,a057,3,hn,near_jump,9081,0.2222241703853397,0.6488382728745671,0.018169805087545423
a057_3,a057,3,hn,away,2919,0.2875007781375722,0.7656116678063998,0.02672147995889003
a057_3,a057,3,hn,low_gap,344,0.19441737741071233,0.559152505825196,0.0029069767441860465
a057_3,a057,3,hn,other_gap,11656,0.23939197707820506,0.6942228500728631,0.020761839396019218
a057_3,a057,3,hn,low_kappa,893,0.2184551319497285,0.6118811234740372,0.015677491601343786
a057_3,a057,3,hn,other_kappa,11107,0.23968236515906505,0.6941067021132695,0.020617628522553343
a058_1,a058,0,yaw,all,7895,0.29672458500524584,0.559821193429585,0.0060797973400886635
a058_1,a058,0,yaw,jump,803,0.27871687350582314,0.5423874014363244,0.0037359900373599006
a058_1,a058,0,yaw,near_jump,7138,0.2911501808045348,0.5523947052258018,0.004483048472961614
a058_1,a058,0,yaw,away,757,0.3492874610748297,0.6650892084799784,0.021136063408190225
a058_1,a058,0,yaw,low_gap,40,0.22300449329560768,0.42995907443820425,0.0
a058_1,a058,0,yaw,other_gap,7855,0.2970999896734044,0.560417850370021,0.00611075747931254
a058_1,a058,0,yaw,low_kappa,363,0.2840455392919878,0.5882385313227434,0.0027548209366391185
a058_1,a058,0,yaw,other_kappa,7532,0.29733564363428366,0.5584101351316294,0.006240042485395645
a058_1,a058,0,hn,all,7895,0.3049380470141581,0.5684649977258412,0.005699810006333122
a058_1,a058,0,hn,jump,803,0.2803013179181096,0.5171769044880338,0.0037359900373599006
a058_1,a058,0,hn,near_jump,7138,0.2973811996477938,0.5561738057345949,0.003782572149061362
a058_1,a058,0,hn,away,757,0.37619402654006145,0.6553581586159982,0.023778071334214
a058_1,a058,0,hn,low_gap,40,0.2947563831852132,0.5397639234393606,0.025
a058_1,a058,0,hn,other_gap,7855,0.304989895079487,0.5686967707630758,0.005601527689369828
a058_1,a058,0,hn,low_kappa,363,0.284329076348867,0.5947425948174558,0.005509641873278237
a058_1,a058,0,hn,other_kappa,7532,0.305931283385839,0.5664564993952035,0.005708975039830058
a058_1,a058,1,yaw,all,7895,0.2854451341199302,0.5766566045640801,0.005699810006333122
a058_1,a058,1,yaw,jump,803,0.273424783107436,0.5287245664971906,0.0024906600249066002
a058_1,a058,1,yaw,near_jump,7138,0.2794007303470008,0.5609094557571246,0.0047632390025217144
a058_1,a058,1,yaw,away,757,0.3424397895111724,0.6470729344338519,0.01453104359313078
a058_1,a058,1,yaw,low_gap,40,0.2040426622925798,0.42054954544677114,0.0
a058_1,a058,1,yaw,other_gap,7855,0.28585965975622485,0.5771136380974914,0.005728835136855506
a058_1,a058,1,yaw,low_kappa,363,0.2733893154406792,0.6347200138858822,0.0027548209366391185
a058_1,a058,1,yaw,other_kappa,7532,0.2860261567142701,0.5743315976517228,0.005841741901221455
a058_1,a058,1,hn,all,7895,0.2899953607439205,0.5822913413242128,0.006586447118429386
a058_1,a058,1,hn,jump,803,0.28156206892466906,0.5289696628555687,0.0049813200498132005
a058_1,a058,1,hn,near_jump,7138,0.28135239791454586,0.565359402038243,0.0050434295320818156
a058_1,a058,1,hn,away,757,0.3714926773569664,0.7726862559536354,0.021136063408190225
a058_1,a058,1,hn,low_gap,40,0.2445593501884024,0.5124676292560395,0.025
a058_1,a058,1,hn,other_gap,7855,0.29022673444503067,0.5823618264026628,0.006492679821769574
a058_1,a058,1,hn,low_kappa,363,0.28760996927520943,0.6255705705638427,0.008264462809917356
a058_1,a058,1,hn,other_kappa,7532,0.2901103231845925,0.5794973797070248,0.006505576208178439
a058_1,a058,2,yaw,all,7895,0.30868110091806256,0.5991032592143511,0.005573147561747942
a058_1,a058,2,yaw,jump,803,0.2947177013039232,0.5641959596396704,0.0012453300124533001
a058_1,a058,2,yaw,near_jump,7138,0.3041369414939445,0.589421399487682,0.0033622863547212102
a058_1,a058,2,yaw,away,757,0.3515294628326667,0.6947148857470048,0.026420079260237782
a058_1,a058,2,yaw,low_gap,40,0.21163871854863547,0.4304652128676937,0.0
a058_1,a058,2,yaw,other_gap,7855,0.30917526963795783,0.5995391661593823,0.005601527689369828
a058_1,a058,2,yaw,low_kappa,363,0.2821897776830079,0.5930964264962311,0.0
a058_1,a058,2,yaw,other_kappa,7532,0.309957833569991,0.5991815961806188,0.005841741901221455
a058_1,a058,2,hn,all,7895,0.28793775093857665,0.5667591898465614,0.0053198226725775805
a058_1,a058,2,hn,jump,803,0.28448306647224364,0.5416785605023519,0.0049813200498132005
a058_1,a058,2,hn,near_jump,7138,0.2775204888202685,0.5440226810229196,0.0035023816195012608
a058_1,a058,2,hn,away,757,0.3861655144795062,0.7353928372769638,0.022457067371202115
a058_1,a058,2,hn,low_gap,40,0.23178784716820547,0.46005490811237815,0.025
a058_1,a058,2,hn,other_gap,7855,0.2882236829755995,0.5667917370254532,0.005219605346912794
a058_1,a058,2,hn,low_kappa,363,0.29247832997448076,0.6046477424411011,0.0
a058_1,a058,2,hn,other_kappa,7532,0.2877189205893954,0.5607685015099805,0.0055762081784386614
a058_1,a058,3,yaw,all,7895,0.3059964357044092,0.5844526044263689,0.0037998733375554147
a058_1,a058,3,yaw,jump,803,0.29315949103260863,0.5533267896516856,0.0
a058_1,a058,3,yaw,near_jump,7138,0.2995071367590836,0.5677802331255181,0.0023816195012608572
a058_1,a058,3,yaw,away,757,0.3671861528401219,0.69001488484528,0.017173051519154558
a058_1,a058,3,yaw,low_gap,40,0.23561582022392064,0.4725131730198991,0.0
a058_1,a058,3,yaw,other_gap,7855,0.3063548347647809,0.5846296673921024,0.0038192234245703373
a058_1,a058,3,yaw,low_kappa,363,0.2908157926108625,0.6229295586305271,0.0
a058_1,a058,3,yaw,other_kappa,7532,0.3067280572448975,0.5818691814384543,0.003983005841741901
a058_1,a058,3,hn,all,7895,0.3295368952139155,0.6045605122296965,0.0059531348955034835
a058_1,a058,3,hn,jump,803,0.3136572919603416,0.5761856254386843,0.0037359900373599006
a058_1,a058,3,hn,near_jump,7138,0.32128513223234423,0.5894162974243329,0.0035023816195012608
a058_1,a058,3,hn,away,757,0.4073454608182168,0.7617116632867649,0.02906208718626156
a058_1,a058,3,hn,low_gap,40,0.21319391202411078,0.45861538469978713,0.0
a058_1,a058,3,hn,other_gap,7855,0.33012934834282603,0.6048217180189265,0.005983450031826862
a058_1,a058,3,hn,low_kappa,363,0.3113438180604041,0.6241050826247927,0.0027548209366391185
a058_1,a058,3,hn,other_kappa,7532,0.33041369911815405,0.6019290622245226,0.006107275624004248
a058_2,a058,0,yaw,all,13234,0.1637532969262939,0.3254395649256658,0.0
a058_2,a058,0,yaw,jump,1391,0.17274042371995665,0.34071235536629063,0.0
a058_2,a058,0,yaw,near_jump,11556,0.16257820809011267,0.3243655734097276,0.0
a058_2,a058,0,yaw,away,1678,0.17184586342862399,0.3389191043827021,0.0
a058_2,a058,0,yaw,low_gap,157,0.12480866614938223,0.2960030082715921,0.0
a058_2,a058,0,yaw,other_gap,13077,0.1642208588313161,0.32586192784627765,0.0
a058_2,a058,0,yaw,low_kappa,655,0.15920548912593904,0.35814466295070885,0.0
a058_2,a058,0,yaw,other_kappa,12579,0.16399010542531864,0.3241744434814418,0.0
a058_2,a058,0,hn,all,13234,0.14678164562862359,0.29874126231128256,0.0008311923832552517
a058_2,a058,0,hn,jump,1391,0.14456384623658278,0.3066222829930133,0.0007189072609633358
a058_2,a058,0,hn,near_jump,11556,0.1463965270561302,0.29935708802012184,0.00043267566632052614
a058_2,a058,0,hn,away,1678,0.14943386864634342,0.29377181647527867,0.003575685339690107
a058_2,a058,0,hn,low_gap,157,0.12452521290102624,0.2954112751528575,0.0
a058_2,a058,0,hn,other_gap,13077,0.1470488521697441,0.29872723152433395,0.0008411715225204558
a058_2,a058,0,hn,low_kappa,655,0.13499118067272012,0.30051947491747183,0.0015267175572519084
a058_2,a058,0,hn,other_kappa,12579,0.1473955858898619,0.2986282489157314,0.0007949757532395262
a058_2,a058,1,yaw,all,13234,0.16114363714010854,0.3220507343368594,0.0001511258878645912
a058_2,a058,1,yaw,jump,1391,0.16728257846892666,0.3369614473381912,0.0
a058_2,a058,1,yaw,near_jump,11556,0.15960652762948227,0.32158753456087585,0.0
a058_2,a058,1,yaw,away,1678,0.17172935674964204,0.32828554936417076,0.0011918951132300357
a058_2,a058,1,yaw,low_gap,157,0.10975820062570847,0.2791446979175532,0.0
a058_2,a058,1,yaw,other_gap,13077,0.16176056101659098,0.3222489574719631,0.00015294027682190105
a058_2,a058,1,yaw,low_kappa,655,0.15466588697031133,0.3380603290460151,0.0
a058_2,a058,1,yaw,other_kappa,12579,0.1614809394981034,0.3212071174836371,0.00015899515064790525
a058_2,a058,1,hn,all,13234,0.16188832933336839,0.3316297026975377,0.0005289406075260693
a058_2,a058,1,hn,jump,1391,0.151650645106947,0.31028253908551284,0.0
a058_2,a058,1,hn,near_jump,11556,0.1606535599183651,0.3299749608695758,8.653513326410523e-05
a058_2,a058,1,hn,away,1678,0.170391902253379,0.3378470119030756,0.003575685339690107
a058_2,a058,1,hn,low_gap,157,0.12293372756179057,0.3138440348769622,0.0
a058_2,a058,1,hn,other_gap,13077,0.16235601094827531,0.3317678100510375,0.0005352909688766537
a058_2,a058,1,hn,low_kappa,655,0.1535600150160227,0.3457336936216812,0.0
a058_2,a058,1,hn,other_kappa,12579,0.1623219922539393,0.3306859640076496,0.0005564830272676684
a058_2,a058,2,yaw,all,13234,0.14108753433898444,0.29031968642793415,0.0004533776635937736
a058_2,a058,2,yaw,jump,1391,0.14585680990806174,0.2960380662983934,0.0007189072609633358
a058_2,a058,2,yaw,near_jump,11556,0.14021012098684182,0.2894899695289004,0.0005192107995846313
a058_2,a058,2,yaw,away,1678,0.14713007825874613,0.3042655147523593,0.0
a058_2,a058,2,yaw,low_gap,157,0.10865547089792219,0.27333050814016613,0.0
a058_2,a058,2,yaw,other_gap,13077,0.14147690758669007,0.2905810782898643,0.0004588208304657031
a058_2,a058,2,yaw,low_kappa,655,0.13664053905831994,0.2997189338524372,0.0030534351145038168
a058_2,a058,2,yaw,other_kappa,12579,0.1413190934381843,0.2899208881170907,0.0003179903012958105
a058_2,a058,2,hn,all,13234,0.1675371686226924,0.3385491475721254,0.0009823182711198428
a058_2,a058,2,hn,jump,1391,0.16465658117434145,0.33749175675119636,0.0007189072609633358
a058_2,a058,2,hn,near_jump,11556,0.1672823376466497,0.3388694056427516,0.0006057459328487366
a058_2,a058,2,hn,away,1678,0.16929213093446194,0.3379560176412091,0.003575685339690107
a058_2,a058,2,hn,low_gap,157,0.12552100234721267,0.2884282436323481,0.0
a058_2,a058,2,hn,other_gap,13077,0.168041606804634,0.33907227000634604,0.0009941117993423568
a058_2,a058,2,hn,low_kappa,655,0.1536161696087502,0.34602219510249077,0.0015267175572519084
a058_2,a058,2,hn,other_kappa,12579,0.16826204773503298,0.3384111514728052,0.0009539709038874314
a058_2,a058,3,yaw,all,13234,0.1674485545592054,0.3409370506236997,0.0
a058_2,a058,3,yaw,jump,1391,0.17039756746752605,0.3430751241661466,0.0
a058_2,a058,3,yaw,near_jump,11556,0.16558055228157437,0.34040849488326574,0.0
a058_2,a058,3,yaw,away,1678,0.18031305653793256,0.3522949418351544,0.0
a058_2,a058,3,yaw,low_gap,157,0.11653643668847032,0.3004788161254997,0.0
a058_2,a058,3,yaw,other_gap,13077,0.16805979586116346,0.3415129344359583,0.0
a058_2,a058,3,yaw,low_kappa,655,0.15715061621055806,0.34121596175122043,0.0
a058_2,a058,3,yaw,other_kappa,12579,0.16798477759906263,0.3408700246716438,0.0
a058_2,a058,3,hn,all,13234,0.1415119756410575,0.2911731413892106,7.55629439322956e-05
a058_2,a058,3,hn,jump,1391,0.14662820258838566,0.29361636367504806,0.0
a058_2,a058,3,hn,near_jump,11556,0.14113170583488568,0.29153825388566446,8.653513326410523e-05
a058_2,a058,3,hn,away,1678,0.1441308063205102,0.286538073751574,0.0
a058_2,a058,3,hn,low_gap,157,0.1305899187307493,0.31989472157611254,0.0
a058_2,a058,3,hn,other_gap,13077,0.14164310380003267,0.2906797791901507,7.647013841095053e-05
a058_2,a058,3,hn,low_kappa,655,0.13416442816907556,0.3059232261761449,0.0
a058_2,a058,3,hn,other_kappa,12579,0.14189456913769063,0.2904044849730024,7.949757532395262e-05
a058_3,a058,0,yaw,all,13020,0.2654280068797638,0.5603297125231105,0.004608294930875576
a058_3,a058,0,yaw,jump,1053,0.26857183343486474,0.5356355491693067,0.005698005698005698
a058_3,a058,0,yaw,near_jump,9350,0.2593975201522675,0.5369041746236582,0.005668449197860963
a058_3,a058,0,yaw,away,3670,0.2807917809675267,0.5977253416009922,0.0019073569482288828
a058_3,a058,0,yaw,low_gap,180,0.24118200781967972,0.5331104979427076,0.0
a058_3,a058,0,yaw,other_gap,12840,0.26576790406284906,0.560483421903078,0.004672897196261682
a058_3,a058,0,yaw,low_kappa,672,0.2721990403270193,0.5709254167544536,0.005952380952380952
a058_3,a058,0,yaw,other_kappa,12348,0.2650595152635867,0.5595882877495808,0.0045351473922902496
a058_3,a058,0,hn,all,13020,0.2524488903429322,0.5796485628947478,0.007296466973886329
a058_3,a058,0,hn,jump,1053,0.2558848289628881,0.5897766301148939,0.005698005698005698
a058_3,a058,0,hn,near_jump,9350,0.25271394658702734,0.5882173945625954,0.008021390374331552
a058_3,a058,0,hn,away,3670,0.2517736108109731,0.5462730214857685,0.005449591280653951
a058_3,a058,0,hn,low_gap,180,0.26465969693066377,0.5850315788013501,0.011111111111111112
a058_3,a058,0,hn,other_gap,12840,0.2522777108113285,0.5791261655984765,0.007242990654205608
a058_3,a058,0,hn,low_kappa,672,0.2712470055651127,0.6360875968523894,0.004464285714285714
a058_3,a058,0,hn,other_kappa,12348,0.2514258636641741,0.573430046962763,0.007450599287333981
a058_3,a058,1,yaw,all,13020,0.26104873987088395,0.5624442805093066,0.003686635944700461
a058_3,a058,1,yaw,jump,1053,0.2706419916278117,0.5749516492083723,0.003798670465337132
a058_3,a058,1,yaw,near_jump,9350,0.2597764992519652,0.5556435038839108,0.004812834224598931
a058_3,a058,1,yaw,away,3670,0.26429000684278864,0.5718321057558254,0.0008174386920980927
a058_3,a058,1,yaw,low_gap,180,0.24752934112846714,0.6044158864461516,0.005555555555555556
a058_3,a058,1,yaw,other_gap,12840,0.2612382641523197,0.5604225889191161,0.003660436137071651
a058_3,a058,1,yaw,low_kappa,672,0.2651639862076709,0.540818677183985,0.001488095238095238
a058_3,a058,1,yaw,other_kappa,12348,0.260824780886569,0.5633412028888087,0.0038062844185293163
a058_3,a058,1,hn,all,13020,0.2621920020976487,0.5861395396629208,0.007526881720430108
a058_3,a058,1,hn,jump,1053,0.25875529502737166,0.5762538159534378,0.012345679012345678
a058_3,a058,1,hn,near_jump,9350,0.26350283589887863,0.6114602681380784,0.009946524064171123
a058_3,a058,1,hn,away,3670,0.25885241189560515,0.5502097983084058,0.0013623978201634877
a058_3,a058,1,hn,low_gap,180,0.26502226212155344,0.7904716055975869,0.011111111111111112
a058_3,a058,1,hn,other_gap,12840,0.2621523255552575,0.5847604248654642,0.007476635514018692
a058_3,a058,1,hn,low_kappa,672,0.2704353262349785,0.5961017473597539,0.008928571428571428
a058_3,a058,1,hn,other_kappa,12348,0.2617433858180661,0.585349932687157,0.007450599287333981
a058_3,a058,2,yaw,all,13020,0.2408832392493284,0.540074919492597,0.003763440860215054
a058_3,a058,2,yaw,jump,1053,0.2443692296257749,0.51669056237215,0.005698005698005698
a058_3,a058,2,yaw,near_jump,9350,0.2369183274693568,0.5282687413166365,0.005026737967914439
a058_3,a058,2,yaw,away,3670,0.2509845812500735,0.5648984309721921,0.0005449591280653951
a058_3,a058,2,yaw,low_gap,180,0.21461726291094507,0.4929201348174675,0.0
a058_3,a058,2,yaw,other_gap,12840,0.24125145387089453,0.5409900508858156,0.0038161993769470406
a058_3,a058,2,yaw,low_kappa,672,0.24696166541006306,0.5201855705115638,0.005952380952380952
a058_3,a058,2,yaw,other_kappa,12348,0.24055244054670338,0.5401890800421443,0.0036443148688046646
a058_3,a058,2,hn,all,13020,0.2582433506745453,0.5485555826609899,0.0066820276497695855
a058_3,a058,2,hn,jump,1053,0.25669373071078116,0.5315758352012883,0.005698005698005698
a058_3,a058,2,hn,near_jump,9350,0.2597366727092224,0.5590324167066422,0.006844919786096256
a058_3,a058,2,hn,away,3670,0.25443883813388296,0.5319445069144207,0.006267029972752043
a058_3,a058,2,hn,low_gap,180,0.26511944132399295,0.6456452448862141,0.005555555555555556
a058_3,a058,2,hn,other_gap,12840,0.2581469568803942,0.547823815260824,0.006697819314641745
a058_3,a058,2,hn,low_kappa,672,0.2590991839553893,0.5301145628396422,0.00744047619047619
a058_3,a058,2,hn,other_kappa,12348,0.2581967747136831,0.5491776402335165,0.006640751538710722
a058_3,a058,3,yaw,all,13020,0.2567518853136273,0.527360121774841,0.002534562211981567
a058_3,a058,3,yaw,jump,1053,0.2605067638583544,0.4922012970271291,0.000949667616334283
a058_3,a058,3,yaw,near_jump,9350,0.25539330709582747,0.5075674445088604,0.003422459893048128
a058_3,a058,3,yaw,away,3670,0.2602131131982126,0.5626834867987064,0.00027247956403269756
a058_3,a058,3,yaw,low_gap,180,0.25590486264130213,0.6166657816795313,0.005555555555555556
a058_3,a058,3,yaw,other_gap,12840,0.2567637594632393,0.5256270376117385,0.0024922118380062306
a058_3,a058,3,yaw,low_kappa,672,0.25905575687881854,0.4988726777497447,0.002976190476190476
a058_3,a058,3,yaw,other_kappa,12348,0.2566265045481747,0.5294305563876365,0.0025105280207321024
a058_3,a058,3,hn,all,13020,0.24298500298785222,0.5767581855629907,0.006528417818740399
a058_3,a058,3,hn,jump,1053,0.24671035434432828,0.5498199893197262,0.008547008547008548
a058_3,a058,3,hn,near_jump,9350,0.2381581619542591,0.577197373268164,0.007379679144385027
a058_3,a058,3,hn,away,3670,0.2552822682914204,0.575890483920514,0.004359673024523161
a058_3,a058,3,hn,low_gap,180,0.2859861525916142,0.7223706497054498,0.011111111111111112
a058_3,a058,3,hn,other_gap,12840,0.2423821831335938,0.5741342353177187,0.0064641744548286605
a058_3,a058,3,hn,low_kappa,672,0.2559307667326623,0.6017409544771031,0.00744047619047619
a058_3,a058,3,hn,other_kappa,12348,0.24228047162759042,0.5745728775593705,0.00647878198898607
