arm,backbone,group,seed,subject,sequence,ate_m,rte60_m
gn,ResNet18,U,0,a006,a006_2,8.334758984039112,3.803999197357292
gn,ResNet18,U,0,a019,a019_3,7.5038725375155755,7.233105136228664
gn,ResNet18,U,0,a024,a024_1,6.849630739808287,3.800391111042151
gn,ResNet18,U,0,a024,a024_3,4.78324616844676,3.6057170806756935
gn,ResNet18,U,0,a029,a029_1,5.554046698578313,6.661331215859677
gn,ResNet18,U,0,a029,a029_2,3.420043932941081,1.9101547591898538
gn,ResNet18,U,0,a032,a032_1,3.49709247231022,5.173284640111053
gn,ResNet18,U,0,a032,a032_3,25.302779525292053,12.241418683317246
gn,ResNet18,U,0,a042,a042_2,9.578707297929043,3.578093688902251
gn,ResNet18,U,0,a049,a049_1,3.4349889283050614,5.1473355520360755
gn,ResNet18,U,0,a049,a049_2,2.135893900063653,2.1620005216424216
gn,ResNet18,U,0,a049,a049_3,2.1644637691617024,1.9844938563132002
gn,ResNet18,U,0,a050,a050_1,11.326355567783036,7.212061961008189
gn,ResNet18,U,0,a050,a050_3,10.032038405970537,7.947960793308715
gn,ResNet18,U,0,a051,a051_1,8.385651839456143,5.421727489164623
gn,ResNet18,U,0,a051,a051_2,5.786069543755294,1.837091334190574
gn,ResNet18,U,0,a051,a051_3,2.312720288247988,1.9080436671823344
gn,ResNet18,U,0,a052,a052_2,6.106163303094202,8.702287577644498
gn,ResNet18,U,0,a053,a053_1,4.20133065985738,3.7014334452704025
gn,ResNet18,U,0,a053,a053_2,4.746706748314074,2.698624372876715
gn,ResNet18,U,0,a053,a053_3,5.550281213094693,2.7356866764915626
gn,ResNet18,U,0,a054,a054_1,4.8839484124200165,5.0699030582929
gn,ResNet18,U,0,a054,a054_2,4.336085968536689,3.813486908679991
gn,ResNet18,U,0,a054,a054_3,9.627673858887052,4.978297960974844
gn,ResNet18,U,0,a055,a055_2,7.077670679242122,6.514818363278183
gn,ResNet18,U,0,a055,a055_3,19.463123745824582,8.039392366259666
gn,ResNet18,U,0,a057,a057_1,19.192464648735278,9.36733884799616
gn,ResNet18,U,0,a057,a057_2,6.118386538554477,4.283567347072664
gn,ResNet18,U,0,a057,a057_3,14.702554829038494,6.221507040798897
gn,ResNet18,U,0,a058,a058_1,7.987346907805915,7.879967711489424
gn,ResNet18,U,0,a058,a058_2,9.415536586987951,5.129165492159211
gn,ResNet18,U,0,a058,a058_3,9.89836699005238,6.179885910291989
gn,ResNet18,U,1,a006,a006_2,7.740622651266519,3.53198011914939
gn,ResNet18,U,1,a019,a019_3,7.0496627012156665,6.498994833064792
gn,ResNet18,U,1,a024,a024_1,6.359562561678406,3.6122220577109005
gn,ResNet18,U,1,a024,a024_3,3.0214412646014623,3.3210248867212577
gn,ResNet18,U,1,a029,a029_1,5.8649420183758325,7.095365757665786
gn,ResNet18,U,1,a029,a029_2,3.752041027001942,2.0125019115076728
gn,ResNet18,U,1,a032,a032_1,4.524087940882297,5.4178665327765945
gn,ResNet18,U,1,a032,a032_3,38.52128961756447,11.764362258349294
gn,ResNet18,U,1,a042,a042_2,6.302295080355815,4.197342463974829
gn,ResNet18,U,1,a049,a049_1,3.2969239465428517,4.613256051718289
gn,ResNet18,U,1,a049,a049_2,2.3475658187023187,1.9651435170622606
gn,ResNet18,U,1,a049,a049_3,4.96623590336004,2.0662206425917025
gn,ResNet18,U,1,a050,a050_1,7.407795642023448,7.841732363572646
gn,ResNet18,U,1,a050,a050_3,10.42595135684585,6.603839925966894
gn,ResNet18,U,1,a051,a051_1,7.4482475422250936,5.019706473830623
gn,ResNet18,U,1,a051,a051_2,4.341016753883143,1.6569890961215572
gn,ResNet18,U,1,a051,a051_3,1.9221605084876927,1.7231400744509604
gn,ResNet18,U,1,a052,a052_2,6.819534332100656,8.236927202228417
gn,ResNet18,U,1,a053,a053_1,2.9367809121288295,3.68971070443806
gn,ResNet18,U,1,a053,a053_2,6.232405939233301,3.2913944651890668
gn,ResNet18,U,1,a053,a053_3,5.746763917892492,2.831460478227613
gn,ResNet18,U,1,a054,a054_1,5.451402315841389,5.506453598161327
gn,ResNet18,U,1,a054,a054_2,2.681519775179079,3.3371360905419114
gn,ResNet18,U,1,a054,a054_3,13.696509527729132,6.354721574939008
gn,ResNet18,U,1,a055,a055_2,13.310957991294549,6.815832281767918
gn,ResNet18,U,1,a055,a055_3,26.585194839455905,8.64207932411349
gn,ResNet18,U,1,a057,a057_1,11.76058857719751,8.771400116091257
gn,ResNet18,U,1,a057,a057_2,4.795946450406086,3.708882918529222
gn,ResNet18,U,1,a057,a057_3,13.47234927208515,5.567367316639396
gn,ResNet18,U,1,a058,a058_1,5.257118638332123,7.690798074786543
gn,ResNet18,U,1,a058,a058_2,4.082445477586071,4.7146586380489
gn,ResNet18,U,1,a058,a058_3,4.324051943686874,6.550852226366008
gn,ResNet18,U,2,a006,a006_2,6.839545145748664,3.6608534411080824
gn,ResNet18,U,2,a019,a019_3,7.1086846519086615,6.3912677312285435
gn,ResNet18,U,2,a024,a024_1,10.650971103477334,4.399312316304607
gn,ResNet18,U,2,a024,a024_3,5.199206325263561,3.7089076339695595
gn,ResNet18,U,2,a029,a029_1,6.2182585284724805,6.957753453457452
gn,ResNet18,U,2,a029,a029_2,4.936171172888782,2.3025428834219066
gn,ResNet18,U,2,a032,a032_1,4.243846094321617,5.204139760556376
gn,ResNet18,U,2,a032,a032_3,13.558343013647306,12.69813633653585
gn,ResNet18,U,2,a042,a042_2,4.376847217224076,3.0302458986421703
gn,ResNet18,U,2,a049,a049_1,4.505245095844826,4.407620754929855
gn,ResNet18,U,2,a049,a049_2,5.056822551112955,2.3489521912330797
gn,ResNet18,U,2,a049,a049_3,5.851228688886554,2.5579728643539132
gn,ResNet18,U,2,a050,a050_1,7.206766925580298,6.205245490073202
gn,ResNet18,U,2,a050,a050_3,10.641425331089167,7.582232306892232
gn,ResNet18,U,2,a051,a051_1,9.233922113151849,5.08738760911409
gn,ResNet18,U,2,a051,a051_2,5.458071766365243,1.8354762585050186
gn,ResNet18,U,2,a051,a051_3,1.736454365081187,1.8861762037157737
gn,ResNet18,U,2,a052,a052_2,7.489536438917303,10.183665370824373
gn,ResNet18,U,2,a053,a053_1,2.9117333906878486,2.796004208822097
gn,ResNet18,U,2,a053,a053_2,3.0550833020169823,3.2215287319024433
gn,ResNet18,U,2,a053,a053_3,2.405037769445191,2.5238037559695266
gn,ResNet18,U,2,a054,a054_1,6.036025747973867,5.4461904360305615
gn,ResNet18,U,2,a054,a054_2,2.4321947167851303,3.4014275559934304
gn,ResNet18,U,2,a054,a054_3,17.07411434883752,6.466560432479751
gn,ResNet18,U,2,a055,a055_2,17.706313559772397,7.6306000733765185
gn,ResNet18,U,2,a055,a055_3,37.95056408355051,10.780347676284292
gn,ResNet18,U,2,a057,a057_1,11.471947250679689,8.68376446615934
gn,ResNet18,U,2,a057,a057_2,5.572429788789027,3.7993908010040287
gn,ResNet18,U,2,a057,a057_3,12.691329128897193,5.7744883454982
gn,ResNet18,U,2,a058,a058_1,7.422394457551605,8.113501905350608
gn,ResNet18,U,2,a058,a058_2,9.814188197282336,4.591388855528181
gn,ResNet18,U,2,a058,a058_3,8.53286545411207,6.6752752002881985
gn,ResNet18,U,3,a006,a006_2,7.334639127632261,3.888158058706375
gn,ResNet18,U,3,a019,a019_3,7.282694539555094,6.706794597917266
gn,ResNet18,U,3,a024,a024_1,8.954998917714931,4.375603309088217
gn,ResNet18,U,3,a024,a024_3,4.243667499608954,3.528367675239205
gn,ResNet18,U,3,a029,a029_1,4.1500577950983875,6.513108192067573
gn,ResNet18,U,3,a029,a029_2,4.5069782930665365,1.9297394647056458
gn,ResNet18,U,3,a032,a032_1,3.9569836586512426,5.2412150109541695
gn,ResNet18,U,3,a032,a032_3,19.45376092882997,11.7303830130927
gn,ResNet18,U,3,a042,a042_2,2.787983410078405,3.052437902429208
gn,ResNet18,U,3,a049,a049_1,3.956959621346114,4.150022132916792
gn,ResNet18,U,3,a049,a049_2,5.708128106909993,2.3872185063343276
gn,ResNet18,U,3,a049,a049_3,8.88372952003281,3.244900299737534
gn,ResNet18,U,3,a050,a050_1,9.856599766730726,7.771343601214487
gn,ResNet18,U,3,a050,a050_3,9.216887717967543,6.973533764042645
gn,ResNet18,U,3,a051,a051_1,8.31503627521192,5.18354779370297
gn,ResNet18,U,3,a051,a051_2,4.770833626597478,1.7286131571981374
gn,ResNet18,U,3,a051,a051_3,2.340551854360395,1.740809310853476
gn,ResNet18,U,3,a052,a052_2,6.151896015990047,8.683782176535976
gn,ResNet18,U,3,a053,a053_1,7.178884556593084,3.9972867310987197
gn,ResNet18,U,3,a053,a053_2,10.873967476511815,3.466232909389421
gn,ResNet18,U,3,a053,a053_3,8.490274592522141,2.5998689898044107
gn,ResNet18,U,3,a054,a054_1,4.215569430493038,5.137091837217908
gn,ResNet18,U,3,a054,a054_2,3.655476036141749,4.050038854855193
gn,ResNet18,U,3,a054,a054_3,12.216117345083422,5.846171328354428
gn,ResNet18,U,3,a055,a055_2,5.88916032834565,6.3620217890002335
gn,ResNet18,U,3,a055,a055_3,22.90241294690111,8.32483571635248
gn,ResNet18,U,3,a057,a057_1,12.376817738170914,7.9663200637176566
gn,ResNet18,U,3,a057,a057_2,3.643512166050966,4.030761171931182
gn,ResNet18,U,3,a057,a057_3,14.014969195473794,5.449174377976155
gn,ResNet18,U,3,a058,a058_1,5.477168131477278,7.7089226516747615
gn,ResNet18,U,3,a058,a058_2,6.913050347774674,4.9502178171871485
gn,ResNet18,U,3,a058,a058_3,6.674040320976829,6.47758076852373
gn,ResNet18,R,0,dan,dan_bag1,11.770475719313191,8.366423940708094
gn,ResNet18,R,0,dan,dan_bag2,8.132156874049354,6.526145055416111
gn,ResNet18,R,0,dan,dan_body1,5.584759648309022,6.14513043239807
gn,ResNet18,R,0,dan,dan_body2,2.756887392086557,2.9538544028109084
gn,ResNet18,R,0,dan,dan_body3,1.9297038745571584,1.6289979422021406
gn,ResNet18,R,0,dan,dan_handheld1,1.3721312933242487,2.1370926514573556
gn,ResNet18,R,0,dan,dan_handheld2,4.891965222283124,5.139342362641868
gn,ResNet18,R,0,dan,dan_leg1,1.5282974195670664,1.5593594309525471
gn,ResNet18,R,0,dan,dan_leg2,1.4518080973957046,2.17263315338001
gn,ResNet18,R,0,hang,hang_bag_normal1,7.041460088520439,8.137565586835404
gn,ResNet18,R,0,hang,hang_bag_normal2,11.459877768126148,16.291761525929033
gn,ResNet18,R,0,hang,hang_bag_side1,4.943491489375383,7.101976157858477
gn,ResNet18,R,0,hang,hang_bag_speed1,7.110663722868134,7.837929123880419
gn,ResNet18,R,0,hang,hang_bag_speed2,9.048559686954627,13.066433095629685
gn,ResNet18,R,0,hang,hang_bag_stop1,3.168949035870897,2.706585980065934
gn,ResNet18,R,0,hang,hang_body_backward1,2.5179452009295704,1.7597332842133098
gn,ResNet18,R,0,hang,hang_body_backward2,2.5111438636834236,4.050078259951315
gn,ResNet18,R,0,hang,hang_body_backward3,2.6521766136700125,1.7516710113862703
gn,ResNet18,R,0,hang,hang_body_backward4,3.2004540454603156,2.5183817110428826
gn,ResNet18,R,0,hang,hang_body_fast1,2.5220315291600084,3.070149376469669
gn,ResNet18,R,0,hang,hang_body_normal1,2.2173543705480983,2.7480147174835556
gn,ResNet18,R,0,hang,hang_body_side1,1.2954862355796026,1.492742875938125
gn,ResNet18,R,0,hang,hang_body_slow1,1.6067136020579487,1.9062881835610002
gn,ResNet18,R,0,hang,hang_body_stop1,0.933038228403597,1.5250906634352448
gn,ResNet18,R,0,hang,hang_body_test1,1.5153832828262768,2.7111873251553398
gn,ResNet18,R,0,hang,hang_handheld_normal1,5.782053039924442,4.872118117317411
gn,ResNet18,R,0,hang,hang_handheld_side3,3.5281096567741854,2.9868733923178183
gn,ResNet18,R,0,hang,hang_handheld_side4,4.428599166502568,8.24135201526543
gn,ResNet18,R,0,hang,hang_handheld_side_test2,2.7349564470258514,6.458136864583898
gn,ResNet18,R,0,hang,hang_handheld_speed1,5.786985071255526,6.187162823205904
gn,ResNet18,R,0,hang,hang_handheld_speed2,6.466160978139436,7.026126683934176
gn,ResNet18,R,0,hang,hang_handheld_test1,2.5630837547977134,3.6648771999885374
gn,ResNet18,R,0,hang,hang_leg_new1,2.160989893334505,2.2707258844942397
gn,ResNet18,R,0,hang,hang_leg_new2,1.7895376659306699,2.228934901639721
gn,ResNet18,R,0,hao,hao_bag1,3.5525895904246436,5.671713956049735
gn,ResNet18,R,0,hao,hao_bag2,6.612943355666502,10.79332990843325
gn,ResNet18,R,0,hao,hao_body1,2.477496107021929,2.1601326846269235
gn,ResNet18,R,0,hao,hao_body2,2.656099022473448,2.346795804666667
gn,ResNet18,R,0,hao,hao_handheld1,3.2901251888612717,5.294264170249569
gn,ResNet18,R,0,hao,hao_handheld2,2.8863029440544206,3.585386404733576
gn,ResNet18,R,0,hao,hao_leg1,1.333984105892095,2.04965978966695
gn,ResNet18,R,0,hao,hao_leg2,1.4680569778854784,2.1971264672909046
gn,ResNet18,R,0,huayi,huayi_bag1,8.842568426496012,11.981988444580757
gn,ResNet18,R,0,huayi,huayi_bag2,2.8033244877238217,6.098940658141321
gn,ResNet18,R,0,huayi,huayi_bag_test1,4.332515871977654,1.8845273638341238
gn,ResNet18,R,0,huayi,huayi_body_test1,1.9447879750661135,2.410178033363571
gn,ResNet18,R,0,huayi,huayi_handheld1,2.3156544551350673,3.8203134238814003
gn,ResNet18,R,0,huayi,huayi_handheld2,3.6875423326569465,4.556056529678062
gn,ResNet18,R,0,huayi,huayi_leg_front1,1.8281641187208153,2.50614248057464
gn,ResNet18,R,0,huayi,huayi_leg_front2,1.2137172741981883,2.259078511690656
gn,ResNet18,R,0,huayi,huayi_leg_front3,1.9593588346963935,2.8584905011024033
gn,ResNet18,R,0,huayi,huayi_lopata1,4.802822785601939,7.25953805583218
gn,ResNet18,R,0,ma,ma_bag_low2,8.671447784875811,13.761022964902807
gn,ResNet18,R,0,ma,ma_bag_low3,14.901169387265483,18.35319063105663
gn,ResNet18,R,0,ma,ma_body1,2.1800458102454123,3.049847942369177
gn,ResNet18,R,0,ma,ma_body2,3.119692411083253,5.129503867439295
gn,ResNet18,R,0,ma,ma_handheld1,4.5193702946995655,3.336553364670393
gn,ResNet18,R,0,ma,ma_handheld2,4.042314258106079,6.24918965370158
gn,ResNet18,R,0,ma,ma_handheld3,0.7342834299913448,1.4432171477038347
gn,ResNet18,R,0,ruixuan,ruixuan_bag1,5.474049888521233,7.356854408755879
gn,ResNet18,R,0,ruixuan,ruixuan_bag2,4.259753874532949,4.75304873539053
gn,ResNet18,R,0,ruixuan,ruixuan_body1,3.2738504358283613,2.881164766301483
gn,ResNet18,R,0,ruixuan,ruixuan_body2,1.121390051885573,1.4014805471793275
gn,ResNet18,R,0,ruixuan,ruixuan_handheld1,2.8443898434456045,2.303255204436141
gn,ResNet18,R,0,ruixuan,ruixuan_handheld2,1.9749818865194657,2.785766257820731
gn,ResNet18,R,0,ruixuan,ruixuan_leg1,1.2663183950376922,1.2735345970094867
gn,ResNet18,R,0,ruixuan,ruixuan_leg2,0.9494568752832451,1.5856025850907303
gn,ResNet18,R,0,shali,shali_bag1,3.3428604005145597,4.340197687122104
gn,ResNet18,R,0,shali,shali_handheld1,3.7175817621996865,4.582660234359567
gn,ResNet18,R,0,shali,shali_leg1,3.026818763429276,2.4563105354675563
gn,ResNet18,R,0,tang,tang_bag1,6.271796857008608,7.984224368797652
gn,ResNet18,R,0,tang,tang_bag2,7.653219500623091,5.998602347198096
gn,ResNet18,R,0,tang,tang_body1,2.357452121587785,1.9633558173680616
gn,ResNet18,R,0,tang,tang_body2,1.7306089744931181,1.5848798900106162
gn,ResNet18,R,0,tang,tang_handheld1,4.992673180851086,8.261732325881267
gn,ResNet18,R,0,tang,tang_handheld2,3.7475091067410156,5.828163137866957
gn,ResNet18,R,0,xiaojing,xiaojing_body1,2.486858839038611,1.5854575911830857
gn,ResNet18,R,0,xiaojing,xiaojing_body2,2.3556659100647783,1.957520056167215
gn,ResNet18,R,0,xiaojing,xiaojing_handheld1,3.4052662259121416,3.1351945148668228
gn,ResNet18,R,0,xiaojing,xiaojing_handheld2,2.091099845632156,1.7000688844882836
gn,ResNet18,R,0,xiaojing,xiaojing_leg1,1.0961080626405824,1.2386268198084536
gn,ResNet18,R,0,yajie,yajie_bag1,8.472310640204793,8.416248102368133
gn,ResNet18,R,0,yajie,yajie_body1,7.061409098755382,7.882549664137401
gn,ResNet18,R,0,yajie,yajie_body2,3.114934199602705,7.0190516532872
gn,ResNet18,R,0,yajie,yajie_handheld1,7.766139487144538,4.500280907185889
gn,ResNet18,R,0,yajie,yajie_handheld2,5.336871467509695,5.265070842832782
gn,ResNet18,R,0,zhicheng,zhicheng_bag1,8.739662076583892,12.740455074574895
gn,ResNet18,R,0,zhicheng,zhicheng_bag2,7.304171227685415,12.37588696416555
gn,ResNet18,R,0,zhicheng,zhicheng_body1,3.428798175313499,2.732125086593466
gn,ResNet18,R,0,zhicheng,zhicheng_body2,2.824663545466525,0.7793902872087711
gn,ResNet18,R,0,zhicheng,zhicheng_handheld1,6.323469999110884,9.502610192428177
gn,ResNet18,R,0,zhicheng,zhicheng_handheld2,8.65923080262689,13.120209419080732
gn,ResNet18,R,0,zhicheng,zhicheng_leg1,1.9676504823067413,2.2958061762958066
gn,ResNet18,R,0,zhicheng,zhicheng_leg2,1.8289597625583107,1.3562544209504095
gn,ResNet18,R,1,dan,dan_bag1,7.721475546158964,4.767616349319985
gn,ResNet18,R,1,dan,dan_bag2,4.080751042626078,2.0089487429724397
gn,ResNet18,R,1,dan,dan_body1,2.878748298707705,2.74569395255921
gn,ResNet18,R,1,dan,dan_body2,3.6258136407218533,4.257369332769701
gn,ResNet18,R,1,dan,dan_body3,1.6469334052599076,1.5143796906158669
gn,ResNet18,R,1,dan,dan_handheld1,2.0326655017670485,3.9162978167818396
gn,ResNet18,R,1,dan,dan_handheld2,2.2859807193052983,2.911409594448985
gn,ResNet18,R,1,dan,dan_leg1,2.737251910910362,3.2366655775362796
gn,ResNet18,R,1,dan,dan_leg2,1.9526637797210653,2.4380466054883776
gn,ResNet18,R,1,hang,hang_bag_normal1,9.779241183602895,11.759163569417911
gn,ResNet18,R,1,hang,hang_bag_normal2,12.691203894556377,17.357303705491393
gn,ResNet18,R,1,hang,hang_bag_side1,3.500705417279086,4.832907484338213
gn,ResNet18,R,1,hang,hang_bag_speed1,9.745437122064583,9.132167057442864
gn,ResNet18,R,1,hang,hang_bag_speed2,10.731545491205068,13.481328727337585
gn,ResNet18,R,1,hang,hang_bag_stop1,4.220925163717808,5.187470547500311
gn,ResNet18,R,1,hang,hang_body_backward1,1.033718983978255,1.1912106348561684
gn,ResNet18,R,1,hang,hang_body_backward2,1.6565646873640982,3.08031544360933
gn,ResNet18,R,1,hang,hang_body_backward3,2.3054992825650937,1.0825894082871472
gn,ResNet18,R,1,hang,hang_body_backward4,1.4062153580288492,1.2339411091528263
gn,ResNet18,R,1,hang,hang_body_fast1,2.020898544589173,0.953701228334423
gn,ResNet18,R,1,hang,hang_body_normal1,1.8531986987408624,2.4279515696232123
gn,ResNet18,R,1,hang,hang_body_side1,1.3489259506325184,1.9256596950068399
gn,ResNet18,R,1,hang,hang_body_slow1,1.8658657347015495,2.2260688118884855
gn,ResNet18,R,1,hang,hang_body_stop1,0.7852919923128409,0.9086567631097329
gn,ResNet18,R,1,hang,hang_body_test1,1.7099405531527914,2.0502271968477324
gn,ResNet18,R,1,hang,hang_handheld_normal1,5.354939299074732,3.9385108489199965
gn,ResNet18,R,1,hang,hang_handheld_side3,1.3655392342023027,2.5810364318498342
gn,ResNet18,R,1,hang,hang_handheld_side4,1.512164876514393,0.8206748256560148
gn,ResNet18,R,1,hang,hang_handheld_side_test2,2.2060503797185227,5.108644982767971
gn,ResNet18,R,1,hang,hang_handheld_speed1,5.3722501264568265,8.021584132031357
gn,ResNet18,R,1,hang,hang_handheld_speed2,4.419829195694856,5.725742329669561
gn,ResNet18,R,1,hang,hang_handheld_test1,2.1239823710896673,3.26797927990714
gn,ResNet18,R,1,hang,hang_leg_new1,2.2850761389240333,2.607817939470353
gn,ResNet18,R,1,hang,hang_leg_new2,1.8245255461126573,2.6577847732857416
gn,ResNet18,R,1,hao,hao_bag1,7.516316804693228,8.12749558984351
gn,ResNet18,R,1,hao,hao_bag2,11.862356604039636,18.632478730538413
gn,ResNet18,R,1,hao,hao_body1,2.221521555141248,1.5969630486676072
gn,ResNet18,R,1,hao,hao_body2,2.283518398815278,0.6022661443572952
gn,ResNet18,R,1,hao,hao_handheld1,2.343264962848914,4.015319808790931
gn,ResNet18,R,1,hao,hao_handheld2,1.9866788342487283,2.572897747434596
gn,ResNet18,R,1,hao,hao_leg1,1.4645526805048337,2.0490257796970046
gn,ResNet18,R,1,hao,hao_leg2,0.9141034061852873,1.7324078953796527
gn,ResNet18,R,1,huayi,huayi_bag1,13.09060336676387,18.374849588209866
gn,ResNet18,R,1,huayi,huayi_bag2,4.225935154020957,10.890260487839278
gn,ResNet18,R,1,huayi,huayi_bag_test1,3.60187667551926,2.7299039501678797
gn,ResNet18,R,1,huayi,huayi_body_test1,2.5658464180849605,2.6562592110198437
gn,ResNet18,R,1,huayi,huayi_handheld1,2.2907391268271913,4.003674891579983
gn,ResNet18,R,1,huayi,huayi_handheld2,3.1988333693928537,4.268340490101138
gn,ResNet18,R,1,huayi,huayi_leg_front1,2.174040157244382,3.36922143664673
gn,ResNet18,R,1,huayi,huayi_leg_front2,1.37379713908886,1.800103458961085
gn,ResNet18,R,1,huayi,huayi_leg_front3,2.2680380016418202,2.683293731525883
gn,ResNet18,R,1,huayi,huayi_lopata1,5.308226856412132,8.86978380826502
gn,ResNet18,R,1,ma,ma_bag_low2,27.10525394878908,23.50436126539275
gn,ResNet18,R,1,ma,ma_bag_low3,24.4494181165081,24.225595227321147
gn,ResNet18,R,1,ma,ma_body1,2.1934700724899727,1.1510097714383651
gn,ResNet18,R,1,ma,ma_body2,1.9064939818912985,3.3407497126967116
gn,ResNet18,R,1,ma,ma_handheld1,4.0181682396407705,4.948604004063391
gn,ResNet18,R,1,ma,ma_handheld2,5.614411420958208,4.447268121223061
gn,ResNet18,R,1,ma,ma_handheld3,1.4473870624502847,2.0502277997071157
gn,ResNet18,R,1,ruixuan,ruixuan_bag1,7.840420733157764,10.232675998228029
gn,ResNet18,R,1,ruixuan,ruixuan_bag2,2.3075238392793005,2.557544027983538
gn,ResNet18,R,1,ruixuan,ruixuan_body1,1.763240276319114,2.147073284385062
gn,ResNet18,R,1,ruixuan,ruixuan_body2,1.861816442139722,0.6068350327500052
gn,ResNet18,R,1,ruixuan,ruixuan_handheld1,1.266563682267843,1.3785705062076266
gn,ResNet18,R,1,ruixuan,ruixuan_handheld2,1.484830762932507,1.5474060343215166
gn,ResNet18,R,1,ruixuan,ruixuan_leg1,1.590674106325214,1.6081144404719252
gn,ResNet18,R,1,ruixuan,ruixuan_leg2,1.067401609507422,0.4969528219155138
gn,ResNet18,R,1,shali,shali_bag1,2.435445198304935,0.5269686490992005
gn,ResNet18,R,1,shali,shali_handheld1,3.727474022347874,4.535045797393222
gn,ResNet18,R,1,shali,shali_leg1,3.387530312171843,3.4216021747246126
gn,ResNet18,R,1,tang,tang_bag1,4.397012671091233,7.693486389869011
gn,ResNet18,R,1,tang,tang_bag2,5.814667179602494,10.319884079482023
gn,ResNet18,R,1,tang,tang_body1,3.835608619340803,2.7995185466520263
gn,ResNet18,R,1,tang,tang_body2,1.8945051449100185,2.0364177222376214
gn,ResNet18,R,1,tang,tang_handheld1,4.8477053276342215,7.869199426102968
gn,ResNet18,R,1,tang,tang_handheld2,3.6620593399971915,5.920358359001428
gn,ResNet18,R,1,xiaojing,xiaojing_body1,2.4611289004934243,1.2713556629406535
gn,ResNet18,R,1,xiaojing,xiaojing_body2,2.4683621825717714,1.809361417738696
gn,ResNet18,R,1,xiaojing,xiaojing_handheld1,1.5447094267486872,1.5742140463353198
gn,ResNet18,R,1,xiaojing,xiaojing_handheld2,2.242179597921468,1.596401765387097
gn,ResNet18,R,1,xiaojing,xiaojing_leg1,1.6658781740371904,1.8684653623552858
gn,ResNet18,R,1,yajie,yajie_bag1,9.937679556764747,11.754234554192523
gn,ResNet18,R,1,yajie,yajie_body1,6.68075415305384,7.339046503594704
gn,ResNet18,R,1,yajie,yajie_body2,3.2961369144988493,7.446762326173426
gn,ResNet18,R,1,yajie,yajie_handheld1,5.099956721440169,4.707272596404915
gn,ResNet18,R,1,yajie,yajie_handheld2,3.4176830100397235,3.9938705742548057
gn,ResNet18,R,1,zhicheng,zhicheng_bag1,11.540346301318088,17.879585308641534
gn,ResNet18,R,1,zhicheng,zhicheng_bag2,9.22428189586982,17.238854609262905
gn,ResNet18,R,1,zhicheng,zhicheng_body1,3.246075560222873,2.4891091199599957
gn,ResNet18,R,1,zhicheng,zhicheng_body2,2.667919699789507,0.5628245428589455
gn,ResNet18,R,1,zhicheng,zhicheng_handheld1,5.692129957394038,9.665031227788885
gn,ResNet18,R,1,zhicheng,zhicheng_handheld2,7.097582330352406,8.58177224629145
gn,ResNet18,R,1,zhicheng,zhicheng_leg1,1.2436935963135773,1.4619935855628565
gn,ResNet18,R,1,zhicheng,zhicheng_leg2,1.4074444512076099,1.4416446248071644
gn,ResNet18,R,2,dan,dan_bag1,10.08107991012833,13.065111547367698
gn,ResNet18,R,2,dan,dan_bag2,5.904470520197846,9.448235820334387
gn,ResNet18,R,2,dan,dan_body1,3.4135799646520804,2.2807601120923873
gn,ResNet18,R,2,dan,dan_body2,1.96143398810295,2.4716122960759486
gn,ResNet18,R,2,dan,dan_body3,2.3180227175198658,2.6013764559902643
gn,ResNet18,R,2,dan,dan_handheld1,1.1602479294278043,2.0659413172490115
gn,ResNet18,R,2,dan,dan_handheld2,3.5566512255429794,3.9838799629301462
gn,ResNet18,R,2,dan,dan_leg1,2.8374815030405736,3.4172417628726333
gn,ResNet18,R,2,dan,dan_leg2,0.9302408636716224,1.1770778996595244
gn,ResNet18,R,2,hang,hang_bag_normal1,10.801653768047773,7.664884289366203
gn,ResNet18,R,2,hang,hang_bag_normal2,19.4963061196075,21.913094185197842
gn,ResNet18,R,2,hang,hang_bag_side1,4.093015702431158,5.506693589168977
gn,ResNet18,R,2,hang,hang_bag_speed1,11.449664679910228,9.962988902482154
gn,ResNet18,R,2,hang,hang_bag_speed2,10.447311177780911,9.027168909312696
gn,ResNet18,R,2,hang,hang_bag_stop1,4.557958701927187,4.84541860324482
gn,ResNet18,R,2,hang,hang_body_backward1,1.743125286727165,1.2437654156713829
gn,ResNet18,R,2,hang,hang_body_backward2,2.173084526945002,3.901332925835132
gn,ResNet18,R,2,hang,hang_body_backward3,2.674391509590329,1.8831535515766586
gn,ResNet18,R,2,hang,hang_body_backward4,2.426798094292145,3.32510432106735
gn,ResNet18,R,2,hang,hang_body_fast1,1.8727066488453303,0.5650605969177073
gn,ResNet18,R,2,hang,hang_body_normal1,1.6353851286584928,2.3079937768127032
gn,ResNet18,R,2,hang,hang_body_side1,1.5759718933753557,1.9915510519718214
gn,ResNet18,R,2,hang,hang_body_slow1,2.2589638813104367,2.229165337760408
gn,ResNet18,R,2,hang,hang_body_stop1,1.5402292923089513,2.568027274014415
gn,ResNet18,R,2,hang,hang_body_test1,1.5881400907241026,2.5223808920657387
gn,ResNet18,R,2,hang,hang_handheld_normal1,6.512099871352194,6.0795299225548955
gn,ResNet18,R,2,hang,hang_handheld_side3,3.4584827769983386,2.3298651213700197
gn,ResNet18,R,2,hang,hang_handheld_side4,3.0252587734252514,5.358207113090692
gn,ResNet18,R,2,hang,hang_handheld_side_test2,2.2929724037320773,4.872665766085811
gn,ResNet18,R,2,hang,hang_handheld_speed1,4.957013353775406,7.344932745103455
gn,ResNet18,R,2,hang,hang_handheld_speed2,5.03726434538089,4.592010266010422
gn,ResNet18,R,2,hang,hang_handheld_test1,1.8258304836330401,3.250604961494069
gn,ResNet18,R,2,hang,hang_leg_new1,2.2005215041979818,2.592738335002664
gn,ResNet18,R,2,hang,hang_leg_new2,2.2972834606066765,2.696313494081024
gn,ResNet18,R,2,hao,hao_bag1,5.5592840345397505,7.447199026631834
gn,ResNet18,R,2,hao,hao_bag2,7.934204107866424,12.090162996731623
gn,ResNet18,R,2,hao,hao_body1,1.4495941370095367,1.2903622834068555
gn,ResNet18,R,2,hao,hao_body2,2.476642548321997,2.6789053669547767
gn,ResNet18,R,2,hao,hao_handheld1,3.4097393464833714,5.13677735295296
gn,ResNet18,R,2,hao,hao_handheld2,1.9949957763470931,2.9003733655320367
gn,ResNet18,R,2,hao,hao_leg1,1.0098903113041517,1.7275673794999626
gn,ResNet18,R,2,hao,hao_leg2,1.2645425035255569,1.4639766311414617
gn,ResNet18,R,2,huayi,huayi_bag1,13.283477393411168,18.55900516833208
gn,ResNet18,R,2,huayi,huayi_bag2,3.431326748295303,8.357834196868692
gn,ResNet18,R,2,huayi,huayi_bag_test1,3.3863228960812033,0.8210242686816542
gn,ResNet18,R,2,huayi,huayi_body_test1,1.3964206384118785,0.9745390396222678
gn,ResNet18,R,2,huayi,huayi_handheld1,2.881299446915919,3.9973887940488373
gn,ResNet18,R,2,huayi,huayi_handheld2,4.04816623483674,5.241593502927994
gn,ResNet18,R,2,huayi,huayi_leg_front1,2.481205918207388,2.1044929219025983
gn,ResNet18,R,2,huayi,huayi_leg_front2,1.289688832616528,2.470962086551106
gn,ResNet18,R,2,huayi,huayi_leg_front3,2.853250689156519,3.4783243863999562
gn,ResNet18,R,2,huayi,huayi_lopata1,5.969904579353724,9.029955299777686
gn,ResNet18,R,2,ma,ma_bag_low2,37.63651377100394,40.861381147539085
gn,ResNet18,R,2,ma,ma_bag_low3,28.41067116057687,26.856360518155984
gn,ResNet18,R,2,ma,ma_body1,3.4936778084921207,4.475926880102455
gn,ResNet18,R,2,ma,ma_body2,2.4172297819431967,4.080325628456252
gn,ResNet18,R,2,ma,ma_handheld1,5.9858513424186315,4.64977746789206
gn,ResNet18,R,2,ma,ma_handheld2,4.163237111270008,6.415918769161743
gn,ResNet18,R,2,ma,ma_handheld3,0.5808596378289062,0.643172003209824
gn,ResNet18,R,2,ruixuan,ruixuan_bag1,6.830359444737219,9.618803160421255
gn,ResNet18,R,2,ruixuan,ruixuan_bag2,2.066748727548655,3.3650473638414975
gn,ResNet18,R,2,ruixuan,ruixuan_body1,1.7087839057578988,2.667488204577612
gn,ResNet18,R,2,ruixuan,ruixuan_body2,2.1976383940910735,1.0866932805177107
gn,ResNet18,R,2,ruixuan,ruixuan_handheld1,1.661896032106772,1.5779174403211773
gn,ResNet18,R,2,ruixuan,ruixuan_handheld2,1.5286566491661375,1.594041665519445
gn,ResNet18,R,2,ruixuan,ruixuan_leg1,2.309424789856926,2.1720371275420334
gn,ResNet18,R,2,ruixuan,ruixuan_leg2,1.3242845627072228,1.3385724149311156
gn,ResNet18,R,2,shali,shali_bag1,2.7296666727395213,2.186612047177744
gn,ResNet18,R,2,shali,shali_handheld1,3.705301635169372,4.819512475939433
gn,ResNet18,R,2,shali,shali_leg1,1.6362513367640195,1.8533295399631846
gn,ResNet18,R,2,tang,tang_bag1,4.049096017077245,7.44320534937974
gn,ResNet18,R,2,tang,tang_bag2,6.683965619268931,10.292639452249137
gn,ResNet18,R,2,tang,tang_body1,3.4178048257481843,2.451395769328858
gn,ResNet18,R,2,tang,tang_body2,1.7695517994455479,1.3735741964346773
gn,ResNet18,R,2,tang,tang_handheld1,4.425432761617561,7.484174964381627
gn,ResNet18,R,2,tang,tang_handheld2,2.53938094465511,3.6844470541718155
gn,ResNet18,R,2,xiaojing,xiaojing_body1,2.124405819821658,2.15908945738725
gn,ResNet18,R,2,xiaojing,xiaojing_body2,2.542907331843099,2.133428379078392
gn,ResNet18,R,2,xiaojing,xiaojing_handheld1,2.264996185280717,2.0209502743446524
gn,ResNet18,R,2,xiaojing,xiaojing_handheld2,1.6340902027261914,1.607582670571849
gn,ResNet18,R,2,xiaojing,xiaojing_leg1,1.2631906663695176,1.5495056365988311
gn,ResNet18,R,2,yajie,yajie_bag1,9.509989334591518,10.2332335912237
gn,ResNet18,R,2,yajie,yajie_body1,6.8582005632567915,7.491931334506191
gn,ResNet18,R,2,yajie,yajie_body2,3.721146023449908,8.263603444186655
gn,ResNet18,R,2,yajie,yajie_handheld1,6.839630096501964,4.144388138979208
gn,ResNet18,R,2,yajie,yajie_handheld2,5.553849278748986,6.0628643599527585
gn,ResNet18,R,2,zhicheng,zhicheng_bag1,7.452138489535556,12.633251271052549
gn,ResNet18,R,2,zhicheng,zhicheng_bag2,8.236235930486094,15.174655839634136
gn,ResNet18,R,2,zhicheng,zhicheng_body1,2.5416354426006285,1.9933233628472662
gn,ResNet18,R,2,zhicheng,zhicheng_body2,2.579646003708397,0.9141504578971159
gn,ResNet18,R,2,zhicheng,zhicheng_handheld1,4.127032208140341,6.489846569065354
gn,ResNet18,R,2,zhicheng,zhicheng_handheld2,7.150918244471462,8.213060385794572
gn,ResNet18,R,2,zhicheng,zhicheng_leg1,1.698939351762701,2.055666899250456
gn,ResNet18,R,2,zhicheng,zhicheng_leg2,1.5244788918198244,1.458140515091709
gn,ResNet18,R,3,dan,dan_bag1,11.715444446432674,14.225636220282096
gn,ResNet18,R,3,dan,dan_bag2,5.705384957037184,8.11027245055171
gn,ResNet18,R,3,dan,dan_body1,4.8968014134958615,5.603334428837935
gn,ResNet18,R,3,dan,dan_body2,2.644925457021542,3.0440097784264877
gn,ResNet18,R,3,dan,dan_body3,1.5894583994632683,1.2839471426109186
gn,ResNet18,R,3,dan,dan_handheld1,1.7304670149920214,2.3502408689109258
gn,ResNet18,R,3,dan,dan_handheld2,4.262697657411032,4.500486156231295
gn,ResNet18,R,3,dan,dan_leg1,2.262695181702156,1.8258256178635475
gn,ResNet18,R,3,dan,dan_leg2,1.0208481322322094,1.2564166119526397
gn,ResNet18,R,3,hang,hang_bag_normal1,6.821118749245102,11.36303098707383
gn,ResNet18,R,3,hang,hang_bag_normal2,7.513812461520472,9.82810459607479
gn,ResNet18,R,3,hang,hang_bag_side1,2.969900822094479,4.278592429268013
gn,ResNet18,R,3,hang,hang_bag_speed1,6.720474497475025,8.49678611066977
gn,ResNet18,R,3,hang,hang_bag_speed2,11.402250073823883,17.60832904146833
gn,ResNet18,R,3,hang,hang_bag_stop1,4.290562496102276,4.6188298607219895
gn,ResNet18,R,3,hang,hang_body_backward1,1.3434869196731514,1.7797645062484928
gn,ResNet18,R,3,hang,hang_body_backward2,1.939112540570752,3.2755729983774513
gn,ResNet18,R,3,hang,hang_body_backward3,2.9438716886572367,1.529771030182773
gn,ResNet18,R,3,hang,hang_body_backward4,2.218201453977495,1.5768791407601555
gn,ResNet18,R,3,hang,hang_body_fast1,2.3144736768808643,2.2268568556359485
gn,ResNet18,R,3,hang,hang_body_normal1,2.344430503361475,3.0212590872728593
gn,ResNet18,R,3,hang,hang_body_side1,1.3968806582205742,1.2483997176088846
gn,ResNet18,R,3,hang,hang_body_slow1,1.0231022384647217,1.1430177660696184
gn,ResNet18,R,3,hang,hang_body_stop1,1.0689526881358729,1.2585507110545051
gn,ResNet18,R,3,hang,hang_body_test1,1.5691049274427828,1.6038141829633978
gn,ResNet18,R,3,hang,hang_handheld_normal1,6.467582266268669,5.587726968674248
gn,ResNet18,R,3,hang,hang_handheld_side3,2.75793074374629,4.344854466785934
gn,ResNet18,R,3,hang,hang_handheld_side4,2.632927161922222,4.027970737865257
gn,ResNet18,R,3,hang,hang_handheld_side_test2,2.8428558372399526,7.124413745485813
gn,ResNet18,R,3,hang,hang_handheld_speed1,7.330934286473082,6.668290771706175
gn,ResNet18,R,3,hang,hang_handheld_speed2,5.232495655102842,5.585773424788777
gn,ResNet18,R,3,hang,hang_handheld_test1,3.390053208077904,2.7516225081235866
gn,ResNet18,R,3,hang,hang_leg_new1,2.1685607035114534,2.9801544936727544
gn,ResNet18,R,3,hang,hang_leg_new2,2.136437814775601,3.297646921489395
gn,ResNet18,R,3,hao,hao_bag1,5.816918430590551,6.95334054580884
gn,ResNet18,R,3,hao,hao_bag2,7.166528689959034,12.156068284560975
gn,ResNet18,R,3,hao,hao_body1,3.161885632013939,3.0481257252047955
gn,ResNet18,R,3,hao,hao_body2,3.467530050118605,1.9942067812586382
gn,ResNet18,R,3,hao,hao_handheld1,2.7770397303215306,4.779693494031022
gn,ResNet18,R,3,hao,hao_handheld2,1.4922354730955012,2.242809818470655
gn,ResNet18,R,3,hao,hao_leg1,1.315718164741383,2.1032154900166304
gn,ResNet18,R,3,hao,hao_leg2,1.9659129161938336,2.5020151356739118
gn,ResNet18,R,3,huayi,huayi_bag1,10.450446335979546,15.116790627777947
gn,ResNet18,R,3,huayi,huayi_bag2,2.797325033015163,6.977712445866515
gn,ResNet18,R,3,huayi,huayi_bag_test1,3.4168506531601297,2.6139722459174886
gn,ResNet18,R,3,huayi,huayi_body_test1,2.4291036425551904,3.3036664651204735
gn,ResNet18,R,3,huayi,huayi_handheld1,2.9246210049998416,3.3637276620849366
gn,ResNet18,R,3,huayi,huayi_handheld2,3.6986477262312487,4.242039787060443
gn,ResNet18,R,3,huayi,huayi_leg_front1,1.5476953766359216,1.5300026606225754
gn,ResNet18,R,3,huayi,huayi_leg_front2,1.8552215115176087,3.7029366310958114
gn,ResNet18,R,3,huayi,huayi_leg_front3,2.192062468688182,3.0779935191213537
gn,ResNet18,R,3,huayi,huayi_lopata1,5.2968781851984135,8.893463319034298
gn,ResNet18,R,3,ma,ma_bag_low2,21.74533992257219,16.330225268712898
gn,ResNet18,R,3,ma,ma_bag_low3,23.004635083047937,18.784693256034938
gn,ResNet18,R,3,ma,ma_body1,2.1632266649350393,0.6194134960769396
gn,ResNet18,R,3,ma,ma_body2,2.5309129526125873,4.504062529828724
gn,ResNet18,R,3,ma,ma_handheld1,3.885146454765313,3.8374728824860673
gn,ResNet18,R,3,ma,ma_handheld2,3.386073460283003,5.254748523815617
gn,ResNet18,R,3,ma,ma_handheld3,1.1572676375199238,1.3543316044347986
gn,ResNet18,R,3,ruixuan,ruixuan_bag1,6.444404941316555,8.71887397210697
gn,ResNet18,R,3,ruixuan,ruixuan_bag2,1.7395068953046524,3.084379706298335
gn,ResNet18,R,3,ruixuan,ruixuan_body1,3.3233599496825117,2.5350620651574585
gn,ResNet18,R,3,ruixuan,ruixuan_body2,4.059807601323873,3.5562876294755785
gn,ResNet18,R,3,ruixuan,ruixuan_handheld1,2.5465453715237976,1.9976486471675148
gn,ResNet18,R,3,ruixuan,ruixuan_handheld2,1.9614142479474026,2.5960912440358888
gn,ResNet18,R,3,ruixuan,ruixuan_leg1,2.200723524986722,2.0207139055090164
gn,ResNet18,R,3,ruixuan,ruixuan_leg2,1.6694223264183319,2.9717251307854573
gn,ResNet18,R,3,shali,shali_bag1,4.278620869162832,1.8551279162819563
gn,ResNet18,R,3,shali,shali_handheld1,3.278259560628579,2.981691021258515
gn,ResNet18,R,3,shali,shali_leg1,2.58665107402027,2.350665573732899
gn,ResNet18,R,3,tang,tang_bag1,5.563368506330172,3.686121681681535
gn,ResNet18,R,3,tang,tang_bag2,12.104469803638098,7.523431358679518
gn,ResNet18,R,3,tang,tang_body1,5.07144516678942,3.0304835320272554
gn,ResNet18,R,3,tang,tang_body2,2.671716803872754,1.8065559722435485
gn,ResNet18,R,3,tang,tang_handheld1,4.217782328332979,7.299173762957999
gn,ResNet18,R,3,tang,tang_handheld2,3.3307648804871826,5.610521505125277
gn,ResNet18,R,3,xiaojing,xiaojing_body1,1.8501670114674214,1.4298724692993747
gn,ResNet18,R,3,xiaojing,xiaojing_body2,2.7397311458631677,1.9921948366719002
gn,ResNet18,R,3,xiaojing,xiaojing_handheld1,2.1308535251051226,1.9434185760078133
gn,ResNet18,R,3,xiaojing,xiaojing_handheld2,1.419857751218132,2.3419415413665954
gn,ResNet18,R,3,xiaojing,xiaojing_leg1,1.5665528962283037,1.3662601521505688
gn,ResNet18,R,3,yajie,yajie_bag1,9.11403983847171,9.267929353051832
gn,ResNet18,R,3,yajie,yajie_body1,6.81555373535566,8.06992208615106
gn,ResNet18,R,3,yajie,yajie_body2,3.106884515190951,6.6986015318476175
gn,ResNet18,R,3,yajie,yajie_handheld1,6.667220659049255,4.232383502143825
gn,ResNet18,R,3,yajie,yajie_handheld2,4.260451084970363,5.08151228197266
gn,ResNet18,R,3,zhicheng,zhicheng_bag1,7.044837730280246,11.85121867036122
gn,ResNet18,R,3,zhicheng,zhicheng_bag2,6.714738031921604,12.717209652001303
gn,ResNet18,R,3,zhicheng,zhicheng_body1,3.5642726266651055,2.6349599577097584
gn,ResNet18,R,3,zhicheng,zhicheng_body2,3.097085510194456,0.10884740681846654
gn,ResNet18,R,3,zhicheng,zhicheng_handheld1,9.233268181924673,13.136570715216687
gn,ResNet18,R,3,zhicheng,zhicheng_handheld2,8.805677289132541,12.915489095132195
gn,ResNet18,R,3,zhicheng,zhicheng_leg1,1.8853008911913378,2.1486003057822054
gn,ResNet18,R,3,zhicheng,zhicheng_leg2,1.5426982865878898,0.8650557105436315
gn,ResNet18,S,0,a000,a000_11,7.416634054819891,4.312434457036803
gn,ResNet18,S,0,a000,a000_7,1.959123370460418,3.1690323548495543
gn,ResNet18,S,0,a001,a001_2,5.7019025630130615,3.8871315170274623
gn,ResNet18,S,0,a003,a003_3,3.7381554126181684,2.605211820346025
gn,ResNet18,S,0,a004,a004_3,3.3461450317074943,2.89143252996148
gn,ResNet18,S,0,a005,a005_3,7.96094916152667,5.049122842266728
gn,ResNet18,S,0,a009,a009_1,5.051284684834536,4.442185609820667
gn,ResNet18,S,0,a010,a010_2,12.385480102145923,5.677785148671902
gn,ResNet18,S,0,a011,a011_2,4.7418412476117116,4.448166816653732
gn,ResNet18,S,0,a012,a012_2,8.007558798110795,3.864654309536504
gn,ResNet18,S,0,a013,a013_2,11.849535160556,4.5199936210963525
gn,ResNet18,S,0,a014,a014_2,2.5916155110846795,1.9450328133933499
gn,ResNet18,S,0,a016,a016_1,6.735253677010803,2.3829689216779353
gn,ResNet18,S,0,a017,a017_2,1.9647392919121456,2.300269312197691
gn,ResNet18,S,0,a020,a020_2,3.471712920350395,3.6387024062376887
gn,ResNet18,S,0,a021,a021_2,3.5199154026910606,3.119378555146479
gn,ResNet18,S,0,a022,a022_2,5.57540733357371,4.5770303257897105
gn,ResNet18,S,0,a023,a023_1,3.339625122328388,2.015847881085655
gn,ResNet18,S,0,a025,a025_2,8.4106716349463,7.5623632985632305
gn,ResNet18,S,0,a026,a026_2,4.855343938087532,2.5985518769661
gn,ResNet18,S,0,a027,a027_2,2.9444440370953617,1.9986402677597572
gn,ResNet18,S,0,a030,a030_3,4.1750331897810335,2.6198436208350295
gn,ResNet18,S,0,a031,a031_2,3.612588647987786,1.9493069993225005
gn,ResNet18,S,0,a033,a033_2,2.5136114880500635,1.641701391116848
gn,ResNet18,S,0,a035,a035_3,18.1954227354466,11.130100521937145
gn,ResNet18,S,0,a036,a036_2,4.808969070140902,3.0603438489689836
gn,ResNet18,S,0,a037,a037_1,2.247148951565203,2.4633733737179724
gn,ResNet18,S,0,a038,a038_2,2.05416296430478,1.5755452184378493
gn,ResNet18,S,0,a044,a044_2,3.3470591575591997,2.854965343090724
gn,ResNet18,S,0,a046,a046_2,8.571165900118183,3.975826409071107
gn,ResNet18,S,0,a047,a047_2,3.697701849667661,1.729603237482155
gn,ResNet18,S,0,a059,a059_2,6.541499203950934,2.731344646822513
gn,ResNet18,S,1,a000,a000_11,5.206419167850582,3.713875478965164
gn,ResNet18,S,1,a000,a000_7,1.8784435795286802,2.694196789819685
gn,ResNet18,S,1,a001,a001_2,3.559541817975162,3.378763267727222
gn,ResNet18,S,1,a003,a003_3,3.983020537141863,2.566478369794306
gn,ResNet18,S,1,a004,a004_3,3.1634970155499547,3.056587960985678
gn,ResNet18,S,1,a005,a005_3,11.737506968949235,5.1176436314799325
gn,ResNet18,S,1,a009,a009_1,4.518614907212491,4.1106954834970395
gn,ResNet18,S,1,a010,a010_2,12.910021290660815,5.513907889711064
gn,ResNet18,S,1,a011,a011_2,4.9507696642972565,4.6359743559105135
gn,ResNet18,S,1,a012,a012_2,5.264600586349248,3.694239238257632
gn,ResNet18,S,1,a013,a013_2,9.553090043761424,3.5033606881765267
gn,ResNet18,S,1,a014,a014_2,1.9262796159942197,1.6980896034546678
gn,ResNet18,S,1,a016,a016_1,9.996695611122254,2.9187781355799225
gn,ResNet18,S,1,a017,a017_2,2.3408447470660314,2.4921794086603417
gn,ResNet18,S,1,a020,a020_2,3.9331962103263636,3.3829654570650387
gn,ResNet18,S,1,a021,a021_2,4.406731579617465,3.124339331071576
gn,ResNet18,S,1,a022,a022_2,4.271361573727239,5.26956607548726
gn,ResNet18,S,1,a023,a023_1,3.474328888797475,1.8916396245226528
gn,ResNet18,S,1,a025,a025_2,13.032996229473495,7.627681625573893
gn,ResNet18,S,1,a026,a026_2,4.878386682544926,2.5303443131321477
gn,ResNet18,S,1,a027,a027_2,4.233617595296326,1.943054846171157
gn,ResNet18,S,1,a030,a030_3,6.755719977456141,2.029119800462812
gn,ResNet18,S,1,a031,a031_2,3.468643511139965,1.5472541050062167
gn,ResNet18,S,1,a033,a033_2,2.9393050783060515,1.5253982980060636
gn,ResNet18,S,1,a035,a035_3,11.805632378477762,11.38519286206841
gn,ResNet18,S,1,a036,a036_2,6.525897677191356,3.434008461590099
gn,ResNet18,S,1,a037,a037_1,2.0054054403897745,2.781911807831193
gn,ResNet18,S,1,a038,a038_2,2.2084909875933176,1.3447957173839113
gn,ResNet18,S,1,a044,a044_2,7.231733525225959,2.968903749372927
gn,ResNet18,S,1,a046,a046_2,8.862014967035014,3.8567991111315227
gn,ResNet18,S,1,a047,a047_2,3.98636348839026,1.7192331354168326
gn,ResNet18,S,1,a059,a059_2,5.622072647896694,2.691678435149458
gn,ResNet18,S,2,a000,a000_11,4.27399630671866,3.7549055802050977
gn,ResNet18,S,2,a000,a000_7,3.4212714870215932,2.727758561372461
gn,ResNet18,S,2,a001,a001_2,5.117148416028427,3.6659526786341483
gn,ResNet18,S,2,a003,a003_3,3.0297880942788713,2.7049280858723703
gn,ResNet18,S,2,a004,a004_3,3.2568057661655767,2.734184327693574
gn,ResNet18,S,2,a005,a005_3,9.455305558728998,5.365675982391469
gn,ResNet18,S,2,a009,a009_1,4.197038415528824,4.151528440737228
gn,ResNet18,S,2,a010,a010_2,15.07078330206144,5.7453776098423255
gn,ResNet18,S,2,a011,a011_2,3.490259898930024,4.752145454947866
gn,ResNet18,S,2,a012,a012_2,7.804448464140976,3.872520904107627
gn,ResNet18,S,2,a013,a013_2,16.39341147921105,4.332924647501819
gn,ResNet18,S,2,a014,a014_2,3.9760265976786022,1.7912012491579532
gn,ResNet18,S,2,a016,a016_1,7.414343995222758,2.989745954072293
gn,ResNet18,S,2,a017,a017_2,4.983104533875774,2.508464329061668
gn,ResNet18,S,2,a020,a020_2,3.714741194237097,4.361563853979714
gn,ResNet18,S,2,a021,a021_2,4.923419769402533,2.951586866412211
gn,ResNet18,S,2,a022,a022_2,4.623704293064504,4.980339251826616
gn,ResNet18,S,2,a023,a023_1,3.0958558265799776,1.9114689232243294
gn,ResNet18,S,2,a025,a025_2,11.529483917640347,7.818269534468651
gn,ResNet18,S,2,a026,a026_2,5.232981838149693,2.8677083868316937
gn,ResNet18,S,2,a027,a027_2,2.878837157334875,1.7897512162374563
gn,ResNet18,S,2,a030,a030_3,3.408853220090142,2.3576803012375875
gn,ResNet18,S,2,a031,a031_2,4.712170257613796,1.6020965655693116
gn,ResNet18,S,2,a033,a033_2,3.925782158616501,1.6114358683898127
gn,ResNet18,S,2,a035,a035_3,14.576500141692696,11.000658351748177
gn,ResNet18,S,2,a036,a036_2,3.241492155788493,3.3722531296854776
gn,ResNet18,S,2,a037,a037_1,2.5913759710018947,2.576927615297421
gn,ResNet18,S,2,a038,a038_2,3.0749341643192767,1.444588602209813
gn,ResNet18,S,2,a044,a044_2,6.578789195595941,3.1757575232481607
gn,ResNet18,S,2,a046,a046_2,7.713748552941577,3.9532817668822804
gn,ResNet18,S,2,a047,a047_2,1.5961649425685893,1.7754179486213535
gn,ResNet18,S,2,a059,a059_2,4.8519190730650275,2.5373852417853238
gn,ResNet18,S,3,a000,a000_11,4.937089405810654,4.092906946696007
gn,ResNet18,S,3,a000,a000_7,1.5120113178814245,2.4160606031627556
gn,ResNet18,S,3,a001,a001_2,4.480106759086612,3.3730214593896917
gn,ResNet18,S,3,a003,a003_3,5.561935519284813,2.917710059508681
gn,ResNet18,S,3,a004,a004_3,2.0739416038935765,2.542226497782888
gn,ResNet18,S,3,a005,a005_3,7.258349279059532,4.910266804604046
gn,ResNet18,S,3,a009,a009_1,3.8758763290321503,4.572775488565046
gn,ResNet18,S,3,a010,a010_2,16.086209786166492,5.933167095842702
gn,ResNet18,S,3,a011,a011_2,5.597703093493823,4.699320090509168
gn,ResNet18,S,3,a012,a012_2,5.166902600839648,3.3908611605197794
gn,ResNet18,S,3,a013,a013_2,15.69278075187877,4.689484242594391
gn,ResNet18,S,3,a014,a014_2,2.264003818453626,1.8259684972223087
gn,ResNet18,S,3,a016,a016_1,8.04528016341949,2.8544532690903903
gn,ResNet18,S,3,a017,a017_2,2.509998329366514,2.346656775850816
gn,ResNet18,S,3,a020,a020_2,3.08591355079339,4.160934831019221
gn,ResNet18,S,3,a021,a021_2,2.8852928916045797,2.8780088907320507
gn,ResNet18,S,3,a022,a022_2,5.097752050511063,5.0261046626381445
gn,ResNet18,S,3,a023,a023_1,2.223183177693152,1.8390646744907038
gn,ResNet18,S,3,a025,a025_2,11.053907115498772,7.482871859895503
gn,ResNet18,S,3,a026,a026_2,4.562097351286186,2.5009907413317416
gn,ResNet18,S,3,a027,a027_2,4.100021918130011,1.9967317506433617
gn,ResNet18,S,3,a030,a030_3,3.2108084784450828,2.443863747785817
gn,ResNet18,S,3,a031,a031_2,2.852038843195867,1.561859576484919
gn,ResNet18,S,3,a033,a033_2,3.452866024132201,1.584808878384613
gn,ResNet18,S,3,a035,a035_3,13.537306848835831,10.598540912317086
gn,ResNet18,S,3,a036,a036_2,7.667992791576288,3.4688272298553207
gn,ResNet18,S,3,a037,a037_1,1.8507261139115234,2.5921048763830807
gn,ResNet18,S,3,a038,a038_2,1.4786545512941156,1.4880965813401863
gn,ResNet18,S,3,a044,a044_2,3.9617640510195673,2.856295759854751
gn,ResNet18,S,3,a046,a046_2,8.35436883813417,3.9364408690397203
gn,ResNet18,S,3,a047,a047_2,5.244359884427523,1.8437738490889455
gn,ResNet18,S,3,a059,a059_2,4.891252441825918,2.655594445890377
yaw,ResNet18,U,0,a006,a006_2,4.861839081745231,3.669989552691463
yaw,ResNet18,U,0,a019,a019_3,5.72958488453807,5.743780659034087
yaw,ResNet18,U,0,a024,a024_1,3.12035514377058,3.06002130107754
yaw,ResNet18,U,0,a024,a024_3,4.155978001459286,3.0322975328094266
yaw,ResNet18,U,0,a029,a029_1,5.638681910834313,6.633384429500722
yaw,ResNet18,U,0,a029,a029_2,5.082852455842737,2.412163943655167
yaw,ResNet18,U,0,a032,a032_1,6.222661976576853,6.873418906966786
yaw,ResNet18,U,0,a032,a032_3,16.457771141694334,8.01882424058715
yaw,ResNet18,U,0,a042,a042_2,7.694267719486654,3.101004497315786
yaw,ResNet18,U,0,a049,a049_1,3.873467893423522,5.393926086868663
yaw,ResNet18,U,0,a049,a049_2,6.0080733685892485,2.3580191801797397
yaw,ResNet18,U,0,a049,a049_3,4.8064556988951335,2.8898286066501035
yaw,ResNet18,U,0,a050,a050_1,8.998320232450723,7.21316855434251
yaw,ResNet18,U,0,a050,a050_3,9.84195603271009,6.3792551943330436
yaw,ResNet18,U,0,a051,a051_1,6.083494204164939,5.145711723514045
yaw,ResNet18,U,0,a051,a051_2,3.0935824553344253,1.6124703033408843
yaw,ResNet18,U,0,a051,a051_3,1.4719020979353745,1.3867237630509233
yaw,ResNet18,U,0,a052,a052_2,5.5923536482266565,7.749303194333704
yaw,ResNet18,U,0,a053,a053_1,1.9408109739283221,2.9030343112398995
yaw,ResNet18,U,0,a053,a053_2,6.8406116963046415,3.4542443966252963
yaw,ResNet18,U,0,a053,a053_3,7.061756221404913,3.5155447361747245
yaw,ResNet18,U,0,a054,a054_1,4.1112875159406554,4.096027276486459
yaw,ResNet18,U,0,a054,a054_2,4.093329921097811,2.727735903773172
yaw,ResNet18,U,0,a054,a054_3,8.162387794167383,4.5259690051291015
yaw,ResNet18,U,0,a055,a055_2,11.218488706585257,6.00536850739545
yaw,ResNet18,U,0,a055,a055_3,10.853578235462251,6.706063611033466
yaw,ResNet18,U,0,a057,a057_1,8.44749703529961,7.27547152525538
yaw,ResNet18,U,0,a057,a057_2,8.90539346024558,3.303217773491856
yaw,ResNet18,U,0,a057,a057_3,11.986987424778809,4.734878713370935
yaw,ResNet18,U,0,a058,a058_1,4.404785862938639,7.717543092006327
yaw,ResNet18,U,0,a058,a058_2,3.363871461691517,4.142395372148445
yaw,ResNet18,U,0,a058,a058_3,4.375016022658675,5.646703479113117
yaw,ResNet18,U,1,a006,a006_2,4.733055058292115,3.9306146841409326
yaw,ResNet18,U,1,a019,a019_3,5.7790013237957885,5.787283002778518
yaw,ResNet18,U,1,a024,a024_1,4.963127400812924,3.145991298548181
yaw,ResNet18,U,1,a024,a024_3,5.0734673441020615,3.107409782926601
yaw,ResNet18,U,1,a029,a029_1,7.194606922018502,6.493151320475048
yaw,ResNet18,U,1,a029,a029_2,2.794610192851151,2.292998286507556
yaw,ResNet18,U,1,a032,a032_1,6.513052128573752,6.8167433222686595
yaw,ResNet18,U,1,a032,a032_3,11.016782320179258,8.892323774325503
yaw,ResNet18,U,1,a042,a042_2,6.122113731179843,2.9410583004750075
yaw,ResNet18,U,1,a049,a049_1,4.042498143926659,5.102888422050688
yaw,ResNet18,U,1,a049,a049_2,4.944995450271199,2.5887826678409676
yaw,ResNet18,U,1,a049,a049_3,3.879493906677251,3.368711466091841
yaw,ResNet18,U,1,a050,a050_1,7.2241326530890255,7.137666747519484
yaw,ResNet18,U,1,a050,a050_3,11.766558883069457,6.556945156684295
yaw,ResNet18,U,1,a051,a051_1,6.747950112618966,5.227902466969464
yaw,ResNet18,U,1,a051,a051_2,3.1900199538066083,1.6039949414190968
yaw,ResNet18,U,1,a051,a051_3,1.3103155042975607,1.4441694785013046
yaw,ResNet18,U,1,a052,a052_2,5.711517248199114,7.802764096208449
yaw,ResNet18,U,1,a053,a053_1,1.9095177489817445,2.8686314595420206
yaw,ResNet18,U,1,a053,a053_2,3.2458802428194717,3.1769385725619195
yaw,ResNet18,U,1,a053,a053_3,2.4301224124687213,3.2548806594851616
yaw,ResNet18,U,1,a054,a054_1,3.3939817912449026,4.153728842942377
yaw,ResNet18,U,1,a054,a054_2,3.832822910178114,2.7071897239351754
yaw,ResNet18,U,1,a054,a054_3,7.87442023867905,4.603065158913644
yaw,ResNet18,U,1,a055,a055_2,9.052224221731755,6.096988279750478
yaw,ResNet18,U,1,a055,a055_3,16.08361659405756,7.01298106047099
yaw,ResNet18,U,1,a057,a057_1,6.270029482527661,6.536015738342648
yaw,ResNet18,U,1,a057,a057_2,8.42150396501831,3.3967208821635264
yaw,ResNet18,U,1,a057,a057_3,13.424511886148093,4.901447432731355
yaw,ResNet18,U,1,a058,a058_1,5.534744839908073,7.364109350697239
yaw,ResNet18,U,1,a058,a058_2,3.4400547078425707,3.9420405859967675
yaw,ResNet18,U,1,a058,a058_3,3.7893998110735057,5.214855498135751
yaw,ResNet18,U,2,a006,a006_2,7.271360017383343,3.6246639945781864
yaw,ResNet18,U,2,a019,a019_3,4.8419306517554626,5.3404302422767715
yaw,ResNet18,U,2,a024,a024_1,4.28917575506177,2.827398128761603
yaw,ResNet18,U,2,a024,a024_3,5.429280827168646,2.9239493011480415
yaw,ResNet18,U,2,a029,a029_1,5.008759250892287,6.836305699345307
yaw,ResNet18,U,2,a029,a029_2,3.0177309934868455,2.221869055816529
yaw,ResNet18,U,2,a032,a032_1,5.3302258561670675,6.675120981445376
yaw,ResNet18,U,2,a032,a032_3,11.696111787816927,8.111207242905747
yaw,ResNet18,U,2,a042,a042_2,7.45460412422873,2.6031266228529697
yaw,ResNet18,U,2,a049,a049_1,3.7887082492361905,5.363497996983163
yaw,ResNet18,U,2,a049,a049_2,2.72035063429584,2.082790090510927
yaw,ResNet18,U,2,a049,a049_3,2.797749947319735,2.47899208771606
yaw,ResNet18,U,2,a050,a050_1,8.0742813817002,6.370658700994081
yaw,ResNet18,U,2,a050,a050_3,9.611549353846247,6.62776573909516
yaw,ResNet18,U,2,a051,a051_1,6.009878984589158,5.283303151593836
yaw,ResNet18,U,2,a051,a051_2,3.8685562806910525,1.7204383267830146
yaw,ResNet18,U,2,a051,a051_3,1.472432352845959,1.4205225420061576
yaw,ResNet18,U,2,a052,a052_2,5.018505721682917,7.722444486313208
yaw,ResNet18,U,2,a053,a053_1,1.8511138853374929,2.933622691939774
yaw,ResNet18,U,2,a053,a053_2,3.9170651307272406,3.067782572565844
yaw,ResNet18,U,2,a053,a053_3,5.8477374819429,3.1715866606844827
yaw,ResNet18,U,2,a054,a054_1,3.864330252017385,4.452872511518955
yaw,ResNet18,U,2,a054,a054_2,3.9373405334345373,3.1241453627233975
yaw,ResNet18,U,2,a054,a054_3,10.217893796843057,4.777621011249934
yaw,ResNet18,U,2,a055,a055_2,8.855434858880836,6.2931217819525935
yaw,ResNet18,U,2,a055,a055_3,12.342389003131869,7.079745845544644
yaw,ResNet18,U,2,a057,a057_1,8.46633450422508,7.035615147869701
yaw,ResNet18,U,2,a057,a057_2,8.398230352193973,3.0153395649489987
yaw,ResNet18,U,2,a057,a057_3,10.443854392051273,4.5921775037192845
yaw,ResNet18,U,2,a058,a058_1,5.494549185462011,8.112459602027709
yaw,ResNet18,U,2,a058,a058_2,2.982634415659436,3.4183924273352386
yaw,ResNet18,U,2,a058,a058_3,4.009058652876482,4.8605268595968285
yaw,ResNet18,U,3,a006,a006_2,7.53982099432366,3.6940692883053874
yaw,ResNet18,U,3,a019,a019_3,4.851743955706058,5.43056741782585
yaw,ResNet18,U,3,a024,a024_1,4.795955344012118,3.0351719724182087
yaw,ResNet18,U,3,a024,a024_3,4.015176849094966,2.723821702977117
yaw,ResNet18,U,3,a029,a029_1,5.802090572426874,7.080748801725816
yaw,ResNet18,U,3,a029,a029_2,1.7641574614356386,2.072645012196745
yaw,ResNet18,U,3,a032,a032_1,5.761881258958823,6.5755447669257565
yaw,ResNet18,U,3,a032,a032_3,8.42194561060272,9.26172782237635
yaw,ResNet18,U,3,a042,a042_2,4.7555002294677635,2.986894411894036
yaw,ResNet18,U,3,a049,a049_1,3.452455306913858,5.518410145747263
yaw,ResNet18,U,3,a049,a049_2,6.665610061977985,2.6795003796430836
yaw,ResNet18,U,3,a049,a049_3,3.8798969994071464,3.5562026964843994
yaw,ResNet18,U,3,a050,a050_1,7.673900703244204,6.786051387161555
yaw,ResNet18,U,3,a050,a050_3,10.65513781281496,6.819445840191872
yaw,ResNet18,U,3,a051,a051_1,6.319485002898759,5.305580632065889
yaw,ResNet18,U,3,a051,a051_2,3.0565928815641388,1.503249186364567
yaw,ResNet18,U,3,a051,a051_3,1.3339385457762603,1.338487135929118
yaw,ResNet18,U,3,a052,a052_2,9.201808777125725,7.804001139506996
yaw,ResNet18,U,3,a053,a053_1,3.9088895886714488,3.2771270443032363
yaw,ResNet18,U,3,a053,a053_2,6.425023287753189,3.192755778857477
yaw,ResNet18,U,3,a053,a053_3,3.174963012490426,3.125230746687724
yaw,ResNet18,U,3,a054,a054_1,4.830644476270882,4.959013705949405
yaw,ResNet18,U,3,a054,a054_2,4.313105619434521,3.010202345772331
yaw,ResNet18,U,3,a054,a054_3,6.234810012224687,4.543796514812286
yaw,ResNet18,U,3,a055,a055_2,6.45292903126357,5.931335531191437
yaw,ResNet18,U,3,a055,a055_3,10.100475417724743,6.974112465999209
yaw,ResNet18,U,3,a057,a057_1,5.625362999464129,6.838372598879192
yaw,ResNet18,U,3,a057,a057_2,8.529774074974426,3.1572425064687217
yaw,ResNet18,U,3,a057,a057_3,10.925088184481758,4.510611856646226
yaw,ResNet18,U,3,a058,a058_1,4.790381667053344,7.989965931656877
yaw,ResNet18,U,3,a058,a058_2,5.445300026715801,4.098688650547254
yaw,ResNet18,U,3,a058,a058_3,4.356055083689077,5.192839186283522
yaw,ResNet18,R,0,dan,dan_bag1,7.123881298186945,4.014984525313528
yaw,ResNet18,R,0,dan,dan_bag2,3.287108085330986,1.8697838227344064
yaw,ResNet18,R,0,dan,dan_body1,1.6603310703005298,0.4961190026635302
yaw,ResNet18,R,0,dan,dan_body2,1.001697432125302,1.3952194011577865
yaw,ResNet18,R,0,dan,dan_body3,2.4802856133535816,4.216677272028357
yaw,ResNet18,R,0,dan,dan_handheld1,0.9422150635977149,0.873399220132461
yaw,ResNet18,R,0,dan,dan_handheld2,2.6805272624606595,3.616206020727378
yaw,ResNet18,R,0,dan,dan_leg1,1.4961789518215802,1.4865635689219248
yaw,ResNet18,R,0,dan,dan_leg2,0.6635867159962919,1.0820375885100681
yaw,ResNet18,R,0,hang,hang_bag_normal1,4.201792478156103,6.465894417683457
yaw,ResNet18,R,0,hang,hang_bag_normal2,8.249745862124886,7.193029036399046
yaw,ResNet18,R,0,hang,hang_bag_side1,4.41937496695388,6.238567661544939
yaw,ResNet18,R,0,hang,hang_bag_speed1,5.047648335820953,8.489646927290782
yaw,ResNet18,R,0,hang,hang_bag_speed2,10.15687986840835,14.917699726512316
yaw,ResNet18,R,0,hang,hang_bag_stop1,2.0380189384847434,2.9892619768418753
yaw,ResNet18,R,0,hang,hang_body_backward1,1.485399272304641,2.291027289434029
yaw,ResNet18,R,0,hang,hang_body_backward2,2.615653407677843,4.198215272492967
yaw,ResNet18,R,0,hang,hang_body_backward3,2.216858606005441,2.1282947106724626
yaw,ResNet18,R,0,hang,hang_body_backward4,1.2325165716723625,2.004561503243243
yaw,ResNet18,R,0,hang,hang_body_fast1,2.38413411102835,2.6491756582241446
yaw,ResNet18,R,0,hang,hang_body_normal1,3.277067467634773,3.7935710632681574
yaw,ResNet18,R,0,hang,hang_body_side1,1.7464389200797568,2.928334600389575
yaw,ResNet18,R,0,hang,hang_body_slow1,0.8854820785830054,1.5675557047527533
yaw,ResNet18,R,0,hang,hang_body_stop1,1.5484882041413268,2.5381283490445505
yaw,ResNet18,R,0,hang,hang_body_test1,3.257686221461802,4.351965698038499
yaw,ResNet18,R,0,hang,hang_handheld_normal1,2.396169034409617,4.454355231338101
yaw,ResNet18,R,0,hang,hang_handheld_side3,2.2576312873390405,3.541856537570939
yaw,ResNet18,R,0,hang,hang_handheld_side4,2.2497593769835658,3.529646713821762
yaw,ResNet18,R,0,hang,hang_handheld_side_test2,2.2748241982178126,5.013516472093505
yaw,ResNet18,R,0,hang,hang_handheld_speed1,4.9597665709572,7.903469669060532
yaw,ResNet18,R,0,hang,hang_handheld_speed2,2.8487970157641715,3.9945226581354194
yaw,ResNet18,R,0,hang,hang_handheld_test1,2.4150422227213233,3.476333592463216
yaw,ResNet18,R,0,hang,hang_leg_new1,2.7833435346201756,3.908149604836008
yaw,ResNet18,R,0,hang,hang_leg_new2,1.9850503156314419,2.8937684674163306
yaw,ResNet18,R,0,hao,hao_bag1,2.5393379821675763,4.283755694096651
yaw,ResNet18,R,0,hao,hao_bag2,5.459766520423677,9.27832684816858
yaw,ResNet18,R,0,hao,hao_body1,2.5534137207645227,2.7645259677410285
yaw,ResNet18,R,0,hao,hao_body2,2.2884335055845964,2.6009351469749853
yaw,ResNet18,R,0,hao,hao_handheld1,2.9728599498487815,4.018519086439932
yaw,ResNet18,R,0,hao,hao_handheld2,2.282314486488999,2.524369988724604
yaw,ResNet18,R,0,hao,hao_leg1,2.1429328471559304,2.522803722611753
yaw,ResNet18,R,0,hao,hao_leg2,0.5038852726014968,0.7402269138072499
yaw,ResNet18,R,0,huayi,huayi_bag1,10.928270262574161,15.210024509092861
yaw,ResNet18,R,0,huayi,huayi_bag2,2.6415023795565933,5.813326832645339
yaw,ResNet18,R,0,huayi,huayi_bag_test1,4.355799046584892,2.586924986181738
yaw,ResNet18,R,0,huayi,huayi_body_test1,1.4712562125839879,1.651358293427894
yaw,ResNet18,R,0,huayi,huayi_handheld1,2.3368056818706777,4.1856199043531825
yaw,ResNet18,R,0,huayi,huayi_handheld2,2.9408956405678146,3.054001534566009
yaw,ResNet18,R,0,huayi,huayi_leg_front1,1.72930747914218,2.344737685422825
yaw,ResNet18,R,0,huayi,huayi_leg_front2,1.6063800043930938,2.317871245047117
yaw,ResNet18,R,0,huayi,huayi_leg_front3,1.8727449301541474,1.7629100998196363
yaw,ResNet18,R,0,huayi,huayi_lopata1,3.178579691815119,3.760960571924282
yaw,ResNet18,R,0,ma,ma_bag_low2,10.783010935583176,8.585880282689937
yaw,ResNet18,R,0,ma,ma_bag_low3,6.919061623942943,5.995179899563449
yaw,ResNet18,R,0,ma,ma_body1,1.676062152134379,1.7017752429402362
yaw,ResNet18,R,0,ma,ma_body2,1.7415496149361427,2.685640508045434
yaw,ResNet18,R,0,ma,ma_handheld1,5.127606188714709,4.56066974772924
yaw,ResNet18,R,0,ma,ma_handheld2,2.905365912115649,4.279674878704847
yaw,ResNet18,R,0,ma,ma_handheld3,2.3421422035475317,2.056328735470295
yaw,ResNet18,R,0,ruixuan,ruixuan_bag1,3.9013398359245013,6.3474307282276365
yaw,ResNet18,R,0,ruixuan,ruixuan_bag2,2.8028486811824065,4.12936907327283
yaw,ResNet18,R,0,ruixuan,ruixuan_body1,2.5592145488641047,2.325753749016779
yaw,ResNet18,R,0,ruixuan,ruixuan_body2,1.676864813150153,1.4258893876679626
yaw,ResNet18,R,0,ruixuan,ruixuan_handheld1,1.2858289273745742,1.2241209738367178
yaw,ResNet18,R,0,ruixuan,ruixuan_handheld2,1.8647542989674761,1.3519596974055108
yaw,ResNet18,R,0,ruixuan,ruixuan_leg1,1.6764632884196058,1.5278594660762042
yaw,ResNet18,R,0,ruixuan,ruixuan_leg2,0.8850968577729653,0.5536303617698103
yaw,ResNet18,R,0,shali,shali_bag1,3.3716411483820266,2.953292054334965
yaw,ResNet18,R,0,shali,shali_handheld1,2.002037260818941,2.7252394841353778
yaw,ResNet18,R,0,shali,shali_leg1,1.4344465603281182,1.4542849300297112
yaw,ResNet18,R,0,tang,tang_bag1,2.3551490830418227,3.026455500023763
yaw,ResNet18,R,0,tang,tang_bag2,5.160919828348966,6.295248888181628
yaw,ResNet18,R,0,tang,tang_body1,2.46454243508953,2.1141847142581836
yaw,ResNet18,R,0,tang,tang_body2,1.4485321374496714,1.3632858841043594
yaw,ResNet18,R,0,tang,tang_handheld1,3.6089652879222665,6.119418730257724
yaw,ResNet18,R,0,tang,tang_handheld2,2.002965192407359,2.905596846275813
yaw,ResNet18,R,0,xiaojing,xiaojing_body1,1.5926418914395537,1.8693421632062484
yaw,ResNet18,R,0,xiaojing,xiaojing_body2,2.638604717587915,2.433156800254683
yaw,ResNet18,R,0,xiaojing,xiaojing_handheld1,2.3461389745753247,2.317049358006137
yaw,ResNet18,R,0,xiaojing,xiaojing_handheld2,0.7603997161495513,1.1728136763666424
yaw,ResNet18,R,0,xiaojing,xiaojing_leg1,1.4704863059203155,1.8168349641571375
yaw,ResNet18,R,0,yajie,yajie_bag1,9.025628236896972,9.621515929507774
yaw,ResNet18,R,0,yajie,yajie_body1,8.108654672386164,9.56256979853948
yaw,ResNet18,R,0,yajie,yajie_body2,2.9870308322719894,6.611016920428211
yaw,ResNet18,R,0,yajie,yajie_handheld1,4.31564431240644,3.183697498600353
yaw,ResNet18,R,0,yajie,yajie_handheld2,3.3009089723987737,3.959669730623558
yaw,ResNet18,R,0,zhicheng,zhicheng_bag1,4.764420746096927,7.564728019761462
yaw,ResNet18,R,0,zhicheng,zhicheng_bag2,4.769320172581883,8.394403364614238
yaw,ResNet18,R,0,zhicheng,zhicheng_body1,1.9476784514984686,1.785062825011797
yaw,ResNet18,R,0,zhicheng,zhicheng_body2,2.056679504950296,1.4609373973910005
yaw,ResNet18,R,0,zhicheng,zhicheng_handheld1,2.8845679348083237,4.65506649592227
yaw,ResNet18,R,0,zhicheng,zhicheng_handheld2,5.578011966742501,7.406261204669187
yaw,ResNet18,R,0,zhicheng,zhicheng_leg1,1.5701169154266774,1.91228858088174
yaw,ResNet18,R,0,zhicheng,zhicheng_leg2,1.896908966367535,1.9696774790762495
yaw,ResNet18,R,1,dan,dan_bag1,5.034609501774473,1.1426299731067229
yaw,ResNet18,R,1,dan,dan_bag2,3.8645065195091095,4.01081940028421
yaw,ResNet18,R,1,dan,dan_body1,3.1206383817675967,1.9969140362688604
yaw,ResNet18,R,1,dan,dan_body2,2.2549990608660724,1.5061910416118862
yaw,ResNet18,R,1,dan,dan_body3,1.3417637007133871,1.2446378933409765
yaw,ResNet18,R,1,dan,dan_handheld1,0.965604825901847,0.6354172957951144
yaw,ResNet18,R,1,dan,dan_handheld2,2.897769215217981,4.649908132163712
yaw,ResNet18,R,1,dan,dan_leg1,1.9303222669913516,2.2886087148814442
yaw,ResNet18,R,1,dan,dan_leg2,0.6402194020620495,0.7015570646057439
yaw,ResNet18,R,1,hang,hang_bag_normal1,5.077916007164375,6.47021553540091
yaw,ResNet18,R,1,hang,hang_bag_normal2,6.335536122336888,9.386450069773582
yaw,ResNet18,R,1,hang,hang_bag_side1,4.14416558654024,5.828821770079973
yaw,ResNet18,R,1,hang,hang_bag_speed1,4.853637313027679,6.143311175584123
yaw,ResNet18,R,1,hang,hang_bag_speed2,8.216884417491405,12.028220289706057
yaw,ResNet18,R,1,hang,hang_bag_stop1,4.661836599339333,4.9794888976702625
yaw,ResNet18,R,1,hang,hang_body_backward1,1.388442844996937,1.546275389086409
yaw,ResNet18,R,1,hang,hang_body_backward2,1.7254928861083785,2.98021806589533
yaw,ResNet18,R,1,hang,hang_body_backward3,1.2924371279962092,0.9628781479327233
yaw,ResNet18,R,1,hang,hang_body_backward4,1.487981772628308,1.1532870176922718
yaw,ResNet18,R,1,hang,hang_body_fast1,2.0024342904534564,2.0522521007077574
yaw,ResNet18,R,1,hang,hang_body_normal1,2.5422915785946305,3.536870849622797
yaw,ResNet18,R,1,hang,hang_body_side1,1.3431001365234296,2.0307150924378825
yaw,ResNet18,R,1,hang,hang_body_slow1,1.0868459110000948,0.8278010692267053
yaw,ResNet18,R,1,hang,hang_body_stop1,1.5135905072140992,2.242639702590139
yaw,ResNet18,R,1,hang,hang_body_test1,1.9168902036777875,2.8699741329583146
yaw,ResNet18,R,1,hang,hang_handheld_normal1,1.6773668460248412,2.5291815904229034
yaw,ResNet18,R,1,hang,hang_handheld_side3,1.7301674810636125,1.3649453933357674
yaw,ResNet18,R,1,hang,hang_handheld_side4,2.029812634874166,3.377559605141396
yaw,ResNet18,R,1,hang,hang_handheld_side_test2,2.546624337849737,5.62138768568731
yaw,ResNet18,R,1,hang,hang_handheld_speed1,4.664152095724629,5.9592608194100976
yaw,ResNet18,R,1,hang,hang_handheld_speed2,2.7832455938412495,4.071634357277376
yaw,ResNet18,R,1,hang,hang_handheld_test1,1.826107895162334,1.8316283973391698
yaw,ResNet18,R,1,hang,hang_leg_new1,3.2921453442754567,4.224618335204695
yaw,ResNet18,R,1,hang,hang_leg_new2,1.9844145175092907,2.5680293873630955
yaw,ResNet18,R,1,hao,hao_bag1,2.8765121747844566,4.65998222666734
yaw,ResNet18,R,1,hao,hao_bag2,4.755499330469754,8.233670388101858
yaw,ResNet18,R,1,hao,hao_body1,2.170846124637008,2.0684516919263123
yaw,ResNet18,R,1,hao,hao_body2,2.447061572449399,1.2801698946827202
yaw,ResNet18,R,1,hao,hao_handheld1,3.17965651275406,4.406251977055186
yaw,ResNet18,R,1,hao,hao_handheld2,1.9831714107162433,2.2048018894630235
yaw,ResNet18,R,1,hao,hao_leg1,1.4181656705876764,2.0313264915943097
yaw,ResNet18,R,1,hao,hao_leg2,0.4290334080875912,0.622139563753021
yaw,ResNet18,R,1,huayi,huayi_bag1,7.360254407049315,10.224265633153994
yaw,ResNet18,R,1,huayi,huayi_bag2,3.5588273223843627,8.289082646576485
yaw,ResNet18,R,1,huayi,huayi_bag_test1,4.007770785888938,1.8203536862437912
yaw,ResNet18,R,1,huayi,huayi_body_test1,2.4570804695927326,0.37822151993619507
yaw,ResNet18,R,1,huayi,huayi_handheld1,1.9724782714285733,3.2784457762925445
yaw,ResNet18,R,1,huayi,huayi_handheld2,3.5053785530755297,3.5780509588225975
yaw,ResNet18,R,1,huayi,huayi_leg_front1,2.0554170751557415,2.2234035989531034
yaw,ResNet18,R,1,huayi,huayi_leg_front2,1.4900541156389968,2.4126976693784616
yaw,ResNet18,R,1,huayi,huayi_leg_front3,1.763064999989942,2.5921368591201825
yaw,ResNet18,R,1,huayi,huayi_lopata1,1.7094420553102343,2.6403195302934677
yaw,ResNet18,R,1,ma,ma_bag_low2,7.984436270492419,10.582810641637344
yaw,ResNet18,R,1,ma,ma_bag_low3,16.507521672311352,13.685848890152892
yaw,ResNet18,R,1,ma,ma_body1,0.9419669114478385,0.403084017151662
yaw,ResNet18,R,1,ma,ma_body2,1.9048210918968942,3.1363155445508717
yaw,ResNet18,R,1,ma,ma_handheld1,8.486319005984573,7.765804565576057
yaw,ResNet18,R,1,ma,ma_handheld2,3.5113493109389973,3.8046226589381966
yaw,ResNet18,R,1,ma,ma_handheld3,1.7856282168135316,1.8448276386331008
yaw,ResNet18,R,1,ruixuan,ruixuan_bag1,4.323016851291927,6.490851223029498
yaw,ResNet18,R,1,ruixuan,ruixuan_bag2,2.217338848920034,3.387612581190539
yaw,ResNet18,R,1,ruixuan,ruixuan_body1,1.916238839301091,2.018973068280743
yaw,ResNet18,R,1,ruixuan,ruixuan_body2,1.7712259050990857,1.1882905076084258
yaw,ResNet18,R,1,ruixuan,ruixuan_handheld1,0.9916985737522812,1.1094805912743504
yaw,ResNet18,R,1,ruixuan,ruixuan_handheld2,1.765974502419902,1.3656017323393874
yaw,ResNet18,R,1,ruixuan,ruixuan_leg1,1.0465648687935156,1.3930134010564088
yaw,ResNet18,R,1,ruixuan,ruixuan_leg2,0.7838601919900489,1.1117692508966532
yaw,ResNet18,R,1,shali,shali_bag1,3.555306344740604,2.6117629962087974
yaw,ResNet18,R,1,shali,shali_handheld1,1.6685744092063277,1.690500362390345
yaw,ResNet18,R,1,shali,shali_leg1,1.9381300726378907,1.9087624384407111
yaw,ResNet18,R,1,tang,tang_bag1,2.4476721390902227,1.9931505244981977
yaw,ResNet18,R,1,tang,tang_bag2,5.768356433187822,4.4177133147412695
yaw,ResNet18,R,1,tang,tang_body1,2.771226744024181,2.4723046774670285
yaw,ResNet18,R,1,tang,tang_body2,1.3075928707256619,0.6071162236009275
yaw,ResNet18,R,1,tang,tang_handheld1,4.221536223689731,7.240234141603163
yaw,ResNet18,R,1,tang,tang_handheld2,2.017012700431747,3.5459344978908853
yaw,ResNet18,R,1,xiaojing,xiaojing_body1,2.604446219421293,2.6711624988391143
yaw,ResNet18,R,1,xiaojing,xiaojing_body2,2.8220283327239217,2.7463015283914953
yaw,ResNet18,R,1,xiaojing,xiaojing_handheld1,1.5134731497765097,1.8800680677666692
yaw,ResNet18,R,1,xiaojing,xiaojing_handheld2,0.7570159622586886,1.2379073855837897
yaw,ResNet18,R,1,xiaojing,xiaojing_leg1,1.5426012637372777,1.658079189480897
yaw,ResNet18,R,1,yajie,yajie_bag1,8.591098727830358,9.09389615046182
yaw,ResNet18,R,1,yajie,yajie_body1,6.537688547765242,8.07322140928788
yaw,ResNet18,R,1,yajie,yajie_body2,2.8289598275219774,6.120407913831626
yaw,ResNet18,R,1,yajie,yajie_handheld1,4.198728983497559,3.905072403730694
yaw,ResNet18,R,1,yajie,yajie_handheld2,2.1508282619837025,2.979308207053821
yaw,ResNet18,R,1,zhicheng,zhicheng_bag1,5.9484449746290196,10.832197627262154
yaw,ResNet18,R,1,zhicheng,zhicheng_bag2,6.077519606631232,11.28540838987045
yaw,ResNet18,R,1,zhicheng,zhicheng_body1,2.1098980958673756,2.679464490942875
yaw,ResNet18,R,1,zhicheng,zhicheng_body2,2.0460137309197046,1.831134346720012
yaw,ResNet18,R,1,zhicheng,zhicheng_handheld1,3.366585998781352,4.4885843266108525
yaw,ResNet18,R,1,zhicheng,zhicheng_handheld2,3.969595550877425,6.266970215340173
yaw,ResNet18,R,1,zhicheng,zhicheng_leg1,1.6079923392445035,2.1423015807777768
yaw,ResNet18,R,1,zhicheng,zhicheng_leg2,2.065261418885362,1.5533698230070154
yaw,ResNet18,R,2,dan,dan_bag1,7.742069338820308,6.131996245588252
yaw,ResNet18,R,2,dan,dan_bag2,3.9591286285517353,2.1039224471530873
yaw,ResNet18,R,2,dan,dan_body1,2.200591903430138,1.0147428872110371
yaw,ResNet18,R,2,dan,dan_body2,2.044816497778466,1.1982252830592135
yaw,ResNet18,R,2,dan,dan_body3,1.8831119618988819,1.989418370087566
yaw,ResNet18,R,2,dan,dan_handheld1,1.1773648937124452,0.8008618659374243
yaw,ResNet18,R,2,dan,dan_handheld2,2.2893032608792123,3.872074025782591
yaw,ResNet18,R,2,dan,dan_leg1,2.3092587568803093,2.225678151395263
yaw,ResNet18,R,2,dan,dan_leg2,1.2865941616149619,1.3259402766847688
yaw,ResNet18,R,2,hang,hang_bag_normal1,5.758374608002929,8.414382873103158
yaw,ResNet18,R,2,hang,hang_bag_normal2,13.56656182004134,11.624423693039335
yaw,ResNet18,R,2,hang,hang_bag_side1,2.355741363366352,2.657689784870481
yaw,ResNet18,R,2,hang,hang_bag_speed1,5.322011512714992,8.357072796769291
yaw,ResNet18,R,2,hang,hang_bag_speed2,8.9769689938708,14.698327447176235
yaw,ResNet18,R,2,hang,hang_bag_stop1,2.396558959127564,3.9777906482226437
yaw,ResNet18,R,2,hang,hang_body_backward1,1.442328776652054,0.7919052039986025
yaw,ResNet18,R,2,hang,hang_body_backward2,2.1235541170200514,3.6452155744817696
yaw,ResNet18,R,2,hang,hang_body_backward3,1.1214859302630915,0.5056826588396275
yaw,ResNet18,R,2,hang,hang_body_backward4,1.6566737769631636,1.2068062882340211
yaw,ResNet18,R,2,hang,hang_body_fast1,2.233186706935412,2.5811106256920358
yaw,ResNet18,R,2,hang,hang_body_normal1,2.8582980913759872,3.7486574435598907
yaw,ResNet18,R,2,hang,hang_body_side1,1.1176973720437429,1.6401601933803514
yaw,ResNet18,R,2,hang,hang_body_slow1,0.7580787995405762,0.9411265355844181
yaw,ResNet18,R,2,hang,hang_body_stop1,1.0529744769767257,1.5400229693516634
yaw,ResNet18,R,2,hang,hang_body_test1,2.0659566783498393,2.37239970386585
yaw,ResNet18,R,2,hang,hang_handheld_normal1,2.0849082089749547,2.855572812017039
yaw,ResNet18,R,2,hang,hang_handheld_side3,2.4914318613918343,3.8235506680271607
yaw,ResNet18,R,2,hang,hang_handheld_side4,2.2281246641708035,3.6319058672881703
yaw,ResNet18,R,2,hang,hang_handheld_side_test2,3.132497663435841,6.617135651515563
yaw,ResNet18,R,2,hang,hang_handheld_speed1,3.3038018059367253,5.546597646039096
yaw,ResNet18,R,2,hang,hang_handheld_speed2,5.045987242124664,4.270806984774608
yaw,ResNet18,R,2,hang,hang_handheld_test1,1.5602707589524232,2.575482949977532
yaw,ResNet18,R,2,hang,hang_leg_new1,3.086519952927967,3.9207600345299154
yaw,ResNet18,R,2,hang,hang_leg_new2,2.369637747504031,2.517938713643412
yaw,ResNet18,R,2,hao,hao_bag1,4.911463102497492,5.727155047666999
yaw,ResNet18,R,2,hao,hao_bag2,5.546722913805089,9.348502442029341
yaw,ResNet18,R,2,hao,hao_body1,2.085400648273206,1.2366227401159235
yaw,ResNet18,R,2,hao,hao_body2,2.83207656008471,1.636974515338776
yaw,ResNet18,R,2,hao,hao_handheld1,2.820083355640009,3.960352043636066
yaw,ResNet18,R,2,hao,hao_handheld2,2.3239396440721842,2.6524929408330085
yaw,ResNet18,R,2,hao,hao_leg1,1.6127732685440823,1.917043165579184
yaw,ResNet18,R,2,hao,hao_leg2,0.5314281322641685,0.25901153251874004
yaw,ResNet18,R,2,huayi,huayi_bag1,9.858951017528879,13.273507077854434
yaw,ResNet18,R,2,huayi,huayi_bag2,2.482804276248161,5.589367303504014
yaw,ResNet18,R,2,huayi,huayi_bag_test1,4.117951468183565,2.4324593322582326
yaw,ResNet18,R,2,huayi,huayi_body_test1,2.4386161434999143,0.9347845554677887
yaw,ResNet18,R,2,huayi,huayi_handheld1,2.2659137722770986,3.9400959543006038
yaw,ResNet18,R,2,huayi,huayi_handheld2,3.5229557411011965,3.59504557816352
yaw,ResNet18,R,2,huayi,huayi_leg_front1,2.3219385740308764,2.596579313595229
yaw,ResNet18,R,2,huayi,huayi_leg_front2,1.8865524479002733,2.607927250181207
yaw,ResNet18,R,2,huayi,huayi_leg_front3,1.84359623277872,2.5901366189995154
yaw,ResNet18,R,2,huayi,huayi_lopata1,2.1337643985985615,3.5000810261130137
yaw,ResNet18,R,2,ma,ma_bag_low2,5.840640478862119,7.527634742615479
yaw,ResNet18,R,2,ma,ma_bag_low3,13.82643518990352,10.094989665024908
yaw,ResNet18,R,2,ma,ma_body1,1.0771437497505316,0.10033907877498632
yaw,ResNet18,R,2,ma,ma_body2,2.571072616676365,4.04727130340019
yaw,ResNet18,R,2,ma,ma_handheld1,7.26258292389017,5.870344556115286
yaw,ResNet18,R,2,ma,ma_handheld2,2.3178897008440087,3.614479701339223
yaw,ResNet18,R,2,ma,ma_handheld3,1.3592570419322008,1.193198329631008
yaw,ResNet18,R,2,ruixuan,ruixuan_bag1,4.826776781376952,6.597323417222308
yaw,ResNet18,R,2,ruixuan,ruixuan_bag2,3.9738503283119986,5.872860931318698
yaw,ResNet18,R,2,ruixuan,ruixuan_body1,1.6799104986137279,1.4643688147303044
yaw,ResNet18,R,2,ruixuan,ruixuan_body2,2.9488920168394617,1.8076813284484807
yaw,ResNet18,R,2,ruixuan,ruixuan_handheld1,1.5232017102289304,1.5705468809063647
yaw,ResNet18,R,2,ruixuan,ruixuan_handheld2,1.2416233652121211,0.7331283691958401
yaw,ResNet18,R,2,ruixuan,ruixuan_leg1,1.4424188253130517,1.5421803841244046
yaw,ResNet18,R,2,ruixuan,ruixuan_leg2,1.2022563732778,0.826485166511462
yaw,ResNet18,R,2,shali,shali_bag1,3.6303618733074057,2.502219359334429
yaw,ResNet18,R,2,shali,shali_handheld1,1.7715561955496895,1.8746989057070536
yaw,ResNet18,R,2,shali,shali_leg1,1.92840581053075,2.0831308634104353
yaw,ResNet18,R,2,tang,tang_bag1,3.4962936627372208,3.8591189116150058
yaw,ResNet18,R,2,tang,tang_bag2,2.7647179886573117,3.5630182033937388
yaw,ResNet18,R,2,tang,tang_body1,2.535977365566642,2.8682981349388017
yaw,ResNet18,R,2,tang,tang_body2,1.3103162500933068,1.3553997567176017
yaw,ResNet18,R,2,tang,tang_handheld1,3.196222991678176,5.705331798048794
yaw,ResNet18,R,2,tang,tang_handheld2,1.6193498742015215,2.9167750698470853
yaw,ResNet18,R,2,xiaojing,xiaojing_body1,2.6971820004832856,1.9185474857295903
yaw,ResNet18,R,2,xiaojing,xiaojing_body2,2.2520551476528614,2.2178812871175824
yaw,ResNet18,R,2,xiaojing,xiaojing_handheld1,3.1023302607217507,2.7346791173660026
yaw,ResNet18,R,2,xiaojing,xiaojing_handheld2,1.556693863646419,1.9759267222216617
yaw,ResNet18,R,2,xiaojing,xiaojing_leg1,2.0181297875975064,2.3290903829021565
yaw,ResNet18,R,2,yajie,yajie_bag1,8.700073221979224,9.280053066415206
yaw,ResNet18,R,2,yajie,yajie_body1,6.459426104929599,7.738689790639814
yaw,ResNet18,R,2,yajie,yajie_body2,2.6717074226876742,5.808615064402828
yaw,ResNet18,R,2,yajie,yajie_handheld1,3.8379344437942557,3.676675065846897
yaw,ResNet18,R,2,yajie,yajie_handheld2,2.1024754056311097,3.6263112012533942
yaw,ResNet18,R,2,zhicheng,zhicheng_bag1,7.291666155621138,10.80428704263327
yaw,ResNet18,R,2,zhicheng,zhicheng_bag2,6.139139401557116,9.989587809802684
yaw,ResNet18,R,2,zhicheng,zhicheng_body1,2.200447521067596,2.100990297895352
yaw,ResNet18,R,2,zhicheng,zhicheng_body2,1.9121904079913874,0.643082173491835
yaw,ResNet18,R,2,zhicheng,zhicheng_handheld1,3.4289151379394656,5.4810808671625
yaw,ResNet18,R,2,zhicheng,zhicheng_handheld2,4.919735616423472,6.701918890036768
yaw,ResNet18,R,2,zhicheng,zhicheng_leg1,1.6021795145840996,1.8238476793199225
yaw,ResNet18,R,2,zhicheng,zhicheng_leg2,1.7528202219680675,0.7711900074010543
yaw,ResNet18,R,3,dan,dan_bag1,4.856618106972482,5.4872621113121625
yaw,ResNet18,R,3,dan,dan_bag2,3.0222339855114067,1.07813835624369
yaw,ResNet18,R,3,dan,dan_body1,1.787984102271438,0.32093323996294887
yaw,ResNet18,R,3,dan,dan_body2,1.111829953256289,0.44140258624754974
yaw,ResNet18,R,3,dan,dan_body3,1.95210241924914,2.886381375478209
yaw,ResNet18,R,3,dan,dan_handheld1,1.2770231645896715,1.8702702545490328
yaw,ResNet18,R,3,dan,dan_handheld2,2.6011150658607214,3.9969508228362502
yaw,ResNet18,R,3,dan,dan_leg1,1.1822546089356736,1.1887453343696908
yaw,ResNet18,R,3,dan,dan_leg2,1.1688769780951132,1.9450510193917925
yaw,ResNet18,R,3,hang,hang_bag_normal1,4.481605402305761,5.385095523899188
yaw,ResNet18,R,3,hang,hang_bag_normal2,10.529092701843835,11.965999184043982
yaw,ResNet18,R,3,hang,hang_bag_side1,3.464153184207504,4.600371835277974
yaw,ResNet18,R,3,hang,hang_bag_speed1,7.895211284249033,5.5319528999968535
yaw,ResNet18,R,3,hang,hang_bag_speed2,7.848917684654855,10.69394161042367
yaw,ResNet18,R,3,hang,hang_bag_stop1,3.5876306694103888,3.3165369450695232
yaw,ResNet18,R,3,hang,hang_body_backward1,1.1726550712806139,2.049004663334329
yaw,ResNet18,R,3,hang,hang_body_backward2,2.799528327691337,3.8874247025341373
yaw,ResNet18,R,3,hang,hang_body_backward3,1.7609082835551069,1.004637061342184
yaw,ResNet18,R,3,hang,hang_body_backward4,1.066783415326661,1.6256561197176151
yaw,ResNet18,R,3,hang,hang_body_fast1,1.954388029485498,1.4781254726333741
yaw,ResNet18,R,3,hang,hang_body_normal1,2.9505036224225276,3.1715201951784304
yaw,ResNet18,R,3,hang,hang_body_side1,1.6924919227046777,2.4262320972979614
yaw,ResNet18,R,3,hang,hang_body_slow1,0.9031193986526496,0.5917068627177879
yaw,ResNet18,R,3,hang,hang_body_stop1,1.047482816849541,1.6287664167772604
yaw,ResNet18,R,3,hang,hang_body_test1,2.471360682360162,3.6006273099893304
yaw,ResNet18,R,3,hang,hang_handheld_normal1,2.0056931177112007,2.3937897542069
yaw,ResNet18,R,3,hang,hang_handheld_side3,1.715908382252929,2.5311978093888974
yaw,ResNet18,R,3,hang,hang_handheld_side4,1.792289201983564,2.664422102311854
yaw,ResNet18,R,3,hang,hang_handheld_side_test2,2.256248841779561,4.914653550775132
yaw,ResNet18,R,3,hang,hang_handheld_speed1,5.379473977563716,5.9542315010827815
yaw,ResNet18,R,3,hang,hang_handheld_speed2,3.3071675880614344,4.261318754065373
yaw,ResNet18,R,3,hang,hang_handheld_test1,2.1908065930495773,3.5249155962680896
yaw,ResNet18,R,3,hang,hang_leg_new1,4.294039797671936,4.20355667214998
yaw,ResNet18,R,3,hang,hang_leg_new2,2.55058812390998,3.143803480256048
yaw,ResNet18,R,3,hao,hao_bag1,4.744422407558057,5.4107530789541585
yaw,ResNet18,R,3,hao,hao_bag2,7.5391862829882665,11.514360372036698
yaw,ResNet18,R,3,hao,hao_body1,2.8843469855586092,3.3629900711206453
yaw,ResNet18,R,3,hao,hao_body2,2.132712115066035,2.0800374976905527
yaw,ResNet18,R,3,hao,hao_handheld1,3.050997179057667,3.694597358080316
yaw,ResNet18,R,3,hao,hao_handheld2,3.152624941517792,3.919525672228413
yaw,ResNet18,R,3,hao,hao_leg1,1.3070097596691905,1.8923167836298382
yaw,ResNet18,R,3,hao,hao_leg2,0.9279006698629295,1.6394538693155194
yaw,ResNet18,R,3,huayi,huayi_bag1,7.063195209785785,9.436519868612255
yaw,ResNet18,R,3,huayi,huayi_bag2,2.484239930004081,5.921094368634825
yaw,ResNet18,R,3,huayi,huayi_bag_test1,4.345308379111869,3.457320865418984
yaw,ResNet18,R,3,huayi,huayi_body_test1,1.4504603954810842,1.1047446466819995
yaw,ResNet18,R,3,huayi,huayi_handheld1,2.6675254479664985,4.60880861338191
yaw,ResNet18,R,3,huayi,huayi_handheld2,3.422806375041361,3.6125630370527926
yaw,ResNet18,R,3,huayi,huayi_leg_front1,1.97761760469355,2.802461046236673
yaw,ResNet18,R,3,huayi,huayi_leg_front2,1.9182569579524227,1.9119586151952637
yaw,ResNet18,R,3,huayi,huayi_leg_front3,1.8249286467815837,1.6700008428859503
yaw,ResNet18,R,3,huayi,huayi_lopata1,2.0992557458839145,3.5652386021113265
yaw,ResNet18,R,3,ma,ma_bag_low2,12.005199866818755,10.827990056580985
yaw,ResNet18,R,3,ma,ma_bag_low3,8.504727302218926,6.768093966891194
yaw,ResNet18,R,3,ma,ma_body1,2.2229518581973737,2.7696939324481646
yaw,ResNet18,R,3,ma,ma_body2,1.2434573709161558,2.0931762874435775
yaw,ResNet18,R,3,ma,ma_handheld1,7.600034824816134,6.174120826267923
yaw,ResNet18,R,3,ma,ma_handheld2,2.794700390298624,4.138593419516589
yaw,ResNet18,R,3,ma,ma_handheld3,1.5262083972645297,2.154207943431837
yaw,ResNet18,R,3,ruixuan,ruixuan_bag1,4.480843729835489,7.162575309572767
yaw,ResNet18,R,3,ruixuan,ruixuan_bag2,3.479831051333443,4.88016682499067
yaw,ResNet18,R,3,ruixuan,ruixuan_body1,1.3387832506434099,1.2560266950752208
yaw,ResNet18,R,3,ruixuan,ruixuan_body2,2.0652418600106865,1.681308694944045
yaw,ResNet18,R,3,ruixuan,ruixuan_handheld1,1.028151059430283,1.3188701924631325
yaw,ResNet18,R,3,ruixuan,ruixuan_handheld2,1.196262215443099,0.7707720437881451
yaw,ResNet18,R,3,ruixuan,ruixuan_leg1,1.48158002371498,1.3920775640979433
yaw,ResNet18,R,3,ruixuan,ruixuan_leg2,0.5287062090123285,0.7075781293676171
yaw,ResNet18,R,3,shali,shali_bag1,3.268549670879072,1.7079674583614652
yaw,ResNet18,R,3,shali,shali_handheld1,1.4573464785990395,1.1389266261823634
yaw,ResNet18,R,3,shali,shali_leg1,1.4261584702099535,1.6211548735603762
yaw,ResNet18,R,3,tang,tang_bag1,5.517414247039349,3.8731848725313753
yaw,ResNet18,R,3,tang,tang_bag2,7.686088649679203,9.478053477163808
yaw,ResNet18,R,3,tang,tang_body1,3.8965391188215737,3.2165300060068462
yaw,ResNet18,R,3,tang,tang_body2,1.9279225712003754,0.9725987624495938
yaw,ResNet18,R,3,tang,tang_handheld1,3.9932464114339234,6.941402557268957
yaw,ResNet18,R,3,tang,tang_handheld2,1.9653175093787576,2.833425813531952
yaw,ResNet18,R,3,xiaojing,xiaojing_body1,2.108345012152124,2.103998671315962
yaw,ResNet18,R,3,xiaojing,xiaojing_body2,2.787137196595926,2.6202202380023616
yaw,ResNet18,R,3,xiaojing,xiaojing_handheld1,1.740999634601515,1.7438099653720889
yaw,ResNet18,R,3,xiaojing,xiaojing_handheld2,0.9956478242346072,1.254757053340599
yaw,ResNet18,R,3,xiaojing,xiaojing_leg1,1.895440095792734,2.1303222367837056
yaw,ResNet18,R,3,yajie,yajie_bag1,8.209072731794521,8.380087235638262
yaw,ResNet18,R,3,yajie,yajie_body1,5.1924177966295675,6.267938684799615
yaw,ResNet18,R,3,yajie,yajie_body2,2.4677172053620207,5.427468930508034
yaw,ResNet18,R,3,yajie,yajie_handheld1,3.9290811144860402,3.224825312147759
yaw,ResNet18,R,3,yajie,yajie_handheld2,2.1489160511823173,3.3057348161206552
yaw,ResNet18,R,3,zhicheng,zhicheng_bag1,5.864430472528743,10.606524356676353
yaw,ResNet18,R,3,zhicheng,zhicheng_bag2,5.31939448938505,8.90921858224801
yaw,ResNet18,R,3,zhicheng,zhicheng_body1,2.1919649656770543,2.3263367271025186
yaw,ResNet18,R,3,zhicheng,zhicheng_body2,2.411101079401364,1.1039777935710784
yaw,ResNet18,R,3,zhicheng,zhicheng_handheld1,4.361433948573049,6.183766085545564
yaw,ResNet18,R,3,zhicheng,zhicheng_handheld2,4.313930484474434,7.195349687613282
yaw,ResNet18,R,3,zhicheng,zhicheng_leg1,2.2606033856811103,2.6213458414891173
yaw,ResNet18,R,3,zhicheng,zhicheng_leg2,2.42067419601597,2.1936086603826257
yaw,ResNet18,S,0,a000,a000_11,5.17123049049902,4.408685061016076
yaw,ResNet18,S,0,a000,a000_7,3.7979135693498423,3.261953885222879
yaw,ResNet18,S,0,a001,a001_2,7.644459263743092,3.3507089071452256
yaw,ResNet18,S,0,a003,a003_3,3.10103539158926,2.774043775763326
yaw,ResNet18,S,0,a004,a004_3,3.280423376046465,2.577829514513769
yaw,ResNet18,S,0,a005,a005_3,8.467055235781931,4.7841206040747295
yaw,ResNet18,S,0,a009,a009_1,4.318081854511837,3.4217741667389583
yaw,ResNet18,S,0,a010,a010_2,7.158692004467373,6.190605949063158
yaw,ResNet18,S,0,a011,a011_2,5.792893189700787,4.7979248344691685
yaw,ResNet18,S,0,a012,a012_2,5.74196423786654,3.236446954551582
yaw,ResNet18,S,0,a013,a013_2,4.4096541650100285,2.7634173592413416
yaw,ResNet18,S,0,a014,a014_2,2.901563051419017,1.585523532539646
yaw,ResNet18,S,0,a016,a016_1,4.26898413764454,1.5604218581373361
yaw,ResNet18,S,0,a017,a017_2,2.4008192663681758,2.004415250647537
yaw,ResNet18,S,0,a020,a020_2,1.9699907538151746,2.7360973960734754
yaw,ResNet18,S,0,a021,a021_2,5.171986790758328,2.594480135096622
yaw,ResNet18,S,0,a022,a022_2,4.855672049455867,4.042446646698594
yaw,ResNet18,S,0,a023,a023_1,2.170005569316996,1.9397941163789587
yaw,ResNet18,S,0,a025,a025_2,6.078932851100488,7.697602474600328
yaw,ResNet18,S,0,a026,a026_2,2.5553711788548914,2.7288565450964604
yaw,ResNet18,S,0,a027,a027_2,3.9222816299007066,2.031652740134387
yaw,ResNet18,S,0,a030,a030_3,4.674979990724951,2.0361974255249815
yaw,ResNet18,S,0,a031,a031_2,3.1198937144332506,1.6251511272354584
yaw,ResNet18,S,0,a033,a033_2,3.462144816338145,1.7196967877494826
yaw,ResNet18,S,0,a035,a035_3,23.127471142313382,13.284922827546785
yaw,ResNet18,S,0,a036,a036_2,3.7098726171479375,3.9716086643504327
yaw,ResNet18,S,0,a037,a037_1,2.9388691695011517,4.137992818269037
yaw,ResNet18,S,0,a038,a038_2,1.8779989464601259,1.392394790807558
yaw,ResNet18,S,0,a044,a044_2,7.196232596334896,2.463883827945224
yaw,ResNet18,S,0,a046,a046_2,6.792861078751179,5.050128137150588
yaw,ResNet18,S,0,a047,a047_2,2.300201235941167,1.5470825579714163
yaw,ResNet18,S,0,a059,a059_2,4.431414595358862,2.297241650064711
yaw,ResNet18,S,1,a000,a000_11,5.130640828333101,4.256253170636975
yaw,ResNet18,S,1,a000,a000_7,2.2684045674612787,2.8775650477729897
yaw,ResNet18,S,1,a001,a001_2,6.957691619551324,3.288699645925738
yaw,ResNet18,S,1,a003,a003_3,3.945898518945756,2.831466243696218
yaw,ResNet18,S,1,a004,a004_3,2.702279553105311,2.5921727826342003
yaw,ResNet18,S,1,a005,a005_3,9.325977682395848,4.60585712199217
yaw,ResNet18,S,1,a009,a009_1,3.8066929937731353,3.560830970007506
yaw,ResNet18,S,1,a010,a010_2,5.700040671726455,5.75016086821001
yaw,ResNet18,S,1,a011,a011_2,6.87437521768047,4.863891598139395
yaw,ResNet18,S,1,a012,a012_2,7.104618513990213,3.0331887623492184
yaw,ResNet18,S,1,a013,a013_2,7.446335671093954,2.400963200455881
yaw,ResNet18,S,1,a014,a014_2,2.678938878969243,1.761991162077365
yaw,ResNet18,S,1,a016,a016_1,3.864299830076674,1.482578742285975
yaw,ResNet18,S,1,a017,a017_2,1.7924905144869325,2.103751146371212
yaw,ResNet18,S,1,a020,a020_2,3.2216163374937326,3.3476690491694243
yaw,ResNet18,S,1,a021,a021_2,3.525228928145495,2.3789568951461484
yaw,ResNet18,S,1,a022,a022_2,6.238519063620526,4.1687445882277085
yaw,ResNet18,S,1,a023,a023_1,3.1126746017553173,1.7328880618780118
yaw,ResNet18,S,1,a025,a025_2,9.003083398903225,7.840579547411103
yaw,ResNet18,S,1,a026,a026_2,2.8575681738381498,2.747670372499782
yaw,ResNet18,S,1,a027,a027_2,3.60890275474778,2.120240052795157
yaw,ResNet18,S,1,a030,a030_3,5.81915925269734,1.9523329980877318
yaw,ResNet18,S,1,a031,a031_2,2.2862743226423423,1.5288089250162715
yaw,ResNet18,S,1,a033,a033_2,2.9228640359499543,1.876112159741743
yaw,ResNet18,S,1,a035,a035_3,22.92925228502816,13.997054945676455
yaw,ResNet18,S,1,a036,a036_2,3.416186169489338,3.869226636871475
yaw,ResNet18,S,1,a037,a037_1,2.750057785581578,3.949775670584515
yaw,ResNet18,S,1,a038,a038_2,2.0986541775157956,1.5439242863951372
yaw,ResNet18,S,1,a044,a044_2,5.565071649860997,2.407254934602434
yaw,ResNet18,S,1,a046,a046_2,6.56835346609452,5.0828179859151374
yaw,ResNet18,S,1,a047,a047_2,1.152113296937778,1.589256974400753
yaw,ResNet18,S,1,a059,a059_2,3.3071403964822745,2.281770176579128
yaw,ResNet18,S,2,a000,a000_11,4.697106189684035,4.154031489982191
yaw,ResNet18,S,2,a000,a000_7,2.3265549248805577,2.8946251343734586
yaw,ResNet18,S,2,a001,a001_2,6.204918837091874,3.2871971187908486
yaw,ResNet18,S,2,a003,a003_3,6.083508373854327,3.101901744663458
yaw,ResNet18,S,2,a004,a004_3,3.1730447124015027,2.696510643982255
yaw,ResNet18,S,2,a005,a005_3,8.010357937641697,4.224289939237412
yaw,ResNet18,S,2,a009,a009_1,3.3892817786007687,2.9460643956008514
yaw,ResNet18,S,2,a010,a010_2,5.6372089968916175,5.692837210964412
yaw,ResNet18,S,2,a011,a011_2,4.767202670636171,4.592864793224371
yaw,ResNet18,S,2,a012,a012_2,4.92479605222293,2.7559935959716606
yaw,ResNet18,S,2,a013,a013_2,5.310495262280471,2.4698617384861183
yaw,ResNet18,S,2,a014,a014_2,2.610092355015542,1.715662882172231
yaw,ResNet18,S,2,a016,a016_1,4.1759475394857155,1.5021675846710765
yaw,ResNet18,S,2,a017,a017_2,2.676198573629257,2.078530476038551
yaw,ResNet18,S,2,a020,a020_2,1.9811590006640536,2.8620224544104995
yaw,ResNet18,S,2,a021,a021_2,5.311230822570104,2.5501102614824664
yaw,ResNet18,S,2,a022,a022_2,4.530220751922393,4.380476591698344
yaw,ResNet18,S,2,a023,a023_1,3.200043243814896,1.7575912832929226
yaw,ResNet18,S,2,a025,a025_2,8.175604385004672,7.4376578669263
yaw,ResNet18,S,2,a026,a026_2,3.289987778535868,2.752919998843781
yaw,ResNet18,S,2,a027,a027_2,4.171102242578275,1.9230933221993933
yaw,ResNet18,S,2,a030,a030_3,6.898924837926385,2.231728686867605
yaw,ResNet18,S,2,a031,a031_2,1.6851820965961486,1.6051522736743573
yaw,ResNet18,S,2,a033,a033_2,3.359930368860836,1.7822171176236334
yaw,ResNet18,S,2,a035,a035_3,24.700514657505945,13.961657558457809
yaw,ResNet18,S,2,a036,a036_2,3.9073479127128237,3.96930752821626
yaw,ResNet18,S,2,a037,a037_1,2.7255698922955935,4.12090117353836
yaw,ResNet18,S,2,a038,a038_2,1.4098237793619053,1.5479854330183644
yaw,ResNet18,S,2,a044,a044_2,5.465166786789446,2.5001665650480778
yaw,ResNet18,S,2,a046,a046_2,5.517692495399734,4.986183027250001
yaw,ResNet18,S,2,a047,a047_2,2.20120945403365,1.6215690513803365
yaw,ResNet18,S,2,a059,a059_2,3.3712464329451635,2.107236090779103
yaw,ResNet18,S,3,a000,a000_11,4.951635266249983,4.21298991616357
yaw,ResNet18,S,3,a000,a000_7,3.0778436141491348,2.965721532518198
yaw,ResNet18,S,3,a001,a001_2,7.728756108360398,3.31276888200397
yaw,ResNet18,S,3,a003,a003_3,4.80806166846866,2.877565319000897
yaw,ResNet18,S,3,a004,a004_3,2.845702420162537,2.9531441025206218
yaw,ResNet18,S,3,a005,a005_3,7.781223697178989,4.4651659035813696
yaw,ResNet18,S,3,a009,a009_1,2.681669071302341,3.1928816461251692
yaw,ResNet18,S,3,a010,a010_2,8.484908951977326,6.1396637687701725
yaw,ResNet18,S,3,a011,a011_2,5.058955317293568,4.566758327190604
yaw,ResNet18,S,3,a012,a012_2,5.270205710266309,3.009892842778681
yaw,ResNet18,S,3,a013,a013_2,5.352981746379035,2.919577403489296
yaw,ResNet18,S,3,a014,a014_2,4.226921607583422,1.7712691768566664
yaw,ResNet18,S,3,a016,a016_1,3.860654962164121,1.5792213850225303
yaw,ResNet18,S,3,a017,a017_2,2.3480943206879554,2.150663545127382
yaw,ResNet18,S,3,a020,a020_2,2.595740963968792,3.2096987730020405
yaw,ResNet18,S,3,a021,a021_2,5.777599806830236,2.375210381795895
yaw,ResNet18,S,3,a022,a022_2,5.345928948156424,4.520971655006308
yaw,ResNet18,S,3,a023,a023_1,1.9869762813531162,1.8971628821739916
yaw,ResNet18,S,3,a025,a025_2,8.55915855888305,7.916890173965626
yaw,ResNet18,S,3,a026,a026_2,4.909839653454056,2.872284775294401
yaw,ResNet18,S,3,a027,a027_2,4.0488345465437465,2.085775966627712
yaw,ResNet18,S,3,a030,a030_3,4.385042972143706,2.0356361167557835
yaw,ResNet18,S,3,a031,a031_2,2.5962633391257217,1.629768107264863
yaw,ResNet18,S,3,a033,a033_2,4.949333219359966,1.9054070650194581
yaw,ResNet18,S,3,a035,a035_3,20.979957900821603,12.992915804188996
yaw,ResNet18,S,3,a036,a036_2,2.7180651760736403,3.652261407805134
yaw,ResNet18,S,3,a037,a037_1,3.515455862477261,4.103413412720114
yaw,ResNet18,S,3,a038,a038_2,2.701416133780386,1.6248318948369351
yaw,ResNet18,S,3,a044,a044_2,5.014174726873187,2.6318324047224015
yaw,ResNet18,S,3,a046,a046_2,6.764503699681275,4.964852914356675
yaw,ResNet18,S,3,a047,a047_2,3.059147031131302,1.6466825051451974
yaw,ResNet18,S,3,a059,a059_2,3.760231739610115,2.209965804695603
pca,ResNet18,U,0,a006,a006_2,7.4259868903249036,3.849257583750922
pca,ResNet18,U,0,a019,a019_3,5.886604274068166,6.0106616544722735
pca,ResNet18,U,0,a024,a024_1,6.255586450947792,3.2743665449167616
pca,ResNet18,U,0,a024,a024_3,5.231919290908387,3.241761161982474
pca,ResNet18,U,0,a029,a029_1,7.647422983132325,6.908941271580634
pca,ResNet18,U,0,a029,a029_2,4.08095902111932,2.245890268857621
pca,ResNet18,U,0,a032,a032_1,4.8610050651483565,5.865197336208433
pca,ResNet18,U,0,a032,a032_3,20.80178517990051,11.217549193291127
pca,ResNet18,U,0,a042,a042_2,5.856612138282724,3.529667732122532
pca,ResNet18,U,0,a049,a049_1,3.8282899663700274,6.0620698291622
pca,ResNet18,U,0,a049,a049_2,2.464457846498613,2.113536109637105
pca,ResNet18,U,0,a049,a049_3,3.794881976588164,2.351140069266677
pca,ResNet18,U,0,a050,a050_1,14.266354947723599,9.08858115326484
pca,ResNet18,U,0,a050,a050_3,9.026929655056739,7.110177267692962
pca,ResNet18,U,0,a051,a051_1,6.634082014582583,5.109014634693529
pca,ResNet18,U,0,a051,a051_2,3.752340099296089,1.6485982314601775
pca,ResNet18,U,0,a051,a051_3,2.081935891586924,1.8497580732092354
pca,ResNet18,U,0,a052,a052_2,5.229510746750067,8.634160610570621
pca,ResNet18,U,0,a053,a053_1,4.810180968794712,3.367006322963822
pca,ResNet18,U,0,a053,a053_2,4.02981589080199,3.104181644849613
pca,ResNet18,U,0,a053,a053_3,3.3843522101179047,3.3239412511417297
pca,ResNet18,U,0,a054,a054_1,6.2193713142664215,6.057550696166116
pca,ResNet18,U,0,a054,a054_2,3.054934750593778,2.972104818822564
pca,ResNet18,U,0,a054,a054_3,8.845710124939382,4.995161754335733
pca,ResNet18,U,0,a055,a055_2,17.954741808107723,6.97345281904639
pca,ResNet18,U,0,a055,a055_3,31.479989859614847,9.850351209620962
pca,ResNet18,U,0,a057,a057_1,6.688650512197724,7.682416602840817
pca,ResNet18,U,0,a057,a057_2,7.086366979660852,3.1031270266096485
pca,ResNet18,U,0,a057,a057_3,12.55703799439111,4.8825566562133424
pca,ResNet18,U,0,a058,a058_1,4.075479046844639,7.767126280504333
pca,ResNet18,U,0,a058,a058_2,2.950934881137925,3.843685338878601
pca,ResNet18,U,0,a058,a058_3,4.279279003465019,5.4300548087453056
pca,ResNet18,U,1,a006,a006_2,5.966093383702048,3.8186631820816643
pca,ResNet18,U,1,a019,a019_3,7.529552725675586,6.531553496554952
pca,ResNet18,U,1,a024,a024_1,3.1225244286295872,3.5210556156193684
pca,ResNet18,U,1,a024,a024_3,4.959698971125805,3.2041000766015824
pca,ResNet18,U,1,a029,a029_1,7.251064084115208,7.420778108583795
pca,ResNet18,U,1,a029,a029_2,3.0071651314316306,1.9596406129575168
pca,ResNet18,U,1,a032,a032_1,3.946274433207677,6.424938821181074
pca,ResNet18,U,1,a032,a032_3,17.481403093149005,10.984481407255767
pca,ResNet18,U,1,a042,a042_2,4.435656829515518,3.024104063279988
pca,ResNet18,U,1,a049,a049_1,4.184632512903395,6.290274411028372
pca,ResNet18,U,1,a049,a049_2,2.8838705103768203,1.8512315833813482
pca,ResNet18,U,1,a049,a049_3,2.5279056934437594,2.4035517368137773
pca,ResNet18,U,1,a050,a050_1,14.17540256371431,8.512502756746489
pca,ResNet18,U,1,a050,a050_3,9.576597387843687,7.190948940758449
pca,ResNet18,U,1,a051,a051_1,11.122292166886234,5.308056987094436
pca,ResNet18,U,1,a051,a051_2,5.919005726209323,1.6269933362319557
pca,ResNet18,U,1,a051,a051_3,1.608453077997358,1.5560274474968199
pca,ResNet18,U,1,a052,a052_2,5.210029575990449,8.160242218047728
pca,ResNet18,U,1,a053,a053_1,2.7732852062610953,2.989432341102533
pca,ResNet18,U,1,a053,a053_2,5.3329041894531715,3.9669554416012383
pca,ResNet18,U,1,a053,a053_3,5.100862446351209,3.7618816233618415
pca,ResNet18,U,1,a054,a054_1,3.9275140215149924,4.537096362516945
pca,ResNet18,U,1,a054,a054_2,3.8366809799440476,2.8283357077347824
pca,ResNet18,U,1,a054,a054_3,10.351696395795651,4.668839882974534
pca,ResNet18,U,1,a055,a055_2,14.675601792260128,6.717305560489153
pca,ResNet18,U,1,a055,a055_3,8.87152160131631,8.07141798590058
pca,ResNet18,U,1,a057,a057_1,7.945902272534563,7.6075680945554085
pca,ResNet18,U,1,a057,a057_2,4.920344358178593,3.2207548684216283
pca,ResNet18,U,1,a057,a057_3,12.282914745607723,5.041012681758712
pca,ResNet18,U,1,a058,a058_1,7.324219040447778,8.059376302357673
pca,ResNet18,U,1,a058,a058_2,4.294330255644898,4.082912642954558
pca,ResNet18,U,1,a058,a058_3,5.44349595483641,5.493347211545968
pca,ResNet18,U,2,a006,a006_2,7.698820957478463,3.701286140114044
pca,ResNet18,U,2,a019,a019_3,7.72659863659648,6.0934921035263985
pca,ResNet18,U,2,a024,a024_1,6.840557839754686,3.594260278042153
pca,ResNet18,U,2,a024,a024_3,5.1199487124058285,2.9784757901144765
pca,ResNet18,U,2,a029,a029_1,7.794502163255002,7.623542096736137
pca,ResNet18,U,2,a029,a029_2,1.6247606815555966,1.9381372850529013
pca,ResNet18,U,2,a032,a032_1,5.553076847480316,6.302405200646153
pca,ResNet18,U,2,a032,a032_3,10.726613312977545,11.654621278563594
pca,ResNet18,U,2,a042,a042_2,3.408420295790941,2.5973237087744203
pca,ResNet18,U,2,a049,a049_1,3.8381346605427624,5.7683051078364524
pca,ResNet18,U,2,a049,a049_2,2.3723338311079623,2.368518702643657
pca,ResNet18,U,2,a049,a049_3,2.5677173405436307,2.514402137209265
pca,ResNet18,U,2,a050,a050_1,10.983406165748779,7.78688441595983
pca,ResNet18,U,2,a050,a050_3,13.278360371449669,7.778772909491791
pca,ResNet18,U,2,a051,a051_1,6.619877969025232,5.13510847643333
pca,ResNet18,U,2,a051,a051_2,4.032363305950396,1.7278839724081885
pca,ResNet18,U,2,a051,a051_3,1.8934952005084058,1.4891675705827108
pca,ResNet18,U,2,a052,a052_2,6.7315829697265075,8.704235432478603
pca,ResNet18,U,2,a053,a053_1,2.451357350602165,3.005242494467158
pca,ResNet18,U,2,a053,a053_2,4.731158307031384,2.804202980118684
pca,ResNet18,U,2,a053,a053_3,3.868706993175968,2.9724016381607794
pca,ResNet18,U,2,a054,a054_1,3.9807199500228814,4.611062595160035
pca,ResNet18,U,2,a054,a054_2,6.505930430526112,3.1537661614571917
pca,ResNet18,U,2,a054,a054_3,8.645596974647846,4.362896497148236
pca,ResNet18,U,2,a055,a055_2,11.402097144537684,6.5532238933320315
pca,ResNet18,U,2,a055,a055_3,15.037979135986541,7.811163103777407
pca,ResNet18,U,2,a057,a057_1,8.18529160125356,7.618207037099947
pca,ResNet18,U,2,a057,a057_2,4.7643044996807244,3.2452176081466506
pca,ResNet18,U,2,a057,a057_3,12.082864531849143,4.832283109999993
pca,ResNet18,U,2,a058,a058_1,4.110717368089932,7.747558000834011
pca,ResNet18,U,2,a058,a058_2,2.7546623428264807,3.6740849707744156
pca,ResNet18,U,2,a058,a058_3,3.295764938206826,5.120587000522643
pca,ResNet18,U,3,a006,a006_2,8.336020395144141,4.030997739683219
pca,ResNet18,U,3,a019,a019_3,7.607645131928392,6.39199024863754
pca,ResNet18,U,3,a024,a024_1,4.6778681020528765,3.439656192630193
pca,ResNet18,U,3,a024,a024_3,3.777406601104329,3.4742446945997965
pca,ResNet18,U,3,a029,a029_1,6.045664763033264,6.780582568905438
pca,ResNet18,U,3,a029,a029_2,3.545631242726153,2.2397502476399955
pca,ResNet18,U,3,a032,a032_1,7.0845687035896105,7.693548891022578
pca,ResNet18,U,3,a032,a032_3,33.90944071282027,13.839682758436057
pca,ResNet18,U,3,a042,a042_2,4.662995794298458,2.605412291218535
pca,ResNet18,U,3,a049,a049_1,4.456321881919916,6.532796031248
pca,ResNet18,U,3,a049,a049_2,4.240232788638959,3.2415414320015064
pca,ResNet18,U,3,a049,a049_3,8.886262398620403,3.6444113472852138
pca,ResNet18,U,3,a050,a050_1,10.622871490233647,7.3557451220392975
pca,ResNet18,U,3,a050,a050_3,9.858196910831477,7.191006806593512
pca,ResNet18,U,3,a051,a051_1,7.221282764856257,5.2354651212215195
pca,ResNet18,U,3,a051,a051_2,4.629146291634287,1.6908001363891332
pca,ResNet18,U,3,a051,a051_3,2.7782438920089443,2.093419104971529
pca,ResNet18,U,3,a052,a052_2,5.985853222422663,9.316282898255748
pca,ResNet18,U,3,a053,a053_1,4.949109222367834,3.6282238184982214
pca,ResNet18,U,3,a053,a053_2,3.818240449992417,3.5439613090290267
pca,ResNet18,U,3,a053,a053_3,2.9428080066048548,3.7326173744283824
pca,ResNet18,U,3,a054,a054_1,6.798508036066497,5.906227227891331
pca,ResNet18,U,3,a054,a054_2,3.6071178416230865,3.6560586624444515
pca,ResNet18,U,3,a054,a054_3,10.974372017510952,5.589687937645394
pca,ResNet18,U,3,a055,a055_2,18.36715350799069,7.679412299711382
pca,ResNet18,U,3,a055,a055_3,14.5335511511606,8.994029522788137
pca,ResNet18,U,3,a057,a057_1,10.817610372012581,8.97003591572445
pca,ResNet18,U,3,a057,a057_2,8.06343301392271,3.8917801452853804
pca,ResNet18,U,3,a057,a057_3,12.989475758539928,5.29770508141857
pca,ResNet18,U,3,a058,a058_1,6.3055394459446505,7.9606919418852655
pca,ResNet18,U,3,a058,a058_2,3.1915235149552776,4.003293384857874
pca,ResNet18,U,3,a058,a058_3,4.111100880366749,5.426726868719866
pca,ResNet18,R,0,dan,dan_bag1,11.458306760893446,11.752805003039386
pca,ResNet18,R,0,dan,dan_bag2,6.936720314519479,8.496722314587323
pca,ResNet18,R,0,dan,dan_body1,2.164883219446664,1.5987605446480322
pca,ResNet18,R,0,dan,dan_body2,1.9965736981485718,1.6642115682522993
pca,ResNet18,R,0,dan,dan_body3,1.8904181660802009,2.0741801902801167
pca,ResNet18,R,0,dan,dan_handheld1,1.1059424682135475,1.3044655473241857
pca,ResNet18,R,0,dan,dan_handheld2,3.0387588314322063,4.337311653769401
pca,ResNet18,R,0,dan,dan_leg1,1.6417364929950429,1.8198651191110988
pca,ResNet18,R,0,dan,dan_leg2,0.7523377420417515,1.1642522975313134
pca,ResNet18,R,0,hang,hang_bag_normal1,12.691271114428803,16.312124902151183
pca,ResNet18,R,0,hang,hang_bag_normal2,8.247861678519236,11.498169307584812
pca,ResNet18,R,0,hang,hang_bag_side1,4.1176263650203,4.611424036391443
pca,ResNet18,R,0,hang,hang_bag_speed1,10.988729625799994,13.22933257057152
pca,ResNet18,R,0,hang,hang_bag_speed2,8.884717600902567,14.481393729156515
pca,ResNet18,R,0,hang,hang_bag_stop1,3.5047872755367977,4.953255357105482
pca,ResNet18,R,0,hang,hang_body_backward1,1.089742191491173,0.7566923359803414
pca,ResNet18,R,0,hang,hang_body_backward2,1.6240569137921335,2.4381738677220803
pca,ResNet18,R,0,hang,hang_body_backward3,1.9269691810023581,1.092918163232456
pca,ResNet18,R,0,hang,hang_body_backward4,2.1116595524386295,1.7266093210076336
pca,ResNet18,R,0,hang,hang_body_fast1,1.9930034308635383,2.3761226866248157
pca,ResNet18,R,0,hang,hang_body_normal1,2.180363457498135,4.055004088429257
pca,ResNet18,R,0,hang,hang_body_side1,1.495032800395709,2.190827810992812
pca,ResNet18,R,0,hang,hang_body_slow1,0.7624986250366049,0.36445286834592927
pca,ResNet18,R,0,hang,hang_body_stop1,0.9487491175371963,1.2789837501769934
pca,ResNet18,R,0,hang,hang_body_test1,1.80859293241107,3.56279996940078
pca,ResNet18,R,0,hang,hang_handheld_normal1,1.9628016275021116,2.33606016944424
pca,ResNet18,R,0,hang,hang_handheld_side3,2.4355785412457647,1.8949976440704455
pca,ResNet18,R,0,hang,hang_handheld_side4,2.699837392001017,4.2875932815159095
pca,ResNet18,R,0,hang,hang_handheld_side_test2,2.316963225265539,4.774308032121831
pca,ResNet18,R,0,hang,hang_handheld_speed1,4.768160490310397,7.075469219301206
pca,ResNet18,R,0,hang,hang_handheld_speed2,5.595326188406331,5.5784964679999405
pca,ResNet18,R,0,hang,hang_handheld_test1,1.2459025399666508,2.3007802034715152
pca,ResNet18,R,0,hang,hang_leg_new1,3.1388603421599837,4.151293552386284
pca,ResNet18,R,0,hang,hang_leg_new2,1.9094886093120202,2.9734448753414777
pca,ResNet18,R,0,hao,hao_bag1,5.477838699129879,6.978933332824914
pca,ResNet18,R,0,hao,hao_bag2,10.98253270558052,16.518484277275796
pca,ResNet18,R,0,hao,hao_body1,1.7497296222585899,3.456734962942296
pca,ResNet18,R,0,hao,hao_body2,4.522012967427562,8.593646437203743
pca,ResNet18,R,0,hao,hao_handheld1,2.7632880310609416,4.656606680905924
pca,ResNet18,R,0,hao,hao_handheld2,1.6949292876271305,2.1939054985511044
pca,ResNet18,R,0,hao,hao_leg1,1.3321297437487338,1.8471490650421696
pca,ResNet18,R,0,hao,hao_leg2,1.7223470374707128,2.5646705483918417
pca,ResNet18,R,0,huayi,huayi_bag1,11.098530885662571,16.542336125215012
pca,ResNet18,R,0,huayi,huayi_bag2,1.881866329963402,4.496226393885441
pca,ResNet18,R,0,huayi,huayi_bag_test1,3.7321060734046285,0.4639400906682818
pca,ResNet18,R,0,huayi,huayi_body_test1,3.531577388887637,2.731990646054726
pca,ResNet18,R,0,huayi,huayi_handheld1,2.2919087689877014,4.173946328798026
pca,ResNet18,R,0,huayi,huayi_handheld2,3.4951750380099025,4.230887940983828
pca,ResNet18,R,0,huayi,huayi_leg_front1,2.5032641498657333,2.9138831581341056
pca,ResNet18,R,0,huayi,huayi_leg_front2,1.8090334246353719,2.0726048693794126
pca,ResNet18,R,0,huayi,huayi_leg_front3,1.6098936212263777,2.348930547837696
pca,ResNet18,R,0,huayi,huayi_lopata1,2.2536412551172,3.495039946693903
pca,ResNet18,R,0,ma,ma_bag_low2,5.978688577918879,8.90919194552413
pca,ResNet18,R,0,ma,ma_bag_low3,17.737238441495027,12.728330668173893
pca,ResNet18,R,0,ma,ma_body1,1.5250347810369882,1.8199911507606636
pca,ResNet18,R,0,ma,ma_body2,2.6403870203399165,3.3016903500173487
pca,ResNet18,R,0,ma,ma_handheld1,7.165667508076007,5.721860791448545
pca,ResNet18,R,0,ma,ma_handheld2,2.784465818986548,4.032989495033439
pca,ResNet18,R,0,ma,ma_handheld3,1.4736014676542368,2.0442316647619303
pca,ResNet18,R,0,ruixuan,ruixuan_bag1,4.188454932520888,6.5537251426977825
pca,ResNet18,R,0,ruixuan,ruixuan_bag2,5.319946040066768,7.418939769068676
pca,ResNet18,R,0,ruixuan,ruixuan_body1,1.5693522794253403,1.661227297367833
pca,ResNet18,R,0,ruixuan,ruixuan_body2,2.4835254269648814,1.8632473085371417
pca,ResNet18,R,0,ruixuan,ruixuan_handheld1,2.586307457921372,2.2186931513959585
pca,ResNet18,R,0,ruixuan,ruixuan_handheld2,2.4581055949890986,2.553497674973205
pca,ResNet18,R,0,ruixuan,ruixuan_leg1,1.2907509555592314,1.3854489264473389
pca,ResNet18,R,0,ruixuan,ruixuan_leg2,0.8837355419140923,0.647729125733154
pca,ResNet18,R,0,shali,shali_bag1,3.751437771998029,2.9819250981153815
pca,ResNet18,R,0,shali,shali_handheld1,1.369328529468923,1.8387510890246708
pca,ResNet18,R,0,shali,shali_leg1,1.4363663396211228,1.4303153302831975
pca,ResNet18,R,0,tang,tang_bag1,8.563083289682364,11.9881712231091
pca,ResNet18,R,0,tang,tang_bag2,7.413237025959972,6.672679094177451
pca,ResNet18,R,0,tang,tang_body1,4.29837324993542,3.220688386653687
pca,ResNet18,R,0,tang,tang_body2,2.688499783410411,2.597813025886491
pca,ResNet18,R,0,tang,tang_handheld1,4.473039241214711,7.202940392066219
pca,ResNet18,R,0,tang,tang_handheld2,1.8955279465175996,2.278927895789962
pca,ResNet18,R,0,xiaojing,xiaojing_body1,1.8977157638800366,1.7276399420721666
pca,ResNet18,R,0,xiaojing,xiaojing_body2,0.7533564502198162,0.9640265852864868
pca,ResNet18,R,0,xiaojing,xiaojing_handheld1,3.160362667645492,3.0119692521811787
pca,ResNet18,R,0,xiaojing,xiaojing_handheld2,1.181522400036354,1.8614846240664773
pca,ResNet18,R,0,xiaojing,xiaojing_leg1,1.6852546577098477,1.9372066095930802
pca,ResNet18,R,0,yajie,yajie_bag1,10.569640422224165,10.89638515156087
pca,ResNet18,R,0,yajie,yajie_body1,5.911951327670008,6.952407217080892
pca,ResNet18,R,0,yajie,yajie_body2,2.3958882830825083,5.270377577123715
pca,ResNet18,R,0,yajie,yajie_handheld1,4.727840399992376,3.180782280069087
pca,ResNet18,R,0,yajie,yajie_handheld2,4.1723976282412245,6.791156452462001
pca,ResNet18,R,0,zhicheng,zhicheng_bag1,11.226938445017717,15.351112412781967
pca,ResNet18,R,0,zhicheng,zhicheng_bag2,9.972952152450164,17.400084247788214
pca,ResNet18,R,0,zhicheng,zhicheng_body1,1.4179739687723352,1.7354128600451746
pca,ResNet18,R,0,zhicheng,zhicheng_body2,1.555536231734434,1.0182887658171709
pca,ResNet18,R,0,zhicheng,zhicheng_handheld1,4.900127160470827,7.508245083364846
pca,ResNet18,R,0,zhicheng,zhicheng_handheld2,4.67244178219299,7.398861681559044
pca,ResNet18,R,0,zhicheng,zhicheng_leg1,1.7110199226182998,2.270364989335892
pca,ResNet18,R,0,zhicheng,zhicheng_leg2,2.0297238571059153,0.9292314254520871
pca,ResNet18,R,1,dan,dan_bag1,13.20537714886425,19.133532666561038
pca,ResNet18,R,1,dan,dan_bag2,7.335438824771208,10.67544083385818
pca,ResNet18,R,1,dan,dan_body1,2.745392509592528,1.8827256610721634
pca,ResNet18,R,1,dan,dan_body2,1.8227395128943977,2.1551233877322717
pca,ResNet18,R,1,dan,dan_body3,1.1788653587330464,1.0359770195653621
pca,ResNet18,R,1,dan,dan_handheld1,1.5667322413988012,1.8938738456847712
pca,ResNet18,R,1,dan,dan_handheld2,2.6429270681124692,4.5237267917873245
pca,ResNet18,R,1,dan,dan_leg1,1.495003504317466,3.154083348522333
pca,ResNet18,R,1,dan,dan_leg2,0.9254313924274328,1.4222062070960675
pca,ResNet18,R,1,hang,hang_bag_normal1,4.907686380734651,7.4560079224927795
pca,ResNet18,R,1,hang,hang_bag_normal2,8.961728576352325,11.057789568023225
pca,ResNet18,R,1,hang,hang_bag_side1,3.482900938984009,4.757516140001498
pca,ResNet18,R,1,hang,hang_bag_speed1,4.995873261145371,6.743623651270714
pca,ResNet18,R,1,hang,hang_bag_speed2,10.345883076091315,14.853932047367177
pca,ResNet18,R,1,hang,hang_bag_stop1,2.525152592187943,3.006979910962771
pca,ResNet18,R,1,hang,hang_body_backward1,2.3519818529139602,2.953925728893964
pca,ResNet18,R,1,hang,hang_body_backward2,2.2641452999240226,4.132179610226601
pca,ResNet18,R,1,hang,hang_body_backward3,2.384289912048867,1.7404826017757105
pca,ResNet18,R,1,hang,hang_body_backward4,2.319050987287546,2.733602399471198
pca,ResNet18,R,1,hang,hang_body_fast1,3.2606011781898396,5.26294537764431
pca,ResNet18,R,1,hang,hang_body_normal1,3.622696388320231,3.5977453411686486
pca,ResNet18,R,1,hang,hang_body_side1,1.3831678731288821,1.8085289498295019
pca,ResNet18,R,1,hang,hang_body_slow1,0.8930819754473299,1.5819972963766618
pca,ResNet18,R,1,hang,hang_body_stop1,0.9650720103140589,1.3403831844762457
pca,ResNet18,R,1,hang,hang_body_test1,2.9854326875520294,2.7931115408783054
pca,ResNet18,R,1,hang,hang_handheld_normal1,4.808657276241463,6.535123818751556
pca,ResNet18,R,1,hang,hang_handheld_side3,1.7740697968296746,3.01089979778699
pca,ResNet18,R,1,hang,hang_handheld_side4,2.816389979976857,3.501082689235492
pca,ResNet18,R,1,hang,hang_handheld_side_test2,2.493627879567763,5.08401541568165
pca,ResNet18,R,1,hang,hang_handheld_speed1,5.0275488782487034,5.218316124800142
pca,ResNet18,R,1,hang,hang_handheld_speed2,3.681202240494949,3.9558000058703313
pca,ResNet18,R,1,hang,hang_handheld_test1,4.7561740934208085,5.199010219209663
pca,ResNet18,R,1,hang,hang_leg_new1,4.0008065917927205,4.786090018382692
pca,ResNet18,R,1,hang,hang_leg_new2,2.9040136623108332,2.7228301219504147
pca,ResNet18,R,1,hao,hao_bag1,3.4446025703019854,4.74623464077876
pca,ResNet18,R,1,hao,hao_bag2,8.060625729766208,12.651179279468657
pca,ResNet18,R,1,hao,hao_body1,3.1323566227689903,3.929843399797124
pca,ResNet18,R,1,hao,hao_body2,3.504864635584282,2.716711795606076
pca,ResNet18,R,1,hao,hao_handheld1,2.669633358552862,3.751082491078343
pca,ResNet18,R,1,hao,hao_handheld2,1.7554631675776546,1.9535905017149344
pca,ResNet18,R,1,hao,hao_leg1,1.9058731267291094,2.2140497347167494
pca,ResNet18,R,1,hao,hao_leg2,1.4496017594550308,2.046121227039109
pca,ResNet18,R,1,huayi,huayi_bag1,6.9100973452032095,10.061688941605212
pca,ResNet18,R,1,huayi,huayi_bag2,2.045431521795161,4.948506310881591
pca,ResNet18,R,1,huayi,huayi_bag_test1,4.402764471719675,3.6620731322114466
pca,ResNet18,R,1,huayi,huayi_body_test1,1.428617057331478,1.6965564557469046
pca,ResNet18,R,1,huayi,huayi_handheld1,2.5139255342334836,2.709405555738362
pca,ResNet18,R,1,huayi,huayi_handheld2,5.55560398176056,6.05891834551988
pca,ResNet18,R,1,huayi,huayi_leg_front1,2.595844515846419,1.8986430370396685
pca,ResNet18,R,1,huayi,huayi_leg_front2,2.022300416222734,3.6067242690721164
pca,ResNet18,R,1,huayi,huayi_leg_front3,3.0248560962445468,3.053261888970064
pca,ResNet18,R,1,huayi,huayi_lopata1,2.9625240382894646,2.3435048728382357
pca,ResNet18,R,1,ma,ma_bag_low2,10.12841046557474,14.379373314549166
pca,ResNet18,R,1,ma,ma_bag_low3,9.176400588144098,10.20963459419472
pca,ResNet18,R,1,ma,ma_body1,1.6505847247387628,1.4817775477279758
pca,ResNet18,R,1,ma,ma_body2,2.629586640066645,4.307989335149771
pca,ResNet18,R,1,ma,ma_handheld1,8.429250708685249,6.746321932121046
pca,ResNet18,R,1,ma,ma_handheld2,4.831683332774034,4.003408849231539
pca,ResNet18,R,1,ma,ma_handheld3,2.6504759906742015,3.8215996330796984
pca,ResNet18,R,1,ruixuan,ruixuan_bag1,3.5302307365508043,5.78028270083407
pca,ResNet18,R,1,ruixuan,ruixuan_bag2,3.969114781441932,5.7671564287871355
pca,ResNet18,R,1,ruixuan,ruixuan_body1,2.81783308490898,2.509982593181635
pca,ResNet18,R,1,ruixuan,ruixuan_body2,1.7456215771136736,0.5084023300767555
pca,ResNet18,R,1,ruixuan,ruixuan_handheld1,4.717729728227986,3.645826837245672
pca,ResNet18,R,1,ruixuan,ruixuan_handheld2,1.1997530683242128,1.944754857975267
pca,ResNet18,R,1,ruixuan,ruixuan_leg1,2.7039532416924024,2.4690943028216576
pca,ResNet18,R,1,ruixuan,ruixuan_leg2,0.9804236342918328,1.909272637079834
pca,ResNet18,R,1,shali,shali_bag1,2.8026445813405245,3.6505323428080296
pca,ResNet18,R,1,shali,shali_handheld1,0.6139608619914915,0.9845628903073217
pca,ResNet18,R,1,shali,shali_leg1,1.0143889033658728,1.9464139305801054
pca,ResNet18,R,1,tang,tang_bag1,9.348965908807775,14.623523793153167
pca,ResNet18,R,1,tang,tang_bag2,10.214664234652414,6.832062304403091
pca,ResNet18,R,1,tang,tang_body1,2.8132511555539925,2.277241781655175
pca,ResNet18,R,1,tang,tang_body2,1.6815376091293706,1.0636464134934425
pca,ResNet18,R,1,tang,tang_handheld1,2.9861858447157856,5.0703267815195
pca,ResNet18,R,1,tang,tang_handheld2,1.5622985409652113,2.4033957531662886
pca,ResNet18,R,1,xiaojing,xiaojing_body1,3.2327556880209345,2.896247380756937
pca,ResNet18,R,1,xiaojing,xiaojing_body2,4.388243625101178,3.9598490168667273
pca,ResNet18,R,1,xiaojing,xiaojing_handheld1,3.850233810268293,3.7512958059124517
pca,ResNet18,R,1,xiaojing,xiaojing_handheld2,2.1037986392159786,4.524460981361826
pca,ResNet18,R,1,xiaojing,xiaojing_leg1,2.4190165438073308,2.2870063624906822
pca,ResNet18,R,1,yajie,yajie_bag1,11.270025090159812,12.009148509818493
pca,ResNet18,R,1,yajie,yajie_body1,6.757165746074214,8.112005889811542
pca,ResNet18,R,1,yajie,yajie_body2,1.8579377821382954,4.304094093266193
pca,ResNet18,R,1,yajie,yajie_handheld1,2.4550128981614634,2.7053636783185304
pca,ResNet18,R,1,yajie,yajie_handheld2,8.255067960239314,10.20692758878764
pca,ResNet18,R,1,zhicheng,zhicheng_bag1,7.898962672718699,12.658484169744694
pca,ResNet18,R,1,zhicheng,zhicheng_bag2,9.542882912548237,15.281155675774107
pca,ResNet18,R,1,zhicheng,zhicheng_body1,3.202013172399814,2.4189325359253746
pca,ResNet18,R,1,zhicheng,zhicheng_body2,2.7969419114181884,1.574983296529026
pca,ResNet18,R,1,zhicheng,zhicheng_handheld1,5.12433902818014,6.625535409981273
pca,ResNet18,R,1,zhicheng,zhicheng_handheld2,4.14584855604998,6.92888936937343
pca,ResNet18,R,1,zhicheng,zhicheng_leg1,2.4785957719343936,2.3198911455861313
pca,ResNet18,R,1,zhicheng,zhicheng_leg2,1.472538660921585,1.1987261523127781
pca,ResNet18,R,2,dan,dan_bag1,10.487246467416568,9.846103870540121
pca,ResNet18,R,2,dan,dan_bag2,6.10236932857033,4.93658556568505
pca,ResNet18,R,2,dan,dan_body1,3.34674903519188,2.144489389733465
pca,ResNet18,R,2,dan,dan_body2,2.7471673276885347,2.6785504837036935
pca,ResNet18,R,2,dan,dan_body3,1.8807592528501635,1.6428534044749805
pca,ResNet18,R,2,dan,dan_handheld1,0.9072282789464726,0.8200341229558314
pca,ResNet18,R,2,dan,dan_handheld2,2.2069206510879606,3.202956621310673
pca,ResNet18,R,2,dan,dan_leg1,1.3272109844242548,2.0959142125374535
pca,ResNet18,R,2,dan,dan_leg2,0.5753855360733381,1.0775472696222
pca,ResNet18,R,2,hang,hang_bag_normal1,5.35139663252614,7.229903821962236
pca,ResNet18,R,2,hang,hang_bag_normal2,14.41572831208001,13.61577259255055
pca,ResNet18,R,2,hang,hang_bag_side1,4.334185789146022,6.03203103951589
pca,ResNet18,R,2,hang,hang_bag_speed1,7.067243878037454,6.994096602909933
pca,ResNet18,R,2,hang,hang_bag_speed2,10.18405805981414,14.08960516543366
pca,ResNet18,R,2,hang,hang_bag_stop1,5.812124639056561,5.879259898545087
pca,ResNet18,R,2,hang,hang_body_backward1,2.0607193450525396,1.5460597534188034
pca,ResNet18,R,2,hang,hang_body_backward2,1.7172669636115976,2.4454522569864956
pca,ResNet18,R,2,hang,hang_body_backward3,2.195106927556292,1.5156574132438196
pca,ResNet18,R,2,hang,hang_body_backward4,3.0756127540078,2.425087513693996
pca,ResNet18,R,2,hang,hang_body_fast1,2.7204975464713415,4.098607721665454
pca,ResNet18,R,2,hang,hang_body_normal1,2.9674218947639868,3.2779256058473996
pca,ResNet18,R,2,hang,hang_body_side1,1.17822811513852,1.7183517978483507
pca,ResNet18,R,2,hang,hang_body_slow1,0.600418633205434,0.9885908898226473
pca,ResNet18,R,2,hang,hang_body_stop1,0.33903614758165085,0.5643599223645999
pca,ResNet18,R,2,hang,hang_body_test1,2.0321262697272338,2.73846657201548
pca,ResNet18,R,2,hang,hang_handheld_normal1,1.4056987273757873,1.661693518709367
pca,ResNet18,R,2,hang,hang_handheld_side3,1.7226781000913947,1.788935733891921
pca,ResNet18,R,2,hang,hang_handheld_side4,1.9626289421629406,2.425098159602964
pca,ResNet18,R,2,hang,hang_handheld_side_test2,1.6964897960185443,3.1591884857830514
pca,ResNet18,R,2,hang,hang_handheld_speed1,4.149776732966179,5.1604233863943
pca,ResNet18,R,2,hang,hang_handheld_speed2,4.779677873227087,4.825371563522968
pca,ResNet18,R,2,hang,hang_handheld_test1,2.2404576604670425,2.3111149330202774
pca,ResNet18,R,2,hang,hang_leg_new1,3.4763927726776815,4.217563209005162
pca,ResNet18,R,2,hang,hang_leg_new2,1.9448022157536622,2.8942966999840998
pca,ResNet18,R,2,hao,hao_bag1,2.5979180273896803,4.447794835982758
pca,ResNet18,R,2,hao,hao_bag2,6.565193154854259,11.77853039544655
pca,ResNet18,R,2,hao,hao_body1,2.2104475788592626,2.4769564027763042
pca,ResNet18,R,2,hao,hao_body2,3.463888898073269,5.808572841116049
pca,ResNet18,R,2,hao,hao_handheld1,2.4439660592986585,4.105708890782354
pca,ResNet18,R,2,hao,hao_handheld2,1.346803128095377,1.751795423211868
pca,ResNet18,R,2,hao,hao_leg1,1.7230974558086534,2.313365115468831
pca,ResNet18,R,2,hao,hao_leg2,0.6262866621606769,1.0354072874938696
pca,ResNet18,R,2,huayi,huayi_bag1,9.921114232090341,13.575603300022578
pca,ResNet18,R,2,huayi,huayi_bag2,2.3720880124599932,5.3432148829476604
pca,ResNet18,R,2,huayi,huayi_bag_test1,4.427253807837006,1.2200561421986398
pca,ResNet18,R,2,huayi,huayi_body_test1,2.9813041334538855,2.081034971634663
pca,ResNet18,R,2,huayi,huayi_handheld1,1.849417635451671,3.251663560778882
pca,ResNet18,R,2,huayi,huayi_handheld2,2.7920926317632055,3.3810763002572783
pca,ResNet18,R,2,huayi,huayi_leg_front1,2.1750599793253,2.3479947401431134
pca,ResNet18,R,2,huayi,huayi_leg_front2,2.2723555580316046,3.7187878622471087
pca,ResNet18,R,2,huayi,huayi_leg_front3,2.854012790498678,2.514571601853504
pca,ResNet18,R,2,huayi,huayi_lopata1,2.087303941611593,2.9808894943607323
pca,ResNet18,R,2,ma,ma_bag_low2,11.03512024627642,14.910426407122761
pca,ResNet18,R,2,ma,ma_bag_low3,23.470147872983738,16.778151581278376
pca,ResNet18,R,2,ma,ma_body1,1.5097645950974985,1.3063687645367952
pca,ResNet18,R,2,ma,ma_body2,2.7849720658681956,4.276996113178004
pca,ResNet18,R,2,ma,ma_handheld1,5.364077015577515,3.975814645158306
pca,ResNet18,R,2,ma,ma_handheld2,2.7987278761275904,4.424273780123103
pca,ResNet18,R,2,ma,ma_handheld3,1.3928271437580872,2.0770229406229825
pca,ResNet18,R,2,ruixuan,ruixuan_bag1,4.361416931559736,7.01167604717351
pca,ResNet18,R,2,ruixuan,ruixuan_bag2,5.199794688225941,7.001984567006835
pca,ResNet18,R,2,ruixuan,ruixuan_body1,1.2322858253130717,1.4061189206221045
pca,ResNet18,R,2,ruixuan,ruixuan_body2,2.285389749629226,1.0420945179127283
pca,ResNet18,R,2,ruixuan,ruixuan_handheld1,1.860633923692946,1.5772060681090834
pca,ResNet18,R,2,ruixuan,ruixuan_handheld2,1.0589039691952673,0.5147688737221727
pca,ResNet18,R,2,ruixuan,ruixuan_leg1,0.7267212532019235,1.0170806921025335
pca,ResNet18,R,2,ruixuan,ruixuan_leg2,1.0897090671138292,0.338385059167701
pca,ResNet18,R,2,shali,shali_bag1,3.588341936827843,1.8935121776988735
pca,ResNet18,R,2,shali,shali_handheld1,1.6334297269239408,2.0516538774097315
pca,ResNet18,R,2,shali,shali_leg1,1.3278703242204688,1.477242182838634
pca,ResNet18,R,2,tang,tang_bag1,4.577633154272747,5.178243059339923
pca,ResNet18,R,2,tang,tang_bag2,7.672219509556107,6.421067763930366
pca,ResNet18,R,2,tang,tang_body1,2.323650059914448,2.161507028700493
pca,ResNet18,R,2,tang,tang_body2,1.2484028864061782,1.3291972823858265
pca,ResNet18,R,2,tang,tang_handheld1,5.5549632174074945,8.938565082430005
pca,ResNet18,R,2,tang,tang_handheld2,2.700476125443393,3.5071234097979356
pca,ResNet18,R,2,xiaojing,xiaojing_body1,2.445580849564206,1.9831729500073714
pca,ResNet18,R,2,xiaojing,xiaojing_body2,2.8808449379718284,2.2163601321562694
pca,ResNet18,R,2,xiaojing,xiaojing_handheld1,2.9856485475035908,2.8264427937515273
pca,ResNet18,R,2,xiaojing,xiaojing_handheld2,1.3996493154416818,1.8159798334002326
pca,ResNet18,R,2,xiaojing,xiaojing_leg1,1.0254257869262,1.0489528323458066
pca,ResNet18,R,2,yajie,yajie_bag1,10.075178638224651,10.565244064822142
pca,ResNet18,R,2,yajie,yajie_body1,5.931516826390994,6.93545368092364
pca,ResNet18,R,2,yajie,yajie_body2,2.606828727491633,5.66378670339989
pca,ResNet18,R,2,yajie,yajie_handheld1,5.244933102046058,3.3507033264471495
pca,ResNet18,R,2,yajie,yajie_handheld2,4.536565905657335,7.058472664690423
pca,ResNet18,R,2,zhicheng,zhicheng_bag1,5.720180139131667,5.614571174848285
pca,ResNet18,R,2,zhicheng,zhicheng_bag2,5.8262913895039965,5.093321745560495
pca,ResNet18,R,2,zhicheng,zhicheng_body1,1.5993334813713458,1.554441975596215
pca,ResNet18,R,2,zhicheng,zhicheng_body2,1.6732569285789256,1.0355068477828457
pca,ResNet18,R,2,zhicheng,zhicheng_handheld1,4.783066534520436,7.341524684115191
pca,ResNet18,R,2,zhicheng,zhicheng_handheld2,4.6991658484380405,7.360783773265998
pca,ResNet18,R,2,zhicheng,zhicheng_leg1,1.6673708896963657,2.3395209453098023
pca,ResNet18,R,2,zhicheng,zhicheng_leg2,1.9573626654151768,1.7183736503271048
pca,ResNet18,R,3,dan,dan_bag1,12.29260932510919,20.40704198328007
pca,ResNet18,R,3,dan,dan_bag2,7.71087029610665,14.969531194716673
pca,ResNet18,R,3,dan,dan_body1,3.2523382856218674,3.0725013525333904
pca,ResNet18,R,3,dan,dan_body2,1.4261871492119373,0.46667365000816485
pca,ResNet18,R,3,dan,dan_body3,2.2915614093689234,2.1526012580093634
pca,ResNet18,R,3,dan,dan_handheld1,1.1039864961075865,0.9008036000094697
pca,ResNet18,R,3,dan,dan_handheld2,1.809761650464501,2.015323939648092
pca,ResNet18,R,3,dan,dan_leg1,1.4472446106683192,2.3959462871743478
pca,ResNet18,R,3,dan,dan_leg2,0.6589492555040986,1.1138689065133403
pca,ResNet18,R,3,hang,hang_bag_normal1,10.971938170949672,14.984976430085345
pca,ResNet18,R,3,hang,hang_bag_normal2,9.474523022742137,12.74462295827097
pca,ResNet18,R,3,hang,hang_bag_side1,4.251498637104486,5.1556654429955655
pca,ResNet18,R,3,hang,hang_bag_speed1,8.33504892331105,9.174550077169988
pca,ResNet18,R,3,hang,hang_bag_speed2,8.646358895736512,13.060860963664624
pca,ResNet18,R,3,hang,hang_bag_stop1,3.6549490902813475,5.079567444457335
pca,ResNet18,R,3,hang,hang_body_backward1,2.10107847378602,1.1225536367845492
pca,ResNet18,R,3,hang,hang_body_backward2,2.3402723613667744,3.175518775923821
pca,ResNet18,R,3,hang,hang_body_backward3,1.607788225655461,0.9834929131852909
pca,ResNet18,R,3,hang,hang_body_backward4,1.3889316953738908,1.1372552309803454
pca,ResNet18,R,3,hang,hang_body_fast1,2.13967445148818,1.93306990264111
pca,ResNet18,R,3,hang,hang_body_normal1,2.498403062045918,3.4080705343512245
pca,ResNet18,R,3,hang,hang_body_side1,1.5996644988639774,2.3032218080650075
pca,ResNet18,R,3,hang,hang_body_slow1,0.9482473929202241,0.6463714074646221
pca,ResNet18,R,3,hang,hang_body_stop1,0.6331046186350751,1.10743516349215
pca,ResNet18,R,3,hang,hang_body_test1,2.11600876765612,2.5240443788708387
pca,ResNet18,R,3,hang,hang_handheld_normal1,2.576060500532947,2.8785114380895758
pca,ResNet18,R,3,hang,hang_handheld_side3,1.8829206413465212,1.5242200643900052
pca,ResNet18,R,3,hang,hang_handheld_side4,1.6841092756247094,2.3643881976069148
pca,ResNet18,R,3,hang,hang_handheld_side_test2,3.192232609783983,6.713109083606839
pca,ResNet18,R,3,hang,hang_handheld_speed1,4.869905827608666,6.600957674499297
pca,ResNet18,R,3,hang,hang_handheld_speed2,4.335556588846833,4.449572396713039
pca,ResNet18,R,3,hang,hang_handheld_test1,2.527934488508867,3.859080067204572
pca,ResNet18,R,3,hang,hang_leg_new1,3.0294340525026295,4.023431066725192
pca,ResNet18,R,3,hang,hang_leg_new2,1.8327168911239047,2.6696748704238757
pca,ResNet18,R,3,hao,hao_bag1,3.8884954550776056,5.798606238294695
pca,ResNet18,R,3,hao,hao_bag2,9.095045441440167,14.614448226419503
pca,ResNet18,R,3,hao,hao_body1,1.8850993351073284,0.6048208638121519
pca,ResNet18,R,3,hao,hao_body2,2.846495035975851,2.524201196570058
pca,ResNet18,R,3,hao,hao_handheld1,2.8178645367613004,4.689161831623703
pca,ResNet18,R,3,hao,hao_handheld2,1.9561858144685382,2.425282891794642
pca,ResNet18,R,3,hao,hao_leg1,1.28974787215082,1.7584812510194925
pca,ResNet18,R,3,hao,hao_leg2,1.0849561992161185,1.6529166578385415
pca,ResNet18,R,3,huayi,huayi_bag1,10.689386600380557,15.373301391992344
pca,ResNet18,R,3,huayi,huayi_bag2,2.5881289112540267,5.79375730529658
pca,ResNet18,R,3,huayi,huayi_bag_test1,3.6311933352453734,1.4693000174257345
pca,ResNet18,R,3,huayi,huayi_body_test1,2.7133027567215913,1.165014124936225
pca,ResNet18,R,3,huayi,huayi_handheld1,1.9329718904235933,3.4484526334187096
pca,ResNet18,R,3,huayi,huayi_handheld2,2.812861822065372,3.7069930375145734
pca,ResNet18,R,3,huayi,huayi_leg_front1,2.7993108230306456,2.5293134740188163
pca,ResNet18,R,3,huayi,huayi_leg_front2,1.310010707458232,1.768316713043643
pca,ResNet18,R,3,huayi,huayi_leg_front3,1.4066580141657465,2.4239391469178146
pca,ResNet18,R,3,huayi,huayi_lopata1,2.295704099616823,3.554133456808917
pca,ResNet18,R,3,ma,ma_bag_low2,15.46044863117196,22.16575171588454
pca,ResNet18,R,3,ma,ma_bag_low3,19.318751183209447,13.254727835953583
pca,ResNet18,R,3,ma,ma_body1,1.821178661724313,2.491378880501084
pca,ResNet18,R,3,ma,ma_body2,2.581534566183916,3.534708031183763
pca,ResNet18,R,3,ma,ma_handheld1,7.256854938048589,5.667377666302159
pca,ResNet18,R,3,ma,ma_handheld2,2.8922141087133344,4.291793199444969
pca,ResNet18,R,3,ma,ma_handheld3,1.8670442735580703,2.6650242896860927
pca,ResNet18,R,3,ruixuan,ruixuan_bag1,4.732684090588164,6.921403802568687
pca,ResNet18,R,3,ruixuan,ruixuan_bag2,2.574043999172323,4.116124084559773
pca,ResNet18,R,3,ruixuan,ruixuan_body1,1.5307086877819633,1.942567869798568
pca,ResNet18,R,3,ruixuan,ruixuan_body2,2.6925927740795763,2.167603393247406
pca,ResNet18,R,3,ruixuan,ruixuan_handheld1,1.8855020334125903,1.560642919604334
pca,ResNet18,R,3,ruixuan,ruixuan_handheld2,1.441502096899994,0.7327621496919723
pca,ResNet18,R,3,ruixuan,ruixuan_leg1,1.1521196300083856,1.3606865029388222
pca,ResNet18,R,3,ruixuan,ruixuan_leg2,1.1371965892219429,1.074431041434898
pca,ResNet18,R,3,shali,shali_bag1,4.1033242912188195,3.201394620741443
pca,ResNet18,R,3,shali,shali_handheld1,1.4563258671131092,1.7463261924923545
pca,ResNet18,R,3,shali,shali_leg1,1.6996011483769264,1.3936632987187352
pca,ResNet18,R,3,tang,tang_bag1,4.803595532789197,8.527719955132486
pca,ResNet18,R,3,tang,tang_bag2,4.597266536464258,7.020928437898015
pca,ResNet18,R,3,tang,tang_body1,3.647206914549185,2.6768999577328523
pca,ResNet18,R,3,tang,tang_body2,2.0372135712930457,0.8545186362319513
pca,ResNet18,R,3,tang,tang_handheld1,5.947755537512228,9.792280991632296
pca,ResNet18,R,3,tang,tang_handheld2,2.5214966083631425,3.250729608775393
pca,ResNet18,R,3,xiaojing,xiaojing_body1,1.8125835609390617,1.623691254138906
pca,ResNet18,R,3,xiaojing,xiaojing_body2,2.7033507237266945,2.356913483802933
pca,ResNet18,R,3,xiaojing,xiaojing_handheld1,2.584948425003338,2.790965094126399
pca,ResNet18,R,3,xiaojing,xiaojing_handheld2,1.749466524964689,3.6568927387106682
pca,ResNet18,R,3,xiaojing,xiaojing_leg1,2.4485843152891977,2.427926442268562
pca,ResNet18,R,3,yajie,yajie_bag1,9.225472483493427,9.57511521732538
pca,ResNet18,R,3,yajie,yajie_body1,6.546990784999401,8.03231119304901
pca,ResNet18,R,3,yajie,yajie_body2,3.0846104559919914,6.492476175735856
pca,ResNet18,R,3,yajie,yajie_handheld1,4.893468430065871,4.110628799013352
pca,ResNet18,R,3,yajie,yajie_handheld2,8.088764997859267,10.602689821426674
pca,ResNet18,R,3,zhicheng,zhicheng_bag1,6.689783721042566,11.116494749491356
pca,ResNet18,R,3,zhicheng,zhicheng_bag2,7.697050981994401,13.850940060014628
pca,ResNet18,R,3,zhicheng,zhicheng_body1,2.2564565486359993,2.1702971354700824
pca,ResNet18,R,3,zhicheng,zhicheng_body2,1.7796546637511863,0.7347958269038575
pca,ResNet18,R,3,zhicheng,zhicheng_handheld1,2.341419130075507,3.860543517508706
pca,ResNet18,R,3,zhicheng,zhicheng_handheld2,3.938321422918663,6.0788877247372755
pca,ResNet18,R,3,zhicheng,zhicheng_leg1,1.4853807608537595,1.8895327652647174
pca,ResNet18,R,3,zhicheng,zhicheng_leg2,1.5969182723990583,0.9546706648385445
pca,ResNet18,S,0,a000,a000_11,3.523900615407376,4.244584562418222
pca,ResNet18,S,0,a000,a000_7,1.7094554685331258,2.3716238191983527
pca,ResNet18,S,0,a001,a001_2,4.259242562456215,2.9003715101829584
pca,ResNet18,S,0,a003,a003_3,3.484449949351112,3.35561438589073
pca,ResNet18,S,0,a004,a004_3,2.483111542960638,2.6257456104538686
pca,ResNet18,S,0,a005,a005_3,18.26397677913565,5.942628014850086
pca,ResNet18,S,0,a009,a009_1,4.065728698525137,3.9588825132312566
pca,ResNet18,S,0,a010,a010_2,14.150451166663073,6.568836585580122
pca,ResNet18,S,0,a011,a011_2,6.958508069077517,4.611268051847775
pca,ResNet18,S,0,a012,a012_2,5.895983815739803,2.9555500961465
pca,ResNet18,S,0,a013,a013_2,9.293641186453822,3.0242175091015553
pca,ResNet18,S,0,a014,a014_2,3.1006421044221257,2.1009663506215563
pca,ResNet18,S,0,a016,a016_1,2.759961642004923,1.9349553749610808
pca,ResNet18,S,0,a017,a017_2,2.957246888694381,2.268546881209219
pca,ResNet18,S,0,a020,a020_2,3.011716459320634,3.619961636925605
pca,ResNet18,S,0,a021,a021_2,4.942151750032034,2.5285208356227047
pca,ResNet18,S,0,a022,a022_2,8.441401032599789,4.949895533878102
pca,ResNet18,S,0,a023,a023_1,4.028540779476344,2.1884917045974372
pca,ResNet18,S,0,a025,a025_2,10.19332432721833,9.307826526805918
pca,ResNet18,S,0,a026,a026_2,5.540906248280681,3.2201589344279493
pca,ResNet18,S,0,a027,a027_2,4.317697067568535,1.9698948456854075
pca,ResNet18,S,0,a030,a030_3,2.891190456470275,2.26080976357848
pca,ResNet18,S,0,a031,a031_2,2.2192718499290147,1.587935629652004
pca,ResNet18,S,0,a033,a033_2,1.4754185351684288,1.744142958615575
pca,ResNet18,S,0,a035,a035_3,20.809095338426694,12.173128519577244
pca,ResNet18,S,0,a036,a036_2,5.055944157472404,3.817414775913855
pca,ResNet18,S,0,a037,a037_1,3.1690562083751757,4.146606815127093
pca,ResNet18,S,0,a038,a038_2,1.2598121985998763,1.5159468867063146
pca,ResNet18,S,0,a044,a044_2,9.513613219352088,3.964931800851876
pca,ResNet18,S,0,a046,a046_2,5.1315550896409015,5.239959157574682
pca,ResNet18,S,0,a047,a047_2,2.0800560985265473,1.6155945514599832
pca,ResNet18,S,0,a059,a059_2,5.557197525304406,2.4164919420136295
pca,ResNet18,S,1,a000,a000_11,5.794746615621814,4.415301968671681
pca,ResNet18,S,1,a000,a000_7,3.2805605154913153,2.1250812363715004
pca,ResNet18,S,1,a001,a001_2,7.22046976940179,3.7312759868585506
pca,ResNet18,S,1,a003,a003_3,4.228335368019824,3.3025718952169285
pca,ResNet18,S,1,a004,a004_3,5.3283001621419395,3.490356946267479
pca,ResNet18,S,1,a005,a005_3,9.010845869542518,4.78379948496698
pca,ResNet18,S,1,a009,a009_1,4.364889240169579,3.5684703826346356
pca,ResNet18,S,1,a010,a010_2,8.90037156581904,6.170112615780289
pca,ResNet18,S,1,a011,a011_2,3.5898057017437988,4.598418322815455
pca,ResNet18,S,1,a012,a012_2,10.230893702237351,4.310550940490069
pca,ResNet18,S,1,a013,a013_2,7.5047410131681245,2.373486256038246
pca,ResNet18,S,1,a014,a014_2,5.693851102260059,1.9165415103388501
pca,ResNet18,S,1,a016,a016_1,2.721017803881494,1.820839939044332
pca,ResNet18,S,1,a017,a017_2,4.137842315272582,2.176756468994151
pca,ResNet18,S,1,a020,a020_2,3.454086522595569,3.70864165742599
pca,ResNet18,S,1,a021,a021_2,7.658059935100683,2.714657202549536
pca,ResNet18,S,1,a022,a022_2,5.135753303345172,4.412731972463472
pca,ResNet18,S,1,a023,a023_1,2.6178917661930936,1.9197069626586025
pca,ResNet18,S,1,a025,a025_2,6.2737646678274475,8.840654085490682
pca,ResNet18,S,1,a026,a026_2,3.603564812865869,3.070127719947652
pca,ResNet18,S,1,a027,a027_2,2.9019658042240324,1.8280761265532168
pca,ResNet18,S,1,a030,a030_3,4.468852022692472,2.3421205565820737
pca,ResNet18,S,1,a031,a031_2,4.181479227634923,1.6656327602550287
pca,ResNet18,S,1,a033,a033_2,3.2818938624920726,1.9050606144687254
pca,ResNet18,S,1,a035,a035_3,29.711007125451545,13.80145672391159
pca,ResNet18,S,1,a036,a036_2,4.250788501623528,3.793560186781364
pca,ResNet18,S,1,a037,a037_1,3.1552331772911515,3.627256744359352
pca,ResNet18,S,1,a038,a038_2,3.8657810037309552,1.738079829113644
pca,ResNet18,S,1,a044,a044_2,10.221743973401962,2.999165159836939
pca,ResNet18,S,1,a046,a046_2,5.772236537677196,5.205623400077047
pca,ResNet18,S,1,a047,a047_2,1.5349506372792154,1.5623619894524967
pca,ResNet18,S,1,a059,a059_2,3.499144613865939,2.157942070230641
pca,ResNet18,S,2,a000,a000_11,3.228077598988264,4.069822129590158
pca,ResNet18,S,2,a000,a000_7,1.9847019130373569,2.109649458725253
pca,ResNet18,S,2,a001,a001_2,5.376889537574402,3.209498287586717
pca,ResNet18,S,2,a003,a003_3,5.3597665218394805,3.2797643422734977
pca,ResNet18,S,2,a004,a004_3,3.1118201003818315,2.6535697558312825
pca,ResNet18,S,2,a005,a005_3,7.7849116432856444,5.197177448670888
pca,ResNet18,S,2,a009,a009_1,3.365287787406461,3.8740722913528733
pca,ResNet18,S,2,a010,a010_2,9.765975620665584,6.001474281188336
pca,ResNet18,S,2,a011,a011_2,4.500572461924119,5.008060961769844
pca,ResNet18,S,2,a012,a012_2,7.036118555190087,3.7215292910707425
pca,ResNet18,S,2,a013,a013_2,7.943090984439838,2.8167146736415702
pca,ResNet18,S,2,a014,a014_2,2.157865346594828,1.6776262361860212
pca,ResNet18,S,2,a016,a016_1,4.786608821091309,1.6698356667480558
pca,ResNet18,S,2,a017,a017_2,2.990258510863614,2.018388799620259
pca,ResNet18,S,2,a020,a020_2,2.7578363619574087,3.394090835315863
pca,ResNet18,S,2,a021,a021_2,3.0683753388542754,2.4632721444061043
pca,ResNet18,S,2,a022,a022_2,4.851991868233342,4.615683484225359
pca,ResNet18,S,2,a023,a023_1,3.0375990378353115,1.750299449602877
pca,ResNet18,S,2,a025,a025_2,5.9508127767140495,8.042755569633368
pca,ResNet18,S,2,a026,a026_2,3.579940833490728,2.582819749246759
pca,ResNet18,S,2,a027,a027_2,3.2426202858111615,1.8611132394549634
pca,ResNet18,S,2,a030,a030_3,2.9966088960309243,2.18888828370108
pca,ResNet18,S,2,a031,a031_2,3.5907842160236196,1.6574590421817768
pca,ResNet18,S,2,a033,a033_2,2.51015475434749,1.6182809037434809
pca,ResNet18,S,2,a035,a035_3,22.041128068191373,12.47075241927846
pca,ResNet18,S,2,a036,a036_2,6.1159431975898855,3.8873664119627254
pca,ResNet18,S,2,a037,a037_1,3.488175869366782,3.3274180756111806
pca,ResNet18,S,2,a038,a038_2,1.7414544504453944,1.403879956468333
pca,ResNet18,S,2,a044,a044_2,6.174411840171288,3.0348137048970174
pca,ResNet18,S,2,a046,a046_2,5.039570392897992,5.12142723770665
pca,ResNet18,S,2,a047,a047_2,2.988317333027925,1.6620194575308658
pca,ResNet18,S,2,a059,a059_2,5.5246402520972016,2.2916960350329463
pca,ResNet18,S,3,a000,a000_11,5.210434146042656,4.384228947492881
pca,ResNet18,S,3,a000,a000_7,2.680797924222755,2.852354558958461
pca,ResNet18,S,3,a001,a001_2,7.972663967631836,3.8440947594912553
pca,ResNet18,S,3,a003,a003_3,5.430839446408952,3.4530469752899386
pca,ResNet18,S,3,a004,a004_3,1.6633084813379606,2.320122465312174
pca,ResNet18,S,3,a005,a005_3,11.344409219525183,5.0766113124603915
pca,ResNet18,S,3,a009,a009_1,5.2595803349702335,4.273168301220335
pca,ResNet18,S,3,a010,a010_2,10.512668498384922,5.198328767408162
pca,ResNet18,S,3,a011,a011_2,4.683453898374769,4.581811103475686
pca,ResNet18,S,3,a012,a012_2,5.907388214650983,3.5003887209660762
pca,ResNet18,S,3,a013,a013_2,3.133117029748416,3.2964174682679257
pca,ResNet18,S,3,a014,a014_2,2.3924703606428883,2.1083655248226516
pca,ResNet18,S,3,a016,a016_1,5.313502608265343,2.180187761026794
pca,ResNet18,S,3,a017,a017_2,3.4458765335799013,2.6644221917870317
pca,ResNet18,S,3,a020,a020_2,3.6357916294658867,3.6985843889800134
pca,ResNet18,S,3,a021,a021_2,5.144124495051042,2.734972348741297
pca,ResNet18,S,3,a022,a022_2,5.646939831909413,4.904475495138092
pca,ResNet18,S,3,a023,a023_1,3.293343982270148,2.3850528696566
pca,ResNet18,S,3,a025,a025_2,7.682121513824048,9.513618613737997
pca,ResNet18,S,3,a026,a026_2,3.1549704982731015,2.9141786604616455
pca,ResNet18,S,3,a027,a027_2,4.018192277792723,2.251824881348925
pca,ResNet18,S,3,a030,a030_3,5.533935577171466,2.2831664349501315
pca,ResNet18,S,3,a031,a031_2,2.1519722394332037,1.931063853691882
pca,ResNet18,S,3,a033,a033_2,2.6416929691255473,1.9711572135289992
pca,ResNet18,S,3,a035,a035_3,23.646220507184,13.002396227600256
pca,ResNet18,S,3,a036,a036_2,3.770810467796627,4.0523510988824984
pca,ResNet18,S,3,a037,a037_1,6.43388587616182,3.950122054612553
pca,ResNet18,S,3,a038,a038_2,3.027101258086539,1.9297852108961178
pca,ResNet18,S,3,a044,a044_2,5.849650315350199,3.254249059535612
pca,ResNet18,S,3,a046,a046_2,8.551869609654357,5.346541043060355
pca,ResNet18,S,3,a047,a047_2,4.062726928417162,1.8014779762788482
pca,ResNet18,S,3,a059,a059_2,3.4008595128891232,2.6931569039976515
ns,ResNet18,U,0,a006,a006_2,4.5607347054358955,3.748155454769174
ns,ResNet18,U,0,a019,a019_3,5.374667710741841,6.038340530598976
ns,ResNet18,U,0,a024,a024_1,6.232542108559131,3.354473976097689
ns,ResNet18,U,0,a024,a024_3,5.671313936738975,3.394413003985456
ns,ResNet18,U,0,a029,a029_1,11.675510305276594,7.557364304253831
ns,ResNet18,U,0,a029,a029_2,7.803591678843789,2.5689261902316622
ns,ResNet18,U,0,a032,a032_1,6.379821502840276,6.630463575296488
ns,ResNet18,U,0,a032,a032_3,8.069390405030472,10.95068198419065
ns,ResNet18,U,0,a042,a042_2,12.610797917412238,4.017210566389431
ns,ResNet18,U,0,a049,a049_1,3.817231260526575,6.086933081975487
ns,ResNet18,U,0,a049,a049_2,2.3316676523739903,2.3595649680560147
ns,ResNet18,U,0,a049,a049_3,5.315277636223687,2.7975339178120766
ns,ResNet18,U,0,a050,a050_1,13.262446507508427,8.08437525040228
ns,ResNet18,U,0,a050,a050_3,9.404342842425375,6.98371351172948
ns,ResNet18,U,0,a051,a051_1,7.0590526760069485,5.1008645984425955
ns,ResNet18,U,0,a051,a051_2,4.150998739422285,1.67527997519006
ns,ResNet18,U,0,a051,a051_3,1.412977456757845,1.277129316166884
ns,ResNet18,U,0,a052,a052_2,5.317717778157162,8.32584282455227
ns,ResNet18,U,0,a053,a053_1,3.306412299103914,3.6157534381403336
ns,ResNet18,U,0,a053,a053_2,7.24470266452833,3.0814816875374786
ns,ResNet18,U,0,a053,a053_3,8.962397440642897,3.0827627579679775
ns,ResNet18,U,0,a054,a054_1,3.934907221453608,4.549078584765066
ns,ResNet18,U,0,a054,a054_2,2.8174483470712044,2.80706601018595
ns,ResNet18,U,0,a054,a054_3,5.851491253454309,4.163875888366683
ns,ResNet18,U,0,a055,a055_2,8.502878877279471,6.2046471188520815
ns,ResNet18,U,0,a055,a055_3,15.484385988545283,7.600720519502582
ns,ResNet18,U,0,a057,a057_1,11.039569231081181,8.257465726162863
ns,ResNet18,U,0,a057,a057_2,9.252057127062319,3.6474513662503147
ns,ResNet18,U,0,a057,a057_3,13.458153846355,5.237614861460304
ns,ResNet18,U,0,a058,a058_1,4.596650215361513,7.870878600530436
ns,ResNet18,U,0,a058,a058_2,3.095561340708317,3.41465576461734
ns,ResNet18,U,0,a058,a058_3,3.1137730204730474,4.953200036017752
ns,ResNet18,U,1,a006,a006_2,4.12860703527878,3.4928897746346097
ns,ResNet18,U,1,a019,a019_3,7.372086867375672,6.303025806894401
ns,ResNet18,U,1,a024,a024_1,2.825712390396996,3.2083306179718694
ns,ResNet18,U,1,a024,a024_3,4.812812992031353,3.1178425169495116
ns,ResNet18,U,1,a029,a029_1,5.2834436135279255,6.907414455210376
ns,ResNet18,U,1,a029,a029_2,3.292537587740521,2.294942438384017
ns,ResNet18,U,1,a032,a032_1,7.421907211033906,6.786157715529603
ns,ResNet18,U,1,a032,a032_3,7.792084816702053,8.937497809721927
ns,ResNet18,U,1,a042,a042_2,7.768457934412682,2.6039284129093283
ns,ResNet18,U,1,a049,a049_1,4.54077737576062,6.677983474563917
ns,ResNet18,U,1,a049,a049_2,3.449288861216233,2.057425464822509
ns,ResNet18,U,1,a049,a049_3,2.7486604840773485,2.4537847537180952
ns,ResNet18,U,1,a050,a050_1,11.12655059613849,7.479381144437389
ns,ResNet18,U,1,a050,a050_3,10.282295742946479,7.309881581459376
ns,ResNet18,U,1,a051,a051_1,7.495805889737064,5.064598638929988
ns,ResNet18,U,1,a051,a051_2,3.3072417739775557,1.482302996219973
ns,ResNet18,U,1,a051,a051_3,1.848050482455816,1.454927637155927
ns,ResNet18,U,1,a052,a052_2,6.355707155462102,7.800897070069482
ns,ResNet18,U,1,a053,a053_1,3.845438822813457,3.5232956910776045
ns,ResNet18,U,1,a053,a053_2,2.2160742499294,3.1846495540960738
ns,ResNet18,U,1,a053,a053_3,3.8093909392864216,3.172715227238843
ns,ResNet18,U,1,a054,a054_1,3.924877916748223,4.687519898922859
ns,ResNet18,U,1,a054,a054_2,3.7233980450515856,2.683172496961716
ns,ResNet18,U,1,a054,a054_3,7.838476471334075,4.4827189886365035
ns,ResNet18,U,1,a055,a055_2,12.941590944850304,6.232348116528182
ns,ResNet18,U,1,a055,a055_3,26.156891216464306,8.565635865144833
ns,ResNet18,U,1,a057,a057_1,7.242795724738718,7.301010096963996
ns,ResNet18,U,1,a057,a057_2,5.872383289834979,3.2581953544342515
ns,ResNet18,U,1,a057,a057_3,12.354551771468385,4.844763110101998
ns,ResNet18,U,1,a058,a058_1,5.42032521302274,7.905876756664357
ns,ResNet18,U,1,a058,a058_2,7.495917463594938,3.885687499212965
ns,ResNet18,U,1,a058,a058_3,8.422508890289242,5.52673348207097
ns,ResNet18,U,2,a006,a006_2,4.54926212471694,4.229316800813487
ns,ResNet18,U,2,a019,a019_3,4.881009053352263,5.442350882441694
ns,ResNet18,U,2,a024,a024_1,5.07410463483705,3.6184760849830453
ns,ResNet18,U,2,a024,a024_3,4.654713806511875,3.2626373270188718
ns,ResNet18,U,2,a029,a029_1,5.956503047411577,6.719349433170219
ns,ResNet18,U,2,a029,a029_2,4.642523527028155,2.608815685731341
ns,ResNet18,U,2,a032,a032_1,5.989414085322408,6.589892125531736
ns,ResNet18,U,2,a032,a032_3,11.713075767903067,10.691069094685492
ns,ResNet18,U,2,a042,a042_2,9.022276497773802,2.6500590635266352
ns,ResNet18,U,2,a049,a049_1,3.927400644346379,4.824905350366551
ns,ResNet18,U,2,a049,a049_2,5.743253409011991,3.144923674068653
ns,ResNet18,U,2,a049,a049_3,5.1736696496210515,4.2120952366227264
ns,ResNet18,U,2,a050,a050_1,11.55974415188292,7.20058844911203
ns,ResNet18,U,2,a050,a050_3,8.17935763573846,7.028969108710561
ns,ResNet18,U,2,a051,a051_1,7.485615813026277,5.616975738507927
ns,ResNet18,U,2,a051,a051_2,4.180247021380098,1.797902261865617
ns,ResNet18,U,2,a051,a051_3,2.040579912970111,1.6035416846481838
ns,ResNet18,U,2,a052,a052_2,5.485297702397619,8.768047625932688
ns,ResNet18,U,2,a053,a053_1,3.8471950646952204,3.0592208777603767
ns,ResNet18,U,2,a053,a053_2,3.568067179178557,4.171755346585062
ns,ResNet18,U,2,a053,a053_3,3.428288701968633,4.132918374247894
ns,ResNet18,U,2,a054,a054_1,2.906467623003577,3.8323992608824704
ns,ResNet18,U,2,a054,a054_2,4.047154723840738,3.238806897742304
ns,ResNet18,U,2,a054,a054_3,11.536823122140758,4.658332688119552
ns,ResNet18,U,2,a055,a055_2,9.483176748158556,6.445154002381335
ns,ResNet18,U,2,a055,a055_3,17.615276778534486,7.898210116822327
ns,ResNet18,U,2,a057,a057_1,6.530448441681545,7.821834633718535
ns,ResNet18,U,2,a057,a057_2,8.871568644547988,3.890423686340438
ns,ResNet18,U,2,a057,a057_3,13.808424760343753,4.85253617539612
ns,ResNet18,U,2,a058,a058_1,4.838098939193833,7.61497852510619
ns,ResNet18,U,2,a058,a058_2,3.607061715935841,3.700623136807084
ns,ResNet18,U,2,a058,a058_3,3.2285562031272397,5.255413250746917
ns,ResNet18,U,3,a006,a006_2,3.4362568840099894,3.909358881836725
ns,ResNet18,U,3,a019,a019_3,6.312231356431466,6.527286425589361
ns,ResNet18,U,3,a024,a024_1,4.473611770632062,3.2015580968471293
ns,ResNet18,U,3,a024,a024_3,4.6730307972672644,3.071799227864073
ns,ResNet18,U,3,a029,a029_1,6.078378874013321,7.150782496874897
ns,ResNet18,U,3,a029,a029_2,3.2662481113695656,2.164040299515244
ns,ResNet18,U,3,a032,a032_1,6.518854306004286,6.909559771323736
ns,ResNet18,U,3,a032,a032_3,9.823411728355252,12.148602348875594
ns,ResNet18,U,3,a042,a042_2,11.392477459618528,3.9453968505047543
ns,ResNet18,U,3,a049,a049_1,3.9885152934481973,5.948556357093585
ns,ResNet18,U,3,a049,a049_2,2.8410283685328133,2.2296123501862373
ns,ResNet18,U,3,a049,a049_3,2.59393052406243,2.826659051659245
ns,ResNet18,U,3,a050,a050_1,12.059622448653252,7.875256066560747
ns,ResNet18,U,3,a050,a050_3,7.709820265784831,6.821462559301338
ns,ResNet18,U,3,a051,a051_1,7.572977494703174,5.039590021301358
ns,ResNet18,U,3,a051,a051_2,4.0762012751466346,1.4876046282558464
ns,ResNet18,U,3,a051,a051_3,2.065487004389238,1.685924724746441
ns,ResNet18,U,3,a052,a052_2,7.5823514975662265,8.375097476908559
ns,ResNet18,U,3,a053,a053_1,3.9680150820400533,3.35204359692701
ns,ResNet18,U,3,a053,a053_2,8.3888873838112,3.504939278575503
ns,ResNet18,U,3,a053,a053_3,8.669114452011536,3.485751663136778
ns,ResNet18,U,3,a054,a054_1,3.826531686456726,4.287194945632593
ns,ResNet18,U,3,a054,a054_2,3.054145809913444,2.8694289948209524
ns,ResNet18,U,3,a054,a054_3,7.6986854697847065,4.533183079640867
ns,ResNet18,U,3,a055,a055_2,14.187547230628738,6.705273908591201
ns,ResNet18,U,3,a055,a055_3,16.09757424172374,7.919214662185861
ns,ResNet18,U,3,a057,a057_1,6.014805965178565,7.595501184187696
ns,ResNet18,U,3,a057,a057_2,7.4330040654482685,3.4095809520662357
ns,ResNet18,U,3,a057,a057_3,10.05339256896472,4.857376200507221
ns,ResNet18,U,3,a058,a058_1,5.265149203662604,8.03301148374183
ns,ResNet18,U,3,a058,a058_2,4.92905295112443,3.422163998948709
ns,ResNet18,U,3,a058,a058_3,4.492789541076611,5.068710388942243
ns,ResNet18,R,0,dan,dan_bag1,8.861621379540516,5.327888846920319
ns,ResNet18,R,0,dan,dan_bag2,5.327483747790182,3.3382144627275725
ns,ResNet18,R,0,dan,dan_body1,3.8266946745141928,3.4829926597382386
ns,ResNet18,R,0,dan,dan_body2,2.716666383031595,1.91544133177634
ns,ResNet18,R,0,dan,dan_body3,2.0737969574247113,1.6321429074641969
ns,ResNet18,R,0,dan,dan_handheld1,0.9820444428399169,1.3823982593595883
ns,ResNet18,R,0,dan,dan_handheld2,2.5120923908341326,3.2534233111874693
ns,ResNet18,R,0,dan,dan_leg1,1.8779546982535635,1.3715681642900575
ns,ResNet18,R,0,dan,dan_leg2,1.2916140339295634,1.8219577793132724
ns,ResNet18,R,0,hang,hang_bag_normal1,8.72888425379559,11.243587396551659
ns,ResNet18,R,0,hang,hang_bag_normal2,11.048631226995731,13.689418755271593
ns,ResNet18,R,0,hang,hang_bag_side1,5.632719434758979,8.19512115964384
ns,ResNet18,R,0,hang,hang_bag_speed1,9.186685313545711,9.17455585010053
ns,ResNet18,R,0,hang,hang_bag_speed2,8.71222361690188,12.62673773679326
ns,ResNet18,R,0,hang,hang_bag_stop1,3.935698182746626,4.596299271795519
ns,ResNet18,R,0,hang,hang_body_backward1,2.016892787943129,2.238715339479226
ns,ResNet18,R,0,hang,hang_body_backward2,2.085596505883485,3.73185400777051
ns,ResNet18,R,0,hang,hang_body_backward3,1.5085181525554305,1.2190245655226954
ns,ResNet18,R,0,hang,hang_body_backward4,2.3206315489440175,1.3682822248360946
ns,ResNet18,R,0,hang,hang_body_fast1,2.2764184241975887,3.2388226392937898
ns,ResNet18,R,0,hang,hang_body_normal1,2.495920495956812,4.751269057373924
ns,ResNet18,R,0,hang,hang_body_side1,1.1564015433779027,1.7354939203053168
ns,ResNet18,R,0,hang,hang_body_slow1,1.1153442832420524,0.9815729382228808
ns,ResNet18,R,0,hang,hang_body_stop1,0.5529138542748239,1.0027285308132023
ns,ResNet18,R,0,hang,hang_body_test1,2.1178205224753683,2.689864459763209
ns,ResNet18,R,0,hang,hang_handheld_normal1,3.8979652281431547,6.701158392572069
ns,ResNet18,R,0,hang,hang_handheld_side3,1.5983243027938285,2.4305653752524554
ns,ResNet18,R,0,hang,hang_handheld_side4,1.6076900653198065,2.367046935733443
ns,ResNet18,R,0,hang,hang_handheld_side_test2,2.9334055600280964,6.2629404076401975
ns,ResNet18,R,0,hang,hang_handheld_speed1,6.496317489524903,9.005343133493838
ns,ResNet18,R,0,hang,hang_handheld_speed2,3.513903189122257,5.841440725756896
ns,ResNet18,R,0,hang,hang_handheld_test1,4.935072012870941,6.393202307158061
ns,ResNet18,R,0,hang,hang_leg_new1,3.0698347141702347,4.29813820869386
ns,ResNet18,R,0,hang,hang_leg_new2,2.3027911125191505,2.754766646646363
ns,ResNet18,R,0,hao,hao_bag1,3.0406796517483077,4.67209300642368
ns,ResNet18,R,0,hao,hao_bag2,10.835487561879502,17.200686211119322
ns,ResNet18,R,0,hao,hao_body1,3.114244305042286,4.060329636283123
ns,ResNet18,R,0,hao,hao_body2,3.640186816481078,4.587660481529968
ns,ResNet18,R,0,hao,hao_handheld1,3.2940396654838944,5.020891547827436
ns,ResNet18,R,0,hao,hao_handheld2,1.7432050423189591,2.37416699143373
ns,ResNet18,R,0,hao,hao_leg1,1.761919498368638,2.3894828914706947
ns,ResNet18,R,0,hao,hao_leg2,1.2312034850085547,2.4049475525373905
ns,ResNet18,R,0,huayi,huayi_bag1,8.647259051029982,12.637170259352107
ns,ResNet18,R,0,huayi,huayi_bag2,2.735767186312185,5.948226780095747
ns,ResNet18,R,0,huayi,huayi_bag_test1,4.280798639441236,2.2418967933542078
ns,ResNet18,R,0,huayi,huayi_body_test1,3.113971691299025,2.0152685078919186
ns,ResNet18,R,0,huayi,huayi_handheld1,2.1975789420810012,3.4380298002096876
ns,ResNet18,R,0,huayi,huayi_handheld2,2.8053651624163267,3.717467022480199
ns,ResNet18,R,0,huayi,huayi_leg_front1,1.88412808387397,2.2311476556356054
ns,ResNet18,R,0,huayi,huayi_leg_front2,1.593472578210865,2.0899964309781613
ns,ResNet18,R,0,huayi,huayi_leg_front3,1.9751237977670286,1.921870530875352
ns,ResNet18,R,0,huayi,huayi_lopata1,3.388110313272047,5.013253918961582
ns,ResNet18,R,0,ma,ma_bag_low2,7.754395976569127,10.49033693120771
ns,ResNet18,R,0,ma,ma_bag_low3,12.03690689022855,11.963493803089575
ns,ResNet18,R,0,ma,ma_body1,1.5686727616894098,1.5890850592157266
ns,ResNet18,R,0,ma,ma_body2,2.4871755859862796,3.939054499910077
ns,ResNet18,R,0,ma,ma_handheld1,4.565432638869163,4.204781838842894
ns,ResNet18,R,0,ma,ma_handheld2,3.4977401323075448,4.655498947738765
ns,ResNet18,R,0,ma,ma_handheld3,1.3445362439703872,1.751942798993784
ns,ResNet18,R,0,ruixuan,ruixuan_bag1,3.922453847686433,6.172957048786628
ns,ResNet18,R,0,ruixuan,ruixuan_bag2,5.3740165211291,7.477761861968557
ns,ResNet18,R,0,ruixuan,ruixuan_body1,1.4977109647840563,1.5713704380269748
ns,ResNet18,R,0,ruixuan,ruixuan_body2,3.4763847364907745,2.8790356047939363
ns,ResNet18,R,0,ruixuan,ruixuan_handheld1,0.7038073238733629,0.8964602714277567
ns,ResNet18,R,0,ruixuan,ruixuan_handheld2,1.6882052974951196,1.4018870669788108
ns,ResNet18,R,0,ruixuan,ruixuan_leg1,1.3059219994606397,1.3918364400144065
ns,ResNet18,R,0,ruixuan,ruixuan_leg2,1.091759060573401,0.5147080050688609
ns,ResNet18,R,0,shali,shali_bag1,3.061923265600882,2.2786256765183954
ns,ResNet18,R,0,shali,shali_handheld1,1.6726455126248327,2.1845232034301043
ns,ResNet18,R,0,shali,shali_leg1,1.5715473097613464,0.930672913231598
ns,ResNet18,R,0,tang,tang_bag1,5.481842372136823,5.9710822908933
ns,ResNet18,R,0,tang,tang_bag2,5.932797276110476,6.160803031628967
ns,ResNet18,R,0,tang,tang_body1,2.352166105586044,3.014062020543522
ns,ResNet18,R,0,tang,tang_body2,2.0379816188202415,1.8520881039567785
ns,ResNet18,R,0,tang,tang_handheld1,3.825067161220556,6.881645746355099
ns,ResNet18,R,0,tang,tang_handheld2,3.080340899404546,4.723486347129497
ns,ResNet18,R,0,xiaojing,xiaojing_body1,1.7582976226212292,1.4280742464145708
ns,ResNet18,R,0,xiaojing,xiaojing_body2,1.4315795270035896,1.5540885706735594
ns,ResNet18,R,0,xiaojing,xiaojing_handheld1,1.9077870752650232,2.0670962613682864
ns,ResNet18,R,0,xiaojing,xiaojing_handheld2,0.7295685240451547,1.4307350708516975
ns,ResNet18,R,0,xiaojing,xiaojing_leg1,1.1575764499575047,1.6647914469333995
ns,ResNet18,R,0,yajie,yajie_bag1,7.593725698975778,7.850288568739428
ns,ResNet18,R,0,yajie,yajie_body1,6.045508224396355,7.057824535180146
ns,ResNet18,R,0,yajie,yajie_body2,3.1744576259892763,7.259136639507902
ns,ResNet18,R,0,yajie,yajie_handheld1,3.9383001195159903,3.22731572475719
ns,ResNet18,R,0,yajie,yajie_handheld2,5.489417618910075,7.863212610234594
ns,ResNet18,R,0,zhicheng,zhicheng_bag1,7.969031255807712,10.550203442968902
ns,ResNet18,R,0,zhicheng,zhicheng_bag2,5.401802837394469,9.61901670529741
ns,ResNet18,R,0,zhicheng,zhicheng_body1,2.5194632458333284,1.8789790151748385
ns,ResNet18,R,0,zhicheng,zhicheng_body2,1.7924566091005645,0.8290256881991663
ns,ResNet18,R,0,zhicheng,zhicheng_handheld1,7.009388004130837,8.867380996573688
ns,ResNet18,R,0,zhicheng,zhicheng_handheld2,5.323638504228845,8.63506832516124
ns,ResNet18,R,0,zhicheng,zhicheng_leg1,1.687523115603083,2.0080841325555183
ns,ResNet18,R,0,zhicheng,zhicheng_leg2,1.7136212977966108,1.706351474463493
ns,ResNet18,R,1,dan,dan_bag1,8.399194434016243,10.212099446310976
ns,ResNet18,R,1,dan,dan_bag2,5.017973993932096,7.096121311002705
ns,ResNet18,R,1,dan,dan_body1,3.817596244525487,3.221799487234078
ns,ResNet18,R,1,dan,dan_body2,2.433436964257731,1.6830716923485554
ns,ResNet18,R,1,dan,dan_body3,1.5605036435362385,0.7483826547415452
ns,ResNet18,R,1,dan,dan_handheld1,0.8632717918151798,0.8428380808168394
ns,ResNet18,R,1,dan,dan_handheld2,2.608715025394849,2.2469903727468523
ns,ResNet18,R,1,dan,dan_leg1,1.4432362121101863,1.379066396465732
ns,ResNet18,R,1,dan,dan_leg2,0.6742787798212425,1.1661108696373148
ns,ResNet18,R,1,hang,hang_bag_normal1,9.761702721330279,11.97808052501345
ns,ResNet18,R,1,hang,hang_bag_normal2,15.176540096084715,17.559148948841976
ns,ResNet18,R,1,hang,hang_bag_side1,9.417863423489806,13.384888987332408
ns,ResNet18,R,1,hang,hang_bag_speed1,10.236718331618826,10.338130399739397
ns,ResNet18,R,1,hang,hang_bag_speed2,12.084943155883117,15.546627145434805
ns,ResNet18,R,1,hang,hang_bag_stop1,2.8972498282714443,4.228066442269005
ns,ResNet18,R,1,hang,hang_body_backward1,1.41273574673868,1.0773329927645747
ns,ResNet18,R,1,hang,hang_body_backward2,1.8029448034033866,2.9959370876423828
ns,ResNet18,R,1,hang,hang_body_backward3,2.204793148869261,1.4707443590259843
ns,ResNet18,R,1,hang,hang_body_backward4,1.491670899778634,1.1485453226976792
ns,ResNet18,R,1,hang,hang_body_fast1,2.2517366470501203,4.122991759655224
ns,ResNet18,R,1,hang,hang_body_normal1,2.084173815145048,3.1562625769057653
ns,ResNet18,R,1,hang,hang_body_side1,1.1264861315220451,1.4989494655783455
ns,ResNet18,R,1,hang,hang_body_slow1,1.2314207479599584,1.6399168174488181
ns,ResNet18,R,1,hang,hang_body_stop1,0.7254978468517689,1.2336790616215165
ns,ResNet18,R,1,hang,hang_body_test1,1.9722802837456619,3.1359691208048943
ns,ResNet18,R,1,hang,hang_handheld_normal1,1.9716010001735118,2.4721209802570008
ns,ResNet18,R,1,hang,hang_handheld_side3,2.240744974109817,4.075966816035874
ns,ResNet18,R,1,hang,hang_handheld_side4,2.2298726663160804,3.3142862506789035
ns,ResNet18,R,1,hang,hang_handheld_side_test2,2.903993187613189,5.923294940185355
ns,ResNet18,R,1,hang,hang_handheld_speed1,4.555669973749374,5.659097753206777
ns,ResNet18,R,1,hang,hang_handheld_speed2,4.618575533635615,5.635443028935672
ns,ResNet18,R,1,hang,hang_handheld_test1,1.8730265688282894,2.966254635354345
ns,ResNet18,R,1,hang,hang_leg_new1,3.5063601539451894,4.488064443132374
ns,ResNet18,R,1,hang,hang_leg_new2,2.021865176914319,3.0830944622602403
ns,ResNet18,R,1,hao,hao_bag1,4.257419682424892,5.9002000979413
ns,ResNet18,R,1,hao,hao_bag2,7.533924471647753,12.587023307606264
ns,ResNet18,R,1,hao,hao_body1,2.1248655138498913,1.5190426715542482
ns,ResNet18,R,1,hao,hao_body2,3.086012897091947,2.685094690136952
ns,ResNet18,R,1,hao,hao_handheld1,3.333128864505686,5.134481513069019
ns,ResNet18,R,1,hao,hao_handheld2,2.095517841381977,2.3028188865398436
ns,ResNet18,R,1,hao,hao_leg1,1.502715887925762,2.2030697222382725
ns,ResNet18,R,1,hao,hao_leg2,0.5466884766565596,0.9831020523492435
ns,ResNet18,R,1,huayi,huayi_bag1,11.042583020008491,16.8471166811476
ns,ResNet18,R,1,huayi,huayi_bag2,2.905440546093416,6.365200742219879
ns,ResNet18,R,1,huayi,huayi_bag_test1,3.765997306865745,1.1642246583491087
ns,ResNet18,R,1,huayi,huayi_body_test1,3.520925210214078,2.2651887346318413
ns,ResNet18,R,1,huayi,huayi_handheld1,1.9314454473665204,3.4731068410544927
ns,ResNet18,R,1,huayi,huayi_handheld2,2.0834239952599236,3.365316396379289
ns,ResNet18,R,1,huayi,huayi_leg_front1,1.6543638364540378,2.1609933235921823
ns,ResNet18,R,1,huayi,huayi_leg_front2,1.5411119620769391,2.1969417952495327
ns,ResNet18,R,1,huayi,huayi_leg_front3,2.125402688424861,1.8902276756432883
ns,ResNet18,R,1,huayi,huayi_lopata1,4.216792817730077,5.295918745147974
ns,ResNet18,R,1,ma,ma_bag_low2,6.896111870659147,9.359974292874117
ns,ResNet18,R,1,ma,ma_bag_low3,17.941680925308976,13.706301751238085
ns,ResNet18,R,1,ma,ma_body1,1.9332206449074658,1.4938329715451237
ns,ResNet18,R,1,ma,ma_body2,3.0562589033141445,3.5227785189404734
ns,ResNet18,R,1,ma,ma_handheld1,4.206610014393944,3.4493301908808864
ns,ResNet18,R,1,ma,ma_handheld2,3.1372211277135102,4.297969206578972
ns,ResNet18,R,1,ma,ma_handheld3,1.3064282255800452,1.6253629588720413
ns,ResNet18,R,1,ruixuan,ruixuan_bag1,4.221492507452171,6.833367863280753
ns,ResNet18,R,1,ruixuan,ruixuan_bag2,4.450857499133558,6.673804025679219
ns,ResNet18,R,1,ruixuan,ruixuan_body1,1.4552636943967543,1.702400326765804
ns,ResNet18,R,1,ruixuan,ruixuan_body2,2.334802729728433,1.3070920632883323
ns,ResNet18,R,1,ruixuan,ruixuan_handheld1,0.8310535785605465,1.0214931005368646
ns,ResNet18,R,1,ruixuan,ruixuan_handheld2,1.845767032109134,1.6070606327635948
ns,ResNet18,R,1,ruixuan,ruixuan_leg1,1.0562908739223305,1.5362700305017167
ns,ResNet18,R,1,ruixuan,ruixuan_leg2,0.72205644028041,1.1935674928439264
ns,ResNet18,R,1,shali,shali_bag1,2.8584956381134363,3.495019134138424
ns,ResNet18,R,1,shali,shali_handheld1,1.4411777829197467,1.8724503690879413
ns,ResNet18,R,1,shali,shali_leg1,1.140053805932012,1.9503488876602217
ns,ResNet18,R,1,tang,tang_bag1,6.606916324537727,9.637385706179689
ns,ResNet18,R,1,tang,tang_bag2,5.270751496687117,7.530406030631253
ns,ResNet18,R,1,tang,tang_body1,2.548473583567993,2.297941437483245
ns,ResNet18,R,1,tang,tang_body2,2.1464914053533914,1.9765750852246387
ns,ResNet18,R,1,tang,tang_handheld1,3.8055784175884795,6.795631179173062
ns,ResNet18,R,1,tang,tang_handheld2,2.326095330124493,3.786299643362919
ns,ResNet18,R,1,xiaojing,xiaojing_body1,1.6185747761453595,1.1938445490820897
ns,ResNet18,R,1,xiaojing,xiaojing_body2,1.7450491189547026,1.5658652822418069
ns,ResNet18,R,1,xiaojing,xiaojing_handheld1,1.9184950629996242,2.353894393578675
ns,ResNet18,R,1,xiaojing,xiaojing_handheld2,0.9741442480239282,1.639064185555424
ns,ResNet18,R,1,xiaojing,xiaojing_leg1,2.125544795273715,2.2491422131034815
ns,ResNet18,R,1,yajie,yajie_bag1,8.560643684876398,8.821855921158216
ns,ResNet18,R,1,yajie,yajie_body1,7.131776578128387,8.563212534923668
ns,ResNet18,R,1,yajie,yajie_body2,2.763787406750921,6.059667584205581
ns,ResNet18,R,1,yajie,yajie_handheld1,3.6332693884888823,2.7232793851209998
ns,ResNet18,R,1,yajie,yajie_handheld2,4.926003833345627,6.769105283538187
ns,ResNet18,R,1,zhicheng,zhicheng_bag1,7.387735901446577,11.620521726117726
ns,ResNet18,R,1,zhicheng,zhicheng_bag2,6.183566645803687,11.137646751959368
ns,ResNet18,R,1,zhicheng,zhicheng_body1,2.7617886972797976,1.8785824479743665
ns,ResNet18,R,1,zhicheng,zhicheng_body2,2.3138909737065223,0.40298023571320835
ns,ResNet18,R,1,zhicheng,zhicheng_handheld1,3.2655825621966104,5.502047496345507
ns,ResNet18,R,1,zhicheng,zhicheng_handheld2,4.776170138862363,6.918430500675999
ns,ResNet18,R,1,zhicheng,zhicheng_leg1,1.9193461609853324,2.422253206714977
ns,ResNet18,R,1,zhicheng,zhicheng_leg2,1.9741260765573398,1.7106672134876
ns,ResNet18,R,2,dan,dan_bag1,9.20789967968843,12.429011551657604
ns,ResNet18,R,2,dan,dan_bag2,6.8784158270836375,9.964417799579765
ns,ResNet18,R,2,dan,dan_body1,3.0731320539862876,2.246341116504028
ns,ResNet18,R,2,dan,dan_body2,2.213753081227115,1.4930403214919659
ns,ResNet18,R,2,dan,dan_body3,1.3869403565290264,0.34390787189983874
ns,ResNet18,R,2,dan,dan_handheld1,0.9294985970859079,1.4908624379068298
ns,ResNet18,R,2,dan,dan_handheld2,2.0221977797015898,3.2351775293884235
ns,ResNet18,R,2,dan,dan_leg1,2.01259606895667,2.117435074130196
ns,ResNet18,R,2,dan,dan_leg2,0.8395087032500371,1.187543982120211
ns,ResNet18,R,2,hang,hang_bag_normal1,6.6124457500724585,9.609392780261592
ns,ResNet18,R,2,hang,hang_bag_normal2,15.832505521839197,20.231415276587736
ns,ResNet18,R,2,hang,hang_bag_side1,6.051652907940668,8.53032721739705
ns,ResNet18,R,2,hang,hang_bag_speed1,8.149213120484951,9.967565693932835
ns,ResNet18,R,2,hang,hang_bag_speed2,9.650726823940643,13.692518006030454
ns,ResNet18,R,2,hang,hang_bag_stop1,2.765561318459655,2.852045616828332
ns,ResNet18,R,2,hang,hang_body_backward1,1.8867561246582303,2.0807122041615327
ns,ResNet18,R,2,hang,hang_body_backward2,2.1620954021401473,3.4934550791968038
ns,ResNet18,R,2,hang,hang_body_backward3,2.3878275716771786,1.78560597356025
ns,ResNet18,R,2,hang,hang_body_backward4,2.374569866263013,2.0343394289456076
ns,ResNet18,R,2,hang,hang_body_fast1,2.392321464255509,2.541101412722147
ns,ResNet18,R,2,hang,hang_body_normal1,2.467009374532226,3.760333646964262
ns,ResNet18,R,2,hang,hang_body_side1,0.7534252700164289,0.7939880492527497
ns,ResNet18,R,2,hang,hang_body_slow1,0.5545507148397923,0.47691764396979464
ns,ResNet18,R,2,hang,hang_body_stop1,0.42488947073853367,0.5828884367615484
ns,ResNet18,R,2,hang,hang_body_test1,1.8436971653919672,3.096810323813379
ns,ResNet18,R,2,hang,hang_handheld_normal1,4.61572760817641,8.1632090916711
ns,ResNet18,R,2,hang,hang_handheld_side3,2.2092271455823207,2.197756793975521
ns,ResNet18,R,2,hang,hang_handheld_side4,1.8861461884640223,2.4820069805814984
ns,ResNet18,R,2,hang,hang_handheld_side_test2,2.77854642184381,5.586052570991367
ns,ResNet18,R,2,hang,hang_handheld_speed1,3.8021290757843813,5.92338591623601
ns,ResNet18,R,2,hang,hang_handheld_speed2,3.435716494675007,5.505089328308042
ns,ResNet18,R,2,hang,hang_handheld_test1,3.2933884173610917,4.72133524784008
ns,ResNet18,R,2,hang,hang_leg_new1,4.976416239975923,5.629836018109808
ns,ResNet18,R,2,hang,hang_leg_new2,2.889572175568359,3.3708300841878005
ns,ResNet18,R,2,hao,hao_bag1,3.916173861373944,5.671799274024931
ns,ResNet18,R,2,hao,hao_bag2,13.209217640892817,19.670967205750888
ns,ResNet18,R,2,hao,hao_body1,2.271403470438499,1.2844199410870683
ns,ResNet18,R,2,hao,hao_body2,2.9686144757796216,2.328080637675635
ns,ResNet18,R,2,hao,hao_handheld1,2.5552534805751925,4.361650084866378
ns,ResNet18,R,2,hao,hao_handheld2,1.4202397059372263,1.5642165462702906
ns,ResNet18,R,2,hao,hao_leg1,1.5205329436065824,1.7992433528132412
ns,ResNet18,R,2,hao,hao_leg2,0.7669220951531306,1.3517793161932976
ns,ResNet18,R,2,huayi,huayi_bag1,9.350152458892861,13.910738426741558
ns,ResNet18,R,2,huayi,huayi_bag2,2.250938392146721,5.172606642431523
ns,ResNet18,R,2,huayi,huayi_bag_test1,4.451052627062193,3.270817818630486
ns,ResNet18,R,2,huayi,huayi_body_test1,3.5326022711637832,2.651236612671789
ns,ResNet18,R,2,huayi,huayi_handheld1,2.4408139628711254,3.255723062641469
ns,ResNet18,R,2,huayi,huayi_handheld2,2.6185531515564957,3.702664426968234
ns,ResNet18,R,2,huayi,huayi_leg_front1,2.2452894476339376,2.1982405808523433
ns,ResNet18,R,2,huayi,huayi_leg_front2,1.4703282697041837,2.2138076359299284
ns,ResNet18,R,2,huayi,huayi_leg_front3,1.721532773393314,2.090883030117374
ns,ResNet18,R,2,huayi,huayi_lopata1,3.9914037279717522,5.55381632087433
ns,ResNet18,R,2,ma,ma_bag_low2,9.729508664193222,11.729489921142207
ns,ResNet18,R,2,ma,ma_bag_low3,16.93790070610709,12.646511943578561
ns,ResNet18,R,2,ma,ma_body1,1.8739767110371057,2.1312062774096616
ns,ResNet18,R,2,ma,ma_body2,1.7713403705931428,2.929389193434861
ns,ResNet18,R,2,ma,ma_handheld1,5.093013721053679,4.8537455079629765
ns,ResNet18,R,2,ma,ma_handheld2,3.709677650155649,4.095978262817336
ns,ResNet18,R,2,ma,ma_handheld3,1.3717252568771392,2.195759672981939
ns,ResNet18,R,2,ruixuan,ruixuan_bag1,4.51432622980982,6.541257068831588
ns,ResNet18,R,2,ruixuan,ruixuan_bag2,5.711398789292392,8.16496505480237
ns,ResNet18,R,2,ruixuan,ruixuan_body1,1.3945934474856487,1.3723088894806097
ns,ResNet18,R,2,ruixuan,ruixuan_body2,3.2086961428860037,2.4904647675229143
ns,ResNet18,R,2,ruixuan,ruixuan_handheld1,0.938414217162861,1.0478486953582702
ns,ResNet18,R,2,ruixuan,ruixuan_handheld2,1.391216501368321,1.3619748272385968
ns,ResNet18,R,2,ruixuan,ruixuan_leg1,1.4102323787925786,1.505679388284857
ns,ResNet18,R,2,ruixuan,ruixuan_leg2,0.7714868594379951,0.9714990219185474
ns,ResNet18,R,2,shali,shali_bag1,3.156353010867011,3.142818996421903
ns,ResNet18,R,2,shali,shali_handheld1,1.2033785679875528,1.4087207858483641
ns,ResNet18,R,2,shali,shali_leg1,1.1860606928269202,1.2524295417983105
ns,ResNet18,R,2,tang,tang_bag1,9.593028770098362,12.25476083210728
ns,ResNet18,R,2,tang,tang_bag2,8.177938869481668,9.842909334931123
ns,ResNet18,R,2,tang,tang_body1,2.5447181046745806,2.6424441627692246
ns,ResNet18,R,2,tang,tang_body2,2.0171872533840376,2.1985696827658776
ns,ResNet18,R,2,tang,tang_handheld1,4.230250048818923,7.437441516578172
ns,ResNet18,R,2,tang,tang_handheld2,2.2725115051672953,3.387324959695352
ns,ResNet18,R,2,xiaojing,xiaojing_body1,2.7987337256454388,2.033903503300314
ns,ResNet18,R,2,xiaojing,xiaojing_body2,2.0725064561053617,1.557243258028385
ns,ResNet18,R,2,xiaojing,xiaojing_handheld1,1.8508283825831535,2.0307210950723795
ns,ResNet18,R,2,xiaojing,xiaojing_handheld2,1.2009954748047995,1.324883026502168
ns,ResNet18,R,2,xiaojing,xiaojing_leg1,1.1403991246780039,1.5760745768256252
ns,ResNet18,R,2,yajie,yajie_bag1,8.435498423022011,8.630290509440934
ns,ResNet18,R,2,yajie,yajie_body1,7.433563762731808,8.626060143196412
ns,ResNet18,R,2,yajie,yajie_body2,2.7099138484949195,5.844655422285347
ns,ResNet18,R,2,yajie,yajie_handheld1,2.9109957373678665,3.5863850910019934
ns,ResNet18,R,2,yajie,yajie_handheld2,6.602015294560126,8.364003418593585
ns,ResNet18,R,2,zhicheng,zhicheng_bag1,6.4370274056191645,9.01695165734646
ns,ResNet18,R,2,zhicheng,zhicheng_bag2,6.490731395021853,9.524342754849103
ns,ResNet18,R,2,zhicheng,zhicheng_body1,2.4361902653175465,1.9270069544542832
ns,ResNet18,R,2,zhicheng,zhicheng_body2,1.928793210129425,0.44523051645396305
ns,ResNet18,R,2,zhicheng,zhicheng_handheld1,4.167882990619934,5.826759018197036
ns,ResNet18,R,2,zhicheng,zhicheng_handheld2,4.8602935523606,7.811619825903517
ns,ResNet18,R,2,zhicheng,zhicheng_leg1,1.7387424534958955,2.107746035200863
ns,ResNet18,R,2,zhicheng,zhicheng_leg2,1.6292942224551596,0.5561695013554685
ns,ResNet18,R,3,dan,dan_bag1,9.903091919447952,11.25025147595834
ns,ResNet18,R,3,dan,dan_bag2,4.102112361960795,2.2733299608656727
ns,ResNet18,R,3,dan,dan_body1,3.3695883692545503,2.087203043069036
ns,ResNet18,R,3,dan,dan_body2,2.4418625138953076,2.0343277850484585
ns,ResNet18,R,3,dan,dan_body3,1.9726830859658124,1.0822349974256396
ns,ResNet18,R,3,dan,dan_handheld1,1.2723081453061618,1.3681986456620583
ns,ResNet18,R,3,dan,dan_handheld2,2.3053011265889607,3.0853182067394602
ns,ResNet18,R,3,dan,dan_leg1,1.786356618346316,2.501064135530155
ns,ResNet18,R,3,dan,dan_leg2,0.626042544734762,0.455724264396283
ns,ResNet18,R,3,hang,hang_bag_normal1,5.154981651434417,6.064009151193942
ns,ResNet18,R,3,hang,hang_bag_normal2,16.210812002075105,17.443764263735428
ns,ResNet18,R,3,hang,hang_bag_side1,7.0909898958030935,9.79595030784386
ns,ResNet18,R,3,hang,hang_bag_speed1,7.246655853665991,7.589271080495261
ns,ResNet18,R,3,hang,hang_bag_speed2,8.414253382452825,11.156664697509818
ns,ResNet18,R,3,hang,hang_bag_stop1,3.4890301064897438,3.4295952091141766
ns,ResNet18,R,3,hang,hang_body_backward1,1.4868463509056244,1.5821637468584746
ns,ResNet18,R,3,hang,hang_body_backward2,2.3491484901136115,3.714751480287358
ns,ResNet18,R,3,hang,hang_body_backward3,1.728191075444868,0.9718355694481849
ns,ResNet18,R,3,hang,hang_body_backward4,2.0525234238282404,1.496473387875851
ns,ResNet18,R,3,hang,hang_body_fast1,2.573496015734723,2.9995315951398016
ns,ResNet18,R,3,hang,hang_body_normal1,2.2069998593928135,3.552519007865504
ns,ResNet18,R,3,hang,hang_body_side1,1.3615212635983003,1.194658580475918
ns,ResNet18,R,3,hang,hang_body_slow1,1.01616593758159,0.5967333010039592
ns,ResNet18,R,3,hang,hang_body_stop1,0.9461392603713255,1.3681273389879016
ns,ResNet18,R,3,hang,hang_body_test1,2.7526911457469923,3.089862688852498
ns,ResNet18,R,3,hang,hang_handheld_normal1,2.8987583024874404,4.915348294090552
ns,ResNet18,R,3,hang,hang_handheld_side3,2.8579578352387816,5.375681934843201
ns,ResNet18,R,3,hang,hang_handheld_side4,2.016609401700638,2.010436257741694
ns,ResNet18,R,3,hang,hang_handheld_side_test2,2.2063910504641955,4.325595124947967
ns,ResNet18,R,3,hang,hang_handheld_speed1,4.967320246249697,6.891648901904404
ns,ResNet18,R,3,hang,hang_handheld_speed2,4.251752811822187,6.189932699859734
ns,ResNet18,R,3,hang,hang_handheld_test1,4.5389442818944925,6.27049352481868
ns,ResNet18,R,3,hang,hang_leg_new1,3.104381919165412,4.032819394785234
ns,ResNet18,R,3,hang,hang_leg_new2,1.9048256437460385,2.7885608813727374
ns,ResNet18,R,3,hao,hao_bag1,2.9975774150453414,4.3890972768541685
ns,ResNet18,R,3,hao,hao_bag2,7.222625806861122,11.639399321512068
ns,ResNet18,R,3,hao,hao_body1,2.6636722311864287,2.841583717047073
ns,ResNet18,R,3,hao,hao_body2,4.108132525992199,5.230715043338286
ns,ResNet18,R,3,hao,hao_handheld1,2.5925332622531156,4.347175645301609
ns,ResNet18,R,3,hao,hao_handheld2,1.625913568695765,1.9136712163449834
ns,ResNet18,R,3,hao,hao_leg1,1.5763598596710184,2.003962755754946
ns,ResNet18,R,3,hao,hao_leg2,0.32455073667125733,0.6609999730868388
ns,ResNet18,R,3,huayi,huayi_bag1,7.560012710186807,11.620847322900948
ns,ResNet18,R,3,huayi,huayi_bag2,2.3356199681053735,4.778849055084176
ns,ResNet18,R,3,huayi,huayi_bag_test1,4.185415046152622,3.172349623046217
ns,ResNet18,R,3,huayi,huayi_body_test1,2.5426019705875293,0.7837793526282125
ns,ResNet18,R,3,huayi,huayi_handheld1,2.3359839051761084,4.2531698672728515
ns,ResNet18,R,3,huayi,huayi_handheld2,2.1890799979676325,3.402858282301447
ns,ResNet18,R,3,huayi,huayi_leg_front1,1.7110087097427829,2.5353743860711706
ns,ResNet18,R,3,huayi,huayi_leg_front2,1.986535375807742,2.736055874060443
ns,ResNet18,R,3,huayi,huayi_leg_front3,2.349322620231127,1.7920986229088396
ns,ResNet18,R,3,huayi,huayi_lopata1,3.2542791820208943,4.735467091301499
ns,ResNet18,R,3,ma,ma_bag_low2,9.488601844547727,12.271356015742171
ns,ResNet18,R,3,ma,ma_bag_low3,18.966259211366623,13.873625199157463
ns,ResNet18,R,3,ma,ma_body1,2.6534868029668495,1.8387290762466595
ns,ResNet18,R,3,ma,ma_body2,2.876647019973271,3.991975653690855
ns,ResNet18,R,3,ma,ma_handheld1,4.862078277679144,4.557114994111892
ns,ResNet18,R,3,ma,ma_handheld2,4.603948021034986,4.581164213518758
ns,ResNet18,R,3,ma,ma_handheld3,0.9496121017013732,1.1212397382898915
ns,ResNet18,R,3,ruixuan,ruixuan_bag1,3.7395648169299607,4.570297296686936
ns,ResNet18,R,3,ruixuan,ruixuan_bag2,6.304144498509194,8.813970168899262
ns,ResNet18,R,3,ruixuan,ruixuan_body1,1.534256882815399,1.3867963013850935
ns,ResNet18,R,3,ruixuan,ruixuan_body2,3.455423175642035,2.7016639936525926
ns,ResNet18,R,3,ruixuan,ruixuan_handheld1,1.131230038903342,1.1549617325748889
ns,ResNet18,R,3,ruixuan,ruixuan_handheld2,2.0245792875175432,1.6909463007322907
ns,ResNet18,R,3,ruixuan,ruixuan_leg1,1.4750915840402052,1.6048178867668108
ns,ResNet18,R,3,ruixuan,ruixuan_leg2,1.143021411093818,0.5452481273506659
ns,ResNet18,R,3,shali,shali_bag1,4.497929076653452,3.5518635572723416
ns,ResNet18,R,3,shali,shali_handheld1,1.593987418763158,1.9005139851457729
ns,ResNet18,R,3,shali,shali_leg1,1.294641527345643,1.4303945757160443
ns,ResNet18,R,3,tang,tang_bag1,5.094424144856659,3.7361096241194045
ns,ResNet18,R,3,tang,tang_bag2,5.197856646809036,5.3229626980668945
ns,ResNet18,R,3,tang,tang_body1,2.17622694798328,2.65226381083899
ns,ResNet18,R,3,tang,tang_body2,1.6549726186661353,1.0705325502354033
ns,ResNet18,R,3,tang,tang_handheld1,5.035607898504179,8.410305376533499
ns,ResNet18,R,3,tang,tang_handheld2,3.1982528874266616,4.80143336920229
ns,ResNet18,R,3,xiaojing,xiaojing_body1,2.815876842524431,1.8969466173352798
ns,ResNet18,R,3,xiaojing,xiaojing_body2,2.4242864234464103,2.17553845516387
ns,ResNet18,R,3,xiaojing,xiaojing_handheld1,2.576342760783358,2.6761747393572297
ns,ResNet18,R,3,xiaojing,xiaojing_handheld2,1.3898391612560161,2.510953467279473
ns,ResNet18,R,3,xiaojing,xiaojing_leg1,1.3556269433932238,1.6968570375604812
ns,ResNet18,R,3,yajie,yajie_bag1,8.415815607336466,8.779157375444845
ns,ResNet18,R,3,yajie,yajie_body1,6.812860439950397,7.944272785395253
ns,ResNet18,R,3,yajie,yajie_body2,3.0717691050005644,6.661196125193327
ns,ResNet18,R,3,yajie,yajie_handheld1,3.7446487503986923,3.728940952011027
ns,ResNet18,R,3,yajie,yajie_handheld2,5.104846545631732,7.0821690718628325
ns,ResNet18,R,3,zhicheng,zhicheng_bag1,4.817208702065412,8.150923029342046
ns,ResNet18,R,3,zhicheng,zhicheng_bag2,4.616193802183657,8.118353908248693
ns,ResNet18,R,3,zhicheng,zhicheng_body1,2.8934438155870765,2.0545915123656835
ns,ResNet18,R,3,zhicheng,zhicheng_body2,1.6165215504182644,1.2764028259691975
ns,ResNet18,R,3,zhicheng,zhicheng_handheld1,2.8792867807442106,5.1045039533886065
ns,ResNet18,R,3,zhicheng,zhicheng_handheld2,5.3089873474870934,7.123133724056122
ns,ResNet18,R,3,zhicheng,zhicheng_leg1,1.642045223162632,1.814281910104868
ns,ResNet18,R,3,zhicheng,zhicheng_leg2,1.1191948141734887,1.8415323491193112
ns,ResNet18,S,0,a000,a000_11,4.803067669675543,4.324620685697045
ns,ResNet18,S,0,a000,a000_7,2.4705472803466098,2.2772337926121593
ns,ResNet18,S,0,a001,a001_2,6.703358418151093,3.072839563862364
ns,ResNet18,S,0,a003,a003_3,2.900810133205069,2.5928656035523248
ns,ResNet18,S,0,a004,a004_3,2.290317786804994,2.79849948054818
ns,ResNet18,S,0,a005,a005_3,9.047866805872172,5.128498604839763
ns,ResNet18,S,0,a009,a009_1,3.5102627620187916,3.6850499474756973
ns,ResNet18,S,0,a010,a010_2,10.332992887717609,6.629987739039248
ns,ResNet18,S,0,a011,a011_2,4.702222464420263,5.3112712117240095
ns,ResNet18,S,0,a012,a012_2,6.799006619004523,3.7000804285499465
ns,ResNet18,S,0,a013,a013_2,5.630892359040078,3.352890466281957
ns,ResNet18,S,0,a014,a014_2,2.6846241474602035,1.7135568320668275
ns,ResNet18,S,0,a016,a016_1,3.241777581446999,1.6043424104389925
ns,ResNet18,S,0,a017,a017_2,4.949435939282438,2.399896044049605
ns,ResNet18,S,0,a020,a020_2,3.889346447042806,3.2155606117763753
ns,ResNet18,S,0,a021,a021_2,3.8627250631604024,2.6110928126865267
ns,ResNet18,S,0,a022,a022_2,5.93213427390743,4.779455765849786
ns,ResNet18,S,0,a023,a023_1,3.6576703100565364,1.7666535396626963
ns,ResNet18,S,0,a025,a025_2,5.430898482411817,7.25673215170002
ns,ResNet18,S,0,a026,a026_2,3.5141145476180484,2.6168111097047158
ns,ResNet18,S,0,a027,a027_2,4.130239185044092,1.899749857035365
ns,ResNet18,S,0,a030,a030_3,3.815390067690677,2.3062987173082163
ns,ResNet18,S,0,a031,a031_2,4.898675740099968,1.6929415964323924
ns,ResNet18,S,0,a033,a033_2,3.7333735501465375,1.599194793040936
ns,ResNet18,S,0,a035,a035_3,18.25496391683714,11.540928587461565
ns,ResNet18,S,0,a036,a036_2,3.1636307385546902,3.9076739398855054
ns,ResNet18,S,0,a037,a037_1,3.659478035085937,3.5383652528976377
ns,ResNet18,S,0,a038,a038_2,1.3369706104488432,1.2381508554571403
ns,ResNet18,S,0,a044,a044_2,3.4769034174545705,2.769766704301896
ns,ResNet18,S,0,a046,a046_2,4.559944944951821,5.074111679175069
ns,ResNet18,S,0,a047,a047_2,2.662269220622785,1.6864837824490095
ns,ResNet18,S,0,a059,a059_2,2.6074422641314845,2.11035824686811
ns,ResNet18,S,1,a000,a000_11,5.767573835547727,4.617685473154411
ns,ResNet18,S,1,a000,a000_7,1.6079912905749267,2.0353864459292885
ns,ResNet18,S,1,a001,a001_2,7.816402602603792,3.0264108177013753
ns,ResNet18,S,1,a003,a003_3,3.441216461645491,2.9334402790851937
ns,ResNet18,S,1,a004,a004_3,2.538921052615687,3.1283396374786774
ns,ResNet18,S,1,a005,a005_3,8.924819777110324,5.247367337328721
ns,ResNet18,S,1,a009,a009_1,3.8384639200167077,3.4652776150723144
ns,ResNet18,S,1,a010,a010_2,9.00653697331666,6.53935389098588
ns,ResNet18,S,1,a011,a011_2,4.945651729715047,5.36150428588012
ns,ResNet18,S,1,a012,a012_2,5.447251580865033,3.467600003020915
ns,ResNet18,S,1,a013,a013_2,6.796563114669828,2.801962270401502
ns,ResNet18,S,1,a014,a014_2,3.572695136780417,1.9214086113976185
ns,ResNet18,S,1,a016,a016_1,4.596918451902517,1.7625745281695606
ns,ResNet18,S,1,a017,a017_2,2.4001131860307634,2.2240171605964782
ns,ResNet18,S,1,a020,a020_2,2.6338084823247074,2.979110740717366
ns,ResNet18,S,1,a021,a021_2,5.534850753666671,2.555120994756584
ns,ResNet18,S,1,a022,a022_2,7.948195016084078,4.765549361664919
ns,ResNet18,S,1,a023,a023_1,2.529846365629551,1.705117738536762
ns,ResNet18,S,1,a025,a025_2,5.502016109900445,7.78086398745374
ns,ResNet18,S,1,a026,a026_2,4.667878711745872,2.8404029492982956
ns,ResNet18,S,1,a027,a027_2,2.8345258169844776,1.7255047538850365
ns,ResNet18,S,1,a030,a030_3,6.08612808696909,2.055346705570687
ns,ResNet18,S,1,a031,a031_2,5.065188551973087,1.9090260581438863
ns,ResNet18,S,1,a033,a033_2,4.6907268350781655,1.7231686110928706
ns,ResNet18,S,1,a035,a035_3,24.808003080032286,13.281833016838696
ns,ResNet18,S,1,a036,a036_2,3.188996010915442,3.7619724387013753
ns,ResNet18,S,1,a037,a037_1,2.7464080295084212,3.1696590006032133
ns,ResNet18,S,1,a038,a038_2,2.715628661872889,1.596649490770144
ns,ResNet18,S,1,a044,a044_2,5.4995808532814445,3.002524678511405
ns,ResNet18,S,1,a046,a046_2,7.303576694488758,5.13000300751446
ns,ResNet18,S,1,a047,a047_2,4.292942148973172,1.7687355923582029
ns,ResNet18,S,1,a059,a059_2,3.230476040577039,2.2304027989613946
ns,ResNet18,S,2,a000,a000_11,3.8173896184204437,3.6744594424773562
ns,ResNet18,S,2,a000,a000_7,3.585740672011292,2.334040439320359
ns,ResNet18,S,2,a001,a001_2,7.846246046156397,3.477346919836211
ns,ResNet18,S,2,a003,a003_3,3.4461358253995025,2.369838262423538
ns,ResNet18,S,2,a004,a004_3,2.0969765445676805,2.113045855667257
ns,ResNet18,S,2,a005,a005_3,7.9014890540244656,5.348666012368596
ns,ResNet18,S,2,a009,a009_1,4.707401729411441,3.535916706573879
ns,ResNet18,S,2,a010,a010_2,7.582390392401612,6.032241784170273
ns,ResNet18,S,2,a011,a011_2,4.524324389830994,5.556051329045627
ns,ResNet18,S,2,a012,a012_2,9.815947817951898,4.4757467890126135
ns,ResNet18,S,2,a013,a013_2,8.001152001138658,2.9298078198764816
ns,ResNet18,S,2,a014,a014_2,4.422420281810062,1.9643917492413085
ns,ResNet18,S,2,a016,a016_1,4.359455616855333,1.4085000835328896
ns,ResNet18,S,2,a017,a017_2,2.15291075532634,2.2038126717033584
ns,ResNet18,S,2,a020,a020_2,2.1933378216208355,3.008131012563944
ns,ResNet18,S,2,a021,a021_2,5.513481822890527,2.888572536746861
ns,ResNet18,S,2,a022,a022_2,4.914640329406008,4.548526937629277
ns,ResNet18,S,2,a023,a023_1,2.405888905435599,1.7232157060558497
ns,ResNet18,S,2,a025,a025_2,7.9365051541027825,7.580191443600782
ns,ResNet18,S,2,a026,a026_2,3.6359393185951903,2.335132304968523
ns,ResNet18,S,2,a027,a027_2,2.760500851296737,2.0236264289609487
ns,ResNet18,S,2,a030,a030_3,6.890947060471403,2.4148399181878673
ns,ResNet18,S,2,a031,a031_2,4.134443979383019,1.713096067427554
ns,ResNet18,S,2,a033,a033_2,4.877021188718088,1.5674288930609348
ns,ResNet18,S,2,a035,a035_3,22.744664809508727,12.971096478952939
ns,ResNet18,S,2,a036,a036_2,5.871940630962342,4.194386731899622
ns,ResNet18,S,2,a037,a037_1,3.6210639270160945,4.029600641339493
ns,ResNet18,S,2,a038,a038_2,2.386246019808385,1.3463291005224027
ns,ResNet18,S,2,a044,a044_2,5.652490771382502,3.9820660055528965
ns,ResNet18,S,2,a046,a046_2,8.858023899914452,5.449184366613046
ns,ResNet18,S,2,a047,a047_2,4.989650504978988,1.7783831077475667
ns,ResNet18,S,2,a059,a059_2,4.431502465068991,2.3470009845641933
ns,ResNet18,S,3,a000,a000_11,3.9227022946645236,4.081545592631041
ns,ResNet18,S,3,a000,a000_7,2.4469489883466764,2.1406112316154817
ns,ResNet18,S,3,a001,a001_2,6.444999647758457,2.8662125352078975
ns,ResNet18,S,3,a003,a003_3,2.676850456516201,2.615446335755809
ns,ResNet18,S,3,a004,a004_3,2.1475156982991743,2.553468089339374
ns,ResNet18,S,3,a005,a005_3,7.4352161916519925,4.735901875281611
ns,ResNet18,S,3,a009,a009_1,4.3342102193319025,3.485401667971765
ns,ResNet18,S,3,a010,a010_2,11.215477213378557,6.597403960638152
ns,ResNet18,S,3,a011,a011_2,4.785614874135885,5.069726204804755
ns,ResNet18,S,3,a012,a012_2,6.001955803936124,3.3918830493613275
ns,ResNet18,S,3,a013,a013_2,8.646334295811542,3.333449948445883
ns,ResNet18,S,3,a014,a014_2,2.037278238349202,1.7250973171460735
ns,ResNet18,S,3,a016,a016_1,3.6456694693378338,2.0942755229563454
ns,ResNet18,S,3,a017,a017_2,3.342017508446871,2.1854464181243864
ns,ResNet18,S,3,a020,a020_2,3.6329802221394165,3.4272090138732088
ns,ResNet18,S,3,a021,a021_2,5.196898161486151,2.6047767502517996
ns,ResNet18,S,3,a022,a022_2,6.259898026986159,4.744544034755372
ns,ResNet18,S,3,a023,a023_1,3.4787369408527287,1.9376694000839638
ns,ResNet18,S,3,a025,a025_2,6.420688375777475,7.905219289245618
ns,ResNet18,S,3,a026,a026_2,4.046054966956912,2.6543082400700015
ns,ResNet18,S,3,a027,a027_2,4.178423067031119,1.8541886038816342
ns,ResNet18,S,3,a030,a030_3,4.978567702690934,2.2018829048207444
ns,ResNet18,S,3,a031,a031_2,4.2702138146266755,1.7395736313065189
ns,ResNet18,S,3,a033,a033_2,4.6098393272438996,1.6744880195129328
ns,ResNet18,S,3,a035,a035_3,20.019781361963204,12.176940817775725
ns,ResNet18,S,3,a036,a036_2,4.00273032267153,3.7791495722320056
ns,ResNet18,S,3,a037,a037_1,2.3938650541835296,3.3526917464734156
ns,ResNet18,S,3,a038,a038_2,1.901377805041929,1.23775404534522
ns,ResNet18,S,3,a044,a044_2,5.962791224770925,2.965351547861229
ns,ResNet18,S,3,a046,a046_2,6.228289944115446,5.015472145410591
ns,ResNet18,S,3,a047,a047_2,2.0498041798585698,1.6467023394396765
ns,ResNet18,S,3,a059,a059_2,2.2544947083598768,2.0749055167609707
hn,ResNet18,U,0,a006,a006_2,5.932443225261859,3.611270241579388
hn,ResNet18,U,0,a019,a019_3,6.812118430194477,6.183234893987513
hn,ResNet18,U,0,a024,a024_1,3.1267321755945905,3.2227436904818667
hn,ResNet18,U,0,a024,a024_3,4.130484055140313,2.863059926536114
hn,ResNet18,U,0,a029,a029_1,4.983395355686096,6.307579660190301
hn,ResNet18,U,0,a029,a029_2,2.5950021545312834,2.263801514908826
hn,ResNet18,U,0,a032,a032_1,5.422482521462727,6.773935885359166
hn,ResNet18,U,0,a032,a032_3,11.597539906005421,12.361327757854873
hn,ResNet18,U,0,a042,a042_2,4.148885838096697,3.2982019954483675
hn,ResNet18,U,0,a049,a049_1,4.004889958809012,6.192266767794564
hn,ResNet18,U,0,a049,a049_2,1.9116099775200035,2.159308320323006
hn,ResNet18,U,0,a049,a049_3,2.7707165561287317,2.183975229142429
hn,ResNet18,U,0,a050,a050_1,12.182587927507864,8.338668548423248
hn,ResNet18,U,0,a050,a050_3,11.256173632227645,7.156647520073479
hn,ResNet18,U,0,a051,a051_1,5.773630452369943,5.111737470968492
hn,ResNet18,U,0,a051,a051_2,2.8888644185109063,1.3477788862264377
hn,ResNet18,U,0,a051,a051_3,1.1915984306722063,1.321391581424918
hn,ResNet18,U,0,a052,a052_2,5.959919835711386,8.06675113023933
hn,ResNet18,U,0,a053,a053_1,2.354287875219884,3.3585191946504933
hn,ResNet18,U,0,a053,a053_2,3.036582351943922,3.385085134947273
hn,ResNet18,U,0,a053,a053_3,3.0051862874037125,3.4168776445090105
hn,ResNet18,U,0,a054,a054_1,3.6765664516039798,4.656709511240685
hn,ResNet18,U,0,a054,a054_2,2.1751861747760906,2.781678542364266
hn,ResNet18,U,0,a054,a054_3,8.712799578884649,4.596670472494791
hn,ResNet18,U,0,a055,a055_2,7.104964097996617,5.931843408400891
hn,ResNet18,U,0,a055,a055_3,10.438466112870964,6.669574555280323
hn,ResNet18,U,0,a057,a057_1,6.409754863722868,7.436779485378348
hn,ResNet18,U,0,a057,a057_2,7.3683705698539885,3.6387554300002005
hn,ResNet18,U,0,a057,a057_3,9.71382174614501,4.546533766256505
hn,ResNet18,U,0,a058,a058_1,4.039931439776015,7.755899168880942
hn,ResNet18,U,0,a058,a058_2,2.4036625511826815,3.5229940338403387
hn,ResNet18,U,0,a058,a058_3,3.3390174977661142,4.961353812867487
hn,ResNet18,U,1,a006,a006_2,4.685870471387005,3.507259942379735
hn,ResNet18,U,1,a019,a019_3,4.795734896636167,5.578989991361031
hn,ResNet18,U,1,a024,a024_1,3.2924825166062126,3.569667764062673
hn,ResNet18,U,1,a024,a024_3,4.694943357305003,3.001731506713891
hn,ResNet18,U,1,a029,a029_1,4.889317761855947,6.328527051895107
hn,ResNet18,U,1,a029,a029_2,2.6370314615042743,2.4133543793098653
hn,ResNet18,U,1,a032,a032_1,6.016635153305615,7.06209996003317
hn,ResNet18,U,1,a032,a032_3,14.552708248846539,9.90501722030026
hn,ResNet18,U,1,a042,a042_2,3.570149689626218,3.076194740458973
hn,ResNet18,U,1,a049,a049_1,4.250217940130798,6.614341671038152
hn,ResNet18,U,1,a049,a049_2,2.608586068068334,1.7831039768846522
hn,ResNet18,U,1,a049,a049_3,2.300724968047131,2.42171645091734
hn,ResNet18,U,1,a050,a050_1,15.01294702734687,8.599718798333988
hn,ResNet18,U,1,a050,a050_3,7.9820502292675295,6.254556724937105
hn,ResNet18,U,1,a051,a051_1,5.590602504343171,4.758630420654509
hn,ResNet18,U,1,a051,a051_2,3.3453877334239324,1.079881130383254
hn,ResNet18,U,1,a051,a051_3,1.3317191646548043,1.3803122349205013
hn,ResNet18,U,1,a052,a052_2,7.684991924148527,8.870731756504066
hn,ResNet18,U,1,a053,a053_1,2.275268992692478,2.7922657692132464
hn,ResNet18,U,1,a053,a053_2,2.0602571030640604,3.0956074474090167
hn,ResNet18,U,1,a053,a053_3,2.6063893709808665,2.8821812536581644
hn,ResNet18,U,1,a054,a054_1,5.670992963139498,4.914076024559249
hn,ResNet18,U,1,a054,a054_2,3.203598203819425,3.055443619221115
hn,ResNet18,U,1,a054,a054_3,9.367375409229126,4.628654341537226
hn,ResNet18,U,1,a055,a055_2,10.983602851412495,6.944758070567688
hn,ResNet18,U,1,a055,a055_3,15.91905673145921,7.1530035677085175
hn,ResNet18,U,1,a057,a057_1,5.575151633576307,7.169091193534907
hn,ResNet18,U,1,a057,a057_2,6.098534367393088,3.1094466668394305
hn,ResNet18,U,1,a057,a057_3,9.333897986642414,4.55786287469518
hn,ResNet18,U,1,a058,a058_1,3.9122020233368846,7.397014872867899
hn,ResNet18,U,1,a058,a058_2,2.8986238534179862,3.9636118197932304
hn,ResNet18,U,1,a058,a058_3,3.2329501561068406,5.116653255590769
hn,ResNet18,U,2,a006,a006_2,5.6687700314544145,3.9119524271284205
hn,ResNet18,U,2,a019,a019_3,5.414395437345396,5.4298699914594755
hn,ResNet18,U,2,a024,a024_1,3.740544051157043,3.4680364910722554
hn,ResNet18,U,2,a024,a024_3,4.633056156012657,2.821234982064252
hn,ResNet18,U,2,a029,a029_1,4.899000120753794,6.5017971038425335
hn,ResNet18,U,2,a029,a029_2,2.4554561901646164,2.100288300716744
hn,ResNet18,U,2,a032,a032_1,5.594877020805644,7.052237434568322
hn,ResNet18,U,2,a032,a032_3,11.404038660777545,11.8865993462122
hn,ResNet18,U,2,a042,a042_2,4.704162802185013,3.476246537932365
hn,ResNet18,U,2,a049,a049_1,3.6481809548411817,5.660475014161508
hn,ResNet18,U,2,a049,a049_2,2.3566671432889765,2.0062502710490437
hn,ResNet18,U,2,a049,a049_3,2.530524485210536,2.7146543435362913
hn,ResNet18,U,2,a050,a050_1,11.118686264320546,7.511366517939406
hn,ResNet18,U,2,a050,a050_3,12.469909914282454,7.724750079510222
hn,ResNet18,U,2,a051,a051_1,5.519180473304991,4.902388598390407
hn,ResNet18,U,2,a051,a051_2,3.0585817842344643,1.3560910306629985
hn,ResNet18,U,2,a051,a051_3,1.6848869655154133,1.479212822170693
hn,ResNet18,U,2,a052,a052_2,6.726531045185468,8.997092947236414
hn,ResNet18,U,2,a053,a053_1,2.338460515565258,3.6202487681093616
hn,ResNet18,U,2,a053,a053_2,3.7172030192027146,2.867889230464276
hn,ResNet18,U,2,a053,a053_3,2.7537659680448687,2.771515574391174
hn,ResNet18,U,2,a054,a054_1,5.453539087245905,5.3907795517065376
hn,ResNet18,U,2,a054,a054_2,2.7951888642650555,2.718003386383185
hn,ResNet18,U,2,a054,a054_3,8.334462292747912,4.353552241247056
hn,ResNet18,U,2,a055,a055_2,11.093921810311922,6.228154110906295
hn,ResNet18,U,2,a055,a055_3,12.935216356944759,6.88636826448061
hn,ResNet18,U,2,a057,a057_1,5.796553895079641,6.765549897840384
hn,ResNet18,U,2,a057,a057_2,7.5482180483662615,3.089561675546244
hn,ResNet18,U,2,a057,a057_3,11.576693500718765,4.69337903130224
hn,ResNet18,U,2,a058,a058_1,4.210383972202737,7.298133276330257
hn,ResNet18,U,2,a058,a058_2,2.8075693873953504,4.1071938968026735
hn,ResNet18,U,2,a058,a058_3,3.3377158909035445,5.0705359034712805
hn,ResNet18,U,3,a006,a006_2,5.663388861850243,4.095292187243879
hn,ResNet18,U,3,a019,a019_3,5.548183801203727,5.657882489192705
hn,ResNet18,U,3,a024,a024_1,2.8831026647095093,3.1536287391767863
hn,ResNet18,U,3,a024,a024_3,4.4041691962240845,3.145910164284817
hn,ResNet18,U,3,a029,a029_1,4.593612410801102,6.437786141448457
hn,ResNet18,U,3,a029,a029_2,3.1200962302921424,2.0788970006107643
hn,ResNet18,U,3,a032,a032_1,5.549119619194272,6.486170670656117
hn,ResNet18,U,3,a032,a032_3,10.647808322336951,11.083631420486688
hn,ResNet18,U,3,a042,a042_2,3.9140774691375286,3.803390924338706
hn,ResNet18,U,3,a049,a049_1,3.961649232193674,6.162340813150697
hn,ResNet18,U,3,a049,a049_2,2.8205514819292263,2.146829414803032
hn,ResNet18,U,3,a049,a049_3,2.6153095434239613,2.303714811690039
hn,ResNet18,U,3,a050,a050_1,10.3301811526809,7.622936273624436
hn,ResNet18,U,3,a050,a050_3,8.700264145789834,6.473903016052573
hn,ResNet18,U,3,a051,a051_1,6.312642692252552,5.217139761865637
hn,ResNet18,U,3,a051,a051_2,3.624142302866569,1.4066328227273994
hn,ResNet18,U,3,a051,a051_3,1.4466228010653932,1.4122666662421195
hn,ResNet18,U,3,a052,a052_2,7.184336452896192,9.225044062057428
hn,ResNet18,U,3,a053,a053_1,2.4517816051028163,3.3237453743740373
hn,ResNet18,U,3,a053,a053_2,3.2253338316863918,3.188125020617711
hn,ResNet18,U,3,a053,a053_3,3.0282817800852437,3.138948417895535
hn,ResNet18,U,3,a054,a054_1,6.396831773953191,5.906962080150722
hn,ResNet18,U,3,a054,a054_2,2.8711810740497663,3.226362824431163
hn,ResNet18,U,3,a054,a054_3,8.163544368620721,5.034245016321378
hn,ResNet18,U,3,a055,a055_2,11.237656743678471,6.1844524680555395
hn,ResNet18,U,3,a055,a055_3,12.164072004066622,6.766669841411453
hn,ResNet18,U,3,a057,a057_1,5.973220657843601,7.1204476530418
hn,ResNet18,U,3,a057,a057_2,8.692329212522715,3.195685085476321
hn,ResNet18,U,3,a057,a057_3,12.566040023633628,4.903902569435409
hn,ResNet18,U,3,a058,a058_1,4.541368276864266,8.604450380069943
hn,ResNet18,U,3,a058,a058_2,2.3264626279772345,3.2553629438164084
hn,ResNet18,U,3,a058,a058_3,3.2133119507300347,4.743293115975184
hn,ResNet18,R,0,dan,dan_bag1,7.245747571497653,2.994332283892464
hn,ResNet18,R,0,dan,dan_bag2,3.9050906993018772,1.8743645013355101
hn,ResNet18,R,0,dan,dan_body1,2.9299082857921346,1.408321042662003
hn,ResNet18,R,0,dan,dan_body2,1.8131095961028265,1.233335293740505
hn,ResNet18,R,0,dan,dan_body3,1.070476722038214,1.3338078813067855
hn,ResNet18,R,0,dan,dan_handheld1,0.9685235428279027,1.0074741890840362
hn,ResNet18,R,0,dan,dan_handheld2,2.0660348016881596,1.8904445154086371
hn,ResNet18,R,0,dan,dan_leg1,1.5651145075979622,2.0940163319067833
hn,ResNet18,R,0,dan,dan_leg2,0.6925285113004335,1.122560431387254
hn,ResNet18,R,0,hang,hang_bag_normal1,5.581039283552118,9.768850904277127
hn,ResNet18,R,0,hang,hang_bag_normal2,10.973725536474698,13.389601008764485
hn,ResNet18,R,0,hang,hang_bag_side1,5.849147862290398,8.449188681551059
hn,ResNet18,R,0,hang,hang_bag_speed1,6.788338212994371,9.003399289537349
hn,ResNet18,R,0,hang,hang_bag_speed2,10.847702353172627,17.26355478855732
hn,ResNet18,R,0,hang,hang_bag_stop1,3.471155309398513,3.4383702818071407
hn,ResNet18,R,0,hang,hang_body_backward1,1.943683359413596,1.700496894402049
hn,ResNet18,R,0,hang,hang_body_backward2,2.440674635872741,3.095140390236101
hn,ResNet18,R,0,hang,hang_body_backward3,1.755167730838275,1.011496151110099
hn,ResNet18,R,0,hang,hang_body_backward4,2.2169424460925944,1.5103368421955468
hn,ResNet18,R,0,hang,hang_body_fast1,2.3458727941176374,2.223880681785777
hn,ResNet18,R,0,hang,hang_body_normal1,1.784848216268043,2.2295899787313123
hn,ResNet18,R,0,hang,hang_body_side1,1.3367988005904217,1.9264584621390715
hn,ResNet18,R,0,hang,hang_body_slow1,1.21874221806846,0.7965985988156347
hn,ResNet18,R,0,hang,hang_body_stop1,0.5618313962779636,0.7542860256753595
hn,ResNet18,R,0,hang,hang_body_test1,2.3363192228100966,3.5470597853751324
hn,ResNet18,R,0,hang,hang_handheld_normal1,1.2318443163812676,2.071025274957558
hn,ResNet18,R,0,hang,hang_handheld_side3,2.071099170030333,3.810237280088562
hn,ResNet18,R,0,hang,hang_handheld_side4,2.1428307166151486,3.3031818260996526
hn,ResNet18,R,0,hang,hang_handheld_side_test2,2.367638214448574,5.268932804394962
hn,ResNet18,R,0,hang,hang_handheld_speed1,4.2110758445396534,5.925668280127402
hn,ResNet18,R,0,hang,hang_handheld_speed2,4.858578843578583,5.852656163922047
hn,ResNet18,R,0,hang,hang_handheld_test1,2.2799869341847296,3.1743598740938994
hn,ResNet18,R,0,hang,hang_leg_new1,2.7251320735505895,3.9312581532047637
hn,ResNet18,R,0,hang,hang_leg_new2,2.141342148535396,2.81723343620636
hn,ResNet18,R,0,hao,hao_bag1,3.392294732292912,4.638463457493917
hn,ResNet18,R,0,hao,hao_bag2,6.5293308331723185,11.433113634257403
hn,ResNet18,R,0,hao,hao_body1,2.124004835291838,2.282016473106222
hn,ResNet18,R,0,hao,hao_body2,2.8194911471720143,2.4572272478808252
hn,ResNet18,R,0,hao,hao_handheld1,2.5667785284254383,3.907999524478818
hn,ResNet18,R,0,hao,hao_handheld2,2.0183270473715242,2.3994535712642855
hn,ResNet18,R,0,hao,hao_leg1,1.2341102487647897,1.7338219096721343
hn,ResNet18,R,0,hao,hao_leg2,0.6311704623941067,1.2034549662932268
hn,ResNet18,R,0,huayi,huayi_bag1,7.690728679729963,11.963687316828311
hn,ResNet18,R,0,huayi,huayi_bag2,2.928226534147437,7.432813602524096
hn,ResNet18,R,0,huayi,huayi_bag_test1,4.577499098837649,2.7495694538247215
hn,ResNet18,R,0,huayi,huayi_body_test1,2.486134097574158,0.3691931958577434
hn,ResNet18,R,0,huayi,huayi_handheld1,1.976356902313152,3.3306298866485116
hn,ResNet18,R,0,huayi,huayi_handheld2,2.5413531763444532,3.0237282320610963
hn,ResNet18,R,0,huayi,huayi_leg_front1,1.985915601214564,2.136749148185048
hn,ResNet18,R,0,huayi,huayi_leg_front2,1.4595873264161903,1.8236022125812485
hn,ResNet18,R,0,huayi,huayi_leg_front3,2.3690041396448143,2.6182404870068194
hn,ResNet18,R,0,huayi,huayi_lopata1,1.8028098716544774,2.635728135383254
hn,ResNet18,R,0,ma,ma_bag_low2,6.813793829534333,8.141700544119061
hn,ResNet18,R,0,ma,ma_bag_low3,11.055100277089915,7.358947533568136
hn,ResNet18,R,0,ma,ma_body1,1.6656216157090267,1.672585055878131
hn,ResNet18,R,0,ma,ma_body2,1.8681032270079385,3.1520395181377037
hn,ResNet18,R,0,ma,ma_handheld1,6.673307221181816,5.115628085770121
hn,ResNet18,R,0,ma,ma_handheld2,2.4124966741217824,3.587102070967414
hn,ResNet18,R,0,ma,ma_handheld3,1.3156739466949503,1.8337680697391006
hn,ResNet18,R,0,ruixuan,ruixuan_bag1,4.346313879351989,6.610209202102769
hn,ResNet18,R,0,ruixuan,ruixuan_bag2,3.7391645293834186,5.291554982432072
hn,ResNet18,R,0,ruixuan,ruixuan_body1,1.4935196626439438,1.6269714370558102
hn,ResNet18,R,0,ruixuan,ruixuan_body2,2.3755894124110886,1.398204843881429
hn,ResNet18,R,0,ruixuan,ruixuan_handheld1,1.1851038840285462,1.303975514400372
hn,ResNet18,R,0,ruixuan,ruixuan_handheld2,1.355695271727183,0.6247364575768748
hn,ResNet18,R,0,ruixuan,ruixuan_leg1,1.5289188559194267,1.776185728462135
hn,ResNet18,R,0,ruixuan,ruixuan_leg2,0.857834890427121,0.67504549875681
hn,ResNet18,R,0,shali,shali_bag1,3.687244076218447,3.511894029330691
hn,ResNet18,R,0,shali,shali_handheld1,1.2934657537484233,1.5601668019950754
hn,ResNet18,R,0,shali,shali_leg1,1.1813149618920706,0.9095630119045942
hn,ResNet18,R,0,tang,tang_bag1,5.960433923185606,3.51682733521093
hn,ResNet18,R,0,tang,tang_bag2,9.471573453335074,12.449110929708954
hn,ResNet18,R,0,tang,tang_body1,2.663156717094003,2.744715765240464
hn,ResNet18,R,0,tang,tang_body2,1.6741719119669891,1.6278593181486465
hn,ResNet18,R,0,tang,tang_handheld1,3.6078117153709783,6.528744576400932
hn,ResNet18,R,0,tang,tang_handheld2,1.6088554009531586,2.613351893400817
hn,ResNet18,R,0,xiaojing,xiaojing_body1,1.469643093183693,1.5919466893626324
hn,ResNet18,R,0,xiaojing,xiaojing_body2,1.7302660669913275,2.0663175120023216
hn,ResNet18,R,0,xiaojing,xiaojing_handheld1,1.7204368937257435,1.8848543020641053
hn,ResNet18,R,0,xiaojing,xiaojing_handheld2,0.8731265147489545,0.2750738563228235
hn,ResNet18,R,0,xiaojing,xiaojing_leg1,1.261856932863974,1.5233110825771345
hn,ResNet18,R,0,yajie,yajie_bag1,8.799215089927877,9.322005527640354
hn,ResNet18,R,0,yajie,yajie_body1,6.243192976686509,7.211892116666572
hn,ResNet18,R,0,yajie,yajie_body2,2.875959632093557,6.156256492631671
hn,ResNet18,R,0,yajie,yajie_handheld1,3.5756020088604688,2.322527401006053
hn,ResNet18,R,0,yajie,yajie_handheld2,3.7717835487527247,5.743261824594246
hn,ResNet18,R,0,zhicheng,zhicheng_bag1,7.203104937261784,9.796639464631626
hn,ResNet18,R,0,zhicheng,zhicheng_bag2,7.9080129235942245,13.890505012819446
hn,ResNet18,R,0,zhicheng,zhicheng_body1,2.2210767826896762,1.8666531347690802
hn,ResNet18,R,0,zhicheng,zhicheng_body2,2.2357565122783094,0.6629073405964169
hn,ResNet18,R,0,zhicheng,zhicheng_handheld1,4.337319948194465,6.509883710234192
hn,ResNet18,R,0,zhicheng,zhicheng_handheld2,6.120783254083906,9.674398831391748
hn,ResNet18,R,0,zhicheng,zhicheng_leg1,1.887253260203895,2.551835956020565
hn,ResNet18,R,0,zhicheng,zhicheng_leg2,1.8905728718875006,1.2921810390776616
hn,ResNet18,R,1,dan,dan_bag1,7.150546969458364,4.303790212456957
hn,ResNet18,R,1,dan,dan_bag2,4.118916505849657,2.7073638646536895
hn,ResNet18,R,1,dan,dan_body1,2.602101390167701,1.0587231539951347
hn,ResNet18,R,1,dan,dan_body2,1.4889856729259956,1.0874746241582587
hn,ResNet18,R,1,dan,dan_body3,1.1233109724616759,1.3652419122877142
hn,ResNet18,R,1,dan,dan_handheld1,0.9228791289128032,0.9562904641444341
hn,ResNet18,R,1,dan,dan_handheld2,2.414955399051346,2.5197178013033916
hn,ResNet18,R,1,dan,dan_leg1,1.4640801300383923,2.0191143426016263
hn,ResNet18,R,1,dan,dan_leg2,0.6363587357995203,1.0425195737893038
hn,ResNet18,R,1,hang,hang_bag_normal1,6.393542359589147,10.56436894429203
hn,ResNet18,R,1,hang,hang_bag_normal2,6.592834081736202,7.933129139292972
hn,ResNet18,R,1,hang,hang_bag_side1,6.258814861620013,9.080559555638391
hn,ResNet18,R,1,hang,hang_bag_speed1,7.609577826680904,11.898597312511818
hn,ResNet18,R,1,hang,hang_bag_speed2,11.18730608542794,17.564862605584793
hn,ResNet18,R,1,hang,hang_bag_stop1,2.8312858045190104,3.773093669436099
hn,ResNet18,R,1,hang,hang_body_backward1,1.691068461976673,1.159816913118782
hn,ResNet18,R,1,hang,hang_body_backward2,2.2863271139748194,3.562226610837957
hn,ResNet18,R,1,hang,hang_body_backward3,1.6129495790722654,1.066785150969989
hn,ResNet18,R,1,hang,hang_body_backward4,1.653176181746587,1.1645287219416631
hn,ResNet18,R,1,hang,hang_body_fast1,2.012806410415809,2.245157228674592
hn,ResNet18,R,1,hang,hang_body_normal1,1.4529667576906036,2.0963287400321082
hn,ResNet18,R,1,hang,hang_body_side1,1.1712178934128206,1.9372515064833378
hn,ResNet18,R,1,hang,hang_body_slow1,0.5343938148081444,0.3340211861723761
hn,ResNet18,R,1,hang,hang_body_stop1,0.7990969737092921,0.9511689535882965
hn,ResNet18,R,1,hang,hang_body_test1,2.455605100152224,3.7346753354521165
hn,ResNet18,R,1,hang,hang_handheld_normal1,3.0395229755669315,3.8295348961126843
hn,ResNet18,R,1,hang,hang_handheld_side3,2.108259793077074,3.3573681226427188
hn,ResNet18,R,1,hang,hang_handheld_side4,2.4908119386405834,3.43876228472627
hn,ResNet18,R,1,hang,hang_handheld_side_test2,3.0632747370710764,6.5752419458850815
hn,ResNet18,R,1,hang,hang_handheld_speed1,4.503172217187695,5.444076668237598
hn,ResNet18,R,1,hang,hang_handheld_speed2,5.0071308362933635,5.6917825642429625
hn,ResNet18,R,1,hang,hang_handheld_test1,2.67372294754053,2.58732100427082
hn,ResNet18,R,1,hang,hang_leg_new1,3.0560923380262053,4.384673994063898
hn,ResNet18,R,1,hang,hang_leg_new2,2.2975629056847295,2.761359550549392
hn,ResNet18,R,1,hao,hao_bag1,2.50422493016419,3.5835942817969335
hn,ResNet18,R,1,hao,hao_bag2,5.223874388433726,8.97554077421931
hn,ResNet18,R,1,hao,hao_body1,1.69620764420248,1.2500055363579843
hn,ResNet18,R,1,hao,hao_body2,2.000961233705355,1.2185482397940672
hn,ResNet18,R,1,hao,hao_handheld1,2.5681191099085408,3.6680331648335494
hn,ResNet18,R,1,hao,hao_handheld2,1.9371653851059845,2.5900077573024163
hn,ResNet18,R,1,hao,hao_leg1,1.2054672563324242,1.7169955437516888
hn,ResNet18,R,1,hao,hao_leg2,0.6095151578446553,0.9872375915917077
hn,ResNet18,R,1,huayi,huayi_bag1,7.910257179180332,11.75525227324233
hn,ResNet18,R,1,huayi,huayi_bag2,2.0893996154406618,5.587304485443202
hn,ResNet18,R,1,huayi,huayi_bag_test1,3.7987164164856004,2.8536563207653733
hn,ResNet18,R,1,huayi,huayi_body_test1,2.260127910121101,0.43132354929078853
hn,ResNet18,R,1,huayi,huayi_handheld1,2.4639233076968248,4.407820417650845
hn,ResNet18,R,1,huayi,huayi_handheld2,2.3757093367393365,2.8646596334591883
hn,ResNet18,R,1,huayi,huayi_leg_front1,1.794577614518072,1.9484437219518929
hn,ResNet18,R,1,huayi,huayi_leg_front2,1.2516375534900883,1.261828817199957
hn,ResNet18,R,1,huayi,huayi_leg_front3,2.5833445066448273,2.459602948109576
hn,ResNet18,R,1,huayi,huayi_lopata1,1.6178762940707674,2.44857780954919
hn,ResNet18,R,1,ma,ma_bag_low2,4.717185257200224,7.081250084325774
hn,ResNet18,R,1,ma,ma_bag_low3,11.717779735982926,8.703988259415446
hn,ResNet18,R,1,ma,ma_body1,1.1213102635141938,1.4011600075273891
hn,ResNet18,R,1,ma,ma_body2,1.8954248151669815,3.1157173429691327
hn,ResNet18,R,1,ma,ma_handheld1,6.6804841140186815,5.495806588374007
hn,ResNet18,R,1,ma,ma_handheld2,3.337215987051372,4.6841781419816
hn,ResNet18,R,1,ma,ma_handheld3,1.8081722469018717,2.138195065877343
hn,ResNet18,R,1,ruixuan,ruixuan_bag1,4.5903722595693,6.91048812678002
hn,ResNet18,R,1,ruixuan,ruixuan_bag2,2.411312573718823,3.471512776906589
hn,ResNet18,R,1,ruixuan,ruixuan_body1,1.2674858972669847,1.618610391199648
hn,ResNet18,R,1,ruixuan,ruixuan_body2,2.1146456100534996,1.5163418912677673
hn,ResNet18,R,1,ruixuan,ruixuan_handheld1,1.5880727960738457,1.4952461666587546
hn,ResNet18,R,1,ruixuan,ruixuan_handheld2,1.3051372218597292,0.9503837520758264
hn,ResNet18,R,1,ruixuan,ruixuan_leg1,1.209918628687418,1.4981684108467666
hn,ResNet18,R,1,ruixuan,ruixuan_leg2,1.1000179678143283,0.49590729796344757
hn,ResNet18,R,1,shali,shali_bag1,3.1871488117644033,2.8311968982783426
hn,ResNet18,R,1,shali,shali_handheld1,1.3237376032105581,1.6983788215905107
hn,ResNet18,R,1,shali,shali_leg1,1.005352020861958,1.1158221434448543
hn,ResNet18,R,1,tang,tang_bag1,5.294748470313405,3.8214578910818235
hn,ResNet18,R,1,tang,tang_bag2,8.986652143182651,10.496478527775245
hn,ResNet18,R,1,tang,tang_body1,1.946613875782662,1.9715909550625328
hn,ResNet18,R,1,tang,tang_body2,1.173257276408485,0.9101953377231595
hn,ResNet18,R,1,tang,tang_handheld1,3.6898430078310276,6.497249601354598
hn,ResNet18,R,1,tang,tang_handheld2,1.4761205430932731,2.4195867981010535
hn,ResNet18,R,1,xiaojing,xiaojing_body1,1.7133958966941887,1.4680077138848542
hn,ResNet18,R,1,xiaojing,xiaojing_body2,2.6137602998826868,2.660971256024386
hn,ResNet18,R,1,xiaojing,xiaojing_handheld1,2.405830889294533,2.40010833675833
hn,ResNet18,R,1,xiaojing,xiaojing_handheld2,0.9311542228894835,0.6204447500962442
hn,ResNet18,R,1,xiaojing,xiaojing_leg1,1.0471404178095958,1.4001861069453074
hn,ResNet18,R,1,yajie,yajie_bag1,8.79162843558067,9.217140414953192
hn,ResNet18,R,1,yajie,yajie_body1,6.36919755638408,7.564346044419562
hn,ResNet18,R,1,yajie,yajie_body2,2.34194447948164,4.715061861270887
hn,ResNet18,R,1,yajie,yajie_handheld1,3.899445464799229,3.031091314573413
hn,ResNet18,R,1,yajie,yajie_handheld2,3.06693636340357,4.732911408440275
hn,ResNet18,R,1,zhicheng,zhicheng_bag1,4.873719440387567,7.6880434488169085
hn,ResNet18,R,1,zhicheng,zhicheng_bag2,4.736687794871179,9.075158886416887
hn,ResNet18,R,1,zhicheng,zhicheng_body1,2.0040845255767734,1.7189725343467537
hn,ResNet18,R,1,zhicheng,zhicheng_body2,2.0124042412126624,0.41992312921192404
hn,ResNet18,R,1,zhicheng,zhicheng_handheld1,3.362194188813449,5.3485047410547
hn,ResNet18,R,1,zhicheng,zhicheng_handheld2,5.300816960259343,7.9128413858745485
hn,ResNet18,R,1,zhicheng,zhicheng_leg1,1.5036319712256183,1.8839293754842923
hn,ResNet18,R,1,zhicheng,zhicheng_leg2,1.8276653562755145,1.9989712879189696
hn,ResNet18,R,2,dan,dan_bag1,6.167524149938332,3.0969767800307073
hn,ResNet18,R,2,dan,dan_bag2,3.1985028408281675,0.390690987510341
hn,ResNet18,R,2,dan,dan_body1,2.5515643489117115,1.0370380210619885
hn,ResNet18,R,2,dan,dan_body2,1.8704110520518498,1.0931154565902088
hn,ResNet18,R,2,dan,dan_body3,1.2516303451526967,0.5011715329699885
hn,ResNet18,R,2,dan,dan_handheld1,1.0065654964516757,1.2140795667494708
hn,ResNet18,R,2,dan,dan_handheld2,1.9792281763497668,2.1335453870208894
hn,ResNet18,R,2,dan,dan_leg1,1.3872417064484128,2.0564593410855143
hn,ResNet18,R,2,dan,dan_leg2,0.6214836124758318,1.0344681594745464
hn,ResNet18,R,2,hang,hang_bag_normal1,3.4913732398057586,6.101515500758672
hn,ResNet18,R,2,hang,hang_bag_normal2,8.66908059978671,9.510900046818444
hn,ResNet18,R,2,hang,hang_bag_side1,3.578774363518881,4.9109309944472095
hn,ResNet18,R,2,hang,hang_bag_speed1,6.350027509575942,6.007615785508625
hn,ResNet18,R,2,hang,hang_bag_speed2,7.2479312444910144,10.660787298813172
hn,ResNet18,R,2,hang,hang_bag_stop1,2.8876651320784794,3.0402524863266125
hn,ResNet18,R,2,hang,hang_body_backward1,1.586334933949335,1.943412353320135
hn,ResNet18,R,2,hang,hang_body_backward2,1.8100708915090655,2.8972388152142092
hn,ResNet18,R,2,hang,hang_body_backward3,1.2305763754374581,0.7172691271396597
hn,ResNet18,R,2,hang,hang_body_backward4,1.8490181724916606,1.0799537652593705
hn,ResNet18,R,2,hang,hang_body_fast1,2.4259356290245404,2.630034949121986
hn,ResNet18,R,2,hang,hang_body_normal1,1.8324947023936466,2.4665565916123393
hn,ResNet18,R,2,hang,hang_body_side1,1.7577107594369985,2.498706802839107
hn,ResNet18,R,2,hang,hang_body_slow1,0.46707544799590267,0.7103832328149792
hn,ResNet18,R,2,hang,hang_body_stop1,0.7821500772847273,1.2205621297861458
hn,ResNet18,R,2,hang,hang_body_test1,2.287994542041129,3.2872318564928324
hn,ResNet18,R,2,hang,hang_handheld_normal1,1.4841995236024255,2.5215671834017037
hn,ResNet18,R,2,hang,hang_handheld_side3,2.568911269117701,5.019499834126831
hn,ResNet18,R,2,hang,hang_handheld_side4,2.3542356820237047,3.7266105058771024
hn,ResNet18,R,2,hang,hang_handheld_side_test2,2.7425575307807994,5.638975712023938
hn,ResNet18,R,2,hang,hang_handheld_speed1,4.154865397675038,6.093814794699387
hn,ResNet18,R,2,hang,hang_handheld_speed2,4.157569333071192,5.181675030512724
hn,ResNet18,R,2,hang,hang_handheld_test1,2.033996523290557,2.5721290170537445
hn,ResNet18,R,2,hang,hang_leg_new1,2.8718896332552046,4.052810860110069
hn,ResNet18,R,2,hang,hang_leg_new2,2.1216545514569853,2.7368125719806184
hn,ResNet18,R,2,hao,hao_bag1,2.724029175825129,4.579980359930643
hn,ResNet18,R,2,hao,hao_bag2,5.729596677369455,9.659827994876936
hn,ResNet18,R,2,hao,hao_body1,2.06016224585851,1.80299966528685
hn,ResNet18,R,2,hao,hao_body2,2.1940854103872405,1.6685935394470361
hn,ResNet18,R,2,hao,hao_handheld1,2.495880075558979,4.016759769495871
hn,ResNet18,R,2,hao,hao_handheld2,2.1180627635651317,2.477425225264389
hn,ResNet18,R,2,hao,hao_leg1,1.5411364104976253,2.0573668613789637
hn,ResNet18,R,2,hao,hao_leg2,0.7573549418377598,1.0701757714830074
hn,ResNet18,R,2,huayi,huayi_bag1,9.12985260610685,12.849509073327406
hn,ResNet18,R,2,huayi,huayi_bag2,3.7964693960486393,8.688979390422169
hn,ResNet18,R,2,huayi,huayi_bag_test1,3.3721096861837694,1.2741988699515385
hn,ResNet18,R,2,huayi,huayi_body_test1,2.2042280818395183,0.44720524142046086
hn,ResNet18,R,2,huayi,huayi_handheld1,2.249487346497519,3.9315545450679728
hn,ResNet18,R,2,huayi,huayi_handheld2,1.8105429465342642,2.484213482712919
hn,ResNet18,R,2,huayi,huayi_leg_front1,1.9150908185780497,2.329954561917089
hn,ResNet18,R,2,huayi,huayi_leg_front2,1.7421597295357822,1.7046713662293487
hn,ResNet18,R,2,huayi,huayi_leg_front3,2.071796102251432,2.204509717133767
hn,ResNet18,R,2,huayi,huayi_lopata1,1.7560374935686687,2.7171639456166607
hn,ResNet18,R,2,ma,ma_bag_low2,10.29847302555257,14.404349188862719
hn,ResNet18,R,2,ma,ma_bag_low3,15.991548745193132,13.39974196126514
hn,ResNet18,R,2,ma,ma_body1,1.4323768915362436,1.1161000124213545
hn,ResNet18,R,2,ma,ma_body2,2.620453575929442,3.6138890682451073
hn,ResNet18,R,2,ma,ma_handheld1,6.697721717156417,5.079816865334326
hn,ResNet18,R,2,ma,ma_handheld2,2.5159245629528315,2.763944641083239
hn,ResNet18,R,2,ma,ma_handheld3,1.1780673209330141,1.733587558995497
hn,ResNet18,R,2,ruixuan,ruixuan_bag1,3.8967716548346307,6.0303480178370075
hn,ResNet18,R,2,ruixuan,ruixuan_bag2,3.060827443087381,4.693930347491905
hn,ResNet18,R,2,ruixuan,ruixuan_body1,1.6338765151684393,1.6113522214825906
hn,ResNet18,R,2,ruixuan,ruixuan_body2,2.3356857903324353,1.2049129488031292
hn,ResNet18,R,2,ruixuan,ruixuan_handheld1,1.387864327754936,1.2133637523035972
hn,ResNet18,R,2,ruixuan,ruixuan_handheld2,1.2395910554485143,0.923079618736249
hn,ResNet18,R,2,ruixuan,ruixuan_leg1,1.4948638101325027,1.7837226310173913
hn,ResNet18,R,2,ruixuan,ruixuan_leg2,0.7521963378597633,1.1465182872360633
hn,ResNet18,R,2,shali,shali_bag1,3.412305388698675,2.9583062931506574
hn,ResNet18,R,2,shali,shali_handheld1,1.2733264479098458,1.6995711747038091
hn,ResNet18,R,2,shali,shali_leg1,1.1961853867964685,0.9682911950345531
hn,ResNet18,R,2,tang,tang_bag1,5.50749530202662,3.670457199987493
hn,ResNet18,R,2,tang,tang_bag2,8.76684406317011,10.2823473523466
hn,ResNet18,R,2,tang,tang_body1,2.234699403325374,2.5793597260702215
hn,ResNet18,R,2,tang,tang_body2,1.1971860581966114,0.844973600084065
hn,ResNet18,R,2,tang,tang_handheld1,3.2293393096871625,5.86333784986123
hn,ResNet18,R,2,tang,tang_handheld2,2.2041628942740106,3.439296394306381
hn,ResNet18,R,2,xiaojing,xiaojing_body1,1.3185074726790142,1.5273887467875502
hn,ResNet18,R,2,xiaojing,xiaojing_body2,2.131421298464217,2.1244929644906905
hn,ResNet18,R,2,xiaojing,xiaojing_handheld1,2.3560280452408255,2.2699147241558792
hn,ResNet18,R,2,xiaojing,xiaojing_handheld2,1.0025938887254244,0.6892451694560576
hn,ResNet18,R,2,xiaojing,xiaojing_leg1,1.095304626893914,1.5323114097549237
hn,ResNet18,R,2,yajie,yajie_bag1,8.315954212604582,8.56975943904588
hn,ResNet18,R,2,yajie,yajie_body1,5.897970677668956,6.907216603988891
hn,ResNet18,R,2,yajie,yajie_body2,2.645133042661674,5.511291465495394
hn,ResNet18,R,2,yajie,yajie_handheld1,3.486000744736635,2.468668227688736
hn,ResNet18,R,2,yajie,yajie_handheld2,5.180023272659608,7.258529444759594
hn,ResNet18,R,2,zhicheng,zhicheng_bag1,5.403767788563673,7.95388728122404
hn,ResNet18,R,2,zhicheng,zhicheng_bag2,5.073655183119579,8.913513309622054
hn,ResNet18,R,2,zhicheng,zhicheng_body1,1.6117558637509424,1.787610958521885
hn,ResNet18,R,2,zhicheng,zhicheng_body2,1.7443400280040304,0.8633818502241412
hn,ResNet18,R,2,zhicheng,zhicheng_handheld1,3.5709379656402636,5.55074480565622
hn,ResNet18,R,2,zhicheng,zhicheng_handheld2,4.451515928863219,7.208331143865973
hn,ResNet18,R,2,zhicheng,zhicheng_leg1,1.5640932336620825,2.1325274472161113
hn,ResNet18,R,2,zhicheng,zhicheng_leg2,1.6839489149676976,1.1140837996897446
hn,ResNet18,R,3,dan,dan_bag1,5.974761789519157,2.749064416561336
hn,ResNet18,R,3,dan,dan_bag2,3.4142709848507153,1.8946424660191372
hn,ResNet18,R,3,dan,dan_body1,3.34552056356265,1.7496996278011632
hn,ResNet18,R,3,dan,dan_body2,2.1513467487923497,1.332508243867697
hn,ResNet18,R,3,dan,dan_body3,1.3435434202703875,1.4513920586294364
hn,ResNet18,R,3,dan,dan_handheld1,1.0924245290878911,1.1896873828799237
hn,ResNet18,R,3,dan,dan_handheld2,2.8830862830201953,2.550796099666714
hn,ResNet18,R,3,dan,dan_leg1,1.4749296700859293,1.9341584624735737
hn,ResNet18,R,3,dan,dan_leg2,0.635775381895237,1.0485154980195848
hn,ResNet18,R,3,hang,hang_bag_normal1,4.730907827001858,7.35550288473487
hn,ResNet18,R,3,hang,hang_bag_normal2,9.048020385372483,9.609204829332997
hn,ResNet18,R,3,hang,hang_bag_side1,5.086586396900026,6.816005769519544
hn,ResNet18,R,3,hang,hang_bag_speed1,6.109561645614978,8.722432131781906
hn,ResNet18,R,3,hang,hang_bag_speed2,9.362498339229816,14.49979405197588
hn,ResNet18,R,3,hang,hang_bag_stop1,2.4182061612672046,3.0470032414449855
hn,ResNet18,R,3,hang,hang_body_backward1,1.2950383393466458,1.1623325297089688
hn,ResNet18,R,3,hang,hang_body_backward2,1.9469207345588537,3.4896878023431386
hn,ResNet18,R,3,hang,hang_body_backward3,1.1394591770518692,0.5073325622005131
hn,ResNet18,R,3,hang,hang_body_backward4,2.081619692652946,1.5310969247706032
hn,ResNet18,R,3,hang,hang_body_fast1,2.2722591734873414,2.129981315255657
hn,ResNet18,R,3,hang,hang_body_normal1,1.999969839507508,2.8663129474058944
hn,ResNet18,R,3,hang,hang_body_side1,1.4588626452518223,1.915704789131237
hn,ResNet18,R,3,hang,hang_body_slow1,0.5806194496451598,0.750844095554035
hn,ResNet18,R,3,hang,hang_body_stop1,0.5117013143500303,0.7070506677399359
hn,ResNet18,R,3,hang,hang_body_test1,2.4343843606823303,3.5745702213385284
hn,ResNet18,R,3,hang,hang_handheld_normal1,1.670785443730357,2.7338954120792485
hn,ResNet18,R,3,hang,hang_handheld_side3,2.2257078936751755,4.0670637974268375
hn,ResNet18,R,3,hang,hang_handheld_side4,2.4522984552732643,3.5679412496336345
hn,ResNet18,R,3,hang,hang_handheld_side_test2,2.6218768537107917,5.623960405293747
hn,ResNet18,R,3,hang,hang_handheld_speed1,4.252012354752248,6.114901174949094
hn,ResNet18,R,3,hang,hang_handheld_speed2,4.988359367922129,5.818393791579303
hn,ResNet18,R,3,hang,hang_handheld_test1,1.9857928375650726,2.6648247626625032
hn,ResNet18,R,3,hang,hang_leg_new1,2.937172608130509,4.206638795925113
hn,ResNet18,R,3,hang,hang_leg_new2,2.360643909152904,2.774706524472085
hn,ResNet18,R,3,hao,hao_bag1,3.5006795020922885,5.5389617103164435
hn,ResNet18,R,3,hao,hao_bag2,6.3287459963453205,10.501043297492446
hn,ResNet18,R,3,hao,hao_body1,2.137161340415201,1.822383598929108
hn,ResNet18,R,3,hao,hao_body2,2.8551809805141635,2.0773138633640253
hn,ResNet18,R,3,hao,hao_handheld1,2.4580199852954125,4.2381434355673155
hn,ResNet18,R,3,hao,hao_handheld2,2.300728673919742,2.53010574529828
hn,ResNet18,R,3,hao,hao_leg1,1.2824834146834956,1.8341014016723411
hn,ResNet18,R,3,hao,hao_leg2,0.5117927635525956,0.9090001785849924
hn,ResNet18,R,3,huayi,huayi_bag1,9.559097374103281,13.726265388280734
hn,ResNet18,R,3,huayi,huayi_bag2,3.5966078603529983,8.273884971153946
hn,ResNet18,R,3,huayi,huayi_bag_test1,4.648642359020782,3.1562935412257884
hn,ResNet18,R,3,huayi,huayi_body_test1,2.2073183245643535,0.6278634259247563
hn,ResNet18,R,3,huayi,huayi_handheld1,2.318117500160264,4.134986142276397
hn,ResNet18,R,3,huayi,huayi_handheld2,2.812495077268202,3.5224778012075664
hn,ResNet18,R,3,huayi,huayi_leg_front1,1.6949152929811189,2.1685569879163746
hn,ResNet18,R,3,huayi,huayi_leg_front2,1.5403240012145858,2.03118283037313
hn,ResNet18,R,3,huayi,huayi_leg_front3,1.6588704066546207,1.9428547855746447
hn,ResNet18,R,3,huayi,huayi_lopata1,1.8965805247203749,2.8617388842099656
hn,ResNet18,R,3,ma,ma_bag_low2,8.069159341996736,9.394998004157197
hn,ResNet18,R,3,ma,ma_bag_low3,15.193110665008884,10.203419790330269
hn,ResNet18,R,3,ma,ma_body1,1.544139718296632,1.9735075530050108
hn,ResNet18,R,3,ma,ma_body2,2.055294083143511,3.1578880700010945
hn,ResNet18,R,3,ma,ma_handheld1,6.663970472727701,5.253659135941334
hn,ResNet18,R,3,ma,ma_handheld2,2.3714387579812506,3.698025293521356
hn,ResNet18,R,3,ma,ma_handheld3,1.33571118715229,1.5387585030112805
hn,ResNet18,R,3,ruixuan,ruixuan_bag1,4.075906689309225,6.2551213387117786
hn,ResNet18,R,3,ruixuan,ruixuan_bag2,2.4580484980018493,3.931719813833851
hn,ResNet18,R,3,ruixuan,ruixuan_body1,1.3023550063529437,1.4259063552408293
hn,ResNet18,R,3,ruixuan,ruixuan_body2,2.2669712502206085,1.0807316368733857
hn,ResNet18,R,3,ruixuan,ruixuan_handheld1,1.125376636649796,1.1620930998999575
hn,ResNet18,R,3,ruixuan,ruixuan_handheld2,1.6897141809248115,0.8450827667758327
hn,ResNet18,R,3,ruixuan,ruixuan_leg1,1.3614272124124185,1.5052187625354205
hn,ResNet18,R,3,ruixuan,ruixuan_leg2,0.7926485333533635,1.0334866397465932
hn,ResNet18,R,3,shali,shali_bag1,3.5196869723098607,2.6735207221361956
hn,ResNet18,R,3,shali,shali_handheld1,1.7229872342530306,1.9569087613737484
hn,ResNet18,R,3,shali,shali_leg1,0.999763376318011,0.6374021705398446
hn,ResNet18,R,3,tang,tang_bag1,7.2758881945259075,7.567148432220492
hn,ResNet18,R,3,tang,tang_bag2,8.216038201642473,9.692363640415781
hn,ResNet18,R,3,tang,tang_body1,2.466806506391348,2.445445164658705
hn,ResNet18,R,3,tang,tang_body2,1.317967212636002,1.4136746608614035
hn,ResNet18,R,3,tang,tang_handheld1,3.6588562599561287,6.5289420435993835
hn,ResNet18,R,3,tang,tang_handheld2,2.055535521721736,3.2418674108944803
hn,ResNet18,R,3,xiaojing,xiaojing_body1,1.4698102695014366,1.5488462157407374
hn,ResNet18,R,3,xiaojing,xiaojing_body2,1.8532523962434393,2.1803840906242504
hn,ResNet18,R,3,xiaojing,xiaojing_handheld1,2.0548205057211923,2.195516430176627
hn,ResNet18,R,3,xiaojing,xiaojing_handheld2,1.1712510630922428,0.6866732116911615
hn,ResNet18,R,3,xiaojing,xiaojing_leg1,1.0239569073263939,1.248139325369841
hn,ResNet18,R,3,yajie,yajie_bag1,8.022113866006729,8.553185922031938
hn,ResNet18,R,3,yajie,yajie_body1,6.3540763858694636,7.522521543282793
hn,ResNet18,R,3,yajie,yajie_body2,2.8931488697858945,6.072579821757815
hn,ResNet18,R,3,yajie,yajie_handheld1,3.4346798237813103,2.5190418286749257
hn,ResNet18,R,3,yajie,yajie_handheld2,2.97696727541582,4.962186130295195
hn,ResNet18,R,3,zhicheng,zhicheng_bag1,4.512362668880548,7.91697504254089
hn,ResNet18,R,3,zhicheng,zhicheng_bag2,5.917946269288067,10.817063819928439
hn,ResNet18,R,3,zhicheng,zhicheng_body1,1.9997110618456515,1.7627760272555373
hn,ResNet18,R,3,zhicheng,zhicheng_body2,1.8865181196068326,0.9516790013623415
hn,ResNet18,R,3,zhicheng,zhicheng_handheld1,3.7704277084271367,5.694382868301529
hn,ResNet18,R,3,zhicheng,zhicheng_handheld2,5.651032370798329,8.738223572290437
hn,ResNet18,R,3,zhicheng,zhicheng_leg1,1.496455957180532,2.036033727047382
hn,ResNet18,R,3,zhicheng,zhicheng_leg2,1.5503541333315343,1.759727755803274
hn,ResNet18,S,0,a000,a000_11,5.279445778660812,4.513885446530402
hn,ResNet18,S,0,a000,a000_7,2.3876467534674997,2.180310870056365
hn,ResNet18,S,0,a001,a001_2,5.479866849303497,2.6973389965105055
hn,ResNet18,S,0,a003,a003_3,3.4087932381847517,3.1201520642035074
hn,ResNet18,S,0,a004,a004_3,2.880925226585675,2.8008225873365076
hn,ResNet18,S,0,a005,a005_3,12.597556030464872,5.325740312684774
hn,ResNet18,S,0,a009,a009_1,3.7713339058448034,3.4272314398645767
hn,ResNet18,S,0,a010,a010_2,6.9574807455196535,6.216413001721846
hn,ResNet18,S,0,a011,a011_2,6.419597200473724,4.914756732029673
hn,ResNet18,S,0,a012,a012_2,4.5484605677607055,3.0873098779073462
hn,ResNet18,S,0,a013,a013_2,5.508668782826773,2.6681002048996287
hn,ResNet18,S,0,a014,a014_2,3.534852547375244,1.6720366984604458
hn,ResNet18,S,0,a016,a016_1,4.501750272631682,1.5837118535543242
hn,ResNet18,S,0,a017,a017_2,3.064760823822357,2.0427702315079475
hn,ResNet18,S,0,a020,a020_2,2.1053098264184804,3.0434455072929256
hn,ResNet18,S,0,a021,a021_2,5.297204629384279,2.8069735739914847
hn,ResNet18,S,0,a022,a022_2,6.013799431263956,4.277389530528429
hn,ResNet18,S,0,a023,a023_1,4.05111654023713,2.064741155793946
hn,ResNet18,S,0,a025,a025_2,6.659481960516816,7.132154115672437
hn,ResNet18,S,0,a026,a026_2,3.4731019509432195,2.4661537341754833
hn,ResNet18,S,0,a027,a027_2,3.661446937132329,2.073207800744557
hn,ResNet18,S,0,a030,a030_3,5.043790497518685,2.0884856294070393
hn,ResNet18,S,0,a031,a031_2,2.817847929278242,1.6500159797620135
hn,ResNet18,S,0,a033,a033_2,3.5046768045904906,1.6971288109358216
hn,ResNet18,S,0,a035,a035_3,22.782398593540005,12.874600111333498
hn,ResNet18,S,0,a036,a036_2,2.8422277187638665,3.8542064117547192
hn,ResNet18,S,0,a037,a037_1,3.1184353319083367,3.0102781997419656
hn,ResNet18,S,0,a038,a038_2,1.7704390016501583,1.2239244146545802
hn,ResNet18,S,0,a044,a044_2,5.89716528972384,2.702415802909645
hn,ResNet18,S,0,a046,a046_2,5.292323593615887,5.014157575023416
hn,ResNet18,S,0,a047,a047_2,1.473112116267534,1.6385308238086027
hn,ResNet18,S,0,a059,a059_2,3.1309626035850275,2.0807479549756156
hn,ResNet18,S,1,a000,a000_11,4.910183841069647,4.675956576763646
hn,ResNet18,S,1,a000,a000_7,2.3235257413703785,2.3904949351865374
hn,ResNet18,S,1,a001,a001_2,6.318126559317809,2.3909470275171634
hn,ResNet18,S,1,a003,a003_3,3.175974819166329,2.7642239497456487
hn,ResNet18,S,1,a004,a004_3,2.3013149711902487,2.3089040648235617
hn,ResNet18,S,1,a005,a005_3,11.54988295880583,4.969785429211632
hn,ResNet18,S,1,a009,a009_1,3.7734381508994974,3.6976320802050107
hn,ResNet18,S,1,a010,a010_2,6.35237960339339,6.480777877761422
hn,ResNet18,S,1,a011,a011_2,6.167360421432744,5.187607851226257
hn,ResNet18,S,1,a012,a012_2,3.9765760440532505,2.932142906683381
hn,ResNet18,S,1,a013,a013_2,6.150687929941592,3.009197918331621
hn,ResNet18,S,1,a014,a014_2,3.3490193456322843,1.641492367773766
hn,ResNet18,S,1,a016,a016_1,2.7328765633547216,1.3090369210212678
hn,ResNet18,S,1,a017,a017_2,2.523784625448725,1.9921249806311234
hn,ResNet18,S,1,a020,a020_2,3.033687113814258,3.3425466993071877
hn,ResNet18,S,1,a021,a021_2,7.629233649571714,2.972081646236576
hn,ResNet18,S,1,a022,a022_2,6.310699638037772,4.6662084645648685
hn,ResNet18,S,1,a023,a023_1,2.7701502670862497,1.6784292744917977
hn,ResNet18,S,1,a025,a025_2,10.549450764963485,6.855851953515626
hn,ResNet18,S,1,a026,a026_2,3.872253150928567,2.4408703794483615
hn,ResNet18,S,1,a027,a027_2,2.7660211608240135,1.6990378989599857
hn,ResNet18,S,1,a030,a030_3,5.72350457928835,2.203186845306098
hn,ResNet18,S,1,a031,a031_2,3.2812967629070484,1.4111300829985904
hn,ResNet18,S,1,a033,a033_2,4.581966008731864,1.6557849289876176
hn,ResNet18,S,1,a035,a035_3,25.658481189696914,14.252764807939554
hn,ResNet18,S,1,a036,a036_2,2.8464650466232597,3.7788234893812116
hn,ResNet18,S,1,a037,a037_1,3.499099639828749,4.299352682158946
hn,ResNet18,S,1,a038,a038_2,1.9006325302118832,1.3334206172482772
hn,ResNet18,S,1,a044,a044_2,4.278400676169337,2.0425902079344374
hn,ResNet18,S,1,a046,a046_2,6.304701023922814,5.103441554045682
hn,ResNet18,S,1,a047,a047_2,1.350357569297995,1.5861258189726013
hn,ResNet18,S,1,a059,a059_2,3.2884636766713973,1.8126716843094646
hn,ResNet18,S,2,a000,a000_11,4.723709982306839,4.143433339626179
hn,ResNet18,S,2,a000,a000_7,1.9269078729227558,2.080435102578746
hn,ResNet18,S,2,a001,a001_2,6.053226949888681,2.643194777337515
hn,ResNet18,S,2,a003,a003_3,2.9430993282586653,2.917235202211947
hn,ResNet18,S,2,a004,a004_3,2.8153138992052953,2.3037168995058286
hn,ResNet18,S,2,a005,a005_3,9.91209314240282,4.7473686223604314
hn,ResNet18,S,2,a009,a009_1,3.259642108252989,3.4482669905488925
hn,ResNet18,S,2,a010,a010_2,6.272227081699536,6.19735729825189
hn,ResNet18,S,2,a011,a011_2,5.146751448089859,4.8165647161549785
hn,ResNet18,S,2,a012,a012_2,5.200034461634879,3.094805407128612
hn,ResNet18,S,2,a013,a013_2,5.222632307457183,2.548616170029944
hn,ResNet18,S,2,a014,a014_2,3.300949286209661,1.5610154202785012
hn,ResNet18,S,2,a016,a016_1,4.510709763483442,1.8571835515261448
hn,ResNet18,S,2,a017,a017_2,2.302531050352374,1.975252118349872
hn,ResNet18,S,2,a020,a020_2,2.0424539406489215,2.9818274101315296
hn,ResNet18,S,2,a021,a021_2,5.312069627662482,2.802760402630226
hn,ResNet18,S,2,a022,a022_2,4.969751697574299,4.358943693283185
hn,ResNet18,S,2,a023,a023_1,3.2816515078947504,1.6503910742843775
hn,ResNet18,S,2,a025,a025_2,6.837646061992585,7.406487301162027
hn,ResNet18,S,2,a026,a026_2,3.1222844827609064,2.738632257064684
hn,ResNet18,S,2,a027,a027_2,3.130501193843289,1.9162317110127602
hn,ResNet18,S,2,a030,a030_3,4.472943129287145,2.0593365858414274
hn,ResNet18,S,2,a031,a031_2,2.976005093169049,1.610212847489429
hn,ResNet18,S,2,a033,a033_2,3.8584681950028434,1.7713856201916014
hn,ResNet18,S,2,a035,a035_3,20.568443181349174,12.124127614508103
hn,ResNet18,S,2,a036,a036_2,2.8746319877431197,3.8548403359967875
hn,ResNet18,S,2,a037,a037_1,3.607556023158812,3.5920893749968172
hn,ResNet18,S,2,a038,a038_2,1.444674940517419,1.2261266081183668
hn,ResNet18,S,2,a044,a044_2,4.65441023064142,2.3218155965213034
hn,ResNet18,S,2,a046,a046_2,5.606873726401744,4.9068889587669275
hn,ResNet18,S,2,a047,a047_2,1.659327968816261,1.6415341196414808
hn,ResNet18,S,2,a059,a059_2,2.957836228571513,1.9932057501661808
hn,ResNet18,S,3,a000,a000_11,5.086657602714155,4.399959554782134
hn,ResNet18,S,3,a000,a000_7,2.251710710235457,2.5533741169727584
hn,ResNet18,S,3,a001,a001_2,5.850748266521447,2.7770974005036915
hn,ResNet18,S,3,a003,a003_3,3.1077872967349585,3.253123188232883
hn,ResNet18,S,3,a004,a004_3,2.4896894918535755,2.556387219891114
hn,ResNet18,S,3,a005,a005_3,8.639868470121009,4.111357578702223
hn,ResNet18,S,3,a009,a009_1,3.844677600209444,4.1792024828281455
hn,ResNet18,S,3,a010,a010_2,6.4965773272719005,6.0052500173405665
hn,ResNet18,S,3,a011,a011_2,5.204093457325851,5.1411331814262855
hn,ResNet18,S,3,a012,a012_2,5.324833313522327,3.442615928378963
hn,ResNet18,S,3,a013,a013_2,5.625359560141868,3.2977199424118115
hn,ResNet18,S,3,a014,a014_2,3.0803561446716237,1.7235135723944717
hn,ResNet18,S,3,a016,a016_1,3.728388861986015,1.7574214566878514
hn,ResNet18,S,3,a017,a017_2,2.0938092178327925,2.0454363898269543
hn,ResNet18,S,3,a020,a020_2,2.1325094712527766,3.114040580317658
hn,ResNet18,S,3,a021,a021_2,5.768288299104212,2.9634142951621096
hn,ResNet18,S,3,a022,a022_2,4.807002574368815,4.357189785006331
hn,ResNet18,S,3,a023,a023_1,3.2000662519691776,1.980312817960425
hn,ResNet18,S,3,a025,a025_2,9.488286361963766,7.90381986403237
hn,ResNet18,S,3,a026,a026_2,2.9080565479866514,2.8129109458383885
hn,ResNet18,S,3,a027,a027_2,2.8249393614314453,2.059500520497099
hn,ResNet18,S,3,a030,a030_3,5.30664184325893,2.199574369829948
hn,ResNet18,S,3,a031,a031_2,3.07205007674556,1.7251752073380202
hn,ResNet18,S,3,a033,a033_2,4.979851412585912,1.799615968789634
hn,ResNet18,S,3,a035,a035_3,24.761037689373804,13.860036665830233
hn,ResNet18,S,3,a036,a036_2,2.9260880166913976,3.860058185323492
hn,ResNet18,S,3,a037,a037_1,2.944953825945288,3.5871069032278178
hn,ResNet18,S,3,a038,a038_2,1.4360915176653941,1.2106659880124369
hn,ResNet18,S,3,a044,a044_2,5.052830540951353,2.5207153371508966
hn,ResNet18,S,3,a046,a046_2,6.23325758302432,5.033777865291124
hn,ResNet18,S,3,a047,a047_2,1.7104999630801625,1.6797821680582372
hn,ResNet18,S,3,a059,a059_2,2.665249391042258,2.157737176243243
tyaw,Transformer,U,0,a006,a006_2,6.098570802065313,3.109123229032829
tyaw,Transformer,U,0,a019,a019_3,4.624413019224752,5.596023370091797
tyaw,Transformer,U,0,a024,a024_1,5.44476739653814,2.553727352136223
tyaw,Transformer,U,0,a024,a024_3,3.9365823699744675,2.123272570496959
tyaw,Transformer,U,0,a029,a029_1,5.104895026790651,7.4595134080413885
tyaw,Transformer,U,0,a029,a029_2,3.5448552316991333,2.189604561505871
tyaw,Transformer,U,0,a032,a032_1,6.3090648759544745,6.511386214319071
tyaw,Transformer,U,0,a032,a032_3,4.9346819256826535,6.211685988280106
tyaw,Transformer,U,0,a042,a042_2,4.609352907134908,3.4233061420732636
tyaw,Transformer,U,0,a049,a049_1,3.1159893395336,5.03861250436074
tyaw,Transformer,U,0,a049,a049_2,3.9422841197322165,2.077524096071072
tyaw,Transformer,U,0,a049,a049_3,3.588964680967809,3.2735215784380465
tyaw,Transformer,U,0,a050,a050_1,8.085409340625016,5.6651068072845785
tyaw,Transformer,U,0,a050,a050_3,11.105096132931184,6.681254805532958
tyaw,Transformer,U,0,a051,a051_1,6.509722030305511,5.211473131252971
tyaw,Transformer,U,0,a051,a051_2,3.798813664470758,1.409935532134167
tyaw,Transformer,U,0,a051,a051_3,1.0329143953306654,1.0973591823076965
tyaw,Transformer,U,0,a052,a052_2,4.55494109921208,7.506852604488525
tyaw,Transformer,U,0,a053,a053_1,1.6517787872738163,2.4123897579056512
tyaw,Transformer,U,0,a053,a053_2,3.48472253075763,3.2050287008952525
tyaw,Transformer,U,0,a053,a053_3,5.220662615168655,3.2690676679644084
tyaw,Transformer,U,0,a054,a054_1,4.2437893013514945,4.85195174640849
tyaw,Transformer,U,0,a054,a054_2,3.746523779499683,2.5107736815784834
tyaw,Transformer,U,0,a054,a054_3,5.583119534653051,4.164463541268941
tyaw,Transformer,U,0,a055,a055_2,8.877947096074074,5.379166865981869
tyaw,Transformer,U,0,a055,a055_3,8.117089594951702,5.595400970792461
tyaw,Transformer,U,0,a057,a057_1,7.90752715189786,7.287916494650475
tyaw,Transformer,U,0,a057,a057_2,4.788937274413491,2.532729155258257
tyaw,Transformer,U,0,a057,a057_3,9.278894667966954,3.794486649603598
tyaw,Transformer,U,0,a058,a058_1,4.601769359214135,6.884546517968669
tyaw,Transformer,U,0,a058,a058_2,3.734940147397585,4.04873699383878
tyaw,Transformer,U,0,a058,a058_3,4.985608746976079,5.879506659506824
tyaw,Transformer,U,1,a006,a006_2,4.568121838939509,3.162519989044845
tyaw,Transformer,U,1,a019,a019_3,5.7060597549964855,5.993928248475499
tyaw,Transformer,U,1,a024,a024_1,2.8539036320909665,2.4171426912083875
tyaw,Transformer,U,1,a024,a024_3,3.333117069368585,2.1614141693971933
tyaw,Transformer,U,1,a029,a029_1,5.846402678652787,8.462452916599444
tyaw,Transformer,U,1,a029,a029_2,2.8952709533534806,2.1508344146880685
tyaw,Transformer,U,1,a032,a032_1,5.529292657188587,6.055166967930877
tyaw,Transformer,U,1,a032,a032_3,14.26694900490747,7.774171124389884
tyaw,Transformer,U,1,a042,a042_2,5.974240544136274,3.8151238225592987
tyaw,Transformer,U,1,a049,a049_1,4.032748230862024,5.757843503155164
tyaw,Transformer,U,1,a049,a049_2,2.5572636938176205,1.465631516356778
tyaw,Transformer,U,1,a049,a049_3,2.343339924570844,2.235086429361876
tyaw,Transformer,U,1,a050,a050_1,11.057789626652879,6.18610796993518
tyaw,Transformer,U,1,a050,a050_3,12.33505352145063,7.460716444304106
tyaw,Transformer,U,1,a051,a051_1,6.160516085802671,5.314452744992775
tyaw,Transformer,U,1,a051,a051_2,2.8945836771023545,1.4601937133311258
tyaw,Transformer,U,1,a051,a051_3,0.8662430494895637,1.0675586491199138
tyaw,Transformer,U,1,a052,a052_2,4.606873274679239,7.422139906830109
tyaw,Transformer,U,1,a053,a053_1,2.516702921997228,2.646294664602693
tyaw,Transformer,U,1,a053,a053_2,3.703502788460198,3.7307338096140246
tyaw,Transformer,U,1,a053,a053_3,3.594813285742005,3.797242982659112
tyaw,Transformer,U,1,a054,a054_1,4.1894620150589175,4.529585978098383
tyaw,Transformer,U,1,a054,a054_2,5.788466760937493,2.6678657344809724
tyaw,Transformer,U,1,a054,a054_3,8.75281462175095,4.366016573921734
tyaw,Transformer,U,1,a055,a055_2,11.706962061962766,5.602202677362275
tyaw,Transformer,U,1,a055,a055_3,8.309669610799428,5.229927258791633
tyaw,Transformer,U,1,a057,a057_1,7.359515461871245,7.166041034960019
tyaw,Transformer,U,1,a057,a057_2,7.075825028853777,2.9214492638187535
tyaw,Transformer,U,1,a057,a057_3,11.323688028884051,4.259889946029918
tyaw,Transformer,U,1,a058,a058_1,5.865955591845196,6.792396287172943
tyaw,Transformer,U,1,a058,a058_2,3.6309502428171485,4.286462925640955
tyaw,Transformer,U,1,a058,a058_3,5.160264048863542,5.9781547833219735
tyaw,Transformer,U,2,a006,a006_2,5.887463768197172,3.041414358873024
tyaw,Transformer,U,2,a019,a019_3,5.60805845235831,6.313469665681043
tyaw,Transformer,U,2,a024,a024_1,2.874265396064549,2.4042694340555033
tyaw,Transformer,U,2,a024,a024_3,3.602569057468462,2.237602707539244
tyaw,Transformer,U,2,a029,a029_1,6.036837108999456,7.7094401926445055
tyaw,Transformer,U,2,a029,a029_2,3.3866226016648886,2.2654792878232106
tyaw,Transformer,U,2,a032,a032_1,4.015720638948109,5.479727097833549
tyaw,Transformer,U,2,a032,a032_3,11.969268817032928,7.605088595491659
tyaw,Transformer,U,2,a042,a042_2,6.20840897234983,3.6628319386534103
tyaw,Transformer,U,2,a049,a049_1,3.4302311407270123,5.130607709865339
tyaw,Transformer,U,2,a049,a049_2,2.7906751640430505,2.0608749695344355
tyaw,Transformer,U,2,a049,a049_3,3.7179001716115594,3.1908679939355635
tyaw,Transformer,U,2,a050,a050_1,10.208540653831184,5.533017257868017
tyaw,Transformer,U,2,a050,a050_3,12.117976548344826,7.050769003403781
tyaw,Transformer,U,2,a051,a051_1,7.283136784404601,5.283982972127429
tyaw,Transformer,U,2,a051,a051_2,4.780482556454628,1.4647590250568294
tyaw,Transformer,U,2,a051,a051_3,1.5323513245198432,1.3397843118706358
tyaw,Transformer,U,2,a052,a052_2,5.0870844341342485,7.55735019332774
tyaw,Transformer,U,2,a053,a053_1,2.3676841637357477,2.5353883188187822
tyaw,Transformer,U,2,a053,a053_2,3.872998387171341,2.9821192475594946
tyaw,Transformer,U,2,a053,a053_3,4.397628548669743,3.1822071153730604
tyaw,Transformer,U,2,a054,a054_1,3.583149233826782,4.282073032630228
tyaw,Transformer,U,2,a054,a054_2,3.5221578477530087,2.336266772701761
tyaw,Transformer,U,2,a054,a054_3,6.35513885969219,3.9928601999591713
tyaw,Transformer,U,2,a055,a055_2,8.044149918916043,5.612388249071329
tyaw,Transformer,U,2,a055,a055_3,8.933359605978774,5.686484354931544
tyaw,Transformer,U,2,a057,a057_1,6.654862824668587,7.293570290665495
tyaw,Transformer,U,2,a057,a057_2,5.220811744658657,3.0527846189684134
tyaw,Transformer,U,2,a057,a057_3,10.342047915156812,3.870127528532977
tyaw,Transformer,U,2,a058,a058_1,5.671217007427172,7.1955947702413985
tyaw,Transformer,U,2,a058,a058_2,3.177115392907462,3.8468075906635066
tyaw,Transformer,U,2,a058,a058_3,3.3497558710239796,5.303414837498534
tyaw,Transformer,U,3,a006,a006_2,4.799027376605132,3.2573481531637962
tyaw,Transformer,U,3,a019,a019_3,5.005985227577228,5.803711270908027
tyaw,Transformer,U,3,a024,a024_1,3.712375468108623,2.5179322146379377
tyaw,Transformer,U,3,a024,a024_3,3.3819874652234976,2.2156451389318277
tyaw,Transformer,U,3,a029,a029_1,5.458477658515233,8.09569577692144
tyaw,Transformer,U,3,a029,a029_2,2.791763431518546,2.0481885073549693
tyaw,Transformer,U,3,a032,a032_1,6.490432566718848,6.828357994573292
tyaw,Transformer,U,3,a032,a032_3,15.986141125924055,6.551345353027493
tyaw,Transformer,U,3,a042,a042_2,3.977863099782571,4.190245876244181
tyaw,Transformer,U,3,a049,a049_1,3.4873431462134,5.172690549330542
tyaw,Transformer,U,3,a049,a049_2,2.9914502188896255,1.857613597097089
tyaw,Transformer,U,3,a049,a049_3,3.0787576281997784,3.0707665993099287
tyaw,Transformer,U,3,a050,a050_1,6.918944265371421,4.9569552685310505
tyaw,Transformer,U,3,a050,a050_3,11.09182215602942,6.808533720782513
tyaw,Transformer,U,3,a051,a051_1,5.606721737984533,5.0788832552964545
tyaw,Transformer,U,3,a051,a051_2,3.654818088233292,1.4135924190869602
tyaw,Transformer,U,3,a051,a051_3,1.131219398414432,1.1588522952253837
tyaw,Transformer,U,3,a052,a052_2,5.259307176722367,7.818979991111211
tyaw,Transformer,U,3,a053,a053_1,1.9771903105358892,2.586060601371081
tyaw,Transformer,U,3,a053,a053_2,2.8381292307607584,3.0548504832477237
tyaw,Transformer,U,3,a053,a053_3,6.9373920622276435,3.2015713342574355
tyaw,Transformer,U,3,a054,a054_1,3.632638893015533,4.522529132275862
tyaw,Transformer,U,3,a054,a054_2,4.829413658709684,2.5491177495863284
tyaw,Transformer,U,3,a054,a054_3,8.100803326945899,4.177962080547512
tyaw,Transformer,U,3,a055,a055_2,9.717247543344085,5.331525482822661
tyaw,Transformer,U,3,a055,a055_3,8.539026748800708,5.442178337225079
tyaw,Transformer,U,3,a057,a057_1,5.962288432859733,7.39770782599734
tyaw,Transformer,U,3,a057,a057_2,4.8217027327991175,2.7929990899584194
tyaw,Transformer,U,3,a057,a057_3,11.09027544425231,4.197363371531734
tyaw,Transformer,U,3,a058,a058_1,5.074211032314499,7.015267012092719
tyaw,Transformer,U,3,a058,a058_2,4.990679211180009,4.2527158912951935
tyaw,Transformer,U,3,a058,a058_3,6.954606042567222,5.807991304410576
tyaw,Transformer,R,0,dan,dan_bag1,4.79931236409521,1.973050661286479
tyaw,Transformer,R,0,dan,dan_bag2,2.960869393656738,1.7852252707470027
tyaw,Transformer,R,0,dan,dan_body1,2.043732431035219,0.5707430352823598
tyaw,Transformer,R,0,dan,dan_body2,1.2489209882390782,1.0963258332510177
tyaw,Transformer,R,0,dan,dan_body3,1.2849473862263372,1.8273562037413258
tyaw,Transformer,R,0,dan,dan_handheld1,1.2918107365282387,1.074606882700667
tyaw,Transformer,R,0,dan,dan_handheld2,2.831051858537171,4.414189895090725
tyaw,Transformer,R,0,dan,dan_leg1,1.184901970618217,1.7608678885362539
tyaw,Transformer,R,0,dan,dan_leg2,0.7985818305134306,1.195735146775244
tyaw,Transformer,R,0,hang,hang_bag_normal1,3.0893923342845184,3.5641345113723317
tyaw,Transformer,R,0,hang,hang_bag_normal2,12.258704332260752,12.005712355862933
tyaw,Transformer,R,0,hang,hang_bag_side1,2.0653456424424643,3.407001466256102
tyaw,Transformer,R,0,hang,hang_bag_speed1,6.694638427647704,5.388123806457639
tyaw,Transformer,R,0,hang,hang_bag_speed2,6.015626908578297,5.869640990755161
tyaw,Transformer,R,0,hang,hang_bag_stop1,3.857951339585044,4.503906576217682
tyaw,Transformer,R,0,hang,hang_body_backward1,0.8125388766733097,0.6453776587256236
tyaw,Transformer,R,0,hang,hang_body_backward2,1.1896430154106805,2.0066729450910765
tyaw,Transformer,R,0,hang,hang_body_backward3,0.9970538292796616,0.5577875546461993
tyaw,Transformer,R,0,hang,hang_body_backward4,0.6906815390411666,0.5665563710973397
tyaw,Transformer,R,0,hang,hang_body_fast1,1.1921750965820384,0.5071705517174093
tyaw,Transformer,R,0,hang,hang_body_normal1,1.4117106627360985,2.6046487800061717
tyaw,Transformer,R,0,hang,hang_body_side1,1.6704894626641718,2.5497338401365153
tyaw,Transformer,R,0,hang,hang_body_slow1,1.525145798375004,1.796358610962932
tyaw,Transformer,R,0,hang,hang_body_stop1,0.7675515340758142,0.9566123757347004
tyaw,Transformer,R,0,hang,hang_body_test1,1.864653429143789,3.839638726894031
tyaw,Transformer,R,0,hang,hang_handheld_normal1,2.1851812712700323,3.428088895528442
tyaw,Transformer,R,0,hang,hang_handheld_side3,2.2505098350576196,2.5002060531680366
tyaw,Transformer,R,0,hang,hang_handheld_side4,1.7247717254542572,2.5558670001632158
tyaw,Transformer,R,0,hang,hang_handheld_side_test2,2.452941998097566,5.457441275683319
tyaw,Transformer,R,0,hang,hang_handheld_speed1,3.474058453128272,5.450865698328536
tyaw,Transformer,R,0,hang,hang_handheld_speed2,3.112966859709319,4.074485599542339
tyaw,Transformer,R,0,hang,hang_handheld_test1,1.4443470452976863,2.507380355488467
tyaw,Transformer,R,0,hang,hang_leg_new1,2.5791530611512337,3.61008720009457
tyaw,Transformer,R,0,hang,hang_leg_new2,1.848958931191848,2.688151179260485
tyaw,Transformer,R,0,hao,hao_bag1,2.3829881675838824,3.3709708611614477
tyaw,Transformer,R,0,hao,hao_bag2,4.099320282710986,6.787967110483584
tyaw,Transformer,R,0,hao,hao_body1,1.824170775326616,1.6660639230098397
tyaw,Transformer,R,0,hao,hao_body2,2.340513186537878,1.9345439883066369
tyaw,Transformer,R,0,hao,hao_handheld1,2.673400829957961,3.845187493001896
tyaw,Transformer,R,0,hao,hao_handheld2,2.211359581671185,2.7960118064212502
tyaw,Transformer,R,0,hao,hao_leg1,1.1972311106757871,1.7160453493513308
tyaw,Transformer,R,0,hao,hao_leg2,0.642571082858894,1.2566577889696091
tyaw,Transformer,R,0,huayi,huayi_bag1,7.980745866909541,10.253547066181623
tyaw,Transformer,R,0,huayi,huayi_bag2,1.3972040272976363,3.0079721501207706
tyaw,Transformer,R,0,huayi,huayi_bag_test1,2.3362393130629298,2.2545725309894764
tyaw,Transformer,R,0,huayi,huayi_body_test1,1.5140176416909605,0.698438165880643
tyaw,Transformer,R,0,huayi,huayi_handheld1,2.2073874623803116,3.1146045846005705
tyaw,Transformer,R,0,huayi,huayi_handheld2,2.3452725702936994,2.283053654560987
tyaw,Transformer,R,0,huayi,huayi_leg_front1,1.4383788517961669,1.4630947291566125
tyaw,Transformer,R,0,huayi,huayi_leg_front2,1.1177641619065628,1.413654268963646
tyaw,Transformer,R,0,huayi,huayi_leg_front3,1.6821494391758578,1.6536608627273799
tyaw,Transformer,R,0,huayi,huayi_lopata1,1.3436095032514963,2.299473919842129
tyaw,Transformer,R,0,ma,ma_bag_low2,12.131866375850711,12.655952071205972
tyaw,Transformer,R,0,ma,ma_bag_low3,7.439731939660062,5.864943728319649
tyaw,Transformer,R,0,ma,ma_body1,1.2029442043106557,1.7623523228422329
tyaw,Transformer,R,0,ma,ma_body2,1.7886245381623975,3.1507421469560417
tyaw,Transformer,R,0,ma,ma_handheld1,6.192629315340205,5.052744182112377
tyaw,Transformer,R,0,ma,ma_handheld2,1.5368350628869196,2.4550002304724625
tyaw,Transformer,R,0,ma,ma_handheld3,1.7319121013795515,2.6886587216564113
tyaw,Transformer,R,0,ruixuan,ruixuan_bag1,2.8321313143311575,4.513558780824848
tyaw,Transformer,R,0,ruixuan,ruixuan_bag2,2.175250827784804,3.1201099179627483
tyaw,Transformer,R,0,ruixuan,ruixuan_body1,1.3356109392898068,1.2793409619865797
tyaw,Transformer,R,0,ruixuan,ruixuan_body2,1.468042923584446,0.6547825787830539
tyaw,Transformer,R,0,ruixuan,ruixuan_handheld1,1.8955474717126395,1.5060245488230504
tyaw,Transformer,R,0,ruixuan,ruixuan_handheld2,0.9362563564097683,0.8375931016248492
tyaw,Transformer,R,0,ruixuan,ruixuan_leg1,0.9162433611242241,1.3514114938329662
tyaw,Transformer,R,0,ruixuan,ruixuan_leg2,0.8601255120364909,0.9804298040404373
tyaw,Transformer,R,0,shali,shali_bag1,2.6635784519394807,2.3420513160792362
tyaw,Transformer,R,0,shali,shali_handheld1,1.4519164041795263,1.6634207708744293
tyaw,Transformer,R,0,shali,shali_leg1,1.5366788449469537,1.229193388719207
tyaw,Transformer,R,0,tang,tang_bag1,7.5296230010131415,10.001570261277172
tyaw,Transformer,R,0,tang,tang_bag2,7.336659549257895,5.953926752803921
tyaw,Transformer,R,0,tang,tang_body1,2.9275020441587727,2.6747523518448824
tyaw,Transformer,R,0,tang,tang_body2,1.0402500657095972,0.44561210461054496
tyaw,Transformer,R,0,tang,tang_handheld1,3.078087529144855,5.144703275714591
tyaw,Transformer,R,0,tang,tang_handheld2,1.118388650273936,1.691633608860245
tyaw,Transformer,R,0,xiaojing,xiaojing_body1,2.103414669094922,2.380471711344048
tyaw,Transformer,R,0,xiaojing,xiaojing_body2,2.3681007230074687,2.3351219061638884
tyaw,Transformer,R,0,xiaojing,xiaojing_handheld1,2.153771402347226,1.9510953104190676
tyaw,Transformer,R,0,xiaojing,xiaojing_handheld2,0.6002329327336208,1.243540192321289
tyaw,Transformer,R,0,xiaojing,xiaojing_leg1,1.293397398667962,1.672968676952445
tyaw,Transformer,R,0,yajie,yajie_bag1,7.551082310449843,7.897802778531373
tyaw,Transformer,R,0,yajie,yajie_body1,5.760113445434034,6.512170068309514
tyaw,Transformer,R,0,yajie,yajie_body2,2.2353827080418656,4.932525697774919
tyaw,Transformer,R,0,yajie,yajie_handheld1,2.3525130870589757,1.4348555378306183
tyaw,Transformer,R,0,yajie,yajie_handheld2,2.2795850174187002,2.6984166899404864
tyaw,Transformer,R,0,zhicheng,zhicheng_bag1,4.684770306775803,7.612482842184573
tyaw,Transformer,R,0,zhicheng,zhicheng_bag2,3.6490641606740506,6.338884581837573
tyaw,Transformer,R,0,zhicheng,zhicheng_body1,2.4037047534465232,2.4919324910225065
tyaw,Transformer,R,0,zhicheng,zhicheng_body2,2.1440094177775904,2.000549149243424
tyaw,Transformer,R,0,zhicheng,zhicheng_handheld1,3.411206191388611,4.973648666492287
tyaw,Transformer,R,0,zhicheng,zhicheng_handheld2,3.5255062385905704,4.530127269006298
tyaw,Transformer,R,0,zhicheng,zhicheng_leg1,1.857016858132238,2.4432017069632668
tyaw,Transformer,R,0,zhicheng,zhicheng_leg2,1.654683432773721,1.6767266347330994
tyaw,Transformer,R,1,dan,dan_bag1,2.6375856964550373,2.6644345257176356
tyaw,Transformer,R,1,dan,dan_bag2,2.2129992877388416,2.045746277437222
tyaw,Transformer,R,1,dan,dan_body1,2.526933561084861,0.955068398299168
tyaw,Transformer,R,1,dan,dan_body2,2.1688421892588985,1.7463718760326572
tyaw,Transformer,R,1,dan,dan_body3,1.8636327075873007,2.0020913867862262
tyaw,Transformer,R,1,dan,dan_handheld1,0.8598318485464037,0.8928150554429066
tyaw,Transformer,R,1,dan,dan_handheld2,1.9028459538910987,2.9758212717994925
tyaw,Transformer,R,1,dan,dan_leg1,1.5802883871712612,1.751914511585508
tyaw,Transformer,R,1,dan,dan_leg2,1.030250096997275,0.9111085139638593
tyaw,Transformer,R,1,hang,hang_bag_normal1,2.4890210443491934,4.203265691412281
tyaw,Transformer,R,1,hang,hang_bag_normal2,6.515119156973029,8.042154388171062
tyaw,Transformer,R,1,hang,hang_bag_side1,2.474337093761444,3.7025482483008285
tyaw,Transformer,R,1,hang,hang_bag_speed1,7.302360700522419,6.614960072968927
tyaw,Transformer,R,1,hang,hang_bag_speed2,3.6797663817573976,5.49662125384115
tyaw,Transformer,R,1,hang,hang_bag_stop1,1.7597471746518258,2.641311976968434
tyaw,Transformer,R,1,hang,hang_body_backward1,1.465815023709084,0.8218523121237807
tyaw,Transformer,R,1,hang,hang_body_backward2,1.9042387318312899,2.787473765048239
tyaw,Transformer,R,1,hang,hang_body_backward3,1.1352101304506201,0.9651054247962828
tyaw,Transformer,R,1,hang,hang_body_backward4,1.276116882304474,0.8356984357809928
tyaw,Transformer,R,1,hang,hang_body_fast1,1.2454559433594883,1.8435895018328026
tyaw,Transformer,R,1,hang,hang_body_normal1,2.2372648443951073,3.9986483972401303
tyaw,Transformer,R,1,hang,hang_body_side1,1.1427210622318085,1.7318160153470987
tyaw,Transformer,R,1,hang,hang_body_slow1,0.5683057226965275,0.6039126222706162
tyaw,Transformer,R,1,hang,hang_body_stop1,0.754620987245157,0.7626682022650256
tyaw,Transformer,R,1,hang,hang_body_test1,1.8645019340700226,3.59184264475665
tyaw,Transformer,R,1,hang,hang_handheld_normal1,1.7763584051163435,2.9869960043055497
tyaw,Transformer,R,1,hang,hang_handheld_side3,2.1176687936790626,2.051431565012071
tyaw,Transformer,R,1,hang,hang_handheld_side4,1.6002910768926843,2.3186878572567577
tyaw,Transformer,R,1,hang,hang_handheld_side_test2,1.2986583794571886,2.8217501740122475
tyaw,Transformer,R,1,hang,hang_handheld_speed1,3.8801008081138213,6.284051870124738
tyaw,Transformer,R,1,hang,hang_handheld_speed2,3.2562772404603844,3.2449441659180067
tyaw,Transformer,R,1,hang,hang_handheld_test1,2.0929148459147777,2.8836632483440936
tyaw,Transformer,R,1,hang,hang_leg_new1,2.0722981423805296,3.2651303328837433
tyaw,Transformer,R,1,hang,hang_leg_new2,2.2070027147717175,2.37454917301634
tyaw,Transformer,R,1,hao,hao_bag1,2.7370655551175025,4.010116172467188
tyaw,Transformer,R,1,hao,hao_bag2,4.200138913687473,6.952593101517808
tyaw,Transformer,R,1,hao,hao_body1,1.5971618166973267,1.4961326379947844
tyaw,Transformer,R,1,hao,hao_body2,2.4145967666673473,3.268632339587494
tyaw,Transformer,R,1,hao,hao_handheld1,2.45093124497147,3.3061254530462962
tyaw,Transformer,R,1,hao,hao_handheld2,2.322101278167675,2.985451621475646
tyaw,Transformer,R,1,hao,hao_leg1,1.515924809929171,2.149500721198318
tyaw,Transformer,R,1,hao,hao_leg2,0.5672166594059518,1.0730326989074455
tyaw,Transformer,R,1,huayi,huayi_bag1,9.400394938222428,13.982711994220582
tyaw,Transformer,R,1,huayi,huayi_bag2,1.535601815580839,3.1711511885936625
tyaw,Transformer,R,1,huayi,huayi_bag_test1,2.7945180940812455,1.1624464390340457
tyaw,Transformer,R,1,huayi,huayi_body_test1,1.845274553485878,0.4153773715302163
tyaw,Transformer,R,1,huayi,huayi_handheld1,2.3403519558216983,3.91916337824573
tyaw,Transformer,R,1,huayi,huayi_handheld2,2.2496191054705865,2.3053468628204286
tyaw,Transformer,R,1,huayi,huayi_leg_front1,1.8990720909919032,2.3687951580798594
tyaw,Transformer,R,1,huayi,huayi_leg_front2,1.1111848094571302,1.3475569023799925
tyaw,Transformer,R,1,huayi,huayi_leg_front3,1.2312541304278706,1.4530506926876228
tyaw,Transformer,R,1,huayi,huayi_lopata1,1.6688368957882147,2.3947109647966673
tyaw,Transformer,R,1,ma,ma_bag_low2,8.077288382673613,5.961743741944974
tyaw,Transformer,R,1,ma,ma_bag_low3,8.254634902651695,8.43580937837441
tyaw,Transformer,R,1,ma,ma_body1,1.4793902251623188,2.2807206285099197
tyaw,Transformer,R,1,ma,ma_body2,2.1026219055570623,3.485776010308998
tyaw,Transformer,R,1,ma,ma_handheld1,4.323367089051871,3.847898577132036
tyaw,Transformer,R,1,ma,ma_handheld2,1.940543848975072,3.188186255855652
tyaw,Transformer,R,1,ma,ma_handheld3,1.386260226845004,2.3808299817866954
tyaw,Transformer,R,1,ruixuan,ruixuan_bag1,4.547653991243206,6.11318877858603
tyaw,Transformer,R,1,ruixuan,ruixuan_bag2,1.7530761042060508,2.792782942024112
tyaw,Transformer,R,1,ruixuan,ruixuan_body1,2.2784680912295237,1.5619032508214656
tyaw,Transformer,R,1,ruixuan,ruixuan_body2,3.255991687039567,2.878968517247989
tyaw,Transformer,R,1,ruixuan,ruixuan_handheld1,0.7158118590412449,0.8686552526908544
tyaw,Transformer,R,1,ruixuan,ruixuan_handheld2,1.4677215705830808,1.440236673473955
tyaw,Transformer,R,1,ruixuan,ruixuan_leg1,1.3027828645916213,1.514876482466494
tyaw,Transformer,R,1,ruixuan,ruixuan_leg2,1.1980903593382728,0.34276858841526814
tyaw,Transformer,R,1,shali,shali_bag1,2.3953394250250915,2.4066888786680676
tyaw,Transformer,R,1,shali,shali_handheld1,0.8227436431055688,0.7079378483051225
tyaw,Transformer,R,1,shali,shali_leg1,1.7352380283276694,1.396391648481993
tyaw,Transformer,R,1,tang,tang_bag1,3.660552909016646,5.500386178215527
tyaw,Transformer,R,1,tang,tang_bag2,6.996854646006099,7.354080991802051
tyaw,Transformer,R,1,tang,tang_body1,2.5361458765739315,2.5341455627969833
tyaw,Transformer,R,1,tang,tang_body2,1.1988246074028523,0.717160248215057
tyaw,Transformer,R,1,tang,tang_handheld1,4.369309870766273,6.947881014677963
tyaw,Transformer,R,1,tang,tang_handheld2,2.0359077093425717,2.7596352761048393
tyaw,Transformer,R,1,xiaojing,xiaojing_body1,2.1840000177721945,1.7933002667139595
tyaw,Transformer,R,1,xiaojing,xiaojing_body2,1.9927227851440925,2.152783886000407
tyaw,Transformer,R,1,xiaojing,xiaojing_handheld1,2.842970582712831,2.474834064517803
tyaw,Transformer,R,1,xiaojing,xiaojing_handheld2,0.6109218727784821,1.0280086971971396
tyaw,Transformer,R,1,xiaojing,xiaojing_leg1,1.9381964847402822,1.995283158957485
tyaw,Transformer,R,1,yajie,yajie_bag1,7.875114062985386,8.277053464869173
tyaw,Transformer,R,1,yajie,yajie_body1,4.918625688418205,5.5091295337497845
tyaw,Transformer,R,1,yajie,yajie_body2,2.1887697157608783,4.877191141908146
tyaw,Transformer,R,1,yajie,yajie_handheld1,4.00588129656044,3.2681204966746304
tyaw,Transformer,R,1,yajie,yajie_handheld2,3.094961313316828,3.4499711218941735
tyaw,Transformer,R,1,zhicheng,zhicheng_bag1,4.69554580601042,8.213258258385421
tyaw,Transformer,R,1,zhicheng,zhicheng_bag2,5.051459521400036,9.625999517650815
tyaw,Transformer,R,1,zhicheng,zhicheng_body1,1.421827388730764,1.5765238657840226
tyaw,Transformer,R,1,zhicheng,zhicheng_body2,1.3649203575175213,1.1361512950241728
tyaw,Transformer,R,1,zhicheng,zhicheng_handheld1,5.948788780065243,6.65401445869859
tyaw,Transformer,R,1,zhicheng,zhicheng_handheld2,2.861292088741499,4.144140953598398
tyaw,Transformer,R,1,zhicheng,zhicheng_leg1,1.562497585961569,2.119006252047127
tyaw,Transformer,R,1,zhicheng,zhicheng_leg2,1.6722697399555313,1.77253464665692
tyaw,Transformer,R,2,dan,dan_bag1,3.2985068243627107,3.393737853595952
tyaw,Transformer,R,2,dan,dan_bag2,2.629107433812912,2.420326355226859
tyaw,Transformer,R,2,dan,dan_body1,2.950328254339557,1.8783569140342267
tyaw,Transformer,R,2,dan,dan_body2,2.220325428986355,2.300625788742806
tyaw,Transformer,R,2,dan,dan_body3,1.6569693425331242,2.1069458763832123
tyaw,Transformer,R,2,dan,dan_handheld1,0.9168134663968232,0.70601056332304
tyaw,Transformer,R,2,dan,dan_handheld2,2.7128035794717174,5.0943844510909315
tyaw,Transformer,R,2,dan,dan_leg1,1.8102535088594438,1.561667835028283
tyaw,Transformer,R,2,dan,dan_leg2,0.8955442329210102,1.1331789080463417
tyaw,Transformer,R,2,hang,hang_bag_normal1,5.3380087676414485,3.936201158582772
tyaw,Transformer,R,2,hang,hang_bag_normal2,7.292027633884639,8.418692651163276
tyaw,Transformer,R,2,hang,hang_bag_side1,2.967422829909475,4.286686824156631
tyaw,Transformer,R,2,hang,hang_bag_speed1,11.545892077875294,9.790860408602263
tyaw,Transformer,R,2,hang,hang_bag_speed2,4.198013248189598,3.9680136119363176
tyaw,Transformer,R,2,hang,hang_bag_stop1,2.1732962621193597,1.7559025596048667
tyaw,Transformer,R,2,hang,hang_body_backward1,1.6642738642244077,1.0929245622335209
tyaw,Transformer,R,2,hang,hang_body_backward2,1.0893872841560166,1.8620267777444106
tyaw,Transformer,R,2,hang,hang_body_backward3,1.1904483877197203,1.4311928599508792
tyaw,Transformer,R,2,hang,hang_body_backward4,1.5165131827367182,1.373404711755531
tyaw,Transformer,R,2,hang,hang_body_fast1,1.68279631507432,1.7927898024639695
tyaw,Transformer,R,2,hang,hang_body_normal1,1.5768745349517064,2.754416949959673
tyaw,Transformer,R,2,hang,hang_body_side1,1.0095502238619398,1.4129347210052454
tyaw,Transformer,R,2,hang,hang_body_slow1,0.5930196509781548,0.9465627565396997
tyaw,Transformer,R,2,hang,hang_body_stop1,0.7655472690712819,0.9063556905289478
tyaw,Transformer,R,2,hang,hang_body_test1,1.790189807992889,3.096978521436917
tyaw,Transformer,R,2,hang,hang_handheld_normal1,1.7102283256044524,1.7300261894307492
tyaw,Transformer,R,2,hang,hang_handheld_side3,1.6847197564108434,1.5623942433947475
tyaw,Transformer,R,2,hang,hang_handheld_side4,1.8891264218696733,2.740453384660011
tyaw,Transformer,R,2,hang,hang_handheld_side_test2,1.871090162280814,4.031474041600259
tyaw,Transformer,R,2,hang,hang_handheld_speed1,3.1884175135453616,4.993109762311395
tyaw,Transformer,R,2,hang,hang_handheld_speed2,3.010695023542167,2.7478464245024754
tyaw,Transformer,R,2,hang,hang_handheld_test1,1.4039784291487494,2.5189335509848543
tyaw,Transformer,R,2,hang,hang_leg_new1,2.3541618115156364,3.609222114347934
tyaw,Transformer,R,2,hang,hang_leg_new2,1.8877170244241683,2.6157566506178975
tyaw,Transformer,R,2,hao,hao_bag1,3.5591809709601248,3.912524772760876
tyaw,Transformer,R,2,hao,hao_bag2,4.390178376138203,6.9752494229046995
tyaw,Transformer,R,2,hao,hao_body1,1.7304339364908743,1.27384289028005
tyaw,Transformer,R,2,hao,hao_body2,1.9753441406560435,2.137792182043777
tyaw,Transformer,R,2,hao,hao_handheld1,2.243066730390462,3.4046954687368363
tyaw,Transformer,R,2,hao,hao_handheld2,1.8525169183623575,2.1157356453595937
tyaw,Transformer,R,2,hao,hao_leg1,1.6334711787901481,2.25229547181769
tyaw,Transformer,R,2,hao,hao_leg2,0.4883658011689504,0.6598947534414563
tyaw,Transformer,R,2,huayi,huayi_bag1,7.061654333945496,9.552288862907403
tyaw,Transformer,R,2,huayi,huayi_bag2,1.60782489646886,3.587589582715632
tyaw,Transformer,R,2,huayi,huayi_bag_test1,2.592630370296539,1.5419439314388204
tyaw,Transformer,R,2,huayi,huayi_body_test1,1.8278004528263931,0.886030177308257
tyaw,Transformer,R,2,huayi,huayi_handheld1,1.4459607710873756,2.6488591512305213
tyaw,Transformer,R,2,huayi,huayi_handheld2,2.2225868554186086,2.5174417446094526
tyaw,Transformer,R,2,huayi,huayi_leg_front1,1.688812259982545,1.8826026678840648
tyaw,Transformer,R,2,huayi,huayi_leg_front2,1.5230105517891082,1.9918016376676229
tyaw,Transformer,R,2,huayi,huayi_leg_front3,1.3496829203691938,1.288421226555825
tyaw,Transformer,R,2,huayi,huayi_lopata1,1.9222574086635091,2.548420056724838
tyaw,Transformer,R,2,ma,ma_bag_low2,11.868465412540253,8.986130046794901
tyaw,Transformer,R,2,ma,ma_bag_low3,5.620648111166496,6.33559898391356
tyaw,Transformer,R,2,ma,ma_body1,1.6809918968056523,2.2316065488804817
tyaw,Transformer,R,2,ma,ma_body2,2.130485889212127,3.7668235789831517
tyaw,Transformer,R,2,ma,ma_handheld1,5.6021277767591116,5.6084950593998775
tyaw,Transformer,R,2,ma,ma_handheld2,2.4463609485198203,2.194148169309843
tyaw,Transformer,R,2,ma,ma_handheld3,1.1832428270100495,1.7558151166904072
tyaw,Transformer,R,2,ruixuan,ruixuan_bag1,4.182226219962435,5.862882267973265
tyaw,Transformer,R,2,ruixuan,ruixuan_bag2,1.2647562630833333,1.7489290206291481
tyaw,Transformer,R,2,ruixuan,ruixuan_body1,0.9063439048410925,0.8780629284084297
tyaw,Transformer,R,2,ruixuan,ruixuan_body2,2.211494228693862,1.6349484056367276
tyaw,Transformer,R,2,ruixuan,ruixuan_handheld1,0.9106965603270751,1.1404147465180892
tyaw,Transformer,R,2,ruixuan,ruixuan_handheld2,1.5126950488153743,1.5643883566864611
tyaw,Transformer,R,2,ruixuan,ruixuan_leg1,0.9664186041319193,1.181749338000546
tyaw,Transformer,R,2,ruixuan,ruixuan_leg2,0.8459072385781227,0.8639543340499423
tyaw,Transformer,R,2,shali,shali_bag1,3.5615454785877416,3.6553996519783376
tyaw,Transformer,R,2,shali,shali_handheld1,1.552649758016397,2.0422881384391633
tyaw,Transformer,R,2,shali,shali_leg1,1.3050462193540118,1.0180136102514992
tyaw,Transformer,R,2,tang,tang_bag1,5.189043144646894,5.768118364981653
tyaw,Transformer,R,2,tang,tang_bag2,12.558343177686025,14.810484592660776
tyaw,Transformer,R,2,tang,tang_body1,1.733203247620684,2.0663261304632248
tyaw,Transformer,R,2,tang,tang_body2,1.4917277847670807,1.4771440971698382
tyaw,Transformer,R,2,tang,tang_handheld1,4.093505850228832,6.608617824255944
tyaw,Transformer,R,2,tang,tang_handheld2,1.8961546476283577,2.495045502470095
tyaw,Transformer,R,2,xiaojing,xiaojing_body1,2.419167140534784,2.221301506088607
tyaw,Transformer,R,2,xiaojing,xiaojing_body2,1.6540602974828564,1.7579229458081054
tyaw,Transformer,R,2,xiaojing,xiaojing_handheld1,1.886114493894794,1.8820459773151648
tyaw,Transformer,R,2,xiaojing,xiaojing_handheld2,0.5466368286140113,0.7707321120025513
tyaw,Transformer,R,2,xiaojing,xiaojing_leg1,1.6464095516777166,1.893980013122622
tyaw,Transformer,R,2,yajie,yajie_bag1,7.927183295149128,8.289104998667737
tyaw,Transformer,R,2,yajie,yajie_body1,4.535590199797494,5.125043522576496
tyaw,Transformer,R,2,yajie,yajie_body2,2.0285198822487622,4.161203979081517
tyaw,Transformer,R,2,yajie,yajie_handheld1,3.2497326707573855,2.6611373137129664
tyaw,Transformer,R,2,yajie,yajie_handheld2,1.8270458281592759,2.3370039245193395
tyaw,Transformer,R,2,zhicheng,zhicheng_bag1,3.4653378803508987,5.721463007903548
tyaw,Transformer,R,2,zhicheng,zhicheng_bag2,3.2362638856851014,5.579072600997134
tyaw,Transformer,R,2,zhicheng,zhicheng_body1,1.6972897483733942,1.614276830987799
tyaw,Transformer,R,2,zhicheng,zhicheng_body2,1.2809404113135585,1.1606289586646068
tyaw,Transformer,R,2,zhicheng,zhicheng_handheld1,3.8970933702142467,5.594811880768324
tyaw,Transformer,R,2,zhicheng,zhicheng_handheld2,3.0085859830630612,5.058163354171301
tyaw,Transformer,R,2,zhicheng,zhicheng_leg1,1.996860850929629,2.5659924027108514
tyaw,Transformer,R,2,zhicheng,zhicheng_leg2,1.7294850600914113,1.0268327519725566
tyaw,Transformer,R,3,dan,dan_bag1,3.205739808046192,1.937091419361429
tyaw,Transformer,R,3,dan,dan_bag2,3.6401307364691484,4.24523654985671
tyaw,Transformer,R,3,dan,dan_body1,2.1089824106581347,0.3686983187672375
tyaw,Transformer,R,3,dan,dan_body2,1.2501136881074033,0.9812307491535377
tyaw,Transformer,R,3,dan,dan_body3,1.2998087542286134,1.9974641685967927
tyaw,Transformer,R,3,dan,dan_handheld1,1.4345323556706286,2.504186177993553
tyaw,Transformer,R,3,dan,dan_handheld2,2.035652370132941,2.9799018952578296
tyaw,Transformer,R,3,dan,dan_leg1,1.1612931273777478,1.3762318067582255
tyaw,Transformer,R,3,dan,dan_leg2,0.835811527233786,1.5412167273598087
tyaw,Transformer,R,3,hang,hang_bag_normal1,1.6625183791117728,2.625177481846416
tyaw,Transformer,R,3,hang,hang_bag_normal2,10.362005483824317,9.2397593946344
tyaw,Transformer,R,3,hang,hang_bag_side1,3.2078329971716006,5.08501915168928
tyaw,Transformer,R,3,hang,hang_bag_speed1,3.6427136536062714,3.959967021238126
tyaw,Transformer,R,3,hang,hang_bag_speed2,6.24849231217354,6.88489875575482
tyaw,Transformer,R,3,hang,hang_bag_stop1,1.284234242119196,2.0966351402395134
tyaw,Transformer,R,3,hang,hang_body_backward1,2.4158742718908575,2.9933590572005144
tyaw,Transformer,R,3,hang,hang_body_backward2,1.9178987881722598,3.2579550283667973
tyaw,Transformer,R,3,hang,hang_body_backward3,1.5580486064070964,1.520083162984328
tyaw,Transformer,R,3,hang,hang_body_backward4,1.6177520127681255,2.043812791208665
tyaw,Transformer,R,3,hang,hang_body_fast1,1.4195590847759794,1.7391011958245661
tyaw,Transformer,R,3,hang,hang_body_normal1,2.17367418256471,3.1309908634638814
tyaw,Transformer,R,3,hang,hang_body_side1,1.9593009084165858,3.071377319689293
tyaw,Transformer,R,3,hang,hang_body_slow1,1.3385810098909896,1.4154339359445969
tyaw,Transformer,R,3,hang,hang_body_stop1,1.4576196980876432,2.1302962363114437
tyaw,Transformer,R,3,hang,hang_body_test1,2.851472117382584,4.153459811125925
tyaw,Transformer,R,3,hang,hang_handheld_normal1,1.883483069300442,2.797152887621612
tyaw,Transformer,R,3,hang,hang_handheld_side3,3.3970238573431972,4.444919070687148
tyaw,Transformer,R,3,hang,hang_handheld_side4,1.2752102163725236,1.7864305742125837
tyaw,Transformer,R,3,hang,hang_handheld_side_test2,1.0482805456936557,1.8403387532983777
tyaw,Transformer,R,3,hang,hang_handheld_speed1,3.3651121889811635,5.020847978392668
tyaw,Transformer,R,3,hang,hang_handheld_speed2,2.6366444170624437,3.004708257509902
tyaw,Transformer,R,3,hang,hang_handheld_test1,1.6865029497573807,2.5681169822110985
tyaw,Transformer,R,3,hang,hang_leg_new1,2.7076867950824375,3.8289162081014982
tyaw,Transformer,R,3,hang,hang_leg_new2,1.7836438165090267,2.6030690464123727
tyaw,Transformer,R,3,hao,hao_bag1,3.6705454546571974,4.111057255957393
tyaw,Transformer,R,3,hao,hao_bag2,3.968567687736434,6.393275152716561
tyaw,Transformer,R,3,hao,hao_body1,1.805090995903438,2.2898068107021516
tyaw,Transformer,R,3,hao,hao_body2,1.9791268762408243,3.3022248723280714
tyaw,Transformer,R,3,hao,hao_handheld1,3.495867553790992,4.779711493805406
tyaw,Transformer,R,3,hao,hao_handheld2,1.841606872720336,1.9047090537020612
tyaw,Transformer,R,3,hao,hao_leg1,1.4458565923985796,2.1298422567197943
tyaw,Transformer,R,3,hao,hao_leg2,0.7273493551737141,0.8885842796962931
tyaw,Transformer,R,3,huayi,huayi_bag1,6.127671311293764,8.579805979855967
tyaw,Transformer,R,3,huayi,huayi_bag2,1.2007854772285957,2.7836695871442205
tyaw,Transformer,R,3,huayi,huayi_bag_test1,3.183075856529853,1.9324714029222978
tyaw,Transformer,R,3,huayi,huayi_body_test1,1.4963239306841827,0.3865742553080008
tyaw,Transformer,R,3,huayi,huayi_handheld1,3.3773721236801726,4.280565396201573
tyaw,Transformer,R,3,huayi,huayi_handheld2,3.003432138271976,2.5287014787744164
tyaw,Transformer,R,3,huayi,huayi_leg_front1,1.6225473005155768,2.4545578250228473
tyaw,Transformer,R,3,huayi,huayi_leg_front2,1.6154508152029763,1.3100806376405925
tyaw,Transformer,R,3,huayi,huayi_leg_front3,1.697186420222888,1.7143735912811942
tyaw,Transformer,R,3,huayi,huayi_lopata1,1.659025618476903,2.650575514738823
tyaw,Transformer,R,3,ma,ma_bag_low2,5.829040328281008,7.728482072348532
tyaw,Transformer,R,3,ma,ma_bag_low3,9.870233097185858,8.559896985428894
tyaw,Transformer,R,3,ma,ma_body1,1.674782996622579,2.8894682383744184
tyaw,Transformer,R,3,ma,ma_body2,1.2619890373882319,2.231551741422925
tyaw,Transformer,R,3,ma,ma_handheld1,3.6475586460338314,3.6470084218171355
tyaw,Transformer,R,3,ma,ma_handheld2,2.2705094172998375,3.196523970961481
tyaw,Transformer,R,3,ma,ma_handheld3,1.0179121767928119,1.0279519981851877
tyaw,Transformer,R,3,ruixuan,ruixuan_bag1,3.8400516541060035,5.828327236813356
tyaw,Transformer,R,3,ruixuan,ruixuan_bag2,1.7324292654001165,2.642108932712245
tyaw,Transformer,R,3,ruixuan,ruixuan_body1,0.8867837592722411,1.0323457871862967
tyaw,Transformer,R,3,ruixuan,ruixuan_body2,1.9949811615597906,1.3798967538157643
tyaw,Transformer,R,3,ruixuan,ruixuan_handheld1,1.3452305065039287,1.469330670798427
tyaw,Transformer,R,3,ruixuan,ruixuan_handheld2,2.8448047910389476,3.5228299256013984
tyaw,Transformer,R,3,ruixuan,ruixuan_leg1,1.0422429133189972,1.4207451886340177
tyaw,Transformer,R,3,ruixuan,ruixuan_leg2,0.8639627912417777,1.3292258001550314
tyaw,Transformer,R,3,shali,shali_bag1,2.642353876421862,2.5179339093245
tyaw,Transformer,R,3,shali,shali_handheld1,1.686335888423581,2.2092400235868013
tyaw,Transformer,R,3,shali,shali_leg1,2.1779919824220766,1.7786351413368124
tyaw,Transformer,R,3,tang,tang_bag1,4.418005715300142,5.622507541023299
tyaw,Transformer,R,3,tang,tang_bag2,6.8813678704547385,7.772923999378258
tyaw,Transformer,R,3,tang,tang_body1,2.126779149253811,2.359799694192689
tyaw,Transformer,R,3,tang,tang_body2,1.239460700952885,1.6511336828284928
tyaw,Transformer,R,3,tang,tang_handheld1,3.8282632570366535,6.161853786490958
tyaw,Transformer,R,3,tang,tang_handheld2,1.8034551129179675,2.658924947706978
tyaw,Transformer,R,3,xiaojing,xiaojing_body1,1.5715391565572692,2.1393951081621054
tyaw,Transformer,R,3,xiaojing,xiaojing_body2,1.80365113416028,1.9350318996977227
tyaw,Transformer,R,3,xiaojing,xiaojing_handheld1,0.8182045481287633,1.2339259150844077
tyaw,Transformer,R,3,xiaojing,xiaojing_handheld2,0.6032624861642963,1.1437131949361232
tyaw,Transformer,R,3,xiaojing,xiaojing_leg1,1.2982103164048788,1.823594660040308
tyaw,Transformer,R,3,yajie,yajie_bag1,7.227104015311274,7.536835258098983
tyaw,Transformer,R,3,yajie,yajie_body1,4.649027340502685,5.294621553535712
tyaw,Transformer,R,3,yajie,yajie_body2,2.7849047436033687,5.997721793443812
tyaw,Transformer,R,3,yajie,yajie_handheld1,1.6426732442607574,1.58454259842779
tyaw,Transformer,R,3,yajie,yajie_handheld2,1.348854848860683,2.2989939789058567
tyaw,Transformer,R,3,zhicheng,zhicheng_bag1,2.9913290996729054,5.302394854747168
tyaw,Transformer,R,3,zhicheng,zhicheng_bag2,3.131758937095949,5.625743662699842
tyaw,Transformer,R,3,zhicheng,zhicheng_body1,1.7523615625670292,1.6460543024837533
tyaw,Transformer,R,3,zhicheng,zhicheng_body2,1.9786907155864861,1.2583773296101646
tyaw,Transformer,R,3,zhicheng,zhicheng_handheld1,3.874449943549927,4.978075198711015
tyaw,Transformer,R,3,zhicheng,zhicheng_handheld2,3.182031737101311,3.612878066688849
tyaw,Transformer,R,3,zhicheng,zhicheng_leg1,2.081994623131648,2.8096647162449875
tyaw,Transformer,R,3,zhicheng,zhicheng_leg2,2.196693152576273,1.1184415844847357
tyaw,Transformer,S,0,a000,a000_11,4.591585772624605,3.7934569756351584
tyaw,Transformer,S,0,a000,a000_7,1.6043140434540304,2.0242447521857416
tyaw,Transformer,S,0,a001,a001_2,6.461035869578573,2.6803378815954537
tyaw,Transformer,S,0,a003,a003_3,3.9241964536908838,3.0189561182804385
tyaw,Transformer,S,0,a004,a004_3,2.6967323794697227,2.3675654460310978
tyaw,Transformer,S,0,a005,a005_3,7.020309590452295,3.779532832978856
tyaw,Transformer,S,0,a009,a009_1,3.200749389374226,2.7033147098322563
tyaw,Transformer,S,0,a010,a010_2,7.531477653830121,5.987848528470386
tyaw,Transformer,S,0,a011,a011_2,5.119659086091233,4.6692086437657885
tyaw,Transformer,S,0,a012,a012_2,2.884551449438242,2.4880606610815597
tyaw,Transformer,S,0,a013,a013_2,9.354800201037982,3.5172219349266407
tyaw,Transformer,S,0,a014,a014_2,2.5796359468894074,1.3671051750190524
tyaw,Transformer,S,0,a016,a016_1,5.463501605896332,1.881774744603953
tyaw,Transformer,S,0,a017,a017_2,1.4035387396625216,1.2847199214966472
tyaw,Transformer,S,0,a020,a020_2,2.8932989436351995,3.080894535824528
tyaw,Transformer,S,0,a021,a021_2,5.070157572009843,2.2935054141376088
tyaw,Transformer,S,0,a022,a022_2,4.8871537097807645,2.9093723882539853
tyaw,Transformer,S,0,a023,a023_1,2.848196731911536,1.6947329892537388
tyaw,Transformer,S,0,a025,a025_2,7.862539975441689,7.435625165024745
tyaw,Transformer,S,0,a026,a026_2,2.934470275136609,2.8210819781166263
tyaw,Transformer,S,0,a027,a027_2,3.6842260653796353,1.6453162040075027
tyaw,Transformer,S,0,a030,a030_3,3.639811333940202,2.0827559163415663
tyaw,Transformer,S,0,a031,a031_2,3.880600181693427,1.6449714072133652
tyaw,Transformer,S,0,a033,a033_2,4.860976405037806,1.7781896764049787
tyaw,Transformer,S,0,a035,a035_3,23.653410769433016,14.430281048953098
tyaw,Transformer,S,0,a036,a036_2,3.348587019166606,4.078969387082824
tyaw,Transformer,S,0,a037,a037_1,3.0728840531411263,4.4703300751866575
tyaw,Transformer,S,0,a038,a038_2,2.6817810949106584,1.5237091949750448
tyaw,Transformer,S,0,a044,a044_2,4.306337851346417,2.232745531610044
tyaw,Transformer,S,0,a046,a046_2,7.619247045252557,5.162173195905477
tyaw,Transformer,S,0,a047,a047_2,1.9138326802555314,1.6095787951302112
tyaw,Transformer,S,0,a059,a059_2,4.746549762985258,1.9749420857511304
tyaw,Transformer,S,1,a000,a000_11,4.504690489031506,4.422155227594689
tyaw,Transformer,S,1,a000,a000_7,1.5693702777153682,2.21714187395257
tyaw,Transformer,S,1,a001,a001_2,6.59972702061148,2.8355550708534767
tyaw,Transformer,S,1,a003,a003_3,3.2777626328774057,2.5192845203448426
tyaw,Transformer,S,1,a004,a004_3,2.7605816947739723,2.1509978386047512
tyaw,Transformer,S,1,a005,a005_3,7.040639833362807,3.4354854344026964
tyaw,Transformer,S,1,a009,a009_1,2.0455816292561795,2.8654881532558365
tyaw,Transformer,S,1,a010,a010_2,6.643327912042482,5.882073758927403
tyaw,Transformer,S,1,a011,a011_2,5.509950450691651,4.655398666366504
tyaw,Transformer,S,1,a012,a012_2,3.3224480848059774,2.976480039896674
tyaw,Transformer,S,1,a013,a013_2,6.936896854689,3.2501807450286
tyaw,Transformer,S,1,a014,a014_2,3.361525695116202,1.3974122568676646
tyaw,Transformer,S,1,a016,a016_1,5.105453050221743,2.1765984127449984
tyaw,Transformer,S,1,a017,a017_2,1.6145510699647556,1.5112899217582774
tyaw,Transformer,S,1,a020,a020_2,2.1314508411884803,2.6197623984788145
tyaw,Transformer,S,1,a021,a021_2,5.745659947028277,2.3090639079947275
tyaw,Transformer,S,1,a022,a022_2,5.059835201428425,3.034292073888577
tyaw,Transformer,S,1,a023,a023_1,1.0484385057036925,1.401588268712037
tyaw,Transformer,S,1,a025,a025_2,7.751881146737491,7.411243852768355
tyaw,Transformer,S,1,a026,a026_2,3.448651940609368,2.9406958275857553
tyaw,Transformer,S,1,a027,a027_2,3.425107525273127,1.6540212111409787
tyaw,Transformer,S,1,a030,a030_3,3.362131038968224,2.173026811081201
tyaw,Transformer,S,1,a031,a031_2,1.9309002786043235,1.4326496064305803
tyaw,Transformer,S,1,a033,a033_2,4.266920773164184,1.8201329523911614
tyaw,Transformer,S,1,a035,a035_3,25.63609340594319,14.930954917516399
tyaw,Transformer,S,1,a036,a036_2,3.1438037855918335,3.8475275399166193
tyaw,Transformer,S,1,a037,a037_1,3.2340065522875996,4.648518131789681
tyaw,Transformer,S,1,a038,a038_2,2.934461195863271,1.5708728407312176
tyaw,Transformer,S,1,a044,a044_2,3.5922175014096567,2.3703474704371437
tyaw,Transformer,S,1,a046,a046_2,6.574618721718627,5.119219762071991
tyaw,Transformer,S,1,a047,a047_2,1.7012197989263067,1.586556428499041
tyaw,Transformer,S,1,a059,a059_2,3.7530760443114133,1.7989118439118925
tyaw,Transformer,S,2,a000,a000_11,5.729557727319177,4.397275712096271
tyaw,Transformer,S,2,a000,a000_7,2.174568680882412,2.4818775689176693
tyaw,Transformer,S,2,a001,a001_2,6.962013394212997,2.996272470101972
tyaw,Transformer,S,2,a003,a003_3,4.47552230434656,2.8980198993716866
tyaw,Transformer,S,2,a004,a004_3,3.692945831168999,2.2075945762389773
tyaw,Transformer,S,2,a005,a005_3,8.09356730009933,4.358270316379752
tyaw,Transformer,S,2,a009,a009_1,3.6445909423497223,2.9540728474100137
tyaw,Transformer,S,2,a010,a010_2,6.072119931359375,5.902488050311818
tyaw,Transformer,S,2,a011,a011_2,7.283490952243275,4.747514789459934
tyaw,Transformer,S,2,a012,a012_2,3.4419350634069747,2.632952237302531
tyaw,Transformer,S,2,a013,a013_2,3.310735731159027,2.261857154055077
tyaw,Transformer,S,2,a014,a014_2,3.021620631493465,1.458564916606332
tyaw,Transformer,S,2,a016,a016_1,3.7625529987999986,1.5583841847536573
tyaw,Transformer,S,2,a017,a017_2,2.114870519586135,1.4710398351467528
tyaw,Transformer,S,2,a020,a020_2,2.6147244124755673,2.7541675720175807
tyaw,Transformer,S,2,a021,a021_2,5.403818258918971,2.274824653275945
tyaw,Transformer,S,2,a022,a022_2,6.398759420469213,2.981821391466204
tyaw,Transformer,S,2,a023,a023_1,2.5761442574973477,1.5451079360634128
tyaw,Transformer,S,2,a025,a025_2,7.791702245684517,6.9240691897240865
tyaw,Transformer,S,2,a026,a026_2,2.935183912857225,2.843137502138896
tyaw,Transformer,S,2,a027,a027_2,2.4332519146373452,1.8593811794992456
tyaw,Transformer,S,2,a030,a030_3,3.8293217096701815,2.319306977289619
tyaw,Transformer,S,2,a031,a031_2,2.440473118588299,1.4052249037907947
tyaw,Transformer,S,2,a033,a033_2,4.344659571560438,1.8087553429531777
tyaw,Transformer,S,2,a035,a035_3,22.651397736533703,13.925915407062329
tyaw,Transformer,S,2,a036,a036_2,3.1381113679678854,3.904575786766744
tyaw,Transformer,S,2,a037,a037_1,3.1716320439771226,4.509070707520978
tyaw,Transformer,S,2,a038,a038_2,3.80370689842674,1.7663882252635001
tyaw,Transformer,S,2,a044,a044_2,5.193143481875037,2.4746236339011585
tyaw,Transformer,S,2,a046,a046_2,7.169874331221109,5.204598549090346
tyaw,Transformer,S,2,a047,a047_2,1.3084743357670492,1.7000150804123966
tyaw,Transformer,S,2,a059,a059_2,3.5798283633246606,1.73383967875777
tyaw,Transformer,S,3,a000,a000_11,4.652105222441288,4.239266805214017
tyaw,Transformer,S,3,a000,a000_7,2.7813014449009628,3.336128622730131
tyaw,Transformer,S,3,a001,a001_2,5.386345499200582,2.588043506252507
tyaw,Transformer,S,3,a003,a003_3,3.1633525249660543,2.873582357425651
tyaw,Transformer,S,3,a004,a004_3,2.4133449370728206,2.186571859499964
tyaw,Transformer,S,3,a005,a005_3,9.276649203413037,4.04035485967586
tyaw,Transformer,S,3,a009,a009_1,2.0851933738801853,2.6222130258890384
tyaw,Transformer,S,3,a010,a010_2,6.587713284392647,5.66059372794807
tyaw,Transformer,S,3,a011,a011_2,6.279509580532774,4.641370480293494
tyaw,Transformer,S,3,a012,a012_2,4.9050214774775345,3.0686471663690975
tyaw,Transformer,S,3,a013,a013_2,3.7091611761724095,2.637628261146886
tyaw,Transformer,S,3,a014,a014_2,3.606031072034898,1.4566732414810009
tyaw,Transformer,S,3,a016,a016_1,5.3364357289947675,2.284317148911954
tyaw,Transformer,S,3,a017,a017_2,1.7652864481117607,1.4029908193423535
tyaw,Transformer,S,3,a020,a020_2,3.6536221669910325,3.3042111769179505
tyaw,Transformer,S,3,a021,a021_2,3.8367993877718307,2.1680192409746937
tyaw,Transformer,S,3,a022,a022_2,5.911893721659928,3.0335099624519923
tyaw,Transformer,S,3,a023,a023_1,1.092240746388558,1.447729661140468
tyaw,Transformer,S,3,a025,a025_2,7.196279025309194,7.717310661807025
tyaw,Transformer,S,3,a026,a026_2,3.060271395854049,2.8121209955807016
tyaw,Transformer,S,3,a027,a027_2,3.4518218000462637,1.9142207953823984
tyaw,Transformer,S,3,a030,a030_3,5.023378841487746,2.318811642854817
tyaw,Transformer,S,3,a031,a031_2,1.5998310657509147,1.4663353572806228
tyaw,Transformer,S,3,a033,a033_2,3.7432149244794637,1.7308990352670857
tyaw,Transformer,S,3,a035,a035_3,24.71698877186088,14.874389106790451
tyaw,Transformer,S,3,a036,a036_2,3.0818505272190997,3.97504988517717
tyaw,Transformer,S,3,a037,a037_1,3.523609117395309,4.256090979343471
tyaw,Transformer,S,3,a038,a038_2,2.5370299949562782,1.5192549773261024
tyaw,Transformer,S,3,a044,a044_2,4.359858283261111,2.575768241502576
tyaw,Transformer,S,3,a046,a046_2,8.169977428613473,4.892740006244219
tyaw,Transformer,S,3,a047,a047_2,2.552014328363769,1.6792086448734753
tyaw,Transformer,S,3,a059,a059_2,5.017317583920744,2.166179436472554
thn,Transformer,U,0,a006,a006_2,6.51772342434695,3.208827325849429
thn,Transformer,U,0,a019,a019_3,5.915865485940949,5.879512331052792
thn,Transformer,U,0,a024,a024_1,1.9646044865592052,2.1926883161807633
thn,Transformer,U,0,a024,a024_3,4.255560668962375,2.61820197841573
thn,Transformer,U,0,a029,a029_1,5.451500467212071,8.56666096283413
thn,Transformer,U,0,a029,a029_2,2.687635615576309,2.129691057962333
thn,Transformer,U,0,a032,a032_1,5.908877584489096,7.1317623002999175
thn,Transformer,U,0,a032,a032_3,6.409436298029951,6.860283322104089
thn,Transformer,U,0,a042,a042_2,4.369207764888448,3.16284554932002
thn,Transformer,U,0,a049,a049_1,3.8866688431085175,5.682049896036065
thn,Transformer,U,0,a049,a049_2,2.7110202288314906,1.582265966675761
thn,Transformer,U,0,a049,a049_3,3.048364304115222,2.4267376741884297
thn,Transformer,U,0,a050,a050_1,11.582977192465131,7.022665711928644
thn,Transformer,U,0,a050,a050_3,14.0960823327642,7.854450182032877
thn,Transformer,U,0,a051,a051_1,6.379607542357996,4.917048022417235
thn,Transformer,U,0,a051,a051_2,3.3027634860030526,1.2757647080730872
thn,Transformer,U,0,a051,a051_3,1.3188627710932335,1.2232307336358326
thn,Transformer,U,0,a052,a052_2,5.18194192212258,8.062209058171899
thn,Transformer,U,0,a053,a053_1,2.2595746777284016,2.7881367455709607
thn,Transformer,U,0,a053,a053_2,3.308763716714677,2.934657952269929
thn,Transformer,U,0,a053,a053_3,2.6748729910054494,2.8016473551045435
thn,Transformer,U,0,a054,a054_1,4.84504139682854,4.8447928330716765
thn,Transformer,U,0,a054,a054_2,3.3237486762960864,2.479662714708262
thn,Transformer,U,0,a054,a054_3,6.637187561582913,3.9633243266785225
thn,Transformer,U,0,a055,a055_2,8.533412297044364,5.4385270157865815
thn,Transformer,U,0,a055,a055_3,10.983799926011715,6.018201242857539
thn,Transformer,U,0,a057,a057_1,6.902295898147639,8.024405154163738
thn,Transformer,U,0,a057,a057_2,6.224815860070161,2.864640028508427
thn,Transformer,U,0,a057,a057_3,10.794450930226601,4.160763597263785
thn,Transformer,U,0,a058,a058_1,4.101008741889995,7.308868754300624
thn,Transformer,U,0,a058,a058_2,2.7834229284686907,3.8614612279898206
thn,Transformer,U,0,a058,a058_3,3.3449513580329517,5.479916561529977
thn,Transformer,U,1,a006,a006_2,6.871419289833711,3.2248718203047253
thn,Transformer,U,1,a019,a019_3,5.4620621034152785,5.926797199412222
thn,Transformer,U,1,a024,a024_1,2.859051159685685,2.5129449284152425
thn,Transformer,U,1,a024,a024_3,3.457490148521431,2.5083448278271825
thn,Transformer,U,1,a029,a029_1,5.430089838785156,8.821095208507298
thn,Transformer,U,1,a029,a029_2,2.1302147879758,1.8370356195101931
thn,Transformer,U,1,a032,a032_1,5.701339278058516,6.775569737708152
thn,Transformer,U,1,a032,a032_3,9.490141361170586,8.965460776762201
thn,Transformer,U,1,a042,a042_2,4.9361559727460484,3.995403984915835
thn,Transformer,U,1,a049,a049_1,3.7704211720990015,5.591375706580603
thn,Transformer,U,1,a049,a049_2,2.319587118499288,1.607994435853568
thn,Transformer,U,1,a049,a049_3,3.1659396885293027,2.474120327187568
thn,Transformer,U,1,a050,a050_1,11.584095782883836,6.639573231178574
thn,Transformer,U,1,a050,a050_3,13.041424214218402,7.842427879234777
thn,Transformer,U,1,a051,a051_1,5.992242977648889,5.182627193348789
thn,Transformer,U,1,a051,a051_2,2.681712465562624,1.2390160775551835
thn,Transformer,U,1,a051,a051_3,1.0949530151080618,1.2110300536578815
thn,Transformer,U,1,a052,a052_2,5.213621718654577,8.417652122269248
thn,Transformer,U,1,a053,a053_1,1.9804171544962463,2.6345689971779414
thn,Transformer,U,1,a053,a053_2,3.1359236567927966,3.428343643607666
thn,Transformer,U,1,a053,a053_3,3.1381861057485074,3.382267162639502
thn,Transformer,U,1,a054,a054_1,4.933944007991049,4.959305967216037
thn,Transformer,U,1,a054,a054_2,3.8697159562162686,2.462130025900519
thn,Transformer,U,1,a054,a054_3,7.47651336479395,4.148949860577645
thn,Transformer,U,1,a055,a055_2,9.179178331581932,6.601690423593312
thn,Transformer,U,1,a055,a055_3,16.678390299865157,6.624216696279252
thn,Transformer,U,1,a057,a057_1,6.862260501124139,8.266169936272531
thn,Transformer,U,1,a057,a057_2,7.549495245332356,2.979837939979454
thn,Transformer,U,1,a057,a057_3,9.685557363664552,4.480995264938159
thn,Transformer,U,1,a058,a058_1,4.51623566485459,6.5280528989003805
thn,Transformer,U,1,a058,a058_2,3.117967201664543,4.482356665431153
thn,Transformer,U,1,a058,a058_3,4.167947258467405,6.00578779150708
thn,Transformer,U,2,a006,a006_2,5.450065769398727,3.059643866015628
thn,Transformer,U,2,a019,a019_3,5.026159747076386,5.691054089314859
thn,Transformer,U,2,a024,a024_1,1.8010246972651884,2.465407455239179
thn,Transformer,U,2,a024,a024_3,3.355483932403733,2.121851535514659
thn,Transformer,U,2,a029,a029_1,5.849383888533867,9.054097260290519
thn,Transformer,U,2,a029,a029_2,2.0520922899520255,1.8285046748154217
thn,Transformer,U,2,a032,a032_1,7.829849522394424,7.684291783423791
thn,Transformer,U,2,a032,a032_3,7.666485778995406,9.529717347406926
thn,Transformer,U,2,a042,a042_2,4.784907612793108,3.3159955960621526
thn,Transformer,U,2,a049,a049_1,3.734108532013228,5.7365092845550345
thn,Transformer,U,2,a049,a049_2,2.1150101261019882,1.7848561800058738
thn,Transformer,U,2,a049,a049_3,3.2230102129596983,2.6868355462080435
thn,Transformer,U,2,a050,a050_1,12.578200781534896,7.49134867037815
thn,Transformer,U,2,a050,a050_3,13.318130077666076,8.219969260322365
thn,Transformer,U,2,a051,a051_1,6.1587717291493735,5.322881491748135
thn,Transformer,U,2,a051,a051_2,3.2749658441802643,1.2812436022638156
thn,Transformer,U,2,a051,a051_3,1.1704254357333475,1.2194839980716197
thn,Transformer,U,2,a052,a052_2,5.799445795092741,8.636270774813863
thn,Transformer,U,2,a053,a053_1,1.8480320255836151,2.981637063370319
thn,Transformer,U,2,a053,a053_2,3.1476893921484446,2.81857750472283
thn,Transformer,U,2,a053,a053_3,3.175150574487828,2.7267901403784016
thn,Transformer,U,2,a054,a054_1,4.630257710638592,4.329187434495669
thn,Transformer,U,2,a054,a054_2,3.618394102907142,2.3688273720213138
thn,Transformer,U,2,a054,a054_3,6.179335583356185,3.9731989674462183
thn,Transformer,U,2,a055,a055_2,7.721931936450213,6.267422900904245
thn,Transformer,U,2,a055,a055_3,9.757618024972578,6.209028842832398
thn,Transformer,U,2,a057,a057_1,6.3094120136652805,7.898761845973612
thn,Transformer,U,2,a057,a057_2,7.083089779225216,3.2257641536199935
thn,Transformer,U,2,a057,a057_3,10.655821782089259,4.169005977057146
thn,Transformer,U,2,a058,a058_1,3.9524002289440165,6.741589473717196
thn,Transformer,U,2,a058,a058_2,2.8494017004724452,4.072218784507093
thn,Transformer,U,2,a058,a058_3,3.489246186298948,5.688657150003428
thn,Transformer,U,3,a006,a006_2,7.40325403942723,3.683430379250689
thn,Transformer,U,3,a019,a019_3,6.096175379688975,6.632134206003202
thn,Transformer,U,3,a024,a024_1,2.1067268135557864,2.501198044886807
thn,Transformer,U,3,a024,a024_3,4.098572866329915,2.4374138361062476
thn,Transformer,U,3,a029,a029_1,5.059960275973857,7.256793818498693
thn,Transformer,U,3,a029,a029_2,2.7238858033814055,2.4644544399001784
thn,Transformer,U,3,a032,a032_1,6.107668126319407,7.571674716466769
thn,Transformer,U,3,a032,a032_3,6.25973753921041,8.015149086418356
thn,Transformer,U,3,a042,a042_2,4.509392543945885,3.80611184056039
thn,Transformer,U,3,a049,a049_1,3.7320648654599897,5.15579777046667
thn,Transformer,U,3,a049,a049_2,2.7873162699113045,1.9619972108882542
thn,Transformer,U,3,a049,a049_3,4.095709759542162,2.936367305170245
thn,Transformer,U,3,a050,a050_1,11.08979590782857,7.412064752149733
thn,Transformer,U,3,a050,a050_3,14.186941449176816,8.524488829726875
thn,Transformer,U,3,a051,a051_1,6.297373012639462,5.155765325653933
thn,Transformer,U,3,a051,a051_2,3.82722720458866,1.373317532670666
thn,Transformer,U,3,a051,a051_3,1.1878843411294957,1.3037196167232348
thn,Transformer,U,3,a052,a052_2,6.0452606226461665,9.149049491329103
thn,Transformer,U,3,a053,a053_1,2.2361395175494354,2.8250978568040446
thn,Transformer,U,3,a053,a053_2,3.7847337454509358,3.863476924831604
thn,Transformer,U,3,a053,a053_3,4.415131199071851,3.8733700941517926
thn,Transformer,U,3,a054,a054_1,5.563793528059342,5.296203503235135
thn,Transformer,U,3,a054,a054_2,3.405710741910726,3.0570040565567194
thn,Transformer,U,3,a054,a054_3,7.674925224052268,4.069005240771703
thn,Transformer,U,3,a055,a055_2,9.578150940675545,6.196222672099479
thn,Transformer,U,3,a055,a055_3,10.041099806599137,6.113842738579025
thn,Transformer,U,3,a057,a057_1,7.063027938171805,8.041693759962826
thn,Transformer,U,3,a057,a057_2,7.861386848343362,3.309699514965743
thn,Transformer,U,3,a057,a057_3,10.324568960011549,4.4126961409409065
thn,Transformer,U,3,a058,a058_1,5.014765216563265,6.953257022752862
thn,Transformer,U,3,a058,a058_2,3.218631776389893,4.441640181452882
thn,Transformer,U,3,a058,a058_3,3.697541243381903,5.965398346794456
thn,Transformer,R,0,dan,dan_bag1,6.116975761488927,2.1245863304257244
thn,Transformer,R,0,dan,dan_bag2,3.8278509531592855,1.2580812469420948
thn,Transformer,R,0,dan,dan_body1,2.732209738200045,1.060368010767651
thn,Transformer,R,0,dan,dan_body2,1.6538395977254232,1.1639282400255375
thn,Transformer,R,0,dan,dan_body3,1.2112988289776425,1.6173320096598616
thn,Transformer,R,0,dan,dan_handheld1,0.8500498533447576,0.7014424637863831
thn,Transformer,R,0,dan,dan_handheld2,2.098959702386076,2.0336198842516406
thn,Transformer,R,0,dan,dan_leg1,1.5220301252978532,1.7786850080066243
thn,Transformer,R,0,dan,dan_leg2,0.6521249123209374,1.0739656845224301
thn,Transformer,R,0,hang,hang_bag_normal1,2.7112082540952587,4.724224830941123
thn,Transformer,R,0,hang,hang_bag_normal2,9.750479275182409,8.954250018622451
thn,Transformer,R,0,hang,hang_bag_side1,1.6616986509969653,1.9345405490490688
thn,Transformer,R,0,hang,hang_bag_speed1,4.271901302003032,4.055452774595273
thn,Transformer,R,0,hang,hang_bag_speed2,6.44380711943373,9.061756969389915
thn,Transformer,R,0,hang,hang_bag_stop1,1.991587449210437,2.0799985821628364
thn,Transformer,R,0,hang,hang_body_backward1,1.8247841973722452,1.989977387038467
thn,Transformer,R,0,hang,hang_body_backward2,2.3217021218153375,3.032581180633669
thn,Transformer,R,0,hang,hang_body_backward3,1.1322583000167328,0.6521618890714801
thn,Transformer,R,0,hang,hang_body_backward4,1.4659888878153264,1.2684845288551478
thn,Transformer,R,0,hang,hang_body_fast1,2.160249223508537,2.777937168945388
thn,Transformer,R,0,hang,hang_body_normal1,1.2760472553740092,1.4357564809888594
thn,Transformer,R,0,hang,hang_body_side1,1.4443645247788504,2.0768069206072846
thn,Transformer,R,0,hang,hang_body_slow1,0.38407580488611387,0.39207124993429365
thn,Transformer,R,0,hang,hang_body_stop1,0.6514442133614534,0.8076576705690134
thn,Transformer,R,0,hang,hang_body_test1,2.0838179627367213,3.000843066964055
thn,Transformer,R,0,hang,hang_handheld_normal1,1.2179675341477725,2.2526786699809027
thn,Transformer,R,0,hang,hang_handheld_side3,1.1483906775288717,1.1705305348509323
thn,Transformer,R,0,hang,hang_handheld_side4,1.6653715892560845,1.9400386354372252
thn,Transformer,R,0,hang,hang_handheld_side_test2,2.004691060969511,3.9423866274279846
thn,Transformer,R,0,hang,hang_handheld_speed1,3.68585830778611,6.097660925438531
thn,Transformer,R,0,hang,hang_handheld_speed2,4.082912541259828,5.463994762037855
thn,Transformer,R,0,hang,hang_handheld_test1,1.7293157107573243,2.68904430344231
thn,Transformer,R,0,hang,hang_leg_new1,2.84121029889182,4.2072743818174425
thn,Transformer,R,0,hang,hang_leg_new2,2.133336900512911,2.538593907965867
thn,Transformer,R,0,hao,hao_bag1,2.3009111216849423,3.6490015136258545
thn,Transformer,R,0,hao,hao_bag2,6.202571233161407,10.429796434130635
thn,Transformer,R,0,hao,hao_body1,1.7019024904353925,1.5522138894085
thn,Transformer,R,0,hao,hao_body2,2.4444816415124926,3.058892773153393
thn,Transformer,R,0,hao,hao_handheld1,2.304475661928723,3.7982887689315565
thn,Transformer,R,0,hao,hao_handheld2,1.7498516142501381,2.369652737844288
thn,Transformer,R,0,hao,hao_leg1,1.2149185428324114,1.7418259026046072
thn,Transformer,R,0,hao,hao_leg2,0.4255910248469557,0.7625444414643959
thn,Transformer,R,0,huayi,huayi_bag1,6.903450843785687,9.635883773872804
thn,Transformer,R,0,huayi,huayi_bag2,2.1412293323444422,5.0558109325976535
thn,Transformer,R,0,huayi,huayi_bag_test1,2.0784361335067962,0.8302356590623005
thn,Transformer,R,0,huayi,huayi_body_test1,1.8366428696994206,0.24804783579234246
thn,Transformer,R,0,huayi,huayi_handheld1,1.151733053704528,2.0068257052583527
thn,Transformer,R,0,huayi,huayi_handheld2,1.720214801676123,2.2521727708455486
thn,Transformer,R,0,huayi,huayi_leg_front1,1.9506840324247778,2.2016714158498956
thn,Transformer,R,0,huayi,huayi_leg_front2,1.3742174193013754,1.5518398572877188
thn,Transformer,R,0,huayi,huayi_leg_front3,1.932472323468533,2.062551727402876
thn,Transformer,R,0,huayi,huayi_lopata1,1.514838535754078,2.3118851293364364
thn,Transformer,R,0,ma,ma_bag_low2,6.172434054444117,10.305133186918754
thn,Transformer,R,0,ma,ma_bag_low3,7.912266284288626,5.253921472526791
thn,Transformer,R,0,ma,ma_body1,1.303998497538881,1.8251056648335786
thn,Transformer,R,0,ma,ma_body2,1.8048396269357798,3.121455388419258
thn,Transformer,R,0,ma,ma_handheld1,6.360713795395242,4.46791739830965
thn,Transformer,R,0,ma,ma_handheld2,2.593473080445174,2.101499573178234
thn,Transformer,R,0,ma,ma_handheld3,1.2502716336160373,1.3653392583338437
thn,Transformer,R,0,ruixuan,ruixuan_bag1,4.571413303174628,6.686875251121651
thn,Transformer,R,0,ruixuan,ruixuan_bag2,2.740680731161615,3.858988412970147
thn,Transformer,R,0,ruixuan,ruixuan_body1,0.9859323036957589,1.1650571168946167
thn,Transformer,R,0,ruixuan,ruixuan_body2,1.383380277571074,0.8385417377166114
thn,Transformer,R,0,ruixuan,ruixuan_handheld1,1.0618086076923772,0.995078618786292
thn,Transformer,R,0,ruixuan,ruixuan_handheld2,1.4136765444592092,1.2394739174545089
thn,Transformer,R,0,ruixuan,ruixuan_leg1,1.16832497951776,1.344537854354911
thn,Transformer,R,0,ruixuan,ruixuan_leg2,0.7684162412995885,0.7855418410042051
thn,Transformer,R,0,shali,shali_bag1,2.9965144579993086,2.1799510300176292
thn,Transformer,R,0,shali,shali_handheld1,1.3322346809019403,1.5984391420175024
thn,Transformer,R,0,shali,shali_leg1,1.3168422624881593,1.158824218825841
thn,Transformer,R,0,tang,tang_bag1,4.287949296131515,4.137406235628077
thn,Transformer,R,0,tang,tang_bag2,10.094436175803915,13.95852674922631
thn,Transformer,R,0,tang,tang_body1,2.030074908759849,2.0810408979111923
thn,Transformer,R,0,tang,tang_body2,1.4207919557589872,0.7530526634067303
thn,Transformer,R,0,tang,tang_handheld1,2.9291851606493005,4.935334848664511
thn,Transformer,R,0,tang,tang_handheld2,1.343615167650527,1.9708975700732445
thn,Transformer,R,0,xiaojing,xiaojing_body1,0.9899437962724955,1.260717376686482
thn,Transformer,R,0,xiaojing,xiaojing_body2,1.8226843938527684,2.100262792544232
thn,Transformer,R,0,xiaojing,xiaojing_handheld1,2.4858694433522905,2.250016958778815
thn,Transformer,R,0,xiaojing,xiaojing_handheld2,0.6872849141470265,1.4459629168931476
thn,Transformer,R,0,xiaojing,xiaojing_leg1,0.9530963682995054,1.1481523534918228
thn,Transformer,R,0,yajie,yajie_bag1,7.740872044953989,8.246681883657116
thn,Transformer,R,0,yajie,yajie_body1,5.075818241732243,5.883974636876433
thn,Transformer,R,0,yajie,yajie_body2,2.138044166708905,4.635872757416048
thn,Transformer,R,0,yajie,yajie_handheld1,2.973363144295512,1.861096055510852
thn,Transformer,R,0,yajie,yajie_handheld2,1.6998822000687106,2.6885878120311646
thn,Transformer,R,0,zhicheng,zhicheng_bag1,4.1645147095272135,6.686742615865525
thn,Transformer,R,0,zhicheng,zhicheng_bag2,4.178244781892571,5.8774811687574084
thn,Transformer,R,0,zhicheng,zhicheng_body1,1.600720242331078,1.3727384063073516
thn,Transformer,R,0,zhicheng,zhicheng_body2,1.6091471973315492,1.0416438077324277
thn,Transformer,R,0,zhicheng,zhicheng_handheld1,3.9985929125818234,5.4406973236800855
thn,Transformer,R,0,zhicheng,zhicheng_handheld2,4.047560547860475,5.610059030947106
thn,Transformer,R,0,zhicheng,zhicheng_leg1,1.6367100988548342,2.2115119307149858
thn,Transformer,R,0,zhicheng,zhicheng_leg2,2.196309461021409,2.2040946783012183
thn,Transformer,R,1,dan,dan_bag1,4.3874341497359,5.580977902545735
thn,Transformer,R,1,dan,dan_bag2,4.865247921365774,3.4198542962838436
thn,Transformer,R,1,dan,dan_body1,3.1755048349245136,1.4747290317877422
thn,Transformer,R,1,dan,dan_body2,1.7739820610464696,1.6778943853849273
thn,Transformer,R,1,dan,dan_body3,0.9237027780066556,0.8705217911900337
thn,Transformer,R,1,dan,dan_handheld1,0.7898479014899445,0.6247417203823434
thn,Transformer,R,1,dan,dan_handheld2,2.1636009356267834,1.502303953132994
thn,Transformer,R,1,dan,dan_leg1,1.5694582232438705,1.866616162772184
thn,Transformer,R,1,dan,dan_leg2,0.6762892259704009,1.08439216888799
thn,Transformer,R,1,hang,hang_bag_normal1,4.754274028762655,8.821968139358654
thn,Transformer,R,1,hang,hang_bag_normal2,11.817834046934042,10.514399701561068
thn,Transformer,R,1,hang,hang_bag_side1,2.5843248672313917,3.1298847501838
thn,Transformer,R,1,hang,hang_bag_speed1,6.120686644757444,4.932035957827243
thn,Transformer,R,1,hang,hang_bag_speed2,8.5768429372467,10.841465955852176
thn,Transformer,R,1,hang,hang_bag_stop1,2.0094253400332485,2.0026790143204956
thn,Transformer,R,1,hang,hang_body_backward1,2.5443993911345557,1.8288500585757386
thn,Transformer,R,1,hang,hang_body_backward2,3.3592475124424626,3.553705256562585
thn,Transformer,R,1,hang,hang_body_backward3,1.1383218335799428,0.9140688567877429
thn,Transformer,R,1,hang,hang_body_backward4,1.6289621876123368,1.5067577848552614
thn,Transformer,R,1,hang,hang_body_fast1,1.6198946555088072,1.759798951600126
thn,Transformer,R,1,hang,hang_body_normal1,1.607413341556495,2.5771411715646906
thn,Transformer,R,1,hang,hang_body_side1,1.006923549791536,1.514027933155532
thn,Transformer,R,1,hang,hang_body_slow1,0.6711615809335205,0.647196853833155
thn,Transformer,R,1,hang,hang_body_stop1,0.6738729396864641,0.7366364233430063
thn,Transformer,R,1,hang,hang_body_test1,2.3592718497134517,2.754835171066876
thn,Transformer,R,1,hang,hang_handheld_normal1,2.312489933884833,2.469563860124849
thn,Transformer,R,1,hang,hang_handheld_side3,1.5951523781923054,2.53131337560672
thn,Transformer,R,1,hang,hang_handheld_side4,1.8802263947610396,2.8115401076599955
thn,Transformer,R,1,hang,hang_handheld_side_test2,2.8298693674685387,6.15331128191777
thn,Transformer,R,1,hang,hang_handheld_speed1,3.431210033957376,5.011748610185623
thn,Transformer,R,1,hang,hang_handheld_speed2,4.502611633086507,5.8121529435707
thn,Transformer,R,1,hang,hang_handheld_test1,3.349578962567529,4.202529997715945
thn,Transformer,R,1,hang,hang_leg_new1,2.73204044366164,3.977987637439131
thn,Transformer,R,1,hang,hang_leg_new2,1.677810304641223,2.1756570969703746
thn,Transformer,R,1,hao,hao_bag1,2.7586942572400113,4.1889678560429
thn,Transformer,R,1,hao,hao_bag2,7.9363812246328385,13.07876413861273
thn,Transformer,R,1,hao,hao_body1,1.8264063259399044,2.1201518603256457
thn,Transformer,R,1,hao,hao_body2,2.2344824976318987,2.151941259601129
thn,Transformer,R,1,hao,hao_handheld1,2.0422802431560014,3.2417653201305368
thn,Transformer,R,1,hao,hao_handheld2,1.656348967947189,2.152265444696767
thn,Transformer,R,1,hao,hao_leg1,1.2609386953280344,1.865476699070143
thn,Transformer,R,1,hao,hao_leg2,0.5513915978388071,0.848371643280223
thn,Transformer,R,1,huayi,huayi_bag1,7.8830211893493045,11.593348235105465
thn,Transformer,R,1,huayi,huayi_bag2,2.5240752847076355,6.276132858766702
thn,Transformer,R,1,huayi,huayi_bag_test1,2.6516574657392047,0.6110269499853527
thn,Transformer,R,1,huayi,huayi_body_test1,1.6675389701320702,0.2040143009308594
thn,Transformer,R,1,huayi,huayi_handheld1,1.7791871088907778,3.0039686699630117
thn,Transformer,R,1,huayi,huayi_handheld2,2.09426844999962,2.3148977693429287
thn,Transformer,R,1,huayi,huayi_leg_front1,1.6781954854411376,2.0162767346963095
thn,Transformer,R,1,huayi,huayi_leg_front2,1.4599333846443268,1.5509028643765896
thn,Transformer,R,1,huayi,huayi_leg_front3,1.58907039808439,1.6224812878160098
thn,Transformer,R,1,huayi,huayi_lopata1,1.313279758888816,2.007018328290966
thn,Transformer,R,1,ma,ma_bag_low2,4.6929165388567995,6.804600155390632
thn,Transformer,R,1,ma,ma_bag_low3,9.178293452058556,5.771647692823937
thn,Transformer,R,1,ma,ma_body1,1.2349791799705547,1.8404194115423016
thn,Transformer,R,1,ma,ma_body2,2.2884237853331473,3.852868515048373
thn,Transformer,R,1,ma,ma_handheld1,6.04566026422381,4.71471929190047
thn,Transformer,R,1,ma,ma_handheld2,2.812142306637263,3.1134836541961772
thn,Transformer,R,1,ma,ma_handheld3,1.4167004095564584,1.4552137707024648
thn,Transformer,R,1,ruixuan,ruixuan_bag1,2.7940003441375874,4.451112211432028
thn,Transformer,R,1,ruixuan,ruixuan_bag2,3.1114254344193926,4.516029403375622
thn,Transformer,R,1,ruixuan,ruixuan_body1,1.0387685416868637,1.1147939329743626
thn,Transformer,R,1,ruixuan,ruixuan_body2,1.3568552268825225,0.8130611180899499
thn,Transformer,R,1,ruixuan,ruixuan_handheld1,1.053583401439875,0.9272201344641954
thn,Transformer,R,1,ruixuan,ruixuan_handheld2,1.460555556051136,1.5553633991517528
thn,Transformer,R,1,ruixuan,ruixuan_leg1,1.3295407651682807,1.4593883310273876
thn,Transformer,R,1,ruixuan,ruixuan_leg2,0.7963661318687116,0.8190160283571876
thn,Transformer,R,1,shali,shali_bag1,3.0061207389381095,2.544052312106358
thn,Transformer,R,1,shali,shali_handheld1,1.4193547629954173,1.7977225438527316
thn,Transformer,R,1,shali,shali_leg1,1.3699211958436845,0.9618322504037776
thn,Transformer,R,1,tang,tang_bag1,10.86833057800043,13.724450974201114
thn,Transformer,R,1,tang,tang_bag2,7.628403585095849,10.175387163349571
thn,Transformer,R,1,tang,tang_body1,1.8148348292929604,2.0092059473941233
thn,Transformer,R,1,tang,tang_body2,0.9944431555746532,0.36158207916359203
thn,Transformer,R,1,tang,tang_handheld1,3.490368779560523,5.871163475665947
thn,Transformer,R,1,tang,tang_handheld2,1.7395843082908717,1.8535535911799417
thn,Transformer,R,1,xiaojing,xiaojing_body1,1.3714407550248437,1.401258009851503
thn,Transformer,R,1,xiaojing,xiaojing_body2,1.8815349120178873,1.8423860022086744
thn,Transformer,R,1,xiaojing,xiaojing_handheld1,2.466297787989433,2.403893839460605
thn,Transformer,R,1,xiaojing,xiaojing_handheld2,0.7162242214203772,0.5582128813925405
thn,Transformer,R,1,xiaojing,xiaojing_leg1,1.1642049915676411,1.391426640138751
thn,Transformer,R,1,yajie,yajie_bag1,8.528429343769067,9.00703521232184
thn,Transformer,R,1,yajie,yajie_body1,4.819720022069446,5.498454331480408
thn,Transformer,R,1,yajie,yajie_body2,2.0109293019407724,4.208306102219943
thn,Transformer,R,1,yajie,yajie_handheld1,3.0748653157498325,2.2645418136503297
thn,Transformer,R,1,yajie,yajie_handheld2,3.819050600176108,5.230303588344909
thn,Transformer,R,1,zhicheng,zhicheng_bag1,4.927907787539243,8.305065045521216
thn,Transformer,R,1,zhicheng,zhicheng_bag2,5.390314636223592,10.229937560452168
thn,Transformer,R,1,zhicheng,zhicheng_body1,1.8385053556496047,1.4495463453868673
thn,Transformer,R,1,zhicheng,zhicheng_body2,1.6259423072967067,0.6812615394603982
thn,Transformer,R,1,zhicheng,zhicheng_handheld1,2.6080999537330847,3.9846553280670634
thn,Transformer,R,1,zhicheng,zhicheng_handheld2,3.508185795073673,4.859086741377667
thn,Transformer,R,1,zhicheng,zhicheng_leg1,1.4502782561293988,1.9570984748901523
thn,Transformer,R,1,zhicheng,zhicheng_leg2,1.7977282432159418,1.3437612976787343
thn,Transformer,R,2,dan,dan_bag1,7.012175582062896,4.717134795501637
thn,Transformer,R,2,dan,dan_bag2,4.103126268832696,0.9953442399378343
thn,Transformer,R,2,dan,dan_body1,2.32941977441619,0.5878499482245809
thn,Transformer,R,2,dan,dan_body2,1.7518355424244434,1.3313572415748358
thn,Transformer,R,2,dan,dan_body3,1.308645601891151,1.4816093233069911
thn,Transformer,R,2,dan,dan_handheld1,1.05597455348541,0.8606615088596156
thn,Transformer,R,2,dan,dan_handheld2,1.8950250996810625,1.4402730588804415
thn,Transformer,R,2,dan,dan_leg1,1.2561015619538212,1.3994363139331838
thn,Transformer,R,2,dan,dan_leg2,0.7678494746466554,1.1040314646830114
thn,Transformer,R,2,hang,hang_bag_normal1,6.578355389808124,7.331989516382168
thn,Transformer,R,2,hang,hang_bag_normal2,11.14898575881639,11.552086673368656
thn,Transformer,R,2,hang,hang_bag_side1,3.3160839171543435,4.416034929218275
thn,Transformer,R,2,hang,hang_bag_speed1,6.302727685600619,5.526236230206415
thn,Transformer,R,2,hang,hang_bag_speed2,8.281183107341995,12.00273649886432
thn,Transformer,R,2,hang,hang_bag_stop1,1.8062683674474223,2.1740050919846694
thn,Transformer,R,2,hang,hang_body_backward1,1.330690453733908,0.7789648946612607
thn,Transformer,R,2,hang,hang_body_backward2,2.006798469364286,3.247831146517969
thn,Transformer,R,2,hang,hang_body_backward3,1.2549468672353157,0.6250724271693532
thn,Transformer,R,2,hang,hang_body_backward4,1.3840911463568268,1.0609951213187456
thn,Transformer,R,2,hang,hang_body_fast1,1.992294777514361,2.2771025435610306
thn,Transformer,R,2,hang,hang_body_normal1,1.557865947020395,2.1906004811168547
thn,Transformer,R,2,hang,hang_body_side1,1.010040486013619,1.6904447363801545
thn,Transformer,R,2,hang,hang_body_slow1,0.7143840597507582,0.9161642872098286
thn,Transformer,R,2,hang,hang_body_stop1,0.6249278802428966,0.9933587402489412
thn,Transformer,R,2,hang,hang_body_test1,2.541119431317366,3.2142192168501147
thn,Transformer,R,2,hang,hang_handheld_normal1,3.5202168143992494,5.621043872812608
thn,Transformer,R,2,hang,hang_handheld_side3,1.0622277795705248,1.8148577362684137
thn,Transformer,R,2,hang,hang_handheld_side4,1.0510405032614256,1.164179270236325
thn,Transformer,R,2,hang,hang_handheld_side_test2,1.6606621949681075,3.73377731773254
thn,Transformer,R,2,hang,hang_handheld_speed1,3.054346581885667,4.521909870108936
thn,Transformer,R,2,hang,hang_handheld_speed2,4.171662806275806,5.038445499845561
thn,Transformer,R,2,hang,hang_handheld_test1,2.3899655684721295,4.1916308130574205
thn,Transformer,R,2,hang,hang_leg_new1,2.609637572615692,3.777006286207265
thn,Transformer,R,2,hang,hang_leg_new2,1.8193068581753997,2.226699650694563
thn,Transformer,R,2,hao,hao_bag1,2.5387228801932515,3.890600107839666
thn,Transformer,R,2,hao,hao_bag2,4.957461176489791,7.521098651541514
thn,Transformer,R,2,hao,hao_body1,1.929926389116207,1.399216282908895
thn,Transformer,R,2,hao,hao_body2,2.136184491307701,1.9855365449217988
thn,Transformer,R,2,hao,hao_handheld1,2.2578168741565214,3.788654674086151
thn,Transformer,R,2,hao,hao_handheld2,2.040960456501196,2.435149313751686
thn,Transformer,R,2,hao,hao_leg1,1.3023965125872643,1.8219844844868442
thn,Transformer,R,2,hao,hao_leg2,0.4100029355828541,0.6901713703688076
thn,Transformer,R,2,huayi,huayi_bag1,7.989198221729804,12.179254929309423
thn,Transformer,R,2,huayi,huayi_bag2,2.003796396286782,4.797546089196186
thn,Transformer,R,2,huayi,huayi_bag_test1,4.028091597707661,3.075761555913022
thn,Transformer,R,2,huayi,huayi_body_test1,1.7392497762198393,0.16082517825376416
thn,Transformer,R,2,huayi,huayi_handheld1,1.6158030047588412,2.9108692594630483
thn,Transformer,R,2,huayi,huayi_handheld2,2.5493426892330344,2.8788189411857723
thn,Transformer,R,2,huayi,huayi_leg_front1,1.8068948687190054,2.35683996825655
thn,Transformer,R,2,huayi,huayi_leg_front2,1.6475836110257795,1.4446244370203387
thn,Transformer,R,2,huayi,huayi_leg_front3,1.719277827370247,1.8775782800136842
thn,Transformer,R,2,huayi,huayi_lopata1,1.8998717120851194,3.2381311339174697
thn,Transformer,R,2,ma,ma_bag_low2,6.137485000391548,9.440819190248373
thn,Transformer,R,2,ma,ma_bag_low3,7.628263149670529,4.945516866276009
thn,Transformer,R,2,ma,ma_body1,1.213351835477496,1.5560749109828704
thn,Transformer,R,2,ma,ma_body2,1.867831366193613,3.2488057278011335
thn,Transformer,R,2,ma,ma_handheld1,6.530555449854589,5.512157431924486
thn,Transformer,R,2,ma,ma_handheld2,2.323766087933905,2.624685449507594
thn,Transformer,R,2,ma,ma_handheld3,0.8533188134850531,0.9303190547346448
thn,Transformer,R,2,ruixuan,ruixuan_bag1,3.2183775329028688,4.934000521763565
thn,Transformer,R,2,ruixuan,ruixuan_bag2,2.395502647271915,3.4921298345636673
thn,Transformer,R,2,ruixuan,ruixuan_body1,1.151590726245123,1.2601297833481868
thn,Transformer,R,2,ruixuan,ruixuan_body2,1.5977217377668718,0.644854907154248
thn,Transformer,R,2,ruixuan,ruixuan_handheld1,1.1782613458460147,1.3820187366322259
thn,Transformer,R,2,ruixuan,ruixuan_handheld2,1.6307166412488345,1.37148396397527
thn,Transformer,R,2,ruixuan,ruixuan_leg1,1.3468499602220736,1.4972596410058856
thn,Transformer,R,2,ruixuan,ruixuan_leg2,0.76038679179491,0.5725420328008131
thn,Transformer,R,2,shali,shali_bag1,2.926869391930488,2.686223812665625
thn,Transformer,R,2,shali,shali_handheld1,1.3121382127947907,1.5635717600556234
thn,Transformer,R,2,shali,shali_leg1,1.504733350756589,1.1409346699569622
thn,Transformer,R,2,tang,tang_bag1,5.324207012433241,5.392970135188053
thn,Transformer,R,2,tang,tang_bag2,7.13877827370604,8.814396934870672
thn,Transformer,R,2,tang,tang_body1,2.200550557532236,2.4915770734233518
thn,Transformer,R,2,tang,tang_body2,1.2621220890066975,1.0062556133747633
thn,Transformer,R,2,tang,tang_handheld1,2.9069265092856402,5.090021845570047
thn,Transformer,R,2,tang,tang_handheld2,1.1993680688671298,1.5838634764115291
thn,Transformer,R,2,xiaojing,xiaojing_body1,1.362705455082512,1.3480777461998015
thn,Transformer,R,2,xiaojing,xiaojing_body2,1.9090003116744576,2.117904995760429
thn,Transformer,R,2,xiaojing,xiaojing_handheld1,2.414032186884201,2.202343504369978
thn,Transformer,R,2,xiaojing,xiaojing_handheld2,1.0076995644688185,1.2263304579036611
thn,Transformer,R,2,xiaojing,xiaojing_leg1,0.9268707411415742,1.3594803458276885
thn,Transformer,R,2,yajie,yajie_bag1,8.386251552202792,8.911368128721561
thn,Transformer,R,2,yajie,yajie_body1,5.068901867804777,5.947520016024284
thn,Transformer,R,2,yajie,yajie_body2,2.138853551789816,4.839240154921268
thn,Transformer,R,2,yajie,yajie_handheld1,3.1779977321738397,2.99101811200225
thn,Transformer,R,2,yajie,yajie_handheld2,2.5935435665253594,3.767856607324431
thn,Transformer,R,2,zhicheng,zhicheng_bag1,5.125567398706964,9.054856850717995
thn,Transformer,R,2,zhicheng,zhicheng_bag2,5.164887262992737,9.74590131409713
thn,Transformer,R,2,zhicheng,zhicheng_body1,2.125580109711298,1.8938425573521793
thn,Transformer,R,2,zhicheng,zhicheng_body2,1.5777019409082567,1.0970303258600198
thn,Transformer,R,2,zhicheng,zhicheng_handheld1,5.056332655008482,7.004833038745097
thn,Transformer,R,2,zhicheng,zhicheng_handheld2,3.7316090574323137,6.387374787676795
thn,Transformer,R,2,zhicheng,zhicheng_leg1,1.5570350848326464,2.0849356771238634
thn,Transformer,R,2,zhicheng,zhicheng_leg2,2.10763591642738,2.013236232199217
thn,Transformer,R,3,dan,dan_bag1,6.841055533556769,1.285442042014371
thn,Transformer,R,3,dan,dan_bag2,3.428130448936255,1.427604354103825
thn,Transformer,R,3,dan,dan_body1,3.204196078271857,1.5251354405151212
thn,Transformer,R,3,dan,dan_body2,2.04684181312282,1.5714712596947729
thn,Transformer,R,3,dan,dan_body3,1.281353701939528,0.48328734728594674
thn,Transformer,R,3,dan,dan_handheld1,1.0384486249495295,0.6638605315101838
thn,Transformer,R,3,dan,dan_handheld2,2.222382065718029,1.4517562789924756
thn,Transformer,R,3,dan,dan_leg1,1.777905969715255,1.7650345168026031
thn,Transformer,R,3,dan,dan_leg2,0.7777976761303854,0.9801264390567642
thn,Transformer,R,3,hang,hang_bag_normal1,5.26604643384117,9.221945397752908
thn,Transformer,R,3,hang,hang_bag_normal2,7.817979709416371,7.01909644522153
thn,Transformer,R,3,hang,hang_bag_side1,4.747055647317131,7.368224429392067
thn,Transformer,R,3,hang,hang_bag_speed1,5.635687786218905,6.074854402795941
thn,Transformer,R,3,hang,hang_bag_speed2,5.983945036089242,6.573866488674108
thn,Transformer,R,3,hang,hang_bag_stop1,1.7058645872656806,1.895683787972211
thn,Transformer,R,3,hang,hang_body_backward1,2.067620980463983,1.5408621865531926
thn,Transformer,R,3,hang,hang_body_backward2,2.5316274211364433,3.527010472724234
thn,Transformer,R,3,hang,hang_body_backward3,0.9091512698251679,0.8305294092160975
thn,Transformer,R,3,hang,hang_body_backward4,1.581052642062204,1.055121357506789
thn,Transformer,R,3,hang,hang_body_fast1,2.1652535484478426,2.157756836012038
thn,Transformer,R,3,hang,hang_body_normal1,1.7138467335384258,2.1894841718980076
thn,Transformer,R,3,hang,hang_body_side1,0.9593453376613361,1.6136952170836878
thn,Transformer,R,3,hang,hang_body_slow1,0.5594880983670711,0.6987647234505495
thn,Transformer,R,3,hang,hang_body_stop1,0.5731950671723761,0.7168412563493106
thn,Transformer,R,3,hang,hang_body_test1,2.243044252814592,3.124855860273861
thn,Transformer,R,3,hang,hang_handheld_normal1,2.8352076487210063,5.072658187737864
thn,Transformer,R,3,hang,hang_handheld_side3,1.782385035922879,1.5556464997885555
thn,Transformer,R,3,hang,hang_handheld_side4,1.4451402721624031,2.020244556812212
thn,Transformer,R,3,hang,hang_handheld_side_test2,2.362760820159446,4.381498628955267
thn,Transformer,R,3,hang,hang_handheld_speed1,3.9625641905279,6.012074758610893
thn,Transformer,R,3,hang,hang_handheld_speed2,4.03013241027567,5.424588146782968
thn,Transformer,R,3,hang,hang_handheld_test1,2.5672959075418915,4.4881756603304614
thn,Transformer,R,3,hang,hang_leg_new1,2.7742627250370178,4.013470772740338
thn,Transformer,R,3,hang,hang_leg_new2,1.8170883768791404,2.3882828535083442
thn,Transformer,R,3,hao,hao_bag1,2.7466799394638883,4.2005400829942445
thn,Transformer,R,3,hao,hao_bag2,8.024104611997252,12.630607567027255
thn,Transformer,R,3,hao,hao_body1,2.099676767340496,1.885353347858464
thn,Transformer,R,3,hao,hao_body2,3.1282993920221367,3.368107614741617
thn,Transformer,R,3,hao,hao_handheld1,2.3344181962502155,3.8904498164564054
thn,Transformer,R,3,hao,hao_handheld2,1.9756606671384704,2.3456466012856505
thn,Transformer,R,3,hao,hao_leg1,1.341214158099529,1.9334645501619059
thn,Transformer,R,3,hao,hao_leg2,0.5124085801875692,0.9554523393194573
thn,Transformer,R,3,huayi,huayi_bag1,8.677040425830596,12.449742627281609
thn,Transformer,R,3,huayi,huayi_bag2,2.7386147743721625,6.47381557392425
thn,Transformer,R,3,huayi,huayi_bag_test1,3.3932644719009684,1.104978935259015
thn,Transformer,R,3,huayi,huayi_body_test1,1.765242185148703,0.30746396713445356
thn,Transformer,R,3,huayi,huayi_handheld1,2.0204594404367935,3.6341871648632385
thn,Transformer,R,3,huayi,huayi_handheld2,2.23273684458659,2.5425436897237637
thn,Transformer,R,3,huayi,huayi_leg_front1,1.581810163325948,2.029976806519872
thn,Transformer,R,3,huayi,huayi_leg_front2,1.8741893499744293,1.7585857506152989
thn,Transformer,R,3,huayi,huayi_leg_front3,1.5670429616971189,1.827456497722099
thn,Transformer,R,3,huayi,huayi_lopata1,1.6386670800239462,2.751684808327308
thn,Transformer,R,3,ma,ma_bag_low2,7.4605310416118575,9.366580314762237
thn,Transformer,R,3,ma,ma_bag_low3,9.774832914341067,7.730597115353408
thn,Transformer,R,3,ma,ma_body1,1.4615061009661812,1.150759148777927
thn,Transformer,R,3,ma,ma_body2,1.957140454143543,3.204047911387466
thn,Transformer,R,3,ma,ma_handheld1,5.822226407648879,5.012531133814271
thn,Transformer,R,3,ma,ma_handheld2,2.2531751085462903,2.7255188574400937
thn,Transformer,R,3,ma,ma_handheld3,1.1525340142899942,0.7852198694082192
thn,Transformer,R,3,ruixuan,ruixuan_bag1,3.551535935510668,5.391333024602273
thn,Transformer,R,3,ruixuan,ruixuan_bag2,2.25906045525979,3.6879657668934995
thn,Transformer,R,3,ruixuan,ruixuan_body1,1.2394271285729679,1.253099599099737
thn,Transformer,R,3,ruixuan,ruixuan_body2,1.8537392258114411,1.0929399602710048
thn,Transformer,R,3,ruixuan,ruixuan_handheld1,1.5079782886630262,1.5033078776554034
thn,Transformer,R,3,ruixuan,ruixuan_handheld2,1.5196930480922952,1.4533122966332215
thn,Transformer,R,3,ruixuan,ruixuan_leg1,1.157764349517915,1.271746220835179
thn,Transformer,R,3,ruixuan,ruixuan_leg2,1.0851408760022183,1.3852498239846838
thn,Transformer,R,3,shali,shali_bag1,3.153462100468886,2.6117981530953283
thn,Transformer,R,3,shali,shali_handheld1,0.889425891145014,0.9468969444408367
thn,Transformer,R,3,shali,shali_leg1,1.5247504077213632,1.3197021894086685
thn,Transformer,R,3,tang,tang_bag1,9.267275818206304,9.713448647538536
thn,Transformer,R,3,tang,tang_bag2,8.990599346590198,7.960532643967008
thn,Transformer,R,3,tang,tang_body1,2.0091405227799464,2.4764957095925846
thn,Transformer,R,3,tang,tang_body2,1.5452151067113027,0.9188486671931188
thn,Transformer,R,3,tang,tang_handheld1,3.4522699441887217,6.058828341284613
thn,Transformer,R,3,tang,tang_handheld2,1.8661712412870166,2.7389534349236353
thn,Transformer,R,3,xiaojing,xiaojing_body1,1.5791400170813055,1.282373306970523
thn,Transformer,R,3,xiaojing,xiaojing_body2,1.8391943681049707,2.039027135504308
thn,Transformer,R,3,xiaojing,xiaojing_handheld1,2.3149696972395697,2.215420019781013
thn,Transformer,R,3,xiaojing,xiaojing_handheld2,0.8872944412087582,1.1257518880091024
thn,Transformer,R,3,xiaojing,xiaojing_leg1,1.3217146098785877,1.524579349264868
thn,Transformer,R,3,yajie,yajie_bag1,9.189396177112455,9.73485565720487
thn,Transformer,R,3,yajie,yajie_body1,5.215371835339935,6.27943104820495
thn,Transformer,R,3,yajie,yajie_body2,2.125766762835508,4.45907262667161
thn,Transformer,R,3,yajie,yajie_handheld1,3.3517707513781656,2.2873112236873028
thn,Transformer,R,3,yajie,yajie_handheld2,4.385249493574698,6.3211076015249175
thn,Transformer,R,3,zhicheng,zhicheng_bag1,5.179126849466594,8.836042126874537
thn,Transformer,R,3,zhicheng,zhicheng_bag2,6.1089619431817646,9.120707684862982
thn,Transformer,R,3,zhicheng,zhicheng_body1,1.4994183477115495,1.675688158694529
thn,Transformer,R,3,zhicheng,zhicheng_body2,2.028910761726716,0.22207876013149044
thn,Transformer,R,3,zhicheng,zhicheng_handheld1,4.098211770135697,6.466132479406852
thn,Transformer,R,3,zhicheng,zhicheng_handheld2,4.9630910269848965,6.980676911013363
thn,Transformer,R,3,zhicheng,zhicheng_leg1,1.5227348198405841,2.042121275676127
thn,Transformer,R,3,zhicheng,zhicheng_leg2,1.945429862097124,1.7185572194648089
thn,Transformer,S,0,a000,a000_11,4.740815563584283,4.309597878967046
thn,Transformer,S,0,a000,a000_7,1.5419043081085484,2.0878607145457253
thn,Transformer,S,0,a001,a001_2,5.916058816662533,2.541380264958086
thn,Transformer,S,0,a003,a003_3,3.5538341046448125,2.8144658854390254
thn,Transformer,S,0,a004,a004_3,2.8338198514517994,2.1382159999186787
thn,Transformer,S,0,a005,a005_3,8.466318712332939,4.7948641934574825
thn,Transformer,S,0,a009,a009_1,3.3194865100039967,3.4112217543004877
thn,Transformer,S,0,a010,a010_2,6.242706738685326,6.338538259220962
thn,Transformer,S,0,a011,a011_2,5.502912237445134,4.394735462024768
thn,Transformer,S,0,a012,a012_2,6.09747852497987,3.4995146762606844
thn,Transformer,S,0,a013,a013_2,5.799138144525586,2.7804703813983793
thn,Transformer,S,0,a014,a014_2,2.887914079925004,1.3840177979150692
thn,Transformer,S,0,a016,a016_1,4.296715548302656,1.9364267132191149
thn,Transformer,S,0,a017,a017_2,1.4962084436726164,1.5569122493058856
thn,Transformer,S,0,a020,a020_2,2.176064937261284,2.472388356051274
thn,Transformer,S,0,a021,a021_2,5.682483045522814,2.4682951433942426
thn,Transformer,S,0,a022,a022_2,5.5416583132032144,3.391003623939919
thn,Transformer,S,0,a023,a023_1,2.145925294282257,1.623167543208073
thn,Transformer,S,0,a025,a025_2,11.819822102159986,7.702455735350314
thn,Transformer,S,0,a026,a026_2,2.6453185454980894,2.540825593541206
thn,Transformer,S,0,a027,a027_2,2.9335028294499192,1.6420951778058555
thn,Transformer,S,0,a030,a030_3,4.2451794438347354,2.198879982285289
thn,Transformer,S,0,a031,a031_2,2.3077078238517728,1.3524206247397637
thn,Transformer,S,0,a033,a033_2,3.9714179574147948,1.7049699189517313
thn,Transformer,S,0,a035,a035_3,25.732689754115057,14.196262263267167
thn,Transformer,S,0,a036,a036_2,2.927966625793774,3.7991797442469433
thn,Transformer,S,0,a037,a037_1,3.2042295341076223,3.9785577553806903
thn,Transformer,S,0,a038,a038_2,1.92301504706498,1.3090485897810762
thn,Transformer,S,0,a044,a044_2,5.491366262857842,2.6012075794581677
thn,Transformer,S,0,a046,a046_2,6.214440281240092,5.143970323554452
thn,Transformer,S,0,a047,a047_2,1.2916507346598836,1.6459916502340997
thn,Transformer,S,0,a059,a059_2,3.2884659820010986,1.6841231561582346
thn,Transformer,S,1,a000,a000_11,4.6627015818422075,4.194166135441261
thn,Transformer,S,1,a000,a000_7,1.43799232433009,1.7114413681045897
thn,Transformer,S,1,a001,a001_2,5.621340940738758,2.5269561144690966
thn,Transformer,S,1,a003,a003_3,4.016832039506559,3.0617724666066133
thn,Transformer,S,1,a004,a004_3,2.7787862417256064,2.226964490826306
thn,Transformer,S,1,a005,a005_3,8.422079352715139,3.96697678527771
thn,Transformer,S,1,a009,a009_1,2.910232980398435,3.4774125828359437
thn,Transformer,S,1,a010,a010_2,7.149121742667538,6.654043647592748
thn,Transformer,S,1,a011,a011_2,5.868510401695752,4.754950649075153
thn,Transformer,S,1,a012,a012_2,7.18290300845744,4.4030536638134095
thn,Transformer,S,1,a013,a013_2,7.047088399139421,2.7677615116439243
thn,Transformer,S,1,a014,a014_2,3.016709655738353,1.436219317960686
thn,Transformer,S,1,a016,a016_1,4.241477220390724,1.9492416828297476
thn,Transformer,S,1,a017,a017_2,2.4803638417137925,1.6101838387193315
thn,Transformer,S,1,a020,a020_2,1.8443900201068013,2.6171768767034016
thn,Transformer,S,1,a021,a021_2,5.695575360234296,2.595879301498696
thn,Transformer,S,1,a022,a022_2,6.689005102464241,3.8050554897008277
thn,Transformer,S,1,a023,a023_1,2.3952189151553283,1.6697113915803878
thn,Transformer,S,1,a025,a025_2,10.647629503926552,7.402594603647997
thn,Transformer,S,1,a026,a026_2,2.810918734612374,2.658706313475765
thn,Transformer,S,1,a027,a027_2,3.255616115779766,1.7252136535066611
thn,Transformer,S,1,a030,a030_3,4.706556807896405,2.145301302086663
thn,Transformer,S,1,a031,a031_2,2.6278100785842877,1.398013165230755
thn,Transformer,S,1,a033,a033_2,4.4996191828762155,1.721086085105048
thn,Transformer,S,1,a035,a035_3,25.373642253099458,14.56322427470097
thn,Transformer,S,1,a036,a036_2,3.1853981134397724,4.2834425314779905
thn,Transformer,S,1,a037,a037_1,3.2861534273689323,4.146609746254421
thn,Transformer,S,1,a038,a038_2,2.360145623323603,1.4054412821626048
thn,Transformer,S,1,a044,a044_2,3.8924510828784866,2.236112504391767
thn,Transformer,S,1,a046,a046_2,6.350810854241858,5.081854846080406
thn,Transformer,S,1,a047,a047_2,1.4822858921962254,1.6236601664632955
thn,Transformer,S,1,a059,a059_2,3.6268967064721167,1.839532652273102
thn,Transformer,S,2,a000,a000_11,4.56498843004743,4.158838579266868
thn,Transformer,S,2,a000,a000_7,2.386924182714779,1.9952306546748746
thn,Transformer,S,2,a001,a001_2,5.512556986218986,2.474961300699344
thn,Transformer,S,2,a003,a003_3,3.685362265024837,3.0454020844584266
thn,Transformer,S,2,a004,a004_3,2.6566234654523195,2.1441306539008607
thn,Transformer,S,2,a005,a005_3,10.026384830973546,4.703650131422207
thn,Transformer,S,2,a009,a009_1,2.3343135212913038,2.4606043627261447
thn,Transformer,S,2,a010,a010_2,6.778966500235873,6.60842436808205
thn,Transformer,S,2,a011,a011_2,5.325058950603128,4.592155793457933
thn,Transformer,S,2,a012,a012_2,5.185663003333521,3.2433557591456443
thn,Transformer,S,2,a013,a013_2,6.781222046431449,2.4352813080311777
thn,Transformer,S,2,a014,a014_2,3.379134125644138,1.5743211824595322
thn,Transformer,S,2,a016,a016_1,2.9826775137344854,1.3720038613810175
thn,Transformer,S,2,a017,a017_2,2.445825818114886,1.5739455456935079
thn,Transformer,S,2,a020,a020_2,2.906227828892293,2.700610309222297
thn,Transformer,S,2,a021,a021_2,5.5693206073615915,2.6317892511702032
thn,Transformer,S,2,a022,a022_2,5.663160323081067,3.835292814770296
thn,Transformer,S,2,a023,a023_1,2.3843240963840655,1.777816443556374
thn,Transformer,S,2,a025,a025_2,8.375672727413637,8.110733040527998
thn,Transformer,S,2,a026,a026_2,3.2613224803467937,2.33406020934484
thn,Transformer,S,2,a027,a027_2,2.810315841408411,1.7291252938394912
thn,Transformer,S,2,a030,a030_3,3.5612902063396343,2.414516153061607
thn,Transformer,S,2,a031,a031_2,2.383722658598426,1.4635482527517625
thn,Transformer,S,2,a033,a033_2,4.2341353004833335,1.724135759830916
thn,Transformer,S,2,a035,a035_3,26.444824514516554,14.35506634668906
thn,Transformer,S,2,a036,a036_2,3.239828031185656,4.316741650248993
thn,Transformer,S,2,a037,a037_1,3.5381656838954734,4.1006806868866486
thn,Transformer,S,2,a038,a038_2,2.624188790686505,1.4315553206053548
thn,Transformer,S,2,a044,a044_2,5.295729729610172,2.5918643361640745
thn,Transformer,S,2,a046,a046_2,6.850792924901107,5.065442629831488
thn,Transformer,S,2,a047,a047_2,1.404963102221852,1.5890193792518
thn,Transformer,S,2,a059,a059_2,3.744744360699773,1.9751510612540506
thn,Transformer,S,3,a000,a000_11,4.8603634756348395,4.11519284039962
thn,Transformer,S,3,a000,a000_7,2.004327294267291,2.6464524618679075
thn,Transformer,S,3,a001,a001_2,4.779502367550062,2.8359080707674913
thn,Transformer,S,3,a003,a003_3,3.4069000819395154,3.2415135618474933
thn,Transformer,S,3,a004,a004_3,2.62393697877898,2.4631358382727093
thn,Transformer,S,3,a005,a005_3,8.54278394351698,4.718011023687834
thn,Transformer,S,3,a009,a009_1,2.920275488002594,3.822015571811121
thn,Transformer,S,3,a010,a010_2,6.6651329041980905,5.853047819897101
thn,Transformer,S,3,a011,a011_2,5.30792731227714,4.850698933701278
thn,Transformer,S,3,a012,a012_2,5.831108680454306,3.6347704852488443
thn,Transformer,S,3,a013,a013_2,4.276948926509163,2.3639614610494455
thn,Transformer,S,3,a014,a014_2,3.0249011622370436,1.4531451826942836
thn,Transformer,S,3,a016,a016_1,3.5636837977838653,1.3757705429482585
thn,Transformer,S,3,a017,a017_2,3.4909670581992582,2.0033172795690715
thn,Transformer,S,3,a020,a020_2,3.0888042500748574,3.9446937853527215
thn,Transformer,S,3,a021,a021_2,6.026896959281027,2.8867283294356048
thn,Transformer,S,3,a022,a022_2,5.454869646691241,3.49111699608888
thn,Transformer,S,3,a023,a023_1,3.3344855311544865,1.988310149953931
thn,Transformer,S,3,a025,a025_2,6.11499727706624,8.95034248626118
thn,Transformer,S,3,a026,a026_2,3.3172360596700856,2.550022726003201
thn,Transformer,S,3,a027,a027_2,3.266021239025169,2.1164168330227775
thn,Transformer,S,3,a030,a030_3,3.47418719805062,2.0096322143877714
thn,Transformer,S,3,a031,a031_2,2.924945245655179,1.552658027498522
thn,Transformer,S,3,a033,a033_2,4.548960623043549,1.7306961595495656
thn,Transformer,S,3,a035,a035_3,25.816421870692352,15.00189349721512
thn,Transformer,S,3,a036,a036_2,3.388429390890643,4.574044887225539
thn,Transformer,S,3,a037,a037_1,3.183137060511185,4.430896119645477
thn,Transformer,S,3,a038,a038_2,1.7985936665690656,1.2418020231350146
thn,Transformer,S,3,a044,a044_2,4.819559280221884,2.069847368076537
thn,Transformer,S,3,a046,a046_2,6.102781173319643,5.1091686382505825
thn,Transformer,S,3,a047,a047_2,1.5808312876396073,1.7480927647130895
thn,Transformer,S,3,a059,a059_2,3.0471803372587347,1.9139102416467768
iyaw,IMUNet,U,0,a006,a006_2,5.514593453262146,3.6414310809525934
iyaw,IMUNet,U,0,a019,a019_3,4.793601435632442,5.612331275715221
iyaw,IMUNet,U,0,a024,a024_1,5.792430454632782,3.1759492521376815
iyaw,IMUNet,U,0,a024,a024_3,4.9399900963229,2.7460795483556257
iyaw,IMUNet,U,0,a029,a029_1,5.438429599999278,6.590004557672963
iyaw,IMUNet,U,0,a029,a029_2,3.5970485919693247,2.2149226950857375
iyaw,IMUNet,U,0,a032,a032_1,7.846873331360293,6.582524211399119
iyaw,IMUNet,U,0,a032,a032_3,30.251345441089363,10.907875808996279
iyaw,IMUNet,U,0,a042,a042_2,6.417565101101177,3.2250405307320618
iyaw,IMUNet,U,0,a049,a049_1,3.2031306541317908,5.115178881607879
iyaw,IMUNet,U,0,a049,a049_2,3.0992862800440766,2.407496534845761
iyaw,IMUNet,U,0,a049,a049_3,2.9114841221544427,3.273872345229319
iyaw,IMUNet,U,0,a050,a050_1,10.552181185025876,6.87035188721631
iyaw,IMUNet,U,0,a050,a050_3,12.135202600769931,6.836832934575684
iyaw,IMUNet,U,0,a051,a051_1,5.691052971035638,5.190306780257742
iyaw,IMUNet,U,0,a051,a051_2,3.7389724488958893,1.4899100286193265
iyaw,IMUNet,U,0,a051,a051_3,1.1629080824706666,1.0816730535532941
iyaw,IMUNet,U,0,a052,a052_2,8.94597414375891,8.073565107474016
iyaw,IMUNet,U,0,a053,a053_1,3.4960358732763113,3.3235134514664066
iyaw,IMUNet,U,0,a053,a053_2,3.7731676920781303,2.922711837657586
iyaw,IMUNet,U,0,a053,a053_3,3.8770147115799833,2.7545378521127257
iyaw,IMUNet,U,0,a054,a054_1,3.185977729091976,4.088137354640047
iyaw,IMUNet,U,0,a054,a054_2,3.6455268391299165,3.0759008260077096
iyaw,IMUNet,U,0,a054,a054_3,8.352905141329527,4.458664390055098
iyaw,IMUNet,U,0,a055,a055_2,9.203172777127444,5.855079541663063
iyaw,IMUNet,U,0,a055,a055_3,12.427396053618976,6.381527501530174
iyaw,IMUNet,U,0,a057,a057_1,6.056374421352803,6.9201389152497
iyaw,IMUNet,U,0,a057,a057_2,10.908481324254677,3.7024022395874288
iyaw,IMUNet,U,0,a057,a057_3,11.554823632148116,4.991968597189138
iyaw,IMUNet,U,0,a058,a058_1,4.055316978044906,7.60810514447748
iyaw,IMUNet,U,0,a058,a058_2,3.8074205527826277,3.633252885132325
iyaw,IMUNet,U,0,a058,a058_3,4.116008396041637,5.002856533159738
iyaw,IMUNet,U,1,a006,a006_2,3.3796518056645395,3.6344392737096434
iyaw,IMUNet,U,1,a019,a019_3,6.020238139147587,5.736551955916431
iyaw,IMUNet,U,1,a024,a024_1,7.066482342100957,3.112935201942637
iyaw,IMUNet,U,1,a024,a024_3,5.06839354115956,2.8295583548439374
iyaw,IMUNet,U,1,a029,a029_1,5.172898397090289,6.576020864320926
iyaw,IMUNet,U,1,a029,a029_2,3.962828391988558,2.3302150452674004
iyaw,IMUNet,U,1,a032,a032_1,6.009739663301935,6.409750071253631
iyaw,IMUNet,U,1,a032,a032_3,12.865184065191995,8.75747586051302
iyaw,IMUNet,U,1,a042,a042_2,4.243871176238528,2.7959691176541006
iyaw,IMUNet,U,1,a049,a049_1,3.6070414253337333,4.946962791748424
iyaw,IMUNet,U,1,a049,a049_2,3.8154731480030795,2.2946680140126623
iyaw,IMUNet,U,1,a049,a049_3,4.392325617242667,3.6537948783142813
iyaw,IMUNet,U,1,a050,a050_1,11.526505750929982,6.628228903704719
iyaw,IMUNet,U,1,a050,a050_3,10.719694587667373,6.242255456963768
iyaw,IMUNet,U,1,a051,a051_1,6.11978105323116,5.104701923103919
iyaw,IMUNet,U,1,a051,a051_2,3.8991412581270644,1.4863956698773861
iyaw,IMUNet,U,1,a051,a051_3,1.1734876445794358,1.27798469749949
iyaw,IMUNet,U,1,a052,a052_2,6.108952666146315,8.103173848783069
iyaw,IMUNet,U,1,a053,a053_1,1.7977551438946135,2.655175169873589
iyaw,IMUNet,U,1,a053,a053_2,2.2730961651018404,3.036993201077241
iyaw,IMUNet,U,1,a053,a053_3,3.9460138615355533,3.101835441521139
iyaw,IMUNet,U,1,a054,a054_1,3.8072399379698725,3.821585233032222
iyaw,IMUNet,U,1,a054,a054_2,2.813855629440975,3.061653565609093
iyaw,IMUNet,U,1,a054,a054_3,7.354276122703555,4.443613087314759
iyaw,IMUNet,U,1,a055,a055_2,10.723281702152004,5.682103522076079
iyaw,IMUNet,U,1,a055,a055_3,6.731227188340875,5.774261684617129
iyaw,IMUNet,U,1,a057,a057_1,6.534598078877703,6.903341551295026
iyaw,IMUNet,U,1,a057,a057_2,8.078339774179545,3.600515690804773
iyaw,IMUNet,U,1,a057,a057_3,7.621121521952767,4.842175882342984
iyaw,IMUNet,U,1,a058,a058_1,4.437093171735175,7.89539233626023
iyaw,IMUNet,U,1,a058,a058_2,3.8785193480751103,3.2665437238362722
iyaw,IMUNet,U,1,a058,a058_3,3.931828577958361,4.993344027181444
iyaw,IMUNet,U,2,a006,a006_2,7.319414984708957,3.551113407231346
iyaw,IMUNet,U,2,a019,a019_3,7.691930835491544,6.027091806780676
iyaw,IMUNet,U,2,a024,a024_1,3.7004863299772954,3.049786734722157
iyaw,IMUNet,U,2,a024,a024_3,5.194136301072512,2.774727427260923
iyaw,IMUNet,U,2,a029,a029_1,6.948445771357913,6.844259208466473
iyaw,IMUNet,U,2,a029,a029_2,2.641788214806261,2.0604256840799873
iyaw,IMUNet,U,2,a032,a032_1,6.46555824030684,6.006454422047785
iyaw,IMUNet,U,2,a032,a032_3,7.931422104021996,9.733468557373092
iyaw,IMUNet,U,2,a042,a042_2,8.479215915118527,3.214614570529943
iyaw,IMUNet,U,2,a049,a049_1,3.098867133732016,4.713666312304801
iyaw,IMUNet,U,2,a049,a049_2,2.6536609453484252,2.5195141361347577
iyaw,IMUNet,U,2,a049,a049_3,4.1532120326858415,4.015206233879754
iyaw,IMUNet,U,2,a050,a050_1,10.301316145327734,6.691615107754935
iyaw,IMUNet,U,2,a050,a050_3,8.67870232325656,6.678876885697324
iyaw,IMUNet,U,2,a051,a051_1,5.730474348980397,5.002741558042151
iyaw,IMUNet,U,2,a051,a051_2,3.7420062321653678,1.5520394608093075
iyaw,IMUNet,U,2,a051,a051_3,1.2849404647930454,1.364861116529799
iyaw,IMUNet,U,2,a052,a052_2,5.946931441212469,7.683999211340633
iyaw,IMUNet,U,2,a053,a053_1,3.066899999647123,3.0237075521277887
iyaw,IMUNet,U,2,a053,a053_2,5.335411706156018,2.814340591915985
iyaw,IMUNet,U,2,a053,a053_3,3.922056614313766,2.7093328410214115
iyaw,IMUNet,U,2,a054,a054_1,2.7980027528766573,3.371488707945798
iyaw,IMUNet,U,2,a054,a054_2,2.451945408374051,2.6775839857094947
iyaw,IMUNet,U,2,a054,a054_3,11.429492803804594,4.681437525723518
iyaw,IMUNet,U,2,a055,a055_2,12.967718980347058,6.261740007104246
iyaw,IMUNet,U,2,a055,a055_3,7.478035190477807,6.061455588301005
iyaw,IMUNet,U,2,a057,a057_1,8.8994445695742,7.313847406674361
iyaw,IMUNet,U,2,a057,a057_2,7.330845465667516,3.385638377443236
iyaw,IMUNet,U,2,a057,a057_3,10.08524631092559,4.600776620605886
iyaw,IMUNet,U,2,a058,a058_1,5.6830392372418,7.1371025151424785
iyaw,IMUNet,U,2,a058,a058_2,5.714896680804344,3.7846695604333838
iyaw,IMUNet,U,2,a058,a058_3,4.65420043980616,5.098812123317622
iyaw,IMUNet,U,3,a006,a006_2,5.057343079431267,3.6591653934153965
iyaw,IMUNet,U,3,a019,a019_3,5.925519013163489,6.279081961934476
iyaw,IMUNet,U,3,a024,a024_1,5.921537138359657,3.1622842601299324
iyaw,IMUNet,U,3,a024,a024_3,4.477251465208595,2.505322905499933
iyaw,IMUNet,U,3,a029,a029_1,5.770968133852322,6.725531559063133
iyaw,IMUNet,U,3,a029,a029_2,2.043732946416505,2.4033535965958928
iyaw,IMUNet,U,3,a032,a032_1,5.609916198022119,6.292614228252461
iyaw,IMUNet,U,3,a032,a032_3,16.09145894127381,10.688204913952612
iyaw,IMUNet,U,3,a042,a042_2,4.987003191577898,3.5188175951052667
iyaw,IMUNet,U,3,a049,a049_1,2.9524243030475765,4.83687005228325
iyaw,IMUNet,U,3,a049,a049_2,2.916824387666241,2.315734770736442
iyaw,IMUNet,U,3,a049,a049_3,4.991022682889135,3.445024781505725
iyaw,IMUNet,U,3,a050,a050_1,12.685139790503895,6.828322363651867
iyaw,IMUNet,U,3,a050,a050_3,10.110740572785911,7.12795416002963
iyaw,IMUNet,U,3,a051,a051_1,6.351199458478751,5.103589917221259
iyaw,IMUNet,U,3,a051,a051_2,4.953652723031787,1.5439763951242136
iyaw,IMUNet,U,3,a051,a051_3,1.552123714479816,1.1739658774145434
iyaw,IMUNet,U,3,a052,a052_2,6.6831742263950105,8.09297731212159
iyaw,IMUNet,U,3,a053,a053_1,2.7589474824910813,3.027958483123069
iyaw,IMUNet,U,3,a053,a053_2,2.551851003304118,2.988882511459426
iyaw,IMUNet,U,3,a053,a053_3,5.306193420737184,2.8710698746235215
iyaw,IMUNet,U,3,a054,a054_1,5.031209274324323,4.298256462226482
iyaw,IMUNet,U,3,a054,a054_2,2.1865248380802274,2.9693416764224128
iyaw,IMUNet,U,3,a054,a054_3,7.884509409384211,4.450635617471052
iyaw,IMUNet,U,3,a055,a055_2,7.051088037682173,5.758282733702103
iyaw,IMUNet,U,3,a055,a055_3,16.536342815621854,6.397813018005928
iyaw,IMUNet,U,3,a057,a057_1,10.34926204499683,7.41760810846287
iyaw,IMUNet,U,3,a057,a057_2,7.018300314315609,3.538228895526172
iyaw,IMUNet,U,3,a057,a057_3,11.842049010819428,4.95888869422329
iyaw,IMUNet,U,3,a058,a058_1,5.275016714339237,7.318858018230458
iyaw,IMUNet,U,3,a058,a058_2,3.921477503583036,3.8381795109825645
iyaw,IMUNet,U,3,a058,a058_3,3.1409059181649304,5.210789579749333
iyaw,IMUNet,R,0,dan,dan_bag1,6.4207421563673845,5.922719743397568
iyaw,IMUNet,R,0,dan,dan_bag2,2.8345747506670356,3.276718444828104
iyaw,IMUNet,R,0,dan,dan_body1,2.3352391051778967,1.2343160827514574
iyaw,IMUNet,R,0,dan,dan_body2,1.7691769569416604,1.5951743508921095
iyaw,IMUNet,R,0,dan,dan_body3,1.8685325094560246,2.4698583872234283
iyaw,IMUNet,R,0,dan,dan_handheld1,0.9175002989698912,0.8551372889309944
iyaw,IMUNet,R,0,dan,dan_handheld2,1.384872029693008,1.6424542779904727
iyaw,IMUNet,R,0,dan,dan_leg1,1.4466253010573031,1.3893752691565038
iyaw,IMUNet,R,0,dan,dan_leg2,0.7785913904455756,1.0030809675699677
iyaw,IMUNet,R,0,hang,hang_bag_normal1,4.500553420351151,6.0261568249712765
iyaw,IMUNet,R,0,hang,hang_bag_normal2,10.791201302046138,11.989615647816818
iyaw,IMUNet,R,0,hang,hang_bag_side1,2.8018103373529835,3.962375235639003
iyaw,IMUNet,R,0,hang,hang_bag_speed1,6.353017397139996,4.820814797931348
iyaw,IMUNet,R,0,hang,hang_bag_speed2,7.351022197506172,10.01223699032523
iyaw,IMUNet,R,0,hang,hang_bag_stop1,1.330181360746381,2.195956480954956
iyaw,IMUNet,R,0,hang,hang_body_backward1,0.7901725020177199,0.5344361496230697
iyaw,IMUNet,R,0,hang,hang_body_backward2,1.8732396655557517,2.7885775064354985
iyaw,IMUNet,R,0,hang,hang_body_backward3,1.7212870603558639,0.9509475244821135
iyaw,IMUNet,R,0,hang,hang_body_backward4,1.158094554334922,0.9648325416220884
iyaw,IMUNet,R,0,hang,hang_body_fast1,1.6122097729868647,1.7930175216394624
iyaw,IMUNet,R,0,hang,hang_body_normal1,1.6460094822521452,2.5060243324535123
iyaw,IMUNet,R,0,hang,hang_body_side1,1.5889758002987024,2.114067289843053
iyaw,IMUNet,R,0,hang,hang_body_slow1,0.2746135324664838,0.3506772762591844
iyaw,IMUNet,R,0,hang,hang_body_stop1,0.749842060812372,0.8782222538889369
iyaw,IMUNet,R,0,hang,hang_body_test1,2.0375973201180186,3.594497041479263
iyaw,IMUNet,R,0,hang,hang_handheld_normal1,2.9811989654639324,3.846624037464793
iyaw,IMUNet,R,0,hang,hang_handheld_side3,3.002202270868338,3.646600766342324
iyaw,IMUNet,R,0,hang,hang_handheld_side4,2.166275991831529,3.272318405628239
iyaw,IMUNet,R,0,hang,hang_handheld_side_test2,1.8626323732991672,3.96359913727687
iyaw,IMUNet,R,0,hang,hang_handheld_speed1,3.8318387724555976,6.403123486275623
iyaw,IMUNet,R,0,hang,hang_handheld_speed2,3.0406257551342293,3.688034772232644
iyaw,IMUNet,R,0,hang,hang_handheld_test1,1.9777092830755838,2.967246026946675
iyaw,IMUNet,R,0,hang,hang_leg_new1,2.3543719269800056,3.6862354438113596
iyaw,IMUNet,R,0,hang,hang_leg_new2,2.2211161734776463,2.7808419493590217
iyaw,IMUNet,R,0,hao,hao_bag1,5.216147753982384,5.124099478709823
iyaw,IMUNet,R,0,hao,hao_bag2,9.328260797364653,13.410987160228041
iyaw,IMUNet,R,0,hao,hao_body1,1.994265278704394,1.2675811942199573
iyaw,IMUNet,R,0,hao,hao_body2,2.375147896198347,3.2419718501068373
iyaw,IMUNet,R,0,hao,hao_handheld1,3.3349416633752598,5.367253486214445
iyaw,IMUNet,R,0,hao,hao_handheld2,1.6588198958662814,1.9793853934691201
iyaw,IMUNet,R,0,hao,hao_leg1,1.096793645591526,1.8262123998634303
iyaw,IMUNet,R,0,hao,hao_leg2,1.1398662412292568,1.7399586886179375
iyaw,IMUNet,R,0,huayi,huayi_bag1,7.833541213974896,10.79199099785419
iyaw,IMUNet,R,0,huayi,huayi_bag2,3.322100476117248,8.294707860558972
iyaw,IMUNet,R,0,huayi,huayi_bag_test1,4.290025602427436,2.1038680178750426
iyaw,IMUNet,R,0,huayi,huayi_body_test1,2.239669871470299,0.9128494316219455
iyaw,IMUNet,R,0,huayi,huayi_handheld1,2.317857883921233,4.034581808065419
iyaw,IMUNet,R,0,huayi,huayi_handheld2,2.048215961189624,2.0058003333790846
iyaw,IMUNet,R,0,huayi,huayi_leg_front1,1.9706561895456423,2.0623234098344714
iyaw,IMUNet,R,0,huayi,huayi_leg_front2,1.0253378025724245,1.9209492965519528
iyaw,IMUNet,R,0,huayi,huayi_leg_front3,1.2413643794060092,1.7005089468734031
iyaw,IMUNet,R,0,huayi,huayi_lopata1,3.061455490316444,4.935556047325342
iyaw,IMUNet,R,0,ma,ma_bag_low2,6.618722810606529,5.207198352297064
iyaw,IMUNet,R,0,ma,ma_bag_low3,13.076294498718866,9.549971986961268
iyaw,IMUNet,R,0,ma,ma_body1,1.9233414344986992,2.716462533233307
iyaw,IMUNet,R,0,ma,ma_body2,1.264057103638341,1.5906159748801487
iyaw,IMUNet,R,0,ma,ma_handheld1,3.4101949736955244,3.0682195367994285
iyaw,IMUNet,R,0,ma,ma_handheld2,3.987599491873998,5.440910354239115
iyaw,IMUNet,R,0,ma,ma_handheld3,1.1843349163628216,1.1940678631496604
iyaw,IMUNet,R,0,ruixuan,ruixuan_bag1,4.573424113226029,6.6821803137463665
iyaw,IMUNet,R,0,ruixuan,ruixuan_bag2,2.8388335200801307,4.254930165176883
iyaw,IMUNet,R,0,ruixuan,ruixuan_body1,2.3092046045222596,1.6980630696792969
iyaw,IMUNet,R,0,ruixuan,ruixuan_body2,2.8190581300304864,2.1377748114254063
iyaw,IMUNet,R,0,ruixuan,ruixuan_handheld1,2.385227397393881,1.8351728756113739
iyaw,IMUNet,R,0,ruixuan,ruixuan_handheld2,3.163798444996207,3.073653857309437
iyaw,IMUNet,R,0,ruixuan,ruixuan_leg1,1.1860497376364298,1.7228485093787766
iyaw,IMUNet,R,0,ruixuan,ruixuan_leg2,1.0607871171092664,0.47641382735532906
iyaw,IMUNet,R,0,shali,shali_bag1,5.525821024565363,4.168170943914807
iyaw,IMUNet,R,0,shali,shali_handheld1,3.080657515495022,3.9143331679255193
iyaw,IMUNet,R,0,shali,shali_leg1,1.7977009355607527,2.1899309510188254
iyaw,IMUNet,R,0,tang,tang_bag1,3.680303701837674,3.1267131524127953
iyaw,IMUNet,R,0,tang,tang_bag2,7.17389541605031,9.721625877664712
iyaw,IMUNet,R,0,tang,tang_body1,1.8769376042048496,2.5939835466250982
iyaw,IMUNet,R,0,tang,tang_body2,1.8262455523267898,2.519637481471104
iyaw,IMUNet,R,0,tang,tang_handheld1,4.804949160741817,7.5340455198287914
iyaw,IMUNet,R,0,tang,tang_handheld2,3.04209660328499,3.6384756521172696
iyaw,IMUNet,R,0,xiaojing,xiaojing_body1,1.5882419436268467,1.7474244959708485
iyaw,IMUNet,R,0,xiaojing,xiaojing_body2,1.4167470305369407,1.7683704021552091
iyaw,IMUNet,R,0,xiaojing,xiaojing_handheld1,1.4117936344701176,1.620767473216265
iyaw,IMUNet,R,0,xiaojing,xiaojing_handheld2,1.1308026946651388,0.14899222232269912
iyaw,IMUNet,R,0,xiaojing,xiaojing_leg1,1.2010491853911944,1.248157160201273
iyaw,IMUNet,R,0,yajie,yajie_bag1,8.491226039931032,8.833318958196706
iyaw,IMUNet,R,0,yajie,yajie_body1,5.633843525035798,6.63764137037283
iyaw,IMUNet,R,0,yajie,yajie_body2,2.724005047040808,5.652639737076655
iyaw,IMUNet,R,0,yajie,yajie_handheld1,3.01520166250831,2.417472658282576
iyaw,IMUNet,R,0,yajie,yajie_handheld2,2.9934348393213774,4.411522242443984
iyaw,IMUNet,R,0,zhicheng,zhicheng_bag1,4.519889599800595,8.099933857120513
iyaw,IMUNet,R,0,zhicheng,zhicheng_bag2,4.403007842714869,7.796929942910083
iyaw,IMUNet,R,0,zhicheng,zhicheng_body1,1.3834131842974193,1.7380299473654046
iyaw,IMUNet,R,0,zhicheng,zhicheng_body2,1.3689457793736735,2.1592417184166512
iyaw,IMUNet,R,0,zhicheng,zhicheng_handheld1,2.7429619302540704,3.354884670604026
iyaw,IMUNet,R,0,zhicheng,zhicheng_handheld2,4.348936228171648,4.009813735298643
iyaw,IMUNet,R,0,zhicheng,zhicheng_leg1,1.4220974870704184,2.1450106367913175
iyaw,IMUNet,R,0,zhicheng,zhicheng_leg2,2.020359820471359,1.9554839927726178
iyaw,IMUNet,R,1,dan,dan_bag1,5.578996946835429,1.7089659952301846
iyaw,IMUNet,R,1,dan,dan_bag2,3.663567821115918,2.691926850491969
iyaw,IMUNet,R,1,dan,dan_body1,3.3828648096306133,2.285304033654984
iyaw,IMUNet,R,1,dan,dan_body2,3.0735350081839394,2.7044505596042256
iyaw,IMUNet,R,1,dan,dan_body3,2.0786635723961813,1.3752547197777842
iyaw,IMUNet,R,1,dan,dan_handheld1,1.7148377247596784,2.354458388082178
iyaw,IMUNet,R,1,dan,dan_handheld2,2.914144349004118,5.390039908581659
iyaw,IMUNet,R,1,dan,dan_leg1,1.644241208814068,1.6134365385740812
iyaw,IMUNet,R,1,dan,dan_leg2,0.6889280970665632,0.831294795621822
iyaw,IMUNet,R,1,hang,hang_bag_normal1,2.8241994276298783,4.169116643880705
iyaw,IMUNet,R,1,hang,hang_bag_normal2,12.065775591874567,10.82432067343158
iyaw,IMUNet,R,1,hang,hang_bag_side1,3.8784678493544726,5.734975211706873
iyaw,IMUNet,R,1,hang,hang_bag_speed1,6.135778876446348,5.551547817344246
iyaw,IMUNet,R,1,hang,hang_bag_speed2,9.056418303582003,11.921945201001012
iyaw,IMUNet,R,1,hang,hang_bag_stop1,4.441984770322012,4.151302070763554
iyaw,IMUNet,R,1,hang,hang_body_backward1,1.3794065620269655,1.2448074633377697
iyaw,IMUNet,R,1,hang,hang_body_backward2,1.4316396759260308,2.482855976627018
iyaw,IMUNet,R,1,hang,hang_body_backward3,1.1141826378675141,0.8021388498469092
iyaw,IMUNet,R,1,hang,hang_body_backward4,1.0247883557431263,0.9316745544522778
iyaw,IMUNet,R,1,hang,hang_body_fast1,2.151694511739588,3.687476751738922
iyaw,IMUNet,R,1,hang,hang_body_normal1,2.5108309188787197,3.3032298703245404
iyaw,IMUNet,R,1,hang,hang_body_side1,1.027298169361843,1.2833536634307579
iyaw,IMUNet,R,1,hang,hang_body_slow1,0.8274474748545873,1.0438038878119824
iyaw,IMUNet,R,1,hang,hang_body_stop1,0.5795856976469873,0.5692062950123643
iyaw,IMUNet,R,1,hang,hang_body_test1,1.4606149955473533,1.5813710218121544
iyaw,IMUNet,R,1,hang,hang_handheld_normal1,1.3848090803383362,2.1004301476617173
iyaw,IMUNet,R,1,hang,hang_handheld_side3,1.629167658515134,1.4138633251071746
iyaw,IMUNet,R,1,hang,hang_handheld_side4,1.5900276463056402,2.5708376123128147
iyaw,IMUNet,R,1,hang,hang_handheld_side_test2,1.8551463776237382,3.968605372421157
iyaw,IMUNet,R,1,hang,hang_handheld_speed1,4.078362867592492,5.9454481016100855
iyaw,IMUNet,R,1,hang,hang_handheld_speed2,2.361965633089053,3.20854286674627
iyaw,IMUNet,R,1,hang,hang_handheld_test1,1.8782324595827808,2.4819880139068218
iyaw,IMUNet,R,1,hang,hang_leg_new1,2.7841463528202355,3.8012520702380415
iyaw,IMUNet,R,1,hang,hang_leg_new2,1.4201624591648725,2.1950112991855257
iyaw,IMUNet,R,1,hao,hao_bag1,3.0449554491058177,4.212353855437233
iyaw,IMUNet,R,1,hao,hao_bag2,3.5066650207282173,6.1116649662299185
iyaw,IMUNet,R,1,hao,hao_body1,1.5575967636834613,0.9491378854190228
iyaw,IMUNet,R,1,hao,hao_body2,2.5265640232109146,1.7800922710194318
iyaw,IMUNet,R,1,hao,hao_handheld1,3.3169538965727097,4.109854237131167
iyaw,IMUNet,R,1,hao,hao_handheld2,3.544722791728881,4.323485231390846
iyaw,IMUNet,R,1,hao,hao_leg1,1.5677000859821977,1.9492641644867603
iyaw,IMUNet,R,1,hao,hao_leg2,0.7462808581010382,1.343968899752616
iyaw,IMUNet,R,1,huayi,huayi_bag1,9.314023979132783,13.559607905472767
iyaw,IMUNet,R,1,huayi,huayi_bag2,3.733253404119125,9.342174184822019
iyaw,IMUNet,R,1,huayi,huayi_bag_test1,4.921716476429668,3.3482959195797792
iyaw,IMUNet,R,1,huayi,huayi_body_test1,2.0627720419533566,0.4083650283041921
iyaw,IMUNet,R,1,huayi,huayi_handheld1,2.177498019578039,3.433472305300811
iyaw,IMUNet,R,1,huayi,huayi_handheld2,4.305775826514102,4.28956176201868
iyaw,IMUNet,R,1,huayi,huayi_leg_front1,1.5665962961578863,2.1932113195861773
iyaw,IMUNet,R,1,huayi,huayi_leg_front2,1.1684067763683,1.8911839096579703
iyaw,IMUNet,R,1,huayi,huayi_leg_front3,1.4228247508209175,1.3698020220454272
iyaw,IMUNet,R,1,huayi,huayi_lopata1,2.407758931784589,3.1774215819851888
iyaw,IMUNet,R,1,ma,ma_bag_low2,6.498482767027018,5.387215049104369
iyaw,IMUNet,R,1,ma,ma_bag_low3,17.165849321707952,14.023863879960363
iyaw,IMUNet,R,1,ma,ma_body1,1.2426412036886674,2.3675595796658238
iyaw,IMUNet,R,1,ma,ma_body2,2.1303494638530185,3.556063877295548
iyaw,IMUNet,R,1,ma,ma_handheld1,7.954374881468369,6.257438282558686
iyaw,IMUNet,R,1,ma,ma_handheld2,2.4075388404334874,3.264291790848294
iyaw,IMUNet,R,1,ma,ma_handheld3,2.772038604536562,3.291336121495804
iyaw,IMUNet,R,1,ruixuan,ruixuan_bag1,4.669284558020672,7.035289356357371
iyaw,IMUNet,R,1,ruixuan,ruixuan_bag2,3.0823697697805432,4.210726292514324
iyaw,IMUNet,R,1,ruixuan,ruixuan_body1,2.08811088375473,1.5850088431057263
iyaw,IMUNet,R,1,ruixuan,ruixuan_body2,2.3455368780659462,1.3206091756787128
iyaw,IMUNet,R,1,ruixuan,ruixuan_handheld1,1.5418237456845036,1.4820013382471797
iyaw,IMUNet,R,1,ruixuan,ruixuan_handheld2,1.0694791905678418,0.48898991876912357
iyaw,IMUNet,R,1,ruixuan,ruixuan_leg1,1.0912121445942418,1.4696982451178646
iyaw,IMUNet,R,1,ruixuan,ruixuan_leg2,1.0611780793764798,0.7850048395367927
iyaw,IMUNet,R,1,shali,shali_bag1,4.053970694695093,3.611045290615449
iyaw,IMUNet,R,1,shali,shali_handheld1,1.431105978343451,1.4733309539841228
iyaw,IMUNet,R,1,shali,shali_leg1,1.4627947537042012,1.133708362678343
iyaw,IMUNet,R,1,tang,tang_bag1,5.480620278544201,4.442741087944911
iyaw,IMUNet,R,1,tang,tang_bag2,10.328015671554182,12.577596350838505
iyaw,IMUNet,R,1,tang,tang_body1,1.8929007751565605,2.2795653963899207
iyaw,IMUNet,R,1,tang,tang_body2,1.9131596980487398,2.0571454141264724
iyaw,IMUNet,R,1,tang,tang_handheld1,3.3710802181488724,5.8167704653170595
iyaw,IMUNet,R,1,tang,tang_handheld2,1.5435543619925076,2.4146019516631174
iyaw,IMUNet,R,1,xiaojing,xiaojing_body1,2.7827705561221037,2.393994983650208
iyaw,IMUNet,R,1,xiaojing,xiaojing_body2,2.055603496876946,2.6232366553145647
iyaw,IMUNet,R,1,xiaojing,xiaojing_handheld1,2.4922517546444425,2.177144976200096
iyaw,IMUNet,R,1,xiaojing,xiaojing_handheld2,0.9868113259779382,0.9296680695746196
iyaw,IMUNet,R,1,xiaojing,xiaojing_leg1,1.2771015059420792,1.6156532625962952
iyaw,IMUNet,R,1,yajie,yajie_bag1,8.370747833186542,9.115017553653459
iyaw,IMUNet,R,1,yajie,yajie_body1,4.898470471835585,6.01450403021806
iyaw,IMUNet,R,1,yajie,yajie_body2,2.267670477842109,4.674390486758157
iyaw,IMUNet,R,1,yajie,yajie_handheld1,3.5853932715963577,3.3535142415345467
iyaw,IMUNet,R,1,yajie,yajie_handheld2,1.6822026065758282,2.7938569985850212
iyaw,IMUNet,R,1,zhicheng,zhicheng_bag1,3.833501228707326,6.950426289345269
iyaw,IMUNet,R,1,zhicheng,zhicheng_bag2,3.7434854345942608,6.288179941620784
iyaw,IMUNet,R,1,zhicheng,zhicheng_body1,3.086115278766321,2.8747608653857553
iyaw,IMUNet,R,1,zhicheng,zhicheng_body2,1.6658165325019385,0.0587908649420149
iyaw,IMUNet,R,1,zhicheng,zhicheng_handheld1,3.9645857776739,6.249878394173571
iyaw,IMUNet,R,1,zhicheng,zhicheng_handheld2,4.157540667280541,6.122456873790348
iyaw,IMUNet,R,1,zhicheng,zhicheng_leg1,1.65841197149357,2.1062623157437628
iyaw,IMUNet,R,1,zhicheng,zhicheng_leg2,2.0051235256873103,1.178190855867401
iyaw,IMUNet,R,2,dan,dan_bag1,6.818258597811448,4.227574766746092
iyaw,IMUNet,R,2,dan,dan_bag2,3.192543698823307,1.2474490759983898
iyaw,IMUNet,R,2,dan,dan_body1,2.5849359581139084,1.7126403324240385
iyaw,IMUNet,R,2,dan,dan_body2,1.82204722959482,1.4914504567090752
iyaw,IMUNet,R,2,dan,dan_body3,1.1997984433316748,0.8976385414720428
iyaw,IMUNet,R,2,dan,dan_handheld1,1.23377892749575,0.6901184298286054
iyaw,IMUNet,R,2,dan,dan_handheld2,1.8934618422831926,2.541053458472604
iyaw,IMUNet,R,2,dan,dan_leg1,1.4281865378533984,1.7054240524089048
iyaw,IMUNet,R,2,dan,dan_leg2,0.389518813273732,0.5732694746593365
iyaw,IMUNet,R,2,hang,hang_bag_normal1,5.967512997755723,8.662595825381837
iyaw,IMUNet,R,2,hang,hang_bag_normal2,11.261786867709867,9.695113715545046
iyaw,IMUNet,R,2,hang,hang_bag_side1,3.9677023209797664,5.683403078683995
iyaw,IMUNet,R,2,hang,hang_bag_speed1,4.026038509141931,5.942420902530289
iyaw,IMUNet,R,2,hang,hang_bag_speed2,10.289816402104112,15.050944692606071
iyaw,IMUNet,R,2,hang,hang_bag_stop1,1.9674862898342005,2.287596175235764
iyaw,IMUNet,R,2,hang,hang_body_backward1,0.7606366422855939,1.2999440453166613
iyaw,IMUNet,R,2,hang,hang_body_backward2,1.415505972323507,2.1413196783286335
iyaw,IMUNet,R,2,hang,hang_body_backward3,1.743740391488181,1.6496068990154868
iyaw,IMUNet,R,2,hang,hang_body_backward4,1.2841740883596913,1.2204704086125273
iyaw,IMUNet,R,2,hang,hang_body_fast1,1.8717426151752237,3.011491803574655
iyaw,IMUNet,R,2,hang,hang_body_normal1,2.6739073566352953,4.424518599932632
iyaw,IMUNet,R,2,hang,hang_body_side1,0.6216691603053016,0.6040783058621297
iyaw,IMUNet,R,2,hang,hang_body_slow1,1.1934546746124532,1.6708408368804302
iyaw,IMUNet,R,2,hang,hang_body_stop1,0.6559578017124922,0.7469237260812261
iyaw,IMUNet,R,2,hang,hang_body_test1,1.3591312067554504,2.1192190632442545
iyaw,IMUNet,R,2,hang,hang_handheld_normal1,1.2130630327640748,2.0803926284152565
iyaw,IMUNet,R,2,hang,hang_handheld_side3,2.0140067366516305,2.354387619461771
iyaw,IMUNet,R,2,hang,hang_handheld_side4,1.9214388548897379,2.7820171711444712
iyaw,IMUNet,R,2,hang,hang_handheld_side_test2,1.7908445716822976,3.7891753054984605
iyaw,IMUNet,R,2,hang,hang_handheld_speed1,3.8158801798512942,6.352483654374629
iyaw,IMUNet,R,2,hang,hang_handheld_speed2,2.671939840045769,3.000584113475136
iyaw,IMUNet,R,2,hang,hang_handheld_test1,1.206450975824297,2.141061126779683
iyaw,IMUNet,R,2,hang,hang_leg_new1,2.823909027125391,3.9715619140183613
iyaw,IMUNet,R,2,hang,hang_leg_new2,1.7033751972573377,2.361294429471182
iyaw,IMUNet,R,2,hao,hao_bag1,2.4839240942397844,3.9544844684272604
iyaw,IMUNet,R,2,hao,hao_bag2,3.3883070379397733,6.076937670058031
iyaw,IMUNet,R,2,hao,hao_body1,2.8806971992277726,2.8431566453950174
iyaw,IMUNet,R,2,hao,hao_body2,3.1499977482535124,2.6304921787001025
iyaw,IMUNet,R,2,hao,hao_handheld1,2.882112691027184,4.5781268921437555
iyaw,IMUNet,R,2,hao,hao_handheld2,2.108166550588406,2.4546166064566477
iyaw,IMUNet,R,2,hao,hao_leg1,1.8536753291725165,1.9953990800396773
iyaw,IMUNet,R,2,hao,hao_leg2,1.1709809786872565,1.5890624695358142
iyaw,IMUNet,R,2,huayi,huayi_bag1,8.891422394464488,12.721177613576629
iyaw,IMUNet,R,2,huayi,huayi_bag2,2.482582606786384,6.12611034991216
iyaw,IMUNet,R,2,huayi,huayi_bag_test1,4.163060632250343,3.332220777306103
iyaw,IMUNet,R,2,huayi,huayi_body_test1,2.115255240415306,0.706422651511519
iyaw,IMUNet,R,2,huayi,huayi_handheld1,2.5704410008190246,3.9759101819996507
iyaw,IMUNet,R,2,huayi,huayi_handheld2,3.430037384299275,3.0816828354623405
iyaw,IMUNet,R,2,huayi,huayi_leg_front1,2.0169058210179647,1.4832965816637103
iyaw,IMUNet,R,2,huayi,huayi_leg_front2,1.5884786521156997,2.758414873622419
iyaw,IMUNet,R,2,huayi,huayi_leg_front3,2.6017858716333495,2.0896280256238495
iyaw,IMUNet,R,2,huayi,huayi_lopata1,2.1841681689573686,2.807497465343035
iyaw,IMUNet,R,2,ma,ma_bag_low2,8.65439894047782,12.768892169280099
iyaw,IMUNet,R,2,ma,ma_bag_low3,13.361729331831084,9.709854426413031
iyaw,IMUNet,R,2,ma,ma_body1,0.7419811154618714,0.902303284414027
iyaw,IMUNet,R,2,ma,ma_body2,2.0935590626393434,3.465319537730212
iyaw,IMUNet,R,2,ma,ma_handheld1,5.1106031576411,4.397652827063871
iyaw,IMUNet,R,2,ma,ma_handheld2,3.586473351250222,5.050606623081462
iyaw,IMUNet,R,2,ma,ma_handheld3,0.9190561864427705,0.750496107959108
iyaw,IMUNet,R,2,ruixuan,ruixuan_bag1,4.986639235420486,7.097915795363213
iyaw,IMUNet,R,2,ruixuan,ruixuan_bag2,3.7701011152832384,5.072188692145491
iyaw,IMUNet,R,2,ruixuan,ruixuan_body1,2.495625273841749,2.0848278768550093
iyaw,IMUNet,R,2,ruixuan,ruixuan_body2,1.4426145805134898,0.6796197512265583
iyaw,IMUNet,R,2,ruixuan,ruixuan_handheld1,1.7096489294985213,1.269526938777035
iyaw,IMUNet,R,2,ruixuan,ruixuan_handheld2,1.686997315620842,0.8801575330367594
iyaw,IMUNet,R,2,ruixuan,ruixuan_leg1,1.4037244458889553,1.8017046875242406
iyaw,IMUNet,R,2,ruixuan,ruixuan_leg2,1.255676022101808,0.8399211675851789
iyaw,IMUNet,R,2,shali,shali_bag1,3.24902889257604,4.653267193361603
iyaw,IMUNet,R,2,shali,shali_handheld1,1.9839477817529656,1.862027748292077
iyaw,IMUNet,R,2,shali,shali_leg1,1.087049070691687,1.550768810079787
iyaw,IMUNet,R,2,tang,tang_bag1,3.6942130427437188,3.179302547774321
iyaw,IMUNet,R,2,tang,tang_bag2,7.8035804596766525,9.142086065733297
iyaw,IMUNet,R,2,tang,tang_body1,2.03734378361404,2.7130890055917
iyaw,IMUNet,R,2,tang,tang_body2,1.9484816549090647,2.4520007225054647
iyaw,IMUNet,R,2,tang,tang_handheld1,2.229527119522564,3.9320623295712402
iyaw,IMUNet,R,2,tang,tang_handheld2,1.3417745412085078,1.7740758298151844
iyaw,IMUNet,R,2,xiaojing,xiaojing_body1,3.135297671382073,2.054807976109216
iyaw,IMUNet,R,2,xiaojing,xiaojing_body2,2.275748670366151,2.5523032362303897
iyaw,IMUNet,R,2,xiaojing,xiaojing_handheld1,2.2977628408428328,2.234212402682918
iyaw,IMUNet,R,2,xiaojing,xiaojing_handheld2,1.4584319961212404,0.7769176177690194
iyaw,IMUNet,R,2,xiaojing,xiaojing_leg1,1.961860342235027,2.1533830865057992
iyaw,IMUNet,R,2,yajie,yajie_bag1,8.756263351986249,9.104362856988288
iyaw,IMUNet,R,2,yajie,yajie_body1,5.3786769870677515,6.648905562391687
iyaw,IMUNet,R,2,yajie,yajie_body2,2.7287592681924044,5.52365997314842
iyaw,IMUNet,R,2,yajie,yajie_handheld1,3.4089147195465497,2.9126700564438064
iyaw,IMUNet,R,2,yajie,yajie_handheld2,2.5957250291651337,4.030193579756934
iyaw,IMUNet,R,2,zhicheng,zhicheng_bag1,6.815047811683782,9.527992257396296
iyaw,IMUNet,R,2,zhicheng,zhicheng_bag2,6.718286380879077,10.725128603355696
iyaw,IMUNet,R,2,zhicheng,zhicheng_body1,2.7985283219261357,2.8406843139168987
iyaw,IMUNet,R,2,zhicheng,zhicheng_body2,1.9394200592743727,0.6179722558557317
iyaw,IMUNet,R,2,zhicheng,zhicheng_handheld1,3.747701690749183,5.168143736844634
iyaw,IMUNet,R,2,zhicheng,zhicheng_handheld2,3.3366364995148827,4.983345137380823
iyaw,IMUNet,R,2,zhicheng,zhicheng_leg1,1.6388693891466541,2.1860049928983347
iyaw,IMUNet,R,2,zhicheng,zhicheng_leg2,1.4760958206017047,1.604747381834198
iyaw,IMUNet,R,3,dan,dan_bag1,3.66369252897527,1.9589953739952322
iyaw,IMUNet,R,3,dan,dan_bag2,2.643233786067005,1.4834386055922375
iyaw,IMUNet,R,3,dan,dan_body1,2.0724031572842665,0.6185903437655049
iyaw,IMUNet,R,3,dan,dan_body2,1.7924828654909783,1.2462526636787814
iyaw,IMUNet,R,3,dan,dan_body3,1.7124238818101312,1.7982421714738144
iyaw,IMUNet,R,3,dan,dan_handheld1,1.0777005007584082,1.5803821847605763
iyaw,IMUNet,R,3,dan,dan_handheld2,2.0067069068850945,3.425520050666545
iyaw,IMUNet,R,3,dan,dan_leg1,1.51944309826974,2.5842077657786646
iyaw,IMUNet,R,3,dan,dan_leg2,0.6357312640328583,0.7093217331153211
iyaw,IMUNet,R,3,hang,hang_bag_normal1,7.604911188187235,6.629926954867594
iyaw,IMUNet,R,3,hang,hang_bag_normal2,17.67983910242656,18.65746337619674
iyaw,IMUNet,R,3,hang,hang_bag_side1,5.287055076695318,7.7246416371734625
iyaw,IMUNet,R,3,hang,hang_bag_speed1,6.566068269682079,5.903169506344351
iyaw,IMUNet,R,3,hang,hang_bag_speed2,10.12259580065486,11.41822310813719
iyaw,IMUNet,R,3,hang,hang_bag_stop1,3.476330597059165,3.8089747895807635
iyaw,IMUNet,R,3,hang,hang_body_backward1,0.6950512250996905,0.8499832396950557
iyaw,IMUNet,R,3,hang,hang_body_backward2,1.2801032034543942,2.39000919252784
iyaw,IMUNet,R,3,hang,hang_body_backward3,1.131403986473848,0.9161043091062372
iyaw,IMUNet,R,3,hang,hang_body_backward4,0.726345399257572,1.058289996161601
iyaw,IMUNet,R,3,hang,hang_body_fast1,1.8848839424560782,1.8502173325401865
iyaw,IMUNet,R,3,hang,hang_body_normal1,2.048658918347719,3.8996650844986642
iyaw,IMUNet,R,3,hang,hang_body_side1,1.6449822444413815,2.6915317012261917
iyaw,IMUNet,R,3,hang,hang_body_slow1,0.44609842081678963,0.6059921656466677
iyaw,IMUNet,R,3,hang,hang_body_stop1,0.990272360294587,1.4494320705323125
iyaw,IMUNet,R,3,hang,hang_body_test1,2.086112318608512,4.10661959094635
iyaw,IMUNet,R,3,hang,hang_handheld_normal1,1.8169902130379254,2.787907414437399
iyaw,IMUNet,R,3,hang,hang_handheld_side3,1.878705340766002,2.335587739070328
iyaw,IMUNet,R,3,hang,hang_handheld_side4,1.8116319408824315,2.769883497927423
iyaw,IMUNet,R,3,hang,hang_handheld_side_test2,1.8269761998061964,3.7438378845713856
iyaw,IMUNet,R,3,hang,hang_handheld_speed1,3.3956819769715225,5.4398111687483075
iyaw,IMUNet,R,3,hang,hang_handheld_speed2,2.7533963398632637,3.1790697574248266
iyaw,IMUNet,R,3,hang,hang_handheld_test1,1.736409315800322,3.05551548399129
iyaw,IMUNet,R,3,hang,hang_leg_new1,3.17495461040125,3.933176555975799
iyaw,IMUNet,R,3,hang,hang_leg_new2,1.865137276947579,2.7447809859798613
iyaw,IMUNet,R,3,hao,hao_bag1,3.946173004181037,4.339739041139298
iyaw,IMUNet,R,3,hao,hao_bag2,4.779913379685236,8.347635324019807
iyaw,IMUNet,R,3,hao,hao_body1,2.5531819751421336,1.7947577077735246
iyaw,IMUNet,R,3,hao,hao_body2,2.983275172848408,1.9852180752042998
iyaw,IMUNet,R,3,hao,hao_handheld1,2.8124121734406136,4.446742128416471
iyaw,IMUNet,R,3,hao,hao_handheld2,1.7896914508391568,2.0683060521292993
iyaw,IMUNet,R,3,hao,hao_leg1,1.3792203424307603,1.8848035370314278
iyaw,IMUNet,R,3,hao,hao_leg2,0.7658688799665201,1.1063581698974105
iyaw,IMUNet,R,3,huayi,huayi_bag1,7.312759099856155,9.911548402395354
iyaw,IMUNet,R,3,huayi,huayi_bag2,3.540436431170881,8.226060229598733
iyaw,IMUNet,R,3,huayi,huayi_bag_test1,4.202761494809794,2.1154760136404054
iyaw,IMUNet,R,3,huayi,huayi_body_test1,1.515480069103248,0.6133704296449091
iyaw,IMUNet,R,3,huayi,huayi_handheld1,2.2216466093849956,3.9594374055148625
iyaw,IMUNet,R,3,huayi,huayi_handheld2,3.4819839391526277,3.5951350804816338
iyaw,IMUNet,R,3,huayi,huayi_leg_front1,1.546827528038207,1.8943224041286213
iyaw,IMUNet,R,3,huayi,huayi_leg_front2,1.4445276883484306,2.341582103250714
iyaw,IMUNet,R,3,huayi,huayi_leg_front3,1.7661179339563549,1.544076910546175
iyaw,IMUNet,R,3,huayi,huayi_lopata1,2.1839454836644725,3.7161567437235883
iyaw,IMUNet,R,3,ma,ma_bag_low2,6.357843581072924,7.383770284338278
iyaw,IMUNet,R,3,ma,ma_bag_low3,18.762588591141377,16.098274172514454
iyaw,IMUNet,R,3,ma,ma_body1,2.610314043486515,3.987187313219942
iyaw,IMUNet,R,3,ma,ma_body2,1.035550431166183,1.2576109279134526
iyaw,IMUNet,R,3,ma,ma_handheld1,6.395803803273004,4.864177227495435
iyaw,IMUNet,R,3,ma,ma_handheld2,3.0129277529312595,3.5907830814269723
iyaw,IMUNet,R,3,ma,ma_handheld3,2.625117312172496,3.541497839926359
iyaw,IMUNet,R,3,ruixuan,ruixuan_bag1,4.395626380317371,6.953673842877359
iyaw,IMUNet,R,3,ruixuan,ruixuan_bag2,5.331649511317945,6.875187953740747
iyaw,IMUNet,R,3,ruixuan,ruixuan_body1,1.8945462617899445,1.5074640255535445
iyaw,IMUNet,R,3,ruixuan,ruixuan_body2,2.836844777306997,2.344137725802139
iyaw,IMUNet,R,3,ruixuan,ruixuan_handheld1,1.5186887612033486,1.397359348395166
iyaw,IMUNet,R,3,ruixuan,ruixuan_handheld2,1.21930251457062,0.7202832317761853
iyaw,IMUNet,R,3,ruixuan,ruixuan_leg1,1.2342870724889747,1.6179236262049173
iyaw,IMUNet,R,3,ruixuan,ruixuan_leg2,0.8893664126365662,1.0737777822198362
iyaw,IMUNet,R,3,shali,shali_bag1,3.5335796981469625,3.2400434165174956
iyaw,IMUNet,R,3,shali,shali_handheld1,2.1650841299786827,2.3606006604711904
iyaw,IMUNet,R,3,shali,shali_leg1,1.1961209431350486,1.1202923186642273
iyaw,IMUNet,R,3,tang,tang_bag1,4.847589916920753,3.7333633357738556
iyaw,IMUNet,R,3,tang,tang_bag2,6.959023616414787,8.832463970808112
iyaw,IMUNet,R,3,tang,tang_body1,1.717155496800408,2.26007472680771
iyaw,IMUNet,R,3,tang,tang_body2,1.9901136928118315,2.2352872080356136
iyaw,IMUNet,R,3,tang,tang_handheld1,4.513098589933634,7.468272632662157
iyaw,IMUNet,R,3,tang,tang_handheld2,1.9624148774119767,3.0132777706978624
iyaw,IMUNet,R,3,xiaojing,xiaojing_body1,1.906791174639652,2.5931470950479736
iyaw,IMUNet,R,3,xiaojing,xiaojing_body2,1.98090372238055,1.9462359202194501
iyaw,IMUNet,R,3,xiaojing,xiaojing_handheld1,1.201034910477045,1.6474222220763064
iyaw,IMUNet,R,3,xiaojing,xiaojing_handheld2,1.0350029037930124,0.33535516740775384
iyaw,IMUNet,R,3,xiaojing,xiaojing_leg1,1.8540307100777436,2.13405465891635
iyaw,IMUNet,R,3,yajie,yajie_bag1,8.471148694129221,8.797523783869224
iyaw,IMUNet,R,3,yajie,yajie_body1,5.069283409414395,6.239861363963482
iyaw,IMUNet,R,3,yajie,yajie_body2,2.5353141552515055,5.413714726089237
iyaw,IMUNet,R,3,yajie,yajie_handheld1,3.189804593344573,2.7668810529047794
iyaw,IMUNet,R,3,yajie,yajie_handheld2,1.9345185283723634,3.0420942942370433
iyaw,IMUNet,R,3,zhicheng,zhicheng_bag1,5.155847908934268,8.99590494639741
iyaw,IMUNet,R,3,zhicheng,zhicheng_bag2,4.572580467861028,8.656749921622032
iyaw,IMUNet,R,3,zhicheng,zhicheng_body1,1.4622888075751104,2.074177324159838
iyaw,IMUNet,R,3,zhicheng,zhicheng_body2,1.489197576781087,3.1196035976388514
iyaw,IMUNet,R,3,zhicheng,zhicheng_handheld1,3.082549095045243,4.792602093436303
iyaw,IMUNet,R,3,zhicheng,zhicheng_handheld2,4.518057081418235,5.820290416329255
iyaw,IMUNet,R,3,zhicheng,zhicheng_leg1,1.883358198237012,2.3412168359425682
iyaw,IMUNet,R,3,zhicheng,zhicheng_leg2,1.5608527658072453,0.9705670462173467
iyaw,IMUNet,S,0,a000,a000_11,4.307290339280717,4.36792387310608
iyaw,IMUNet,S,0,a000,a000_7,4.490258675747956,2.8649014419186445
iyaw,IMUNet,S,0,a001,a001_2,6.609463494315847,3.2329302566128235
iyaw,IMUNet,S,0,a003,a003_3,3.795959542385409,3.1283647324887425
iyaw,IMUNet,S,0,a004,a004_3,2.8478129836471138,2.4633874861272806
iyaw,IMUNet,S,0,a005,a005_3,12.124104998769951,4.711016335690681
iyaw,IMUNet,S,0,a009,a009_1,3.4242234507428706,3.274505012167184
iyaw,IMUNet,S,0,a010,a010_2,7.11282030576232,5.734806071053865
iyaw,IMUNet,S,0,a011,a011_2,4.581657546225283,4.39506175285007
iyaw,IMUNet,S,0,a012,a012_2,5.767495224926392,3.2739344940517516
iyaw,IMUNet,S,0,a013,a013_2,6.840917232537641,3.062031840052727
iyaw,IMUNet,S,0,a014,a014_2,2.6241854838196423,1.5399154228371488
iyaw,IMUNet,S,0,a016,a016_1,4.200105879501632,2.20643337869931
iyaw,IMUNet,S,0,a017,a017_2,3.378687895427252,2.072285978383424
iyaw,IMUNet,S,0,a020,a020_2,2.6941267484600395,3.1893348446887124
iyaw,IMUNet,S,0,a021,a021_2,4.2628067880711145,2.4585647590797577
iyaw,IMUNet,S,0,a022,a022_2,3.770797604094573,4.333056798820231
iyaw,IMUNet,S,0,a023,a023_1,4.930270709970385,2.037100037570536
iyaw,IMUNet,S,0,a025,a025_2,7.968603478779446,8.237588574925281
iyaw,IMUNet,S,0,a026,a026_2,3.8472121778346953,2.6709635999479646
iyaw,IMUNet,S,0,a027,a027_2,5.992573825200105,1.9517963223823922
iyaw,IMUNet,S,0,a030,a030_3,3.61140177853733,2.005447714664281
iyaw,IMUNet,S,0,a031,a031_2,3.150152488469062,1.5662449995244219
iyaw,IMUNet,S,0,a033,a033_2,3.4234572693686074,1.6724952160178108
iyaw,IMUNet,S,0,a035,a035_3,20.672811674948335,13.328688420394561
iyaw,IMUNet,S,0,a036,a036_2,3.691287529234042,3.5747053754584384
iyaw,IMUNet,S,0,a037,a037_1,3.161895178942663,4.046147048115119
iyaw,IMUNet,S,0,a038,a038_2,1.7612486737623592,1.3006644477088862
iyaw,IMUNet,S,0,a044,a044_2,4.051461744360556,2.6315062392664412
iyaw,IMUNet,S,0,a046,a046_2,5.87990973791977,4.865745146662674
iyaw,IMUNet,S,0,a047,a047_2,3.7072022647633336,1.654123730232702
iyaw,IMUNet,S,0,a059,a059_2,4.7212514225641735,2.3790731966516097
iyaw,IMUNet,S,1,a000,a000_11,4.703490158330409,3.837514196987825
iyaw,IMUNet,S,1,a000,a000_7,1.6017102570973552,2.207645812939599
iyaw,IMUNet,S,1,a001,a001_2,7.7791188746753726,3.308921023768678
iyaw,IMUNet,S,1,a003,a003_3,2.9922601724172724,2.8412750426441327
iyaw,IMUNet,S,1,a004,a004_3,3.8109897489817683,2.580288285559941
iyaw,IMUNet,S,1,a005,a005_3,9.622335697055291,4.81860677556768
iyaw,IMUNet,S,1,a009,a009_1,3.3358629050672723,3.698402984880572
iyaw,IMUNet,S,1,a010,a010_2,5.440571461640713,5.568376170451715
iyaw,IMUNet,S,1,a011,a011_2,5.7921023255697515,5.0492933157642605
iyaw,IMUNet,S,1,a012,a012_2,7.512912945519242,3.643856436756834
iyaw,IMUNet,S,1,a013,a013_2,7.6992504449336545,2.9477876413472237
iyaw,IMUNet,S,1,a014,a014_2,2.0642589181333517,1.5435460457893564
iyaw,IMUNet,S,1,a016,a016_1,2.4708764552091247,1.3973755061172424
iyaw,IMUNet,S,1,a017,a017_2,1.7091088204510658,1.9421357040123506
iyaw,IMUNet,S,1,a020,a020_2,4.627769949309117,3.8295247104780183
iyaw,IMUNet,S,1,a021,a021_2,4.99536559739252,2.4351894138794523
iyaw,IMUNet,S,1,a022,a022_2,6.128903240553761,4.207129312706999
iyaw,IMUNet,S,1,a023,a023_1,3.2892480049649153,1.6444687923236176
iyaw,IMUNet,S,1,a025,a025_2,6.996334438630852,7.608699218912676
iyaw,IMUNet,S,1,a026,a026_2,2.3110068340720167,2.59785113318451
iyaw,IMUNet,S,1,a027,a027_2,4.346340420172395,1.9889895459337545
iyaw,IMUNet,S,1,a030,a030_3,4.4985199509454485,1.97601723494572
iyaw,IMUNet,S,1,a031,a031_2,3.506038507357569,1.6194056707847437
iyaw,IMUNet,S,1,a033,a033_2,3.0992450891029883,1.706675820637644
iyaw,IMUNet,S,1,a035,a035_3,22.591188620058755,13.254611625870385
iyaw,IMUNet,S,1,a036,a036_2,4.965188472662232,4.1242963436028415
iyaw,IMUNet,S,1,a037,a037_1,2.7120401307663933,3.9113890586230746
iyaw,IMUNet,S,1,a038,a038_2,3.053794635384613,1.5054952865555806
iyaw,IMUNet,S,1,a044,a044_2,3.0462866505057202,2.3022477959611427
iyaw,IMUNet,S,1,a046,a046_2,6.139650711385786,4.879119956206938
iyaw,IMUNet,S,1,a047,a047_2,1.34494684747688,1.5881557056655893
iyaw,IMUNet,S,1,a059,a059_2,3.990891285229888,2.1493854911896304
iyaw,IMUNet,S,2,a000,a000_11,5.114144050854745,4.2638787693472
iyaw,IMUNet,S,2,a000,a000_7,1.8249649603558076,2.0534861650575995
iyaw,IMUNet,S,2,a001,a001_2,5.655324845240828,3.0287659548948964
iyaw,IMUNet,S,2,a003,a003_3,3.68154206294744,3.0020132385876677
iyaw,IMUNet,S,2,a004,a004_3,3.4581888293518,2.5969704172318786
iyaw,IMUNet,S,2,a005,a005_3,9.966304049278508,5.350194243462614
iyaw,IMUNet,S,2,a009,a009_1,3.1660561190769676,3.4888043991432385
iyaw,IMUNet,S,2,a010,a010_2,7.3185093305868305,5.915874744243499
iyaw,IMUNet,S,2,a011,a011_2,5.884532089125097,4.83313981281428
iyaw,IMUNet,S,2,a012,a012_2,6.369603065306435,3.061600961067944
iyaw,IMUNet,S,2,a013,a013_2,7.088451390754749,3.5004992315357604
iyaw,IMUNet,S,2,a014,a014_2,2.4880284705003453,1.507979916484559
iyaw,IMUNet,S,2,a016,a016_1,3.8767265524514545,1.966066218499454
iyaw,IMUNet,S,2,a017,a017_2,4.39655053563221,2.008760315307317
iyaw,IMUNet,S,2,a020,a020_2,2.3664014424661337,3.2349486873608027
iyaw,IMUNet,S,2,a021,a021_2,5.872472215069278,2.4057462385130384
iyaw,IMUNet,S,2,a022,a022_2,5.446964280618033,4.153277193692969
iyaw,IMUNet,S,2,a023,a023_1,2.7839156969245673,1.5904363607224647
iyaw,IMUNet,S,2,a025,a025_2,4.89658094760875,7.751253360909871
iyaw,IMUNet,S,2,a026,a026_2,3.075474599326818,2.4291012004745345
iyaw,IMUNet,S,2,a027,a027_2,4.149583880875197,1.8509726346175601
iyaw,IMUNet,S,2,a030,a030_3,5.781185676794814,2.125480580199936
iyaw,IMUNet,S,2,a031,a031_2,2.1595604160135786,1.541696392518948
iyaw,IMUNet,S,2,a033,a033_2,2.325062398901365,1.6165475602741601
iyaw,IMUNet,S,2,a035,a035_3,20.51812890866092,12.814231327662394
iyaw,IMUNet,S,2,a036,a036_2,3.1651982641392564,3.6394564221213224
iyaw,IMUNet,S,2,a037,a037_1,3.1958511510191343,4.0300432926189185
iyaw,IMUNet,S,2,a038,a038_2,1.0805278800443798,1.3453133599121136
iyaw,IMUNet,S,2,a044,a044_2,7.0010473095661965,2.7657973463218095
iyaw,IMUNet,S,2,a046,a046_2,8.637062964688873,5.057065149046974
iyaw,IMUNet,S,2,a047,a047_2,1.0341518848155082,1.5112360745252256
iyaw,IMUNet,S,2,a059,a059_2,4.921378774442959,2.2327444915001
iyaw,IMUNet,S,3,a000,a000_11,3.7059538970338757,3.580451607450898
iyaw,IMUNet,S,3,a000,a000_7,2.6637571998873004,2.304358992023254
iyaw,IMUNet,S,3,a001,a001_2,7.901907604555197,3.1240361377965122
iyaw,IMUNet,S,3,a003,a003_3,4.502603727331613,2.9841044445885863
iyaw,IMUNet,S,3,a004,a004_3,2.6075766786119785,2.2617952121610405
iyaw,IMUNet,S,3,a005,a005_3,9.0038800410244,4.6648465487916075
iyaw,IMUNet,S,3,a009,a009_1,3.034851306900869,3.386818529653001
iyaw,IMUNet,S,3,a010,a010_2,5.2401395637295805,5.630261935237682
iyaw,IMUNet,S,3,a011,a011_2,5.400821405966106,5.139736043491578
iyaw,IMUNet,S,3,a012,a012_2,7.2668415065701355,3.370063123991434
iyaw,IMUNet,S,3,a013,a013_2,9.325345075947693,3.3179235281460464
iyaw,IMUNet,S,3,a014,a014_2,3.166029575560439,1.5367245181524523
iyaw,IMUNet,S,3,a016,a016_1,4.2484524147958975,2.137981492313268
iyaw,IMUNet,S,3,a017,a017_2,2.0106327106642055,1.8641399376717183
iyaw,IMUNet,S,3,a020,a020_2,2.283306134131893,3.137383023553245
iyaw,IMUNet,S,3,a021,a021_2,4.449093897334378,2.2774004984590808
iyaw,IMUNet,S,3,a022,a022_2,6.144477620528567,4.351680248037858
iyaw,IMUNet,S,3,a023,a023_1,3.939252080055099,1.7290120961835267
iyaw,IMUNet,S,3,a025,a025_2,6.336307451691153,8.143269730414248
iyaw,IMUNet,S,3,a026,a026_2,3.290112390998453,2.4281738596838567
iyaw,IMUNet,S,3,a027,a027_2,2.991387481647352,1.5755935482662835
iyaw,IMUNet,S,3,a030,a030_3,4.549414302736752,1.8907117476857254
iyaw,IMUNet,S,3,a031,a031_2,2.3394761784055715,1.5604193791362908
iyaw,IMUNet,S,3,a033,a033_2,4.4210998336014224,1.6737130269215805
iyaw,IMUNet,S,3,a035,a035_3,22.31089342032612,13.743089316385523
iyaw,IMUNet,S,3,a036,a036_2,3.2406529874965746,3.777587714697124
iyaw,IMUNet,S,3,a037,a037_1,2.884306710478177,3.9277784133519362
iyaw,IMUNet,S,3,a038,a038_2,3.4805063138895442,1.5387407822967394
iyaw,IMUNet,S,3,a044,a044_2,4.3610199057681465,2.728258550716516
iyaw,IMUNet,S,3,a046,a046_2,7.83450434933511,4.995546267238625
iyaw,IMUNet,S,3,a047,a047_2,2.491365450134742,1.5688727890483092
iyaw,IMUNet,S,3,a059,a059_2,4.016615034027026,2.034825257878246
ihn,IMUNet,U,0,a006,a006_2,4.552042120948737,3.775263562267902
ihn,IMUNet,U,0,a019,a019_3,5.52033412379561,6.266238857609624
ihn,IMUNet,U,0,a024,a024_1,4.196453075423714,3.55958701336363
ihn,IMUNet,U,0,a024,a024_3,3.688150167468467,2.832658419329193
ihn,IMUNet,U,0,a029,a029_1,5.404443448791066,7.091248551553613
ihn,IMUNet,U,0,a029,a029_2,3.06552505210019,1.938085867323026
ihn,IMUNet,U,0,a032,a032_1,6.346934948137453,7.237989356990844
ihn,IMUNet,U,0,a032,a032_3,7.733403003596146,9.98605089043355
ihn,IMUNet,U,0,a042,a042_2,4.17231679899057,3.49625153510427
ihn,IMUNet,U,0,a049,a049_1,3.575338961168274,5.63422429127009
ihn,IMUNet,U,0,a049,a049_2,2.5304456163005766,2.133336384417299
ihn,IMUNet,U,0,a049,a049_3,3.7828340218966594,3.0813675560002456
ihn,IMUNet,U,0,a050,a050_1,13.239922165244808,8.10104444684096
ihn,IMUNet,U,0,a050,a050_3,11.190663085703171,6.83771838738025
ihn,IMUNet,U,0,a051,a051_1,5.683423551544518,4.895160069368603
ihn,IMUNet,U,0,a051,a051_2,3.4593966460786656,1.1955777255931592
ihn,IMUNet,U,0,a051,a051_3,1.947111619887939,1.6356279307277746
ihn,IMUNet,U,0,a052,a052_2,6.292878637793528,8.656054228793613
ihn,IMUNet,U,0,a053,a053_1,2.232649942055541,3.3845470306282333
ihn,IMUNet,U,0,a053,a053_2,2.6736107733148033,3.485052105115066
ihn,IMUNet,U,0,a053,a053_3,3.045053676520666,3.3785736662757357
ihn,IMUNet,U,0,a054,a054_1,6.449802883839671,5.64368446647181
ihn,IMUNet,U,0,a054,a054_2,2.78295892161235,2.9079740973667363
ihn,IMUNet,U,0,a054,a054_3,8.40316851210977,4.403235053605645
ihn,IMUNet,U,0,a055,a055_2,7.541818813381954,5.90241967009136
ihn,IMUNet,U,0,a055,a055_3,12.697605134831816,7.0068307359182285
ihn,IMUNet,U,0,a057,a057_1,5.769660292703997,7.146068380050047
ihn,IMUNet,U,0,a057,a057_2,10.006561045521702,3.5742454990418016
ihn,IMUNet,U,0,a057,a057_3,11.745364037306427,4.858709074353689
ihn,IMUNet,U,0,a058,a058_1,3.8947531408001073,7.219468747694439
ihn,IMUNet,U,0,a058,a058_2,2.832972335256146,4.209583406101999
ihn,IMUNet,U,0,a058,a058_3,3.9081793367837556,5.490711069758361
ihn,IMUNet,U,1,a006,a006_2,5.22434341447265,3.6630409283039853
ihn,IMUNet,U,1,a019,a019_3,5.710117819595729,5.8518449369301715
ihn,IMUNet,U,1,a024,a024_1,3.0775749442816958,2.9771237743255456
ihn,IMUNet,U,1,a024,a024_3,3.612108384260039,2.7093611708056113
ihn,IMUNet,U,1,a029,a029_1,5.118120370819407,6.8706041266435305
ihn,IMUNet,U,1,a029,a029_2,3.4188134693614445,2.1788721046879687
ihn,IMUNet,U,1,a032,a032_1,5.613312403236881,6.444966937241054
ihn,IMUNet,U,1,a032,a032_3,9.23603996927715,9.598514978397843
ihn,IMUNet,U,1,a042,a042_2,3.732301760108562,3.4659497489934012
ihn,IMUNet,U,1,a049,a049_1,3.7880058289185374,5.858313539564349
ihn,IMUNet,U,1,a049,a049_2,2.4248758939303428,2.049464885191279
ihn,IMUNet,U,1,a049,a049_3,2.6578100454526217,2.3862049946959094
ihn,IMUNet,U,1,a050,a050_1,9.006443797438424,7.661507965251836
ihn,IMUNet,U,1,a050,a050_3,11.845113175008763,7.568011124171001
ihn,IMUNet,U,1,a051,a051_1,5.3568081655533675,4.929227398715737
ihn,IMUNet,U,1,a051,a051_2,3.276007437313409,1.2776673017732432
ihn,IMUNet,U,1,a051,a051_3,1.5317563014747404,1.4498868694878388
ihn,IMUNet,U,1,a052,a052_2,6.744989031603749,9.238079654552196
ihn,IMUNet,U,1,a053,a053_1,2.2813864403148343,3.227941454241314
ihn,IMUNet,U,1,a053,a053_2,2.5239001457245047,3.095966338165547
ihn,IMUNet,U,1,a053,a053_3,3.7888569854697876,3.08273522777909
ihn,IMUNet,U,1,a054,a054_1,4.793345846983498,4.974386800490432
ihn,IMUNet,U,1,a054,a054_2,2.6371454362388977,2.8118179368980853
ihn,IMUNet,U,1,a054,a054_3,6.7971727741085095,4.250542937843581
ihn,IMUNet,U,1,a055,a055_2,10.370246671547921,7.326200114760804
ihn,IMUNet,U,1,a055,a055_3,14.706756546723856,7.060360141063544
ihn,IMUNet,U,1,a057,a057_1,7.251826404908744,8.05949706653827
ihn,IMUNet,U,1,a057,a057_2,8.448004147217508,3.727399973555547
ihn,IMUNet,U,1,a057,a057_3,10.578924966816116,4.829066001520912
ihn,IMUNet,U,1,a058,a058_1,4.174339016031961,8.068142629829604
ihn,IMUNet,U,1,a058,a058_2,2.74078422331591,3.5418828466990453
ihn,IMUNet,U,1,a058,a058_3,3.2040649250325814,4.92894649217363
ihn,IMUNet,U,2,a006,a006_2,5.843504176635217,3.793257077374676
ihn,IMUNet,U,2,a019,a019_3,6.1470461409305015,5.984932815137211
ihn,IMUNet,U,2,a024,a024_1,3.3048751019018314,3.246453119789286
ihn,IMUNet,U,2,a024,a024_3,3.77892287537437,2.9699635848936072
ihn,IMUNet,U,2,a029,a029_1,5.303708263766687,7.179110446631438
ihn,IMUNet,U,2,a029,a029_2,3.5822060647151277,1.9079714176984859
ihn,IMUNet,U,2,a032,a032_1,6.105343904957736,7.409367160052127
ihn,IMUNet,U,2,a032,a032_3,7.531823784094441,10.583487883298009
ihn,IMUNet,U,2,a042,a042_2,3.751395845266439,3.077871864042712
ihn,IMUNet,U,2,a049,a049_1,3.7777248813140423,5.7667573848160325
ihn,IMUNet,U,2,a049,a049_2,2.0187282478280517,2.10645260949422
ihn,IMUNet,U,2,a049,a049_3,3.0724499505650487,3.0546710178010428
ihn,IMUNet,U,2,a050,a050_1,13.190334075356251,8.166848690731467
ihn,IMUNet,U,2,a050,a050_3,11.583447367092907,6.9995380729753895
ihn,IMUNet,U,2,a051,a051_1,5.8268601678373635,5.060402306830915
ihn,IMUNet,U,2,a051,a051_2,3.088678230984665,1.3071791606858187
ihn,IMUNet,U,2,a051,a051_3,1.5331312001295636,1.2867993942612037
ihn,IMUNet,U,2,a052,a052_2,6.840964406684947,8.51774790033989
ihn,IMUNet,U,2,a053,a053_1,2.312505496074761,3.2524985327984948
ihn,IMUNet,U,2,a053,a053_2,4.25595118263904,3.3145072584410817
ihn,IMUNet,U,2,a053,a053_3,4.394957350114946,3.306764726227414
ihn,IMUNet,U,2,a054,a054_1,5.574264776929927,4.991383282194027
ihn,IMUNet,U,2,a054,a054_2,2.3945433150778737,2.855991030523699
ihn,IMUNet,U,2,a054,a054_3,6.947709989067097,4.193986620148509
ihn,IMUNet,U,2,a055,a055_2,7.459419801298753,6.0176652706686315
ihn,IMUNet,U,2,a055,a055_3,10.02044297946795,6.795778541786479
ihn,IMUNet,U,2,a057,a057_1,6.586255721219459,7.798654164370573
ihn,IMUNet,U,2,a057,a057_2,9.693290295983209,3.759400319082305
ihn,IMUNet,U,2,a057,a057_3,11.688047670990821,5.190407531307031
ihn,IMUNet,U,2,a058,a058_1,4.560248775227954,7.388421651961555
ihn,IMUNet,U,2,a058,a058_2,2.892815657094035,4.031213450161434
ihn,IMUNet,U,2,a058,a058_3,3.3214933601564365,5.30513848813414
ihn,IMUNet,U,3,a006,a006_2,5.322995922381789,3.743490367799234
ihn,IMUNet,U,3,a019,a019_3,4.998191822972824,5.776764361714416
ihn,IMUNet,U,3,a024,a024_1,2.7801178356377885,3.1004384354433903
ihn,IMUNet,U,3,a024,a024_3,4.216582058908788,2.9814338262195674
ihn,IMUNet,U,3,a029,a029_1,4.923668849777246,6.691754027707901
ihn,IMUNet,U,3,a029,a029_2,2.444682384966,2.013161217475137
ihn,IMUNet,U,3,a032,a032_1,5.964803751029727,7.423129636736267
ihn,IMUNet,U,3,a032,a032_3,8.827953689677157,12.043315586563542
ihn,IMUNet,U,3,a042,a042_2,3.4282451520269674,3.8611276068977514
ihn,IMUNet,U,3,a049,a049_1,4.104887595175976,6.288318542724778
ihn,IMUNet,U,3,a049,a049_2,2.4647886483706887,2.0586298922066653
ihn,IMUNet,U,3,a049,a049_3,3.7656121426829183,2.946664429537633
ihn,IMUNet,U,3,a050,a050_1,12.44664454587351,7.759701058306837
ihn,IMUNet,U,3,a050,a050_3,11.479307361644176,7.007849456906506
ihn,IMUNet,U,3,a051,a051_1,5.681892499089293,4.961099673080835
ihn,IMUNet,U,3,a051,a051_2,3.9340174008983837,1.5021276107794204
ihn,IMUNet,U,3,a051,a051_3,1.1024129079739267,1.1501627352619728
ihn,IMUNet,U,3,a052,a052_2,7.072362505666403,8.908742867583722
ihn,IMUNet,U,3,a053,a053_1,2.257868034783935,3.507230133647073
ihn,IMUNet,U,3,a053,a053_2,3.2482351648350845,2.6510620165663465
ihn,IMUNet,U,3,a053,a053_3,4.533411748323776,2.67334555668716
ihn,IMUNet,U,3,a054,a054_1,6.3949920588153795,5.18090770884046
ihn,IMUNet,U,3,a054,a054_2,2.9947140339100184,3.221467480213774
ihn,IMUNet,U,3,a054,a054_3,7.908625482578162,4.554103463389944
ihn,IMUNet,U,3,a055,a055_2,7.3484638345549405,5.636295759104161
ihn,IMUNet,U,3,a055,a055_3,12.545746614089653,6.835043816889456
ihn,IMUNet,U,3,a057,a057_1,6.73528918894057,7.992204478850457
ihn,IMUNet,U,3,a057,a057_2,7.248518717618571,3.4911924751354206
ihn,IMUNet,U,3,a057,a057_3,9.622065627315148,4.660222234151482
ihn,IMUNet,U,3,a058,a058_1,4.121686715905764,7.63372805184222
ihn,IMUNet,U,3,a058,a058_2,2.806571764443552,4.112775693515912
ihn,IMUNet,U,3,a058,a058_3,3.482790522785321,5.444806337327838
ihn,IMUNet,R,0,dan,dan_bag1,6.835505551568716,2.680538682181422
ihn,IMUNet,R,0,dan,dan_bag2,3.7633454679744216,1.3280608563821767
ihn,IMUNet,R,0,dan,dan_body1,1.9990335178922531,0.434684595712706
ihn,IMUNet,R,0,dan,dan_body2,2.1690051805096813,1.5504611323256172
ihn,IMUNet,R,0,dan,dan_body3,1.3317293106970463,1.358997622124024
ihn,IMUNet,R,0,dan,dan_handheld1,0.9442980850501852,1.1313395089404914
ihn,IMUNet,R,0,dan,dan_handheld2,2.748324803147812,2.2449595906301427
ihn,IMUNet,R,0,dan,dan_leg1,1.4098380274985363,1.8571518933917945
ihn,IMUNet,R,0,dan,dan_leg2,0.5497174472872616,0.9138078445559804
ihn,IMUNet,R,0,hang,hang_bag_normal1,4.396768139207875,7.127669784602482
ihn,IMUNet,R,0,hang,hang_bag_normal2,8.602585699741017,8.603215259246165
ihn,IMUNet,R,0,hang,hang_bag_side1,7.29211292057905,10.491073778732718
ihn,IMUNet,R,0,hang,hang_bag_speed1,6.667048163804144,10.04753579337961
ihn,IMUNet,R,0,hang,hang_bag_speed2,10.840741311994227,15.740161029556612
ihn,IMUNet,R,0,hang,hang_bag_stop1,2.4450900272840643,2.853555886212152
ihn,IMUNet,R,0,hang,hang_body_backward1,1.312361356254787,1.6366406368916577
ihn,IMUNet,R,0,hang,hang_body_backward2,2.0477815194128786,3.3991611055192115
ihn,IMUNet,R,0,hang,hang_body_backward3,1.7847142340153324,0.9244496720447885
ihn,IMUNet,R,0,hang,hang_body_backward4,1.676598751394116,0.9599166407329499
ihn,IMUNet,R,0,hang,hang_body_fast1,1.8276896626081807,1.4367890609657286
ihn,IMUNet,R,0,hang,hang_body_normal1,2.017177430853584,2.8438387775649945
ihn,IMUNet,R,0,hang,hang_body_side1,1.1252340363959836,1.7294951066157822
ihn,IMUNet,R,0,hang,hang_body_slow1,0.6013375671144824,0.4564190044587748
ihn,IMUNet,R,0,hang,hang_body_stop1,0.8311516695427076,1.2782793149571714
ihn,IMUNet,R,0,hang,hang_body_test1,1.9965006602505404,2.947156989878701
ihn,IMUNet,R,0,hang,hang_handheld_normal1,1.4264994764298025,2.055362588016017
ihn,IMUNet,R,0,hang,hang_handheld_side3,2.251427086769331,3.8473311725507076
ihn,IMUNet,R,0,hang,hang_handheld_side4,2.3630548543897554,3.5552279012693986
ihn,IMUNet,R,0,hang,hang_handheld_side_test2,2.615102536673986,5.848347553538807
ihn,IMUNet,R,0,hang,hang_handheld_speed1,3.863838234709327,5.6917534176280125
ihn,IMUNet,R,0,hang,hang_handheld_speed2,4.220242212030156,4.629342362342009
ihn,IMUNet,R,0,hang,hang_handheld_test1,2.307105330737063,3.2688230697272918
ihn,IMUNet,R,0,hang,hang_leg_new1,2.223606590055246,3.467138362773813
ihn,IMUNet,R,0,hang,hang_leg_new2,1.6185133354475,2.2376729784920877
ihn,IMUNet,R,0,hao,hao_bag1,2.6259490290538325,4.334354827576536
ihn,IMUNet,R,0,hao,hao_bag2,6.057000609980413,10.853711812426253
ihn,IMUNet,R,0,hao,hao_body1,2.162917099362609,1.857502684395804
ihn,IMUNet,R,0,hao,hao_body2,2.3576955696053226,2.949109168060424
ihn,IMUNet,R,0,hao,hao_handheld1,2.383570895896387,4.071054724126866
ihn,IMUNet,R,0,hao,hao_handheld2,2.208684235509246,2.885525062795436
ihn,IMUNet,R,0,hao,hao_leg1,1.4113200471766036,1.986994116637831
ihn,IMUNet,R,0,hao,hao_leg2,0.35301916623909413,0.5809301698998862
ihn,IMUNet,R,0,huayi,huayi_bag1,8.103629293589854,11.607785665233573
ihn,IMUNet,R,0,huayi,huayi_bag2,3.5107149606832317,8.492498070636586
ihn,IMUNet,R,0,huayi,huayi_bag_test1,4.628049862675328,1.7981912693887059
ihn,IMUNet,R,0,huayi,huayi_body_test1,2.065494069762343,0.482005795533155
ihn,IMUNet,R,0,huayi,huayi_handheld1,2.1313957229461638,3.8983775809671384
ihn,IMUNet,R,0,huayi,huayi_handheld2,2.5631884628890127,3.1577721658430953
ihn,IMUNet,R,0,huayi,huayi_leg_front1,1.4545584236915137,1.9098576564297496
ihn,IMUNet,R,0,huayi,huayi_leg_front2,1.397623576677223,1.7317677238841225
ihn,IMUNet,R,0,huayi,huayi_leg_front3,1.420982047191627,1.6301320810297464
ihn,IMUNet,R,0,huayi,huayi_lopata1,1.9543766134566973,3.1728496093441705
ihn,IMUNet,R,0,ma,ma_bag_low2,8.046344328098147,9.109197330740727
ihn,IMUNet,R,0,ma,ma_bag_low3,11.283281896121707,8.517728811360088
ihn,IMUNet,R,0,ma,ma_body1,1.3737862171467308,0.999029447008527
ihn,IMUNet,R,0,ma,ma_body2,1.912665797578766,3.0400517324945797
ihn,IMUNet,R,0,ma,ma_handheld1,5.660364124390571,4.831899117204768
ihn,IMUNet,R,0,ma,ma_handheld2,2.561545560029865,3.4702291325326047
ihn,IMUNet,R,0,ma,ma_handheld3,2.0954174182550527,1.9951859668098917
ihn,IMUNet,R,0,ruixuan,ruixuan_bag1,3.644973368378479,5.764502034393489
ihn,IMUNet,R,0,ruixuan,ruixuan_bag2,1.9290213939140985,3.2795399839735757
ihn,IMUNet,R,0,ruixuan,ruixuan_body1,1.3425653253580183,1.4234916422718689
ihn,IMUNet,R,0,ruixuan,ruixuan_body2,1.9104369882668213,0.8492297674165751
ihn,IMUNet,R,0,ruixuan,ruixuan_handheld1,1.2506347490384628,1.2012873213857176
ihn,IMUNet,R,0,ruixuan,ruixuan_handheld2,1.5062352615185153,1.1543609707265472
ihn,IMUNet,R,0,ruixuan,ruixuan_leg1,1.2653944797584598,1.3589381520077282
ihn,IMUNet,R,0,ruixuan,ruixuan_leg2,0.7201049159195736,0.7530363766120769
ihn,IMUNet,R,0,shali,shali_bag1,3.741908132706253,3.177191062069519
ihn,IMUNet,R,0,shali,shali_handheld1,1.4844888444251505,1.8970557560863808
ihn,IMUNet,R,0,shali,shali_leg1,0.9304992737055853,0.5823970301775971
ihn,IMUNet,R,0,tang,tang_bag1,4.342924132498182,4.683291389029808
ihn,IMUNet,R,0,tang,tang_bag2,6.866783846888486,8.90665131106627
ihn,IMUNet,R,0,tang,tang_body1,2.7809830193563174,2.6037835083115817
ihn,IMUNet,R,0,tang,tang_body2,1.5564940069437756,0.79254787657965
ihn,IMUNet,R,0,tang,tang_handheld1,3.4218515165055168,6.116021099631572
ihn,IMUNet,R,0,tang,tang_handheld2,1.7589137216565849,2.509435498463195
ihn,IMUNet,R,0,xiaojing,xiaojing_body1,1.5763603402705946,1.475475924719615
ihn,IMUNet,R,0,xiaojing,xiaojing_body2,2.1443620184654844,2.3290327010614185
ihn,IMUNet,R,0,xiaojing,xiaojing_handheld1,2.278480862346274,2.2247248802451716
ihn,IMUNet,R,0,xiaojing,xiaojing_handheld2,1.6299643941059891,1.267911606932655
ihn,IMUNet,R,0,xiaojing,xiaojing_leg1,1.4506911144700843,1.7223944008934542
ihn,IMUNet,R,0,yajie,yajie_bag1,9.140841959252421,9.542706130214004
ihn,IMUNet,R,0,yajie,yajie_body1,6.131337295075872,7.337271433910333
ihn,IMUNet,R,0,yajie,yajie_body2,3.157301680718389,6.562058238426266
ihn,IMUNet,R,0,yajie,yajie_handheld1,3.417504782625163,2.4160692648963877
ihn,IMUNet,R,0,yajie,yajie_handheld2,2.4103432525567188,4.080955314939262
ihn,IMUNet,R,0,zhicheng,zhicheng_bag1,5.705548151048124,8.482089410659215
ihn,IMUNet,R,0,zhicheng,zhicheng_bag2,6.585049214486763,11.013436656555168
ihn,IMUNet,R,0,zhicheng,zhicheng_body1,1.9603058304261125,1.8062509219793517
ihn,IMUNet,R,0,zhicheng,zhicheng_body2,2.1999596457923607,0.5503427321271877
ihn,IMUNet,R,0,zhicheng,zhicheng_handheld1,4.3852344431111066,6.689856582847841
ihn,IMUNet,R,0,zhicheng,zhicheng_handheld2,6.058134438929374,8.90658400689141
ihn,IMUNet,R,0,zhicheng,zhicheng_leg1,1.4673735736913425,1.978371451672571
ihn,IMUNet,R,0,zhicheng,zhicheng_leg2,1.7071790510588343,1.2368465762140586
ihn,IMUNet,R,1,dan,dan_bag1,8.43143325863069,3.3312089396779045
ihn,IMUNet,R,1,dan,dan_bag2,4.318323337108504,1.7299574690968516
ihn,IMUNet,R,1,dan,dan_body1,2.596250963680521,1.1107100129915435
ihn,IMUNet,R,1,dan,dan_body2,2.234763456932908,1.771387072524292
ihn,IMUNet,R,1,dan,dan_body3,1.4227056541798528,0.7753672442799225
ihn,IMUNet,R,1,dan,dan_handheld1,1.0647463110024111,1.2251505618152603
ihn,IMUNet,R,1,dan,dan_handheld2,2.168848824467686,2.0378405377808333
ihn,IMUNet,R,1,dan,dan_leg1,1.6194993203147063,1.9141225013507925
ihn,IMUNet,R,1,dan,dan_leg2,0.6631943303868076,1.1448696530147326
ihn,IMUNet,R,1,hang,hang_bag_normal1,5.5594070942821245,8.695283776356062
ihn,IMUNet,R,1,hang,hang_bag_normal2,8.282876678539106,9.373919163756772
ihn,IMUNet,R,1,hang,hang_bag_side1,5.843666726280533,8.53456103136785
ihn,IMUNet,R,1,hang,hang_bag_speed1,6.080283149020598,6.863751307253562
ihn,IMUNet,R,1,hang,hang_bag_speed2,7.9715523450338095,11.776732811555114
ihn,IMUNet,R,1,hang,hang_bag_stop1,1.8660133215107453,2.5583580615564734
ihn,IMUNet,R,1,hang,hang_body_backward1,1.5295613130904904,1.2001737264865473
ihn,IMUNet,R,1,hang,hang_body_backward2,1.5891700090693532,2.9707749205200105
ihn,IMUNet,R,1,hang,hang_body_backward3,1.9190570488621135,1.0204884396885312
ihn,IMUNet,R,1,hang,hang_body_backward4,1.3166182111586964,1.0417325653347387
ihn,IMUNet,R,1,hang,hang_body_fast1,1.9751234500856116,1.9054033175507323
ihn,IMUNet,R,1,hang,hang_body_normal1,1.823735465338675,2.4299401038248387
ihn,IMUNet,R,1,hang,hang_body_side1,1.2777376196234425,1.8038879004858
ihn,IMUNet,R,1,hang,hang_body_slow1,0.6969047614553223,0.3927671545578144
ihn,IMUNet,R,1,hang,hang_body_stop1,0.7008668052211725,1.0001715448347368
ihn,IMUNet,R,1,hang,hang_body_test1,1.8797316971327813,2.982770639596875
ihn,IMUNet,R,1,hang,hang_handheld_normal1,2.3658747402019698,3.6177158135046175
ihn,IMUNet,R,1,hang,hang_handheld_side3,1.9475094473723824,2.9328344331082588
ihn,IMUNet,R,1,hang,hang_handheld_side4,1.7408731419421815,2.3669723719809763
ihn,IMUNet,R,1,hang,hang_handheld_side_test2,3.1173751299032526,6.54323888292297
ihn,IMUNet,R,1,hang,hang_handheld_speed1,3.2392809036763195,5.067939285211916
ihn,IMUNet,R,1,hang,hang_handheld_speed2,4.656543666183924,6.366433945538437
ihn,IMUNet,R,1,hang,hang_handheld_test1,1.3204150983621232,2.2163712103046596
ihn,IMUNet,R,1,hang,hang_leg_new1,2.6373351198774406,3.7961190315324758
ihn,IMUNet,R,1,hang,hang_leg_new2,2.0125250814094584,2.599581417444904
ihn,IMUNet,R,1,hao,hao_bag1,3.3542446604675247,5.397429403296782
ihn,IMUNet,R,1,hao,hao_bag2,6.462039227569745,11.385162397911717
ihn,IMUNet,R,1,hao,hao_body1,2.2700483655193544,1.9793295201864458
ihn,IMUNet,R,1,hao,hao_body2,2.3841147384075656,2.285764155145124
ihn,IMUNet,R,1,hao,hao_handheld1,2.99681656209604,4.291427808637033
ihn,IMUNet,R,1,hao,hao_handheld2,2.1426636625188675,2.6169609584711395
ihn,IMUNet,R,1,hao,hao_leg1,1.3258612300096349,1.8275069641806936
ihn,IMUNet,R,1,hao,hao_leg2,0.5562124851947962,0.7486896870590083
ihn,IMUNet,R,1,huayi,huayi_bag1,10.736383992272135,15.040753003190856
ihn,IMUNet,R,1,huayi,huayi_bag2,2.9757151737302534,7.266441776750792
ihn,IMUNet,R,1,huayi,huayi_bag_test1,4.661057166648852,3.821121528760746
ihn,IMUNet,R,1,huayi,huayi_body_test1,1.8901726828035756,0.8723671447593776
ihn,IMUNet,R,1,huayi,huayi_handheld1,2.1358209854244556,3.185759774976394
ihn,IMUNet,R,1,huayi,huayi_handheld2,2.8346295431057804,2.9306623000032106
ihn,IMUNet,R,1,huayi,huayi_leg_front1,1.3875788281594548,2.01145444857094
ihn,IMUNet,R,1,huayi,huayi_leg_front2,1.714435056627687,1.5529050050799844
ihn,IMUNet,R,1,huayi,huayi_leg_front3,1.8450093221495911,1.8364606191603365
ihn,IMUNet,R,1,huayi,huayi_lopata1,2.0137956972458664,3.2688561916544225
ihn,IMUNet,R,1,ma,ma_bag_low2,7.884828844569451,8.406332048305975
ihn,IMUNet,R,1,ma,ma_bag_low3,12.47501706972719,9.378272462151562
ihn,IMUNet,R,1,ma,ma_body1,1.27534858393163,1.6830152050790819
ihn,IMUNet,R,1,ma,ma_body2,2.1339962869701625,3.44028602200049
ihn,IMUNet,R,1,ma,ma_handheld1,6.636069984241136,5.269194050090572
ihn,IMUNet,R,1,ma,ma_handheld2,2.6320235584463,3.2101793841074118
ihn,IMUNet,R,1,ma,ma_handheld3,2.083640307179605,2.27553525365441
ihn,IMUNet,R,1,ruixuan,ruixuan_bag1,4.807678756593213,7.3437495804575015
ihn,IMUNet,R,1,ruixuan,ruixuan_bag2,4.088203782946584,5.931275165654027
ihn,IMUNet,R,1,ruixuan,ruixuan_body1,1.3175106474918816,1.4301538520992454
ihn,IMUNet,R,1,ruixuan,ruixuan_body2,2.2740984631731447,1.118947705192111
ihn,IMUNet,R,1,ruixuan,ruixuan_handheld1,1.2586514305608452,1.3221866190129077
ihn,IMUNet,R,1,ruixuan,ruixuan_handheld2,1.1667316902746534,0.68083707731523
ihn,IMUNet,R,1,ruixuan,ruixuan_leg1,1.2818377440045374,1.389387614664979
ihn,IMUNet,R,1,ruixuan,ruixuan_leg2,0.6755417940525418,0.7550148788232074
ihn,IMUNet,R,1,shali,shali_bag1,4.005864126895372,2.828670944643264
ihn,IMUNet,R,1,shali,shali_handheld1,1.4504361811119957,1.6991968871164578
ihn,IMUNet,R,1,shali,shali_leg1,1.352573435185429,1.1144387401306652
ihn,IMUNet,R,1,tang,tang_bag1,5.788648725991161,7.536020575309201
ihn,IMUNet,R,1,tang,tang_bag2,8.20766005152178,9.164341194187209
ihn,IMUNet,R,1,tang,tang_body1,2.472985310225022,2.2541829804338316
ihn,IMUNet,R,1,tang,tang_body2,1.2095516457994717,0.8965520762316498
ihn,IMUNet,R,1,tang,tang_handheld1,3.114609207962937,5.352603958974001
ihn,IMUNet,R,1,tang,tang_handheld2,1.941994225669217,3.0536134474472494
ihn,IMUNet,R,1,xiaojing,xiaojing_body1,1.4576808061757187,1.4133442049068141
ihn,IMUNet,R,1,xiaojing,xiaojing_body2,2.6039467044822384,2.5624368718646515
ihn,IMUNet,R,1,xiaojing,xiaojing_handheld1,2.2047067646202856,2.2911228027722492
ihn,IMUNet,R,1,xiaojing,xiaojing_handheld2,0.957574927298021,0.2621085075931085
ihn,IMUNet,R,1,xiaojing,xiaojing_leg1,0.8024617091961581,1.1873483249331376
ihn,IMUNet,R,1,yajie,yajie_bag1,8.701492097914864,8.988223261119394
ihn,IMUNet,R,1,yajie,yajie_body1,6.111662244180896,7.304303618134648
ihn,IMUNet,R,1,yajie,yajie_body2,3.4482054340514323,7.43166061798245
ihn,IMUNet,R,1,yajie,yajie_handheld1,3.390642038566364,3.1533376050811293
ihn,IMUNet,R,1,yajie,yajie_handheld2,4.472733938319739,6.124256679966516
ihn,IMUNet,R,1,zhicheng,zhicheng_bag1,6.1240646589299175,9.398565399040706
ihn,IMUNet,R,1,zhicheng,zhicheng_bag2,5.8279822372946954,11.029575376842654
ihn,IMUNet,R,1,zhicheng,zhicheng_body1,2.2787101592518533,2.3732333770959237
ihn,IMUNet,R,1,zhicheng,zhicheng_body2,1.7389534158433448,1.066916754657288
ihn,IMUNet,R,1,zhicheng,zhicheng_handheld1,4.1427686731540785,6.4188139865323235
ihn,IMUNet,R,1,zhicheng,zhicheng_handheld2,5.416120091877822,8.100024644854132
ihn,IMUNet,R,1,zhicheng,zhicheng_leg1,1.5811419217372367,2.0612965761219653
ihn,IMUNet,R,1,zhicheng,zhicheng_leg2,1.796186188117316,1.3304595901537941
ihn,IMUNet,R,2,dan,dan_bag1,6.795466762245155,2.1612365840982175
ihn,IMUNet,R,2,dan,dan_bag2,5.519231373972801,2.7344483646821347
ihn,IMUNet,R,2,dan,dan_body1,2.3454857434559853,1.211112530275275
ihn,IMUNet,R,2,dan,dan_body2,1.8501174950685277,1.5526411775191944
ihn,IMUNet,R,2,dan,dan_body3,1.110402881044765,0.9237156197868153
ihn,IMUNet,R,2,dan,dan_handheld1,1.0272401239202995,1.0624334965111488
ihn,IMUNet,R,2,dan,dan_handheld2,2.020088530310825,2.4103060135312555
ihn,IMUNet,R,2,dan,dan_leg1,1.3284785147130596,1.9029246200577372
ihn,IMUNet,R,2,dan,dan_leg2,0.5739766792220684,0.9352862321380598
ihn,IMUNet,R,2,hang,hang_bag_normal1,4.474443945380883,7.956516361006149
ihn,IMUNet,R,2,hang,hang_bag_normal2,11.251661835897405,11.896614499579307
ihn,IMUNet,R,2,hang,hang_bag_side1,5.999510864710023,8.47662783573809
ihn,IMUNet,R,2,hang,hang_bag_speed1,5.513333956241711,7.676842512593867
ihn,IMUNet,R,2,hang,hang_bag_speed2,7.569407624479325,10.934626447634807
ihn,IMUNet,R,2,hang,hang_bag_stop1,2.8198643111660906,3.5126819579945376
ihn,IMUNet,R,2,hang,hang_body_backward1,1.4140485538085703,0.9642564303515285
ihn,IMUNet,R,2,hang,hang_body_backward2,2.180102644695992,3.6438343759723253
ihn,IMUNet,R,2,hang,hang_body_backward3,1.7320615547060756,1.1095538747523876
ihn,IMUNet,R,2,hang,hang_body_backward4,1.136392742415682,1.043360564253633
ihn,IMUNet,R,2,hang,hang_body_fast1,1.7516594844144353,1.7854402653919956
ihn,IMUNet,R,2,hang,hang_body_normal1,1.4185639349372363,1.8370511659213653
ihn,IMUNet,R,2,hang,hang_body_side1,0.9946269099928341,1.5310669668343653
ihn,IMUNet,R,2,hang,hang_body_slow1,0.5831275213876836,0.9219606189202961
ihn,IMUNet,R,2,hang,hang_body_stop1,0.6854994477994142,0.7853215545769021
ihn,IMUNet,R,2,hang,hang_body_test1,1.757383214966781,2.854355842358136
ihn,IMUNet,R,2,hang,hang_handheld_normal1,2.384019206809646,2.48817470852343
ihn,IMUNet,R,2,hang,hang_handheld_side3,1.8745719839965487,1.902871237510227
ihn,IMUNet,R,2,hang,hang_handheld_side4,1.8554819245807357,2.415584622082621
ihn,IMUNet,R,2,hang,hang_handheld_side_test2,1.855272414177402,3.96753195549
ihn,IMUNet,R,2,hang,hang_handheld_speed1,3.892706586270955,6.226601540859848
ihn,IMUNet,R,2,hang,hang_handheld_speed2,5.239668382464445,6.211891642473505
ihn,IMUNet,R,2,hang,hang_handheld_test1,1.4764994156974178,2.4938927524634695
ihn,IMUNet,R,2,hang,hang_leg_new1,2.5533098580816143,3.7864753064023153
ihn,IMUNet,R,2,hang,hang_leg_new2,1.9048177522752074,2.4945739536218126
ihn,IMUNet,R,2,hao,hao_bag1,2.65637620794223,3.8932789661282348
ihn,IMUNet,R,2,hao,hao_bag2,8.94196203180901,14.8334268460127
ihn,IMUNet,R,2,hao,hao_body1,1.9590321564454332,1.832024077276768
ihn,IMUNet,R,2,hao,hao_body2,2.730727918408053,3.465708323040547
ihn,IMUNet,R,2,hao,hao_handheld1,2.7277963113971007,4.449878769532694
ihn,IMUNet,R,2,hao,hao_handheld2,1.7835103241467598,2.119282649459329
ihn,IMUNet,R,2,hao,hao_leg1,1.2756562672651575,1.8082373402387353
ihn,IMUNet,R,2,hao,hao_leg2,0.3544031213768306,0.5392513904287994
ihn,IMUNet,R,2,huayi,huayi_bag1,8.046548253357315,11.80406669711279
ihn,IMUNet,R,2,huayi,huayi_bag2,3.050610599238465,7.865237698117491
ihn,IMUNet,R,2,huayi,huayi_bag_test1,3.6829928132256278,0.9764761901259932
ihn,IMUNet,R,2,huayi,huayi_body_test1,1.7057691119789176,0.21740217807432113
ihn,IMUNet,R,2,huayi,huayi_handheld1,1.8110544268821618,3.0280185477698085
ihn,IMUNet,R,2,huayi,huayi_handheld2,1.7410654971017763,2.5209705567238396
ihn,IMUNet,R,2,huayi,huayi_leg_front1,1.8863595133332312,2.023449343464565
ihn,IMUNet,R,2,huayi,huayi_leg_front2,1.3113366995545497,1.8389772288815214
ihn,IMUNet,R,2,huayi,huayi_leg_front3,1.7448140805963888,1.7686627164302442
ihn,IMUNet,R,2,huayi,huayi_lopata1,1.7306038620450082,2.788156191624372
ihn,IMUNet,R,2,ma,ma_bag_low2,8.716468159188182,8.875436173946389
ihn,IMUNet,R,2,ma,ma_bag_low3,10.544242501341516,7.776238723280692
ihn,IMUNet,R,2,ma,ma_body1,1.2075364301332392,1.3477293453598236
ihn,IMUNet,R,2,ma,ma_body2,2.3356080036341615,3.920996662694101
ihn,IMUNet,R,2,ma,ma_handheld1,7.466808778725503,5.606486859873725
ihn,IMUNet,R,2,ma,ma_handheld2,2.3621278047078547,3.490979429332294
ihn,IMUNet,R,2,ma,ma_handheld3,1.5081989505200202,1.5066502055598976
ihn,IMUNet,R,2,ruixuan,ruixuan_bag1,4.4225040433770175,6.728199265404213
ihn,IMUNet,R,2,ruixuan,ruixuan_bag2,3.1117066615967928,4.72009198934008
ihn,IMUNet,R,2,ruixuan,ruixuan_body1,1.137378730233644,1.298570323346247
ihn,IMUNet,R,2,ruixuan,ruixuan_body2,1.9997393016437022,1.264786815745775
ihn,IMUNet,R,2,ruixuan,ruixuan_handheld1,1.5873138445669448,1.4528097546244128
ihn,IMUNet,R,2,ruixuan,ruixuan_handheld2,1.4290161321873625,1.066470863739066
ihn,IMUNet,R,2,ruixuan,ruixuan_leg1,1.2974067581677895,1.419710619161798
ihn,IMUNet,R,2,ruixuan,ruixuan_leg2,1.1496238313329508,0.8057631324876701
ihn,IMUNet,R,2,shali,shali_bag1,3.296852470649259,2.923823262199071
ihn,IMUNet,R,2,shali,shali_handheld1,1.0709092036311683,1.1863562831182204
ihn,IMUNet,R,2,shali,shali_leg1,1.1565492433468418,0.768714499900198
ihn,IMUNet,R,2,tang,tang_bag1,4.022203089614114,2.2325621474991024
ihn,IMUNet,R,2,tang,tang_bag2,8.431874304176487,9.189392009332913
ihn,IMUNet,R,2,tang,tang_body1,2.3239074809544693,2.1355566884875437
ihn,IMUNet,R,2,tang,tang_body2,1.4747651676671927,0.6110654506716033
ihn,IMUNet,R,2,tang,tang_handheld1,2.86748957536294,4.958276482337463
ihn,IMUNet,R,2,tang,tang_handheld2,1.1571259605524153,1.8076557698019642
ihn,IMUNet,R,2,xiaojing,xiaojing_body1,1.9313794311182704,1.7760217826091789
ihn,IMUNet,R,2,xiaojing,xiaojing_body2,1.713722287634849,1.9528717926975274
ihn,IMUNet,R,2,xiaojing,xiaojing_handheld1,2.5700390153635553,2.4159253747490217
ihn,IMUNet,R,2,xiaojing,xiaojing_handheld2,0.7669933292994825,0.6330384374196681
ihn,IMUNet,R,2,xiaojing,xiaojing_leg1,0.8627417462000987,1.2444447802811227
ihn,IMUNet,R,2,yajie,yajie_bag1,8.764352375459122,9.165149929947376
ihn,IMUNet,R,2,yajie,yajie_body1,5.135471381170783,6.046053511704865
ihn,IMUNet,R,2,yajie,yajie_body2,2.6224476342407956,5.726092874887281
ihn,IMUNet,R,2,yajie,yajie_handheld1,3.2518844546109427,2.41114522253688
ihn,IMUNet,R,2,yajie,yajie_handheld2,3.3338702542512086,5.256560255919892
ihn,IMUNet,R,2,zhicheng,zhicheng_bag1,5.444171784510453,8.86192831157716
ihn,IMUNet,R,2,zhicheng,zhicheng_bag2,7.49782963810926,14.075497913630256
ihn,IMUNet,R,2,zhicheng,zhicheng_body1,2.120012404866826,1.8749606577249713
ihn,IMUNet,R,2,zhicheng,zhicheng_body2,1.6333496771024638,0.6057046207870017
ihn,IMUNet,R,2,zhicheng,zhicheng_handheld1,4.650536841009592,6.602790890560898
ihn,IMUNet,R,2,zhicheng,zhicheng_handheld2,6.146064890005452,9.309112974247334
ihn,IMUNet,R,2,zhicheng,zhicheng_leg1,1.7781442384573023,2.2677582363830635
ihn,IMUNet,R,2,zhicheng,zhicheng_leg2,1.762907123943295,1.3008100057063794
ihn,IMUNet,R,3,dan,dan_bag1,6.7196445494634505,3.0118414973253516
ihn,IMUNet,R,3,dan,dan_bag2,4.104442753289372,0.695757871741679
ihn,IMUNet,R,3,dan,dan_body1,3.0799253916886578,1.7903881101168166
ihn,IMUNet,R,3,dan,dan_body2,1.5965498896851504,1.1755195990655039
ihn,IMUNet,R,3,dan,dan_body3,1.114863868135629,1.4319679980612467
ihn,IMUNet,R,3,dan,dan_handheld1,0.8747412701117658,1.202382284897667
ihn,IMUNet,R,3,dan,dan_handheld2,2.202520112581535,2.1764845111958353
ihn,IMUNet,R,3,dan,dan_leg1,1.4841005133294352,1.750328336396978
ihn,IMUNet,R,3,dan,dan_leg2,0.675213260956406,1.1746087726199077
ihn,IMUNet,R,3,hang,hang_bag_normal1,4.594713611604626,7.179888501992224
ihn,IMUNet,R,3,hang,hang_bag_normal2,8.172080921217376,9.659769818725568
ihn,IMUNet,R,3,hang,hang_bag_side1,4.784714169831059,6.623631331590153
ihn,IMUNet,R,3,hang,hang_bag_speed1,4.713505493041508,5.715698637102125
ihn,IMUNet,R,3,hang,hang_bag_speed2,7.0832647370559245,10.997502024992402
ihn,IMUNet,R,3,hang,hang_bag_stop1,4.538325313673355,4.817047133845561
ihn,IMUNet,R,3,hang,hang_body_backward1,1.6598539810559318,1.4094935250271365
ihn,IMUNet,R,3,hang,hang_body_backward2,1.478723176553708,2.9011969721081146
ihn,IMUNet,R,3,hang,hang_body_backward3,1.665918513410549,1.0328897648939677
ihn,IMUNet,R,3,hang,hang_body_backward4,1.2665924053808058,0.9387525641922942
ihn,IMUNet,R,3,hang,hang_body_fast1,1.959763249093366,2.2725959079726343
ihn,IMUNet,R,3,hang,hang_body_normal1,2.196872901251461,2.7044047837360954
ihn,IMUNet,R,3,hang,hang_body_side1,1.5192477704252254,2.3734467316677774
ihn,IMUNet,R,3,hang,hang_body_slow1,1.0735044770018451,0.7449092058024465
ihn,IMUNet,R,3,hang,hang_body_stop1,0.7573835878038615,0.8844213175362594
ihn,IMUNet,R,3,hang,hang_body_test1,2.2420371570127244,3.671788483533422
ihn,IMUNet,R,3,hang,hang_handheld_normal1,1.5377395732461465,2.497913378823609
ihn,IMUNet,R,3,hang,hang_handheld_side3,1.610885076551895,2.324094528971368
ihn,IMUNet,R,3,hang,hang_handheld_side4,2.129115894463526,3.042329322699465
ihn,IMUNet,R,3,hang,hang_handheld_side_test2,2.462341753014502,5.099092842175438
ihn,IMUNet,R,3,hang,hang_handheld_speed1,3.2525568572957093,5.332442149993823
ihn,IMUNet,R,3,hang,hang_handheld_speed2,3.3158594405316437,4.255600903955454
ihn,IMUNet,R,3,hang,hang_handheld_test1,2.441302598610657,3.018695469198531
ihn,IMUNet,R,3,hang,hang_leg_new1,2.796363669559115,3.9502829627231097
ihn,IMUNet,R,3,hang,hang_leg_new2,2.2299073821749382,2.590368045709518
ihn,IMUNet,R,3,hao,hao_bag1,3.3431071131521124,4.859179909041864
ihn,IMUNet,R,3,hao,hao_bag2,6.431696213175856,11.489584238755189
ihn,IMUNet,R,3,hao,hao_body1,2.456560491995254,2.414145756267246
ihn,IMUNet,R,3,hao,hao_body2,3.21543961456887,4.021078998105011
ihn,IMUNet,R,3,hao,hao_handheld1,2.8231343221001453,4.628168920529673
ihn,IMUNet,R,3,hao,hao_handheld2,2.0352932168808233,2.665218661811138
ihn,IMUNet,R,3,hao,hao_leg1,1.1760709341820828,1.7079329205495688
ihn,IMUNet,R,3,hao,hao_leg2,0.4061340316171211,0.791951917118223
ihn,IMUNet,R,3,huayi,huayi_bag1,8.593257617445895,12.332518659027041
ihn,IMUNet,R,3,huayi,huayi_bag2,2.5518677262810665,6.578662595394902
ihn,IMUNet,R,3,huayi,huayi_bag_test1,4.699312109817645,3.6094311502387924
ihn,IMUNet,R,3,huayi,huayi_body_test1,2.122306800604401,0.8645457194158016
ihn,IMUNet,R,3,huayi,huayi_handheld1,1.5119888078047552,2.695160816925207
ihn,IMUNet,R,3,huayi,huayi_handheld2,2.196350730540944,2.7508942920566604
ihn,IMUNet,R,3,huayi,huayi_leg_front1,1.585106815306348,1.8843281395215072
ihn,IMUNet,R,3,huayi,huayi_leg_front2,1.1611546619061524,1.5404491571452301
ihn,IMUNet,R,3,huayi,huayi_leg_front3,1.4364888960493494,1.6834139781890378
ihn,IMUNet,R,3,huayi,huayi_lopata1,1.626901380793524,2.6753480329035275
ihn,IMUNet,R,3,ma,ma_bag_low2,8.352114556141462,10.838835553558615
ihn,IMUNet,R,3,ma,ma_bag_low3,15.575467998951003,11.222413401567257
ihn,IMUNet,R,3,ma,ma_body1,1.3986867019428044,2.0148094498328093
ihn,IMUNet,R,3,ma,ma_body2,1.9076952594459093,3.3343400353657056
ihn,IMUNet,R,3,ma,ma_handheld1,6.460047518584996,5.39469887210376
ihn,IMUNet,R,3,ma,ma_handheld2,2.2495894016551534,3.472819455890565
ihn,IMUNet,R,3,ma,ma_handheld3,1.8915559756761555,2.2848194856961173
ihn,IMUNet,R,3,ruixuan,ruixuan_bag1,4.304743870937102,6.7769635747880095
ihn,IMUNet,R,3,ruixuan,ruixuan_bag2,3.287859893265541,5.101805659544773
ihn,IMUNet,R,3,ruixuan,ruixuan_body1,1.5135211443798897,1.6450678426145997
ihn,IMUNet,R,3,ruixuan,ruixuan_body2,1.9289133611705682,1.0171111063499596
ihn,IMUNet,R,3,ruixuan,ruixuan_handheld1,1.0787449602466768,1.0903590113681432
ihn,IMUNet,R,3,ruixuan,ruixuan_handheld2,1.0575999665774913,0.8475690898208605
ihn,IMUNet,R,3,ruixuan,ruixuan_leg1,1.352241178198373,1.654576645151431
ihn,IMUNet,R,3,ruixuan,ruixuan_leg2,1.0447118337795545,0.9623234695149785
ihn,IMUNet,R,3,shali,shali_bag1,4.079653302306868,2.8252359240729477
ihn,IMUNet,R,3,shali,shali_handheld1,1.5133762787041554,1.628661287698626
ihn,IMUNet,R,3,shali,shali_leg1,0.962034230852495,0.7533609462021741
ihn,IMUNet,R,3,tang,tang_bag1,5.492313844110435,3.4071029080016726
ihn,IMUNet,R,3,tang,tang_bag2,7.301979968040025,9.73104389516562
ihn,IMUNet,R,3,tang,tang_body1,2.5539244279610833,2.4511874027371725
ihn,IMUNet,R,3,tang,tang_body2,1.5775203654342667,1.1902254717391403
ihn,IMUNet,R,3,tang,tang_handheld1,3.263521505484522,5.751536198750997
ihn,IMUNet,R,3,tang,tang_handheld2,1.5132782947577659,2.4465829926979135
ihn,IMUNet,R,3,xiaojing,xiaojing_body1,1.3981970342323646,1.477114957499281
ihn,IMUNet,R,3,xiaojing,xiaojing_body2,2.1385783194057257,2.2680701379527677
ihn,IMUNet,R,3,xiaojing,xiaojing_handheld1,2.181489574384959,2.1744879990220447
ihn,IMUNet,R,3,xiaojing,xiaojing_handheld2,1.0299507432431674,0.23296711356080896
ihn,IMUNet,R,3,xiaojing,xiaojing_leg1,1.036711966887648,1.4747833195626758
ihn,IMUNet,R,3,yajie,yajie_bag1,8.88646927809205,9.247503903796382
ihn,IMUNet,R,3,yajie,yajie_body1,5.8640588407235805,7.127258257165782
ihn,IMUNet,R,3,yajie,yajie_body2,2.8961324692235055,6.115393675958768
ihn,IMUNet,R,3,yajie,yajie_handheld1,3.1982812870698916,2.135401943124269
ihn,IMUNet,R,3,yajie,yajie_handheld2,1.9689905136724863,3.143169106857804
ihn,IMUNet,R,3,zhicheng,zhicheng_bag1,4.313469938714797,7.061954344271033
ihn,IMUNet,R,3,zhicheng,zhicheng_bag2,5.13472241817652,9.809196576042561
ihn,IMUNet,R,3,zhicheng,zhicheng_body1,1.7490682004033529,1.8513899016061117
ihn,IMUNet,R,3,zhicheng,zhicheng_body2,1.7151504518737684,0.3315257058097615
ihn,IMUNet,R,3,zhicheng,zhicheng_handheld1,4.342007810697618,6.431707478951403
ihn,IMUNet,R,3,zhicheng,zhicheng_handheld2,6.185756509878284,9.212595355055795
ihn,IMUNet,R,3,zhicheng,zhicheng_leg1,1.4459710178140377,1.8512185644006767
ihn,IMUNet,R,3,zhicheng,zhicheng_leg2,2.188117377758015,1.3930547796746626
ihn,IMUNet,S,0,a000,a000_11,5.07988255070808,4.797606414179473
ihn,IMUNet,S,0,a000,a000_7,1.6634059476102434,1.8318250626216037
ihn,IMUNet,S,0,a001,a001_2,6.027033960705419,2.5552466368798576
ihn,IMUNet,S,0,a003,a003_3,3.899476288586994,3.4226307802020806
ihn,IMUNet,S,0,a004,a004_3,2.7224582502919388,2.181419116099806
ihn,IMUNet,S,0,a005,a005_3,9.653461311217269,4.597856210490713
ihn,IMUNet,S,0,a009,a009_1,2.998261730752769,3.399082276993932
ihn,IMUNet,S,0,a010,a010_2,6.0679125152076265,6.168549308694109
ihn,IMUNet,S,0,a011,a011_2,5.190539523753322,4.219788577337331
ihn,IMUNet,S,0,a012,a012_2,5.161964302201144,3.6250021106088015
ihn,IMUNet,S,0,a013,a013_2,5.362830954217207,2.780820895154604
ihn,IMUNet,S,0,a014,a014_2,3.560566728730324,1.7564048056440265
ihn,IMUNet,S,0,a016,a016_1,4.078056645879645,2.2442723697084053
ihn,IMUNet,S,0,a017,a017_2,3.3294106552584637,2.0466410095634644
ihn,IMUNet,S,0,a020,a020_2,2.498047271837546,3.5750794192797692
ihn,IMUNet,S,0,a021,a021_2,5.77019342974425,2.6683007481282575
ihn,IMUNet,S,0,a022,a022_2,6.9904595969944125,4.59928736540681
ihn,IMUNet,S,0,a023,a023_1,3.228568398510689,1.8988783023223672
ihn,IMUNet,S,0,a025,a025_2,7.22677469225614,7.4205142006790705
ihn,IMUNet,S,0,a026,a026_2,3.4313400854618976,2.836155077543215
ihn,IMUNet,S,0,a027,a027_2,3.195838993860748,1.6621981322423554
ihn,IMUNet,S,0,a030,a030_3,4.44417656792705,2.325812351811846
ihn,IMUNet,S,0,a031,a031_2,4.174554140709613,1.8095933346364952
ihn,IMUNet,S,0,a033,a033_2,4.469620363477595,1.6493353543355627
ihn,IMUNet,S,0,a035,a035_3,20.77579431782889,11.68591726613761
ihn,IMUNet,S,0,a036,a036_2,2.739837167081227,3.6171590670756855
ihn,IMUNet,S,0,a037,a037_1,3.3067268353941093,3.3102858429818567
ihn,IMUNet,S,0,a038,a038_2,1.7172245039418683,1.387073637540023
ihn,IMUNet,S,0,a044,a044_2,5.961162124247098,2.4489281228595825
ihn,IMUNet,S,0,a046,a046_2,6.282116172135956,4.978581487469943
ihn,IMUNet,S,0,a047,a047_2,1.5842829236217677,1.5803572490937525
ihn,IMUNet,S,0,a059,a059_2,3.5150825616770844,2.125597088664897
ihn,IMUNet,S,1,a000,a000_11,5.043096471788955,4.369224531404635
ihn,IMUNet,S,1,a000,a000_7,2.1036987170065737,1.4184051885354456
ihn,IMUNet,S,1,a001,a001_2,5.87812885203305,2.7455078570836258
ihn,IMUNet,S,1,a003,a003_3,3.0516708375067014,2.9795663546468467
ihn,IMUNet,S,1,a004,a004_3,2.9812130485130677,2.626628566576044
ihn,IMUNet,S,1,a005,a005_3,9.843161520686834,5.338935174377802
ihn,IMUNet,S,1,a009,a009_1,3.5085558329337663,4.273770886625815
ihn,IMUNet,S,1,a010,a010_2,6.135196128084878,6.191935793583698
ihn,IMUNet,S,1,a011,a011_2,5.681210285058137,4.854453410052831
ihn,IMUNet,S,1,a012,a012_2,5.883259060975762,3.9676943423189774
ihn,IMUNet,S,1,a013,a013_2,5.016666738229932,3.5404226296878725
ihn,IMUNet,S,1,a014,a014_2,3.3200495653807267,1.6571964116061755
ihn,IMUNet,S,1,a016,a016_1,4.0236322230546,1.8873688345499153
ihn,IMUNet,S,1,a017,a017_2,2.3812706789220623,2.1549051696515455
ihn,IMUNet,S,1,a020,a020_2,2.246686741846832,3.1215413464987747
ihn,IMUNet,S,1,a021,a021_2,5.630042198310138,2.508899389596528
ihn,IMUNet,S,1,a022,a022_2,5.48897567959473,4.4525388429571295
ihn,IMUNet,S,1,a023,a023_1,3.5035543473572357,1.8589951511410545
ihn,IMUNet,S,1,a025,a025_2,9.05373104055843,7.139485318390254
ihn,IMUNet,S,1,a026,a026_2,3.2295340587735377,2.7337710815684835
ihn,IMUNet,S,1,a027,a027_2,2.5424168891954557,1.682608117086445
ihn,IMUNet,S,1,a030,a030_3,6.356899885281469,2.332817184470533
ihn,IMUNet,S,1,a031,a031_2,3.4345082311220922,1.6265306127994759
ihn,IMUNet,S,1,a033,a033_2,4.273843912078304,1.7432005708231024
ihn,IMUNet,S,1,a035,a035_3,17.176838955790583,9.959115412711563
ihn,IMUNet,S,1,a036,a036_2,2.7044949569144174,3.6721114242374067
ihn,IMUNet,S,1,a037,a037_1,3.0489398090650264,3.280911327575791
ihn,IMUNet,S,1,a038,a038_2,1.503993054413263,1.3137660398034594
ihn,IMUNet,S,1,a044,a044_2,5.7175701440184294,2.7635463189629634
ihn,IMUNet,S,1,a046,a046_2,5.758990603529374,4.994387538679476
ihn,IMUNet,S,1,a047,a047_2,1.176554162024602,1.584693950350736
ihn,IMUNet,S,1,a059,a059_2,3.27426269652215,2.0892009928625774
ihn,IMUNet,S,2,a000,a000_11,4.8748848225396895,4.164531026857602
ihn,IMUNet,S,2,a000,a000_7,1.771422185367624,2.185051364967214
ihn,IMUNet,S,2,a001,a001_2,5.964025557075856,2.726082503632357
ihn,IMUNet,S,2,a003,a003_3,3.5672824386978967,3.072739211812942
ihn,IMUNet,S,2,a004,a004_3,2.686686316584433,2.67328281583786
ihn,IMUNet,S,2,a005,a005_3,9.718036278685066,5.0510612059929745
ihn,IMUNet,S,2,a009,a009_1,3.1614413846531546,3.669735927498845
ihn,IMUNet,S,2,a010,a010_2,5.757248874199192,6.157921514619941
ihn,IMUNet,S,2,a011,a011_2,5.961621383293847,4.912049674814558
ihn,IMUNet,S,2,a012,a012_2,5.378441221319906,3.1921887028121274
ihn,IMUNet,S,2,a013,a013_2,4.884755909576296,3.243160779214793
ihn,IMUNet,S,2,a014,a014_2,3.6448218970452597,1.692018620012796
ihn,IMUNet,S,2,a016,a016_1,3.8115672814270027,1.9320486836457487
ihn,IMUNet,S,2,a017,a017_2,3.026178372101576,1.9857680876715136
ihn,IMUNet,S,2,a020,a020_2,2.334059042046586,3.00837514966519
ihn,IMUNet,S,2,a021,a021_2,5.791635857607829,2.5979850116058283
ihn,IMUNet,S,2,a022,a022_2,5.151708347339156,4.475030198736776
ihn,IMUNet,S,2,a023,a023_1,2.967215312868199,1.7001842752980614
ihn,IMUNet,S,2,a025,a025_2,6.4170348843957274,7.091207580986105
ihn,IMUNet,S,2,a026,a026_2,3.600988998161984,2.6634064512185787
ihn,IMUNet,S,2,a027,a027_2,3.138774014021008,1.9409414260667583
ihn,IMUNet,S,2,a030,a030_3,5.477803334223631,2.0037004790130646
ihn,IMUNet,S,2,a031,a031_2,3.124008654327434,1.6229126557562326
ihn,IMUNet,S,2,a033,a033_2,4.559639577281915,1.7684888767677114
ihn,IMUNet,S,2,a035,a035_3,23.46067349518516,13.26833109419985
ihn,IMUNet,S,2,a036,a036_2,2.5432634903206073,3.36373109808395
ihn,IMUNet,S,2,a037,a037_1,2.9938819082692576,3.5521816938611916
ihn,IMUNet,S,2,a038,a038_2,2.07119997969783,1.3092793341222564
ihn,IMUNet,S,2,a044,a044_2,4.455763643858452,2.3183104217069865
ihn,IMUNet,S,2,a046,a046_2,5.578650210595213,4.997914908078446
ihn,IMUNet,S,2,a047,a047_2,1.370788430479463,1.5994712852442685
ihn,IMUNet,S,2,a059,a059_2,3.6179184011157672,2.2368693304835365
ihn,IMUNet,S,3,a000,a000_11,4.763590620414763,4.2080928608859915
ihn,IMUNet,S,3,a000,a000_7,1.9262560566408875,1.94198361800235
ihn,IMUNet,S,3,a001,a001_2,6.3410135320474375,2.834854084014538
ihn,IMUNet,S,3,a003,a003_3,3.3935856904169244,2.91588849817091
ihn,IMUNet,S,3,a004,a004_3,3.56338209154106,2.308301289599828
ihn,IMUNet,S,3,a005,a005_3,11.102922247000658,6.01651325592294
ihn,IMUNet,S,3,a009,a009_1,3.2659563650601973,3.9396466557241494
ihn,IMUNet,S,3,a010,a010_2,5.9648073441274905,6.037404041955525
ihn,IMUNet,S,3,a011,a011_2,4.976869117389147,4.800521196814259
ihn,IMUNet,S,3,a012,a012_2,5.805422120600093,3.315259926247368
ihn,IMUNet,S,3,a013,a013_2,5.185233742434863,2.7868390315869576
ihn,IMUNet,S,3,a014,a014_2,3.0670489795304556,1.6032348162334302
ihn,IMUNet,S,3,a016,a016_1,4.237709341222442,2.108699427289114
ihn,IMUNet,S,3,a017,a017_2,2.736168842812782,2.007818052573037
ihn,IMUNet,S,3,a020,a020_2,2.0351978775668127,3.145461249762889
ihn,IMUNet,S,3,a021,a021_2,6.038686179776307,2.8079968080465396
ihn,IMUNet,S,3,a022,a022_2,5.141181877370946,4.313455346966573
ihn,IMUNet,S,3,a023,a023_1,3.6299267463596845,1.8679582666492651
ihn,IMUNet,S,3,a025,a025_2,7.116393627363404,6.962946342588456
ihn,IMUNet,S,3,a026,a026_2,3.0474291781947334,2.3621310822119246
ihn,IMUNet,S,3,a027,a027_2,2.302346284563323,1.7012962727853234
ihn,IMUNet,S,3,a030,a030_3,4.47878892643273,1.9596073110048584
ihn,IMUNet,S,3,a031,a031_2,4.32059434091361,1.7162683033852821
ihn,IMUNet,S,3,a033,a033_2,5.069892587296105,1.6989866394319553
ihn,IMUNet,S,3,a035,a035_3,22.23174944561563,13.099943661292862
ihn,IMUNet,S,3,a036,a036_2,2.7609100689955195,3.752930265262162
ihn,IMUNet,S,3,a037,a037_1,2.966228878416732,3.382882055087312
ihn,IMUNet,S,3,a038,a038_2,1.5579144756741452,1.162097999793954
ihn,IMUNet,S,3,a044,a044_2,6.001144155052079,2.622015647772747
ihn,IMUNet,S,3,a046,a046_2,5.456845800391103,5.030647709909061
ihn,IMUNet,S,3,a047,a047_2,1.1441107433678028,1.6274025165557338
ihn,IMUNet,S,3,a059,a059_2,2.2394106010193022,1.9259624122506391
