seq,dataset,split,sample,x,y
a050_1,ronin,unseen,0,0.5798484086990356,-0.5234802961349487
a050_1,ronin,unseen,20,0.5800881385803223,-0.5227639079093933
a050_1,ronin,unseen,40,0.5802745223045349,-0.5223186016082764
a050_1,ronin,unseen,60,0.5803859233856201,-0.5221372246742249
a050_1,ronin,unseen,80,0.5804553627967834,-0.5220250487327576
a050_1,ronin,unseen,100,0.5804941654205322,-0.5219628214836121
a050_1,ronin,unseen,120,0.5805103778839111,-0.5219196081161499
a050_1,ronin,unseen,140,0.5805263519287109,-0.5219062566757202
a050_1,ronin,unseen,160,0.580551266670227,-0.5219008922576904
a050_1,ronin,unseen,180,0.5805733799934387,-0.5218868255615234
a050_1,ronin,unseen,200,0.5805677175521851,-0.5218732357025146
a050_1,ronin,unseen,220,0.5805444717407227,-0.521852970123291
a050_1,ronin,unseen,240,0.5804570913314819,-0.5217821002006531
a050_1,ronin,unseen,260,0.5803400874137878,-0.5216708183288574
a050_1,ronin,unseen,280,0.5802231431007385,-0.5215674638748169
a050_1,ronin,unseen,300,0.5800701379776001,-0.5214303731918335
a050_1,ronin,unseen,320,0.5799528956413269,-0.5213022232055664
a050_1,ronin,unseen,340,0.5798245072364807,-0.5211352705955505
a050_1,ronin,unseen,360,0.5797344446182251,-0.5210261940956116
a050_1,ronin,unseen,380,0.579614520072937,-0.5209068059921265
a050_1,ronin,unseen,400,0.5794373154640198,-0.5207691192626953
a050_1,ronin,unseen,420,0.5792225003242493,-0.5205988883972168
a050_1,ronin,unseen,440,0.5790122151374817,-0.5203995108604431
a050_1,ronin,unseen,460,0.5788132548332214,-0.5201913714408875
a050_1,ronin,unseen,480,0.5786675810813904,-0.5200212001800537
a050_1,ronin,unseen,500,0.5785238742828369,-0.5198785066604614
a050_1,ronin,unseen,520,0.5783904790878296,-0.5197656750679016
a050_1,ronin,unseen,540,0.5783146619796753,-0.519711434841156
a050_1,ronin,unseen,560,0.5782516598701477,-0.5196797251701355
a050_1,ronin,unseen,580,0.578194260597229,-0.519661545753479
a050_1,ronin,unseen,600,0.5781389474868774,-0.5196109414100647
a050_1,ronin,unseen,620,0.5780879259109497,-0.5195356607437134
a050_1,ronin,unseen,640,0.578069806098938,-0.5197089314460754
a050_1,ronin,unseen,660,0.5781395435333252,-0.5200065970420837
a050_1,ronin,unseen,680,0.5782374739646912,-0.520166277885437
a050_1,ronin,unseen,700,0.5786565542221069,-0.5209450721740723
a050_1,ronin,unseen,720,0.5794064998626709,-0.5233720541000366
a050_1,ronin,unseen,740,0.5800605416297913,-0.5258187055587769
a050_1,ronin,unseen,760,0.5802984237670898,-0.5263778567314148
a050_1,ronin,unseen,780,0.5804457664489746,-0.52659672498703
a050_1,ronin,unseen,800,0.5805562734603882,-0.5266894698143005
a050_1,ronin,unseen,820,0.5805723071098328,-0.5267019867897034
a050_1,ronin,unseen,840,0.580574095249176,-0.5267029404640198
a050_1,ronin,unseen,860,0.5805741548538208,-0.5267029404640198
a050_1,ronin,unseen,880,0.5805761814117432,-0.5267048478126526
a050_1,ronin,unseen,900,0.5805720090866089,-0.5267021059989929
a050_1,ronin,unseen,920,0.580573320388794,-0.5267094373703003
a050_1,ronin,unseen,940,0.5806303024291992,-0.526745080947876
a050_1,ronin,unseen,960,0.5807507038116455,-0.5268611311912537
a050_1,ronin,unseen,980,0.5808464884757996,-0.5269593596458435
a050_1,ronin,unseen,1000,0.5809878706932068,-0.5270777344703674
a050_1,ronin,unseen,1020,0.581079363822937,-0.5271061062812805
a050_1,ronin,unseen,1040,0.5811081528663635,-0.5271181464195251
a050_1,ronin,unseen,1060,0.58113032579422,-0.5271140933036804
a050_1,ronin,unseen,1080,0.5811399221420288,-0.5271039605140686
a050_1,ronin,unseen,1100,0.5811495780944824,-0.5270957946777344
a050_1,ronin,unseen,1120,0.5811790227890015,-0.5270821452140808
a050_1,ronin,unseen,1140,0.581293523311615,-0.5269237160682678
a050_1,ronin,unseen,1160,0.581409752368927,-0.526600182056427
a050_1,ronin,unseen,1180,0.5814498066902161,-0.5264871120452881
a050_1,ronin,unseen,1200,0.5814521908760071,-0.5264688730239868
a050_1,ronin,unseen,1220,0.5814563632011414,-0.5264585614204407
a050_1,ronin,unseen,1240,0.5814583897590637,-0.5264663100242615
a050_1,ronin,unseen,1260,0.581454336643219,-0.5264673829078674
a050_1,ronin,unseen,1280,0.5814539194107056,-0.5264846086502075
a050_1,ronin,unseen,1300,0.5814478993415833,-0.5264919996261597
a050_1,ronin,unseen,1320,0.5814482569694519,-0.5264843106269836
a050_1,ronin,unseen,1340,0.5814542174339294,-0.5264648199081421
a050_1,ronin,unseen,1360,0.5814666748046875,-0.5264284610748291
a050_1,ronin,unseen,1380,0.5814820528030396,-0.526351809501648
a050_1,ronin,unseen,1400,0.5814952850341797,-0.5262917876243591
a050_1,ronin,unseen,1420,0.5815080404281616,-0.5261942148208618
a050_1,ronin,unseen,1440,0.5815482139587402,-0.5260429978370667
a050_1,ronin,unseen,1460,0.5816143155097961,-0.5258362889289856
a050_1,ronin,unseen,1480,0.5816803574562073,-0.5256125926971436
a050_1,ronin,unseen,1500,0.5817751288414001,-0.5251021981239319
a050_1,ronin,unseen,1520,0.582051694393158,-0.5241133570671082
a050_1,ronin,unseen,1540,0.5822948813438416,-0.5246055722236633
a050_1,ronin,unseen,1560,0.582253634929657,-0.5242429375648499
a050_1,ronin,unseen,1580,0.5821800827980042,-0.5216102600097656
a050_1,ronin,unseen,1600,0.5819472670555115,-0.518471360206604
a050_1,ronin,unseen,1620,0.5820909142494202,-0.5154484510421753
a050_1,ronin,unseen,1640,0.5821776986122131,-0.5128047466278076
a050_1,ronin,unseen,1660,0.5820409655570984,-0.509800136089325
a050_1,ronin,unseen,1680,0.5826325416564941,-0.5067912340164185
a050_1,ronin,unseen,1700,0.583660900592804,-0.5031886696815491
a050_1,ronin,unseen,1720,0.5853216648101807,-0.4986313581466675
a050_1,ronin,unseen,1740,0.5877286791801453,-0.49446263909339905
a050_1,ronin,unseen,1760,0.5898839831352234,-0.4907734990119934
a050_1,ronin,unseen,1780,0.5917125940322876,-0.4872038662433624
a050_1,ronin,unseen,1800,0.5934464335441589,-0.48386868834495544
a050_1,ronin,unseen,1820,0.5951721668243408,-0.4804185628890991
a050_1,ronin,unseen,1840,0.596845269203186,-0.4775230884552002
a050_1,ronin,unseen,1860,0.598217248916626,-0.47521549463272095
a050_1,ronin,unseen,1880,0.5991214513778687,-0.4731883704662323
a050_1,ronin,unseen,1900,0.5998856425285339,-0.4713727533817291
a050_1,ronin,unseen,1920,0.6004536151885986,-0.47053062915802
a050_1,ronin,unseen,1940,0.6008281707763672,-0.4701870083808899
a050_1,ronin,unseen,1960,0.6011604070663452,-0.46984001994132996
a050_1,ronin,unseen,1980,0.6022602915763855,-0.4686512351036072
a050_1,ronin,unseen,2000,0.6042965054512024,-0.4667918086051941
a050_1,ronin,unseen,2020,0.6065160632133484,-0.46356451511383057
a050_1,ronin,unseen,2040,0.609829843044281,-0.4576679766178131
a050_1,ronin,unseen,2060,0.6145182847976685,-0.45136186480522156
a050_1,ronin,unseen,2080,0.6200734376907349,-0.4441602826118469
a050_1,ronin,unseen,2100,0.6220873594284058,-0.4357083737850189
a050_1,ronin,unseen,2120,0.6228224039077759,-0.42418649792671204
a050_1,ronin,unseen,2140,0.6243531703948975,-0.4104044735431671
a050_1,ronin,unseen,2160,0.6232927441596985,-0.3957982659339905
a050_1,ronin,unseen,2180,0.6196913719177246,-0.37902095913887024
a050_1,ronin,unseen,2200,0.6148131489753723,-0.3600323796272278
a050_1,ronin,unseen,2220,0.606964111328125,-0.33668550848960876
a050_1,ronin,unseen,2240,0.5958013534545898,-0.3080502152442932
a050_1,ronin,unseen,2260,0.5847174525260925,-0.2812765836715698
a050_1,ronin,unseen,2280,0.5744827389717102,-0.26230835914611816
a050_1,ronin,unseen,2300,0.5659794807434082,-0.24855630099773407
a050_1,ronin,unseen,2320,0.5563860535621643,-0.23345398902893066
a050_1,ronin,unseen,2340,0.5469599962234497,-0.21426470577716827
a050_1,ronin,unseen,2360,0.5350653529167175,-0.19076022505760193
a050_1,ronin,unseen,2380,0.5224524736404419,-0.16472500562667847
a050_1,ronin,unseen,2400,0.5157111883163452,-0.14056864380836487
a050_1,ronin,unseen,2420,0.5116487145423889,-0.11214009672403336
a050_1,ronin,unseen,2440,0.5077964067459106,-0.07769346237182617
a050_1,ronin,unseen,2460,0.5020397305488586,-0.029430123046040535
a050_1,ronin,unseen,2480,0.49556994438171387,0.03534015640616417
a050_1,ronin,unseen,2500,0.49318158626556396,0.10795345157384872
a050_1,ronin,unseen,2520,0.49210307002067566,0.18319207429885864
a050_1,ronin,unseen,2540,0.4802483022212982,0.2594294548034668
a050_1,ronin,unseen,2560,0.47388285398483276,0.3350740671157837
a050_1,ronin,unseen,2580,0.4644356071949005,0.40873536467552185
a050_1,ronin,unseen,2600,0.4531593322753906,0.48603329062461853
a050_1,ronin,unseen,2620,0.43966302275657654,0.5608330368995667
a050_1,ronin,unseen,2640,0.41916361451148987,0.6369233727455139
a050_1,ronin,unseen,2660,0.4051847755908966,0.7136521339416504
a050_1,ronin,unseen,2680,0.39628496766090393,0.7821723222732544
a050_1,ronin,unseen,2700,0.3880011737346649,0.8506113886833191
a050_1,ronin,unseen,2720,0.3799729347229004,0.9255850911140442
a050_1,ronin,unseen,2740,0.3709888756275177,1.004158616065979
a050_1,ronin,unseen,2760,0.36918196082115173,1.088991641998291
a050_1,ronin,unseen,2780,0.3699048161506653,1.170062780380249
a050_1,ronin,unseen,2800,0.36301320791244507,1.2452784776687622
a050_1,ronin,unseen,2820,0.35852646827697754,1.31833016872406
a050_1,ronin,unseen,2840,0.3534516394138336,1.3882442712783813
a050_1,ronin,unseen,2860,0.34565290808677673,1.4570504426956177
a050_1,ronin,unseen,2880,0.32860565185546875,1.533358097076416
a050_1,ronin,unseen,2900,0.30265921354293823,1.614438533782959
a050_1,ronin,unseen,2920,0.2872748374938965,1.6952866315841675
a050_1,ronin,unseen,2940,0.28263741731643677,1.7665756940841675
a050_1,ronin,unseen,2960,0.272948294878006,1.844452977180481
a050_1,ronin,unseen,2980,0.2682918906211853,1.926729679107666
a050_1,ronin,unseen,3000,0.26320427656173706,2.0137641429901123
a050_1,ronin,unseen,3020,0.2630232572555542,2.1046125888824463
a050_1,ronin,unseen,3040,0.2530868649482727,2.1872496604919434
a050_1,ronin,unseen,3060,0.24389098584651947,2.268918514251709
a050_1,ronin,unseen,3080,0.23602105677127838,2.3399035930633545
a050_1,ronin,unseen,3100,0.22461915016174316,2.420985221862793
a050_1,ronin,unseen,3120,0.21476440131664276,2.4966416358947754
a050_1,ronin,unseen,3140,0.2022062987089157,2.575812339782715
a050_1,ronin,unseen,3160,0.192210391163826,2.6523282527923584
a050_1,ronin,unseen,3180,0.1923465132713318,2.7257680892944336
a050_1,ronin,unseen,3200,0.1774781495332718,2.8123865127563477
a050_1,ronin,unseen,3220,0.16651363670825958,2.910820245742798
a050_1,ronin,unseen,3240,0.15520137548446655,3.019763469696045
a050_1,ronin,unseen,3260,0.15553458034992218,3.1261467933654785
a050_1,ronin,unseen,3280,0.16383270919322968,3.222620725631714
a050_1,ronin,unseen,3300,0.1567741185426712,3.320787191390991
a050_1,ronin,unseen,3320,0.14458487927913666,3.4116973876953125
a050_1,ronin,unseen,3340,0.12854517996311188,3.5048787593841553
a050_1,ronin,unseen,3360,0.10575445741415024,3.5975000858306885
a050_1,ronin,unseen,3380,0.07695914059877396,3.69620680809021
a050_1,ronin,unseen,3400,0.06714890897274017,3.7853639125823975
a050_1,ronin,unseen,3420,0.05276089534163475,3.8689582347869873
a050_1,ronin,unseen,3440,0.039108458906412125,3.958078145980835
a050_1,ronin,unseen,3460,0.023328004404902458,4.060108661651611
a050_1,ronin,unseen,3480,0.01853378489613533,4.164703845977783
a050_1,ronin,unseen,3500,0.00575924851000309,4.255645275115967
a050_1,ronin,unseen,3520,-0.009273804724216461,4.352670192718506
a050_1,ronin,unseen,3540,-0.023145580664277077,4.441871643066406
a050_1,ronin,unseen,3560,-0.04163410887122154,4.5377373695373535
a050_1,ronin,unseen,3580,-0.0641557052731514,4.630682468414307
a050_1,ronin,unseen,3600,-0.0933954119682312,4.735179424285889
a050_1,ronin,unseen,3620,-0.09428861737251282,4.823832035064697
a050_1,ronin,unseen,3640,-0.10606417804956436,4.909752368927002
a050_1,ronin,unseen,3660,-0.11420594155788422,4.9990129470825195
a050_1,ronin,unseen,3680,-0.12108159065246582,5.102238655090332
a050_1,ronin,unseen,3700,-0.1150965690612793,5.216131687164307
a050_1,ronin,unseen,3720,-0.10686337202787399,5.3237714767456055
a050_1,ronin,unseen,3740,-0.11020931601524353,5.415748119354248
a050_1,ronin,unseen,3760,-0.10561733692884445,5.497489929199219
a050_1,ronin,unseen,3780,-0.09749436378479004,5.580255508422852
a050_1,ronin,unseen,3800,-0.09197766333818436,5.670847415924072
a050_1,ronin,unseen,3820,-0.09437227249145508,5.769588470458984
a050_1,ronin,unseen,3840,-0.09664594382047653,5.867938995361328
a050_1,ronin,unseen,3860,-0.07944905757904053,5.948856353759766
a050_1,ronin,unseen,3880,-0.07099975645542145,6.031754016876221
a050_1,ronin,unseen,3900,-0.060383547097444534,6.1186652183532715
a050_1,ronin,unseen,3920,-0.046151626855134964,6.218384742736816
a050_1,ronin,unseen,3940,-0.02628706954419613,6.32275915145874
a050_1,ronin,unseen,3960,-0.0024788144510239363,6.422666072845459
a050_1,ronin,unseen,3980,0.00906986091285944,6.517518520355225
a050_1,ronin,unseen,4000,0.024542592465877533,6.604806423187256
a050_1,ronin,unseen,4020,0.03876914829015732,6.687697887420654
a050_1,ronin,unseen,4040,0.05122596397995949,6.776521682739258
a050_1,ronin,unseen,4060,0.05942784622311592,6.867182731628418
a050_1,ronin,unseen,4080,0.06704887747764587,6.9674835205078125
a050_1,ronin,unseen,4100,0.09219345450401306,7.052157878875732
a050_1,ronin,unseen,4120,0.11073586344718933,7.130496978759766
a050_1,ronin,unseen,4140,0.1342083215713501,7.213784694671631
a050_1,ronin,unseen,4160,0.1622331440448761,7.306384086608887
a050_1,ronin,unseen,4180,0.19882474839687347,7.408682823181152
a050_1,ronin,unseen,4200,0.2415657490491867,7.499606609344482
a050_1,ronin,unseen,4220,0.2745620012283325,7.58762788772583
a050_1,ronin,unseen,4240,0.3059857189655304,7.6717119216918945
a050_1,ronin,unseen,4260,0.3370833992958069,7.753269195556641
a050_1,ronin,unseen,4280,0.37108319997787476,7.840113639831543
a050_1,ronin,unseen,4300,0.4019577205181122,7.925729751586914
a050_1,ronin,unseen,4320,0.43064233660697937,8.020764350891113
a050_1,ronin,unseen,4340,0.470744788646698,8.105637550354004
a050_1,ronin,unseen,4360,0.5040310621261597,8.1852445602417
a050_1,ronin,unseen,4380,0.5425690412521362,8.265841484069824
a050_1,ronin,unseen,4400,0.5897728800773621,8.35152530670166
a050_1,ronin,unseen,4420,0.6436173915863037,8.441143989562988
a050_1,ronin,unseen,4440,0.702693521976471,8.522817611694336
a050_1,ronin,unseen,4460,0.755000114440918,8.61092758178711
a050_1,ronin,unseen,4480,0.8002827167510986,8.688875198364258
a050_1,ronin,unseen,4500,0.8478490710258484,8.76630973815918
a050_1,ronin,unseen,4520,0.8986713886260986,8.849774360656738
a050_1,ronin,unseen,4540,0.9483968019485474,8.936662673950195
a050_1,ronin,unseen,4560,0.9975996017456055,9.033437728881836
a050_1,ronin,unseen,4580,1.0526405572891235,9.120220184326172
a050_1,ronin,unseen,4600,1.099752426147461,9.190657615661621
a050_1,ronin,unseen,4620,1.1517817974090576,9.268108367919922
a050_1,ronin,unseen,4640,1.2083877325057983,9.347037315368652
a050_1,ronin,unseen,4660,1.272657871246338,9.435623168945312
a050_1,ronin,unseen,4680,1.3435174226760864,9.520162582397461
a050_1,ronin,unseen,4700,1.39893639087677,9.600301742553711
a050_1,ronin,unseen,4720,1.4527711868286133,9.681535720825195
a050_1,ronin,unseen,4740,1.501038908958435,9.752835273742676
a050_1,ronin,unseen,4760,1.5483429431915283,9.82889175415039
a050_1,ronin,unseen,4780,1.5945557355880737,9.91116714477539
a050_1,ronin,unseen,4800,1.638083577156067,10.006475448608398
a050_1,ronin,unseen,4820,1.6789788007736206,10.090773582458496
a050_1,ronin,unseen,4840,1.715897798538208,10.160848617553711
a050_1,ronin,unseen,4860,1.750929594039917,10.238886833190918
a050_1,ronin,unseen,4880,1.7939742803573608,10.32288646697998
a050_1,ronin,unseen,4900,1.8385246992111206,10.411624908447266
a050_1,ronin,unseen,4920,1.8938064575195312,10.502321243286133
a050_1,ronin,unseen,4940,1.93842613697052,10.584372520446777
a050_1,ronin,unseen,4960,1.976715087890625,10.667567253112793
a050_1,ronin,unseen,4980,2.0162527561187744,10.744624137878418
a050_1,ronin,unseen,5000,2.0511069297790527,10.822928428649902
a050_1,ronin,unseen,5020,2.085524797439575,10.908388137817383
a050_1,ronin,unseen,5040,2.1150197982788086,11.003458023071289
a050_1,ronin,unseen,5060,2.146277666091919,11.087316513061523
a050_1,ronin,unseen,5080,2.178849458694458,11.155965805053711
a050_1,ronin,unseen,5100,2.2094473838806152,11.238760948181152
a050_1,ronin,unseen,5120,2.2433183193206787,11.323424339294434
a050_1,ronin,unseen,5140,2.281585693359375,11.418251991271973
a050_1,ronin,unseen,5160,2.327864646911621,11.510247230529785
a050_1,ronin,unseen,5180,2.362485885620117,11.5917329788208
a050_1,ronin,unseen,5200,2.3962912559509277,11.674469947814941
a050_1,ronin,unseen,5220,2.4328839778900146,11.754528999328613
a050_1,ronin,unseen,5240,2.4685637950897217,11.83978271484375
a050_1,ronin,unseen,5260,2.4997122287750244,11.924878120422363
a050_1,ronin,unseen,5280,2.525301456451416,12.018932342529297
a050_1,ronin,unseen,5300,2.5617263317108154,12.100278854370117
a050_1,ronin,unseen,5320,2.588819742202759,12.174127578735352
a050_1,ronin,unseen,5340,2.617083787918091,12.258149147033691
a050_1,ronin,unseen,5360,2.648500680923462,12.343812942504883
a050_1,ronin,unseen,5380,2.685652256011963,12.438380241394043
a050_1,ronin,unseen,5400,2.7282609939575195,12.528485298156738
a050_1,ronin,unseen,5420,2.755352020263672,12.609940528869629
a050_1,ronin,unseen,5440,2.7788636684417725,12.691558837890625
a050_1,ronin,unseen,5460,2.79689621925354,12.767779350280762
a050_1,ronin,unseen,5480,2.8152520656585693,12.864019393920898
a050_1,ronin,unseen,5500,2.8312952518463135,12.956398010253906
a050_1,ronin,unseen,5520,2.8401877880096436,13.050381660461426
a050_1,ronin,unseen,5540,2.8554062843322754,13.137816429138184
a050_1,ronin,unseen,5560,2.8666179180145264,13.21353816986084
a050_1,ronin,unseen,5580,2.87618088722229,13.296591758728027
a050_1,ronin,unseen,5600,2.8864293098449707,13.383292198181152
a050_1,ronin,unseen,5620,2.8966238498687744,13.48171329498291
a050_1,ronin,unseen,5640,2.9159717559814453,13.580244064331055
a050_1,ronin,unseen,5660,2.9253389835357666,13.667579650878906
a050_1,ronin,unseen,5680,2.931999683380127,13.754661560058594
a050_1,ronin,unseen,5700,2.9401345252990723,13.836121559143066
a050_1,ronin,unseen,5720,2.944852113723755,13.924838066101074
a050_1,ronin,unseen,5740,2.946140766143799,14.015522003173828
a050_1,ronin,unseen,5760,2.938326597213745,14.108553886413574
a050_1,ronin,unseen,5780,2.9331610202789307,14.203055381774902
a050_1,ronin,unseen,5800,2.941293239593506,14.28490161895752
a050_1,ronin,unseen,5820,2.9410903453826904,14.36946964263916
a050_1,ronin,unseen,5840,2.946608543395996,14.458447456359863
a050_1,ronin,unseen,5860,2.9524970054626465,14.559950828552246
a050_1,ronin,unseen,5880,2.9665160179138184,14.664523124694824
a050_1,ronin,unseen,5900,2.977717399597168,14.756094932556152
a050_1,ronin,unseen,5920,2.983654260635376,14.842252731323242
a050_1,ronin,unseen,5940,2.995833396911621,14.925797462463379
a050_1,ronin,unseen,5960,3.0057764053344727,15.014164924621582
a050_1,ronin,unseen,5980,3.0152132511138916,15.10515308380127
a050_1,ronin,unseen,6000,3.018800973892212,15.200153350830078
a050_1,ronin,unseen,6020,3.0256705284118652,15.29633903503418
a050_1,ronin,unseen,6040,3.05954909324646,15.370870590209961
a050_1,ronin,unseen,6060,3.0679426193237305,15.447532653808594
a050_1,ronin,unseen,6080,3.0822925567626953,15.533945083618164
a050_1,ronin,unseen,6100,3.097703695297241,15.628279685974121
a050_1,ronin,unseen,6120,3.1204493045806885,15.733429908752441
a050_1,ronin,unseen,6140,3.1445960998535156,15.831786155700684
a050_1,ronin,unseen,6160,3.160412073135376,15.919981956481934
a050_1,ronin,unseen,6180,3.1804864406585693,16.006772994995117
a050_1,ronin,unseen,6200,3.198894500732422,16.0950984954834
a050_1,ronin,unseen,6220,3.2182390689849854,16.188623428344727
a050_1,ronin,unseen,6240,3.229330539703369,16.28774070739746
a050_1,ronin,unseen,6260,3.241678476333618,16.39234733581543
a050_1,ronin,unseen,6280,3.260350227355957,16.47692108154297
a050_1,ronin,unseen,6300,3.27394437789917,16.565229415893555
a050_1,ronin,unseen,6320,3.2931599617004395,16.658977508544922
a050_1,ronin,unseen,6340,3.313413619995117,16.763778686523438
a050_1,ronin,unseen,6360,3.34368896484375,16.878875732421875
a050_1,ronin,unseen,6380,3.360276699066162,16.97613525390625
a050_1,ronin,unseen,6400,3.3797802925109863,17.07472038269043
a050_1,ronin,unseen,6420,3.398062229156494,17.163740158081055
a050_1,ronin,unseen,6440,3.4129536151885986,17.25670623779297
a050_1,ronin,unseen,6460,3.4246232509613037,17.35122299194336
a050_1,ronin,unseen,6480,3.431057929992676,17.451492309570312
a050_1,ronin,unseen,6500,3.4508988857269287,17.541217803955078
a050_1,ronin,unseen,6520,3.4584217071533203,17.61882972717285
a050_1,ronin,unseen,6540,3.467393398284912,17.707712173461914
a050_1,ronin,unseen,6560,3.4808261394500732,17.808496475219727
a050_1,ronin,unseen,6580,3.5014848709106445,17.917814254760742
a050_1,ronin,unseen,6600,3.5262372493743896,18.018964767456055
a050_1,ronin,unseen,6620,3.5374438762664795,18.10746192932129
a050_1,ronin,unseen,6640,3.556095838546753,18.194908142089844
a050_1,ronin,unseen,6660,3.5734081268310547,18.275123596191406
a050_1,ronin,unseen,6680,3.5918359756469727,18.358440399169922
a050_1,ronin,unseen,6700,3.604257583618164,18.443220138549805
a050_1,ronin,unseen,6720,3.6159849166870117,18.538366317749023
a050_1,ronin,unseen,6740,3.64949631690979,18.612564086914062
a050_1,ronin,unseen,6760,3.670215129852295,18.688169479370117
a050_1,ronin,unseen,6780,3.700577735900879,18.765445709228516
a050_1,ronin,unseen,6800,3.741586208343506,18.848899841308594
a050_1,ronin,unseen,6820,3.7899329662323,18.933992385864258
a050_1,ronin,unseen,6840,3.8421144485473633,19.014232635498047
a050_1,ronin,unseen,6860,3.883322238922119,19.093610763549805
a050_1,ronin,unseen,6880,3.92788028717041,19.169540405273438
a050_1,ronin,unseen,6900,3.9753165245056152,19.248611450195312
a050_1,ronin,unseen,6920,4.027421474456787,19.331342697143555
a050_1,ronin,unseen,6940,4.07301664352417,19.417144775390625
a050_1,ronin,unseen,6960,4.120512008666992,19.510841369628906
a050_1,ronin,unseen,6980,4.1747145652771,19.578744888305664
a050_1,ronin,unseen,7000,4.220201015472412,19.652450561523438
a050_1,ronin,unseen,7020,4.270625114440918,19.7281436920166
a050_1,ronin,unseen,7040,4.326728820800781,19.811079025268555
a050_1,ronin,unseen,7060,4.388792037963867,19.8979549407959
a050_1,ronin,unseen,7080,4.447081565856934,19.977275848388672
a050_1,ronin,unseen,7100,4.494143962860107,20.058515548706055
a050_1,ronin,unseen,7120,4.535276889801025,20.135913848876953
a050_1,ronin,unseen,7140,4.574613094329834,20.213855743408203
a050_1,ronin,unseen,7160,4.611754894256592,20.294668197631836
a050_1,ronin,unseen,7180,4.6411614418029785,20.38332748413086
a050_1,ronin,unseen,7200,4.671658515930176,20.479066848754883
a050_1,ronin,unseen,7220,4.702053070068359,20.553646087646484
a050_1,ronin,unseen,7240,4.72410774230957,20.63458824157715
a050_1,ronin,unseen,7260,4.747735500335693,20.715269088745117
a050_1,ronin,unseen,7280,4.773179531097412,20.80775260925293
a050_1,ronin,unseen,7300,4.806934833526611,20.905845642089844
a050_1,ronin,unseen,7320,4.833674907684326,20.99771499633789
a050_1,ronin,unseen,7340,4.850557804107666,21.084075927734375
a050_1,ronin,unseen,7360,4.86161994934082,21.163562774658203
a050_1,ronin,unseen,7380,4.8701653480529785,21.249361038208008
a050_1,ronin,unseen,7400,4.875927448272705,21.3375301361084
a050_1,ronin,unseen,7420,4.871070384979248,21.42967987060547
a050_1,ronin,unseen,7440,4.864595413208008,21.52548599243164
a050_1,ronin,unseen,7460,4.8660969734191895,21.604473114013672
a050_1,ronin,unseen,7480,4.862592697143555,21.689655303955078
a050_1,ronin,unseen,7500,4.864826202392578,21.778732299804688
a050_1,ronin,unseen,7520,4.865542411804199,21.879709243774414
a050_1,ronin,unseen,7540,4.874361515045166,21.988740921020508
a050_1,ronin,unseen,7560,4.875340461730957,22.082117080688477
a050_1,ronin,unseen,7580,4.873374938964844,22.177499771118164
a050_1,ronin,unseen,7600,4.871710300445557,22.26598358154297
a050_1,ronin,unseen,7620,4.865978717803955,22.362091064453125
a050_1,ronin,unseen,7640,4.857665061950684,22.460987091064453
a050_1,ronin,unseen,7660,4.8400139808654785,22.566543579101562
a050_1,ronin,unseen,7680,4.841648578643799,22.658979415893555
a050_1,ronin,unseen,7700,4.83599328994751,22.74586296081543
a050_1,ronin,unseen,7720,4.8293657302856445,22.836671829223633
a050_1,ronin,unseen,7740,4.826603889465332,22.93490219116211
a050_1,ronin,unseen,7760,4.828279972076416,23.041194915771484
a050_1,ronin,unseen,7780,4.839382648468018,23.15018653869629
a050_1,ronin,unseen,7800,4.838022232055664,23.247303009033203
a050_1,ronin,unseen,7820,4.8381476402282715,23.337141036987305
a050_1,ronin,unseen,7840,4.841888904571533,23.427705764770508
a050_1,ronin,unseen,7860,4.848230838775635,23.52022361755371
a050_1,ronin,unseen,7880,4.847253322601318,23.610309600830078
a050_1,ronin,unseen,7900,4.847081184387207,23.709638595581055
a050_1,ronin,unseen,7920,4.867106914520264,23.78946876525879
a050_1,ronin,unseen,7940,4.875452518463135,23.873558044433594
a050_1,ronin,unseen,7960,4.887313365936279,23.96247673034668
a050_1,ronin,unseen,7980,4.901350021362305,24.06316566467285
a050_1,ronin,unseen,8000,4.922458648681641,24.174598693847656
a050_1,ronin,unseen,8020,4.935680389404297,24.273347854614258
a050_1,ronin,unseen,8040,4.938234806060791,24.37015724182129
a050_1,ronin,unseen,8060,4.9417948722839355,24.456422805786133
a050_1,ronin,unseen,8080,4.941613674163818,24.546762466430664
a050_1,ronin,unseen,8100,4.9371161460876465,24.644895553588867
a050_1,ronin,unseen,8120,4.922633171081543,24.75135040283203
a050_1,ronin,unseen,8140,4.922550678253174,24.840015411376953
a050_1,ronin,unseen,8160,4.919243812561035,24.920703887939453
a050_1,ronin,unseen,8180,4.913816452026367,25.011615753173828
a050_1,ronin,unseen,8200,4.909491539001465,25.107948303222656
a050_1,ronin,unseen,8220,4.908824443817139,25.214527130126953
a050_1,ronin,unseen,8240,4.916684150695801,25.32003402709961
a050_1,ronin,unseen,8260,4.906835556030273,25.415206909179688
a050_1,ronin,unseen,8280,4.904043674468994,25.50098419189453
a050_1,ronin,unseen,8300,4.897595405578613,25.589435577392578
a050_1,ronin,unseen,8320,4.887199401855469,25.686336517333984
a050_1,ronin,unseen,8340,4.87054443359375,25.79251480102539
a050_1,ronin,unseen,8360,4.855000972747803,25.889663696289062
a050_1,ronin,unseen,8380,4.855495452880859,25.969009399414062
a050_1,ronin,unseen,8400,4.844897747039795,26.050308227539062
a050_1,ronin,unseen,8420,4.838056564331055,26.138973236083984
a050_1,ronin,unseen,8440,4.828993797302246,26.241125106811523
a050_1,ronin,unseen,8460,4.825645446777344,26.35506820678711
a050_1,ronin,unseen,8480,4.8165717124938965,26.450939178466797
a050_1,ronin,unseen,8500,4.80285120010376,26.539243698120117
a050_1,ronin,unseen,8520,4.793127059936523,26.622982025146484
a050_1,ronin,unseen,8540,4.778071403503418,26.715744018554688
a050_1,ronin,unseen,8560,4.76068115234375,26.813480377197266
a050_1,ronin,unseen,8580,4.735187530517578,26.918729782104492
a050_1,ronin,unseen,8600,4.727477073669434,27.005815505981445
a050_1,ronin,unseen,8620,4.718853950500488,27.088552474975586
a050_1,ronin,unseen,8640,4.7097554206848145,27.17696189880371
a050_1,ronin,unseen,8660,4.706748008728027,27.2777156829834
a050_1,ronin,unseen,8680,4.705022811889648,27.388586044311523
a050_1,ronin,unseen,8700,4.705428123474121,27.50278091430664
a050_1,ronin,unseen,8720,4.69270133972168,27.598072052001953
a050_1,ronin,unseen,8740,4.68347692489624,27.690185546875
a050_1,ronin,unseen,8760,4.674044132232666,27.77949333190918
a050_1,ronin,unseen,8780,4.661642551422119,27.87685775756836
a050_1,ronin,unseen,8800,4.640362739562988,27.985698699951172
a050_1,ronin,unseen,8820,4.615728378295898,28.091577529907227
a050_1,ronin,unseen,8840,4.607755184173584,28.180370330810547
a050_1,ronin,unseen,8860,4.598506927490234,28.26882553100586
a050_1,ronin,unseen,8880,4.592187404632568,28.362558364868164
a050_1,ronin,unseen,8900,4.583224773406982,28.471715927124023
a050_1,ronin,unseen,8920,4.581876754760742,28.591880798339844
a050_1,ronin,unseen,8940,4.573298931121826,28.69379234313965
a050_1,ronin,unseen,8960,4.558457374572754,28.792720794677734
a050_1,ronin,unseen,8980,4.546408176422119,28.886215209960938
a050_1,ronin,unseen,9000,4.529033660888672,28.989776611328125
a050_1,ronin,unseen,9020,4.508388519287109,29.101688385009766
a050_1,ronin,unseen,9040,4.4742960929870605,29.21812629699707
a050_1,ronin,unseen,9060,4.46256685256958,29.311681747436523
a050_1,ronin,unseen,9080,4.445596694946289,29.39772605895996
a050_1,ronin,unseen,9100,4.427757263183594,29.48844337463379
a050_1,ronin,unseen,9120,4.413228988647461,29.588178634643555
a050_1,ronin,unseen,9140,4.40230131149292,29.703125
a050_1,ronin,unseen,9160,4.391723155975342,29.810867309570312
a050_1,ronin,unseen,9180,4.3738813400268555,29.904787063598633
a050_1,ronin,unseen,9200,4.358436107635498,29.993499755859375
a050_1,ronin,unseen,9220,4.338901519775391,30.08566665649414
a050_1,ronin,unseen,9240,4.311277389526367,30.184112548828125
a050_1,ronin,unseen,9260,4.272482395172119,30.295988082885742
a050_1,ronin,unseen,9280,4.245669364929199,30.38716697692871
a050_1,ronin,unseen,9300,4.2247538566589355,30.46767807006836
a050_1,ronin,unseen,9320,4.205676555633545,30.543258666992188
a050_1,ronin,unseen,9340,4.188811779022217,30.629701614379883
a050_1,ronin,unseen,9360,4.170248031616211,30.731765747070312
a050_1,ronin,unseen,9380,4.156715393066406,30.842369079589844
a050_1,ronin,unseen,9400,4.138981342315674,30.93097496032715
a050_1,ronin,unseen,9420,4.120567321777344,31.01654052734375
a050_1,ronin,unseen,9440,4.104931831359863,31.09665870666504
a050_1,ronin,unseen,9460,4.085653305053711,31.188302993774414
a050_1,ronin,unseen,9480,4.058271408081055,31.29024887084961
a050_1,ronin,unseen,9500,4.020665645599365,31.396892547607422
a050_1,ronin,unseen,9520,4.007051944732666,31.484731674194336
a050_1,ronin,unseen,9540,3.9931046962738037,31.573942184448242
a050_1,ronin,unseen,9560,3.9848387241363525,31.666906356811523
a050_1,ronin,unseen,9580,3.977187156677246,31.775609970092773
a050_1,ronin,unseen,9600,3.975713014602661,31.89509391784668
a050_1,ronin,unseen,9620,3.9708027839660645,32.0020866394043
a050_1,ronin,unseen,9640,3.9568870067596436,32.10054397583008
a050_1,ronin,unseen,9660,3.949392080307007,32.19076919555664
a050_1,ronin,unseen,9680,3.940835952758789,32.28904724121094
a050_1,ronin,unseen,9700,3.9291787147521973,32.396209716796875
a050_1,ronin,unseen,9720,3.9052584171295166,32.5119743347168
a050_1,ronin,unseen,9740,3.895500659942627,32.600887298583984
a050_1,ronin,unseen,9760,3.8800294399261475,32.69062042236328
a050_1,ronin,unseen,9780,3.8651490211486816,32.776851654052734
a050_1,ronin,unseen,9800,3.8549728393554688,32.88157653808594
a050_1,ronin,unseen,9820,3.8551297187805176,32.992801666259766
a050_1,ronin,unseen,9840,3.855168581008911,33.09853744506836
a050_1,ronin,unseen,9860,3.8416173458099365,33.19181823730469
a050_1,ronin,unseen,9880,3.830493450164795,33.27927780151367
a050_1,ronin,unseen,9900,3.8182599544525146,33.37346267700195
a050_1,ronin,unseen,9920,3.8033738136291504,33.478904724121094
a050_1,ronin,unseen,9940,3.7758772373199463,33.590763092041016
a050_1,ronin,unseen,9960,3.757134437561035,33.683536529541016
a050_1,ronin,unseen,9980,3.742532968521118,33.76921844482422
a050_1,ronin,unseen,10000,3.716843843460083,33.859535217285156
a050_1,ronin,unseen,10020,3.697251796722412,33.965858459472656
a050_1,ronin,unseen,10040,3.6798806190490723,34.08509063720703
a050_1,ronin,unseen,10060,3.668910026550293,34.211151123046875
a050_1,ronin,unseen,10080,3.64728045463562,34.32061767578125
a050_1,ronin,unseen,10100,3.629340648651123,34.41971206665039
a050_1,ronin,unseen,10120,3.60839581489563,34.51904296875
a050_1,ronin,unseen,10140,3.586066246032715,34.621395111083984
a050_1,ronin,unseen,10160,3.5601139068603516,34.731380462646484
a050_1,ronin,unseen,10180,3.5303163528442383,34.83292770385742
a050_1,ronin,unseen,10200,3.5190494060516357,34.91566848754883
a050_1,ronin,unseen,10220,3.5037200450897217,34.99999237060547
a050_1,ronin,unseen,10240,3.492769479751587,35.08957290649414
a050_1,ronin,unseen,10260,3.4853291511535645,35.193359375
a050_1,ronin,unseen,10280,3.487697124481201,35.31011962890625
a050_1,ronin,unseen,10300,3.4819447994232178,35.414066314697266
a050_1,ronin,unseen,10320,3.4709792137145996,35.5127067565918
a050_1,ronin,unseen,10340,3.4661922454833984,35.60426712036133
a050_1,ronin,unseen,10360,3.45658540725708,35.70289611816406
a050_1,ronin,unseen,10380,3.4439821243286133,35.81156921386719
a050_1,ronin,unseen,10400,3.4237935543060303,35.92683792114258
a050_1,ronin,unseen,10420,3.4191880226135254,36.01054000854492
a050_1,ronin,unseen,10440,3.412405490875244,36.09296417236328
a050_1,ronin,unseen,10460,3.4047460556030273,36.17665481567383
a050_1,ronin,unseen,10480,3.4012081623077393,36.277259826660156
a050_1,ronin,unseen,10500,3.404583692550659,36.39316940307617
a050_1,ronin,unseen,10520,3.4132955074310303,36.50337600708008
a050_1,ronin,unseen,10540,3.4020636081695557,36.598602294921875
a050_1,ronin,unseen,10560,3.3922641277313232,36.69235610961914
a050_1,ronin,unseen,10580,3.3840901851654053,36.79067611694336
a050_1,ronin,unseen,10600,3.3743703365325928,36.89649200439453
a050_1,ronin,unseen,10620,3.3550918102264404,37.01530075073242
a050_1,ronin,unseen,10640,3.3418338298797607,37.10322189331055
a050_1,ronin,unseen,10660,3.3330624103546143,37.18802261352539
a050_1,ronin,unseen,10680,3.3194785118103027,37.27315139770508
a050_1,ronin,unseen,10700,3.311305522918701,37.37282943725586
a050_1,ronin,unseen,10720,3.3093883991241455,37.487430572509766
a050_1,ronin,unseen,10740,3.3115932941436768,37.60715103149414
a050_1,ronin,unseen,10760,3.2990434169769287,37.707069396972656
a050_1,ronin,unseen,10780,3.2908742427825928,37.79888153076172
a050_1,ronin,unseen,10800,3.281719207763672,37.900909423828125
a050_1,ronin,unseen,10820,3.2711312770843506,38.00925827026367
a050_1,ronin,unseen,10840,3.2484967708587646,38.131141662597656
a050_1,ronin,unseen,10860,3.2307143211364746,38.240020751953125
a050_1,ronin,unseen,10880,3.2291412353515625,38.33271408081055
a050_1,ronin,unseen,10900,3.215942144393921,38.429283142089844
a050_1,ronin,unseen,10920,3.2092082500457764,38.536685943603516
a050_1,ronin,unseen,10940,3.207899808883667,38.65562057495117
a050_1,ronin,unseen,10960,3.2130465507507324,38.77614212036133
a050_1,ronin,unseen,10980,3.2050671577453613,38.88029479980469
a050_1,ronin,unseen,11000,3.196251153945923,38.979103088378906
a050_1,ronin,unseen,11020,3.184938430786133,39.079254150390625
a050_1,ronin,unseen,11040,3.170602321624756,39.18730545043945
a050_1,ronin,unseen,11060,3.1514832973480225,39.30351257324219
a050_1,ronin,unseen,11080,3.1295292377471924,39.41234588623047
a050_1,ronin,unseen,11100,3.1230885982513428,39.505680084228516
a050_1,ronin,unseen,11120,3.1044344902038574,39.602725982666016
a050_1,ronin,unseen,11140,3.0922038555145264,39.70638656616211
a050_1,ronin,unseen,11160,3.082871198654175,39.8315315246582
a050_1,ronin,unseen,11180,3.0805201530456543,39.95713424682617
a050_1,ronin,unseen,11200,3.0664963722229004,40.0706787109375
a050_1,ronin,unseen,11220,3.0511467456817627,40.177513122558594
a050_1,ronin,unseen,11240,3.0393428802490234,40.28458786010742
a050_1,ronin,unseen,11260,3.0288219451904297,40.39599609375
a050_1,ronin,unseen,11280,3.011469841003418,40.51400375366211
a050_1,ronin,unseen,11300,2.994384288787842,40.627525329589844
a050_1,ronin,unseen,11320,2.990473985671997,40.72175216674805
a050_1,ronin,unseen,11340,2.976447582244873,40.81924819946289
a050_1,ronin,unseen,11360,2.966146469116211,40.92389678955078
a050_1,ronin,unseen,11380,2.9585418701171875,41.042236328125
a050_1,ronin,unseen,11400,2.9603326320648193,41.16543197631836
a050_1,ronin,unseen,11420,2.951977014541626,41.275794982910156
a050_1,ronin,unseen,11440,2.9401986598968506,41.38285827636719
a050_1,ronin,unseen,11460,2.931880235671997,41.486358642578125
a050_1,ronin,unseen,11480,2.9229178428649902,41.594322204589844
a050_1,ronin,unseen,11500,2.907838821411133,41.708953857421875
a050_1,ronin,unseen,11520,2.891340494155884,41.82477951049805
a050_1,ronin,unseen,11540,2.891326427459717,41.920597076416016
a050_1,ronin,unseen,11560,2.8814890384674072,42.01645278930664
a050_1,ronin,unseen,11580,2.876675844192505,42.11720657348633
a050_1,ronin,unseen,11600,2.874614715576172,42.23106002807617
a050_1,ronin,unseen,11620,2.8815112113952637,42.35574722290039
a050_1,ronin,unseen,11640,2.8805363178253174,42.466339111328125
a050_1,ronin,unseen,11660,2.8671464920043945,42.57275390625
a050_1,ronin,unseen,11680,2.8583526611328125,42.67151641845703
a050_1,ronin,unseen,11700,2.8447329998016357,42.77124786376953
a050_1,ronin,unseen,11720,2.830885648727417,42.8733024597168
a050_1,ronin,unseen,11740,2.807190179824829,42.98197937011719
a050_1,ronin,unseen,11760,2.793330669403076,43.069332122802734
a050_1,ronin,unseen,11780,2.7818360328674316,43.1519889831543
a050_1,ronin,unseen,11800,2.766770124435425,43.23484420776367
a050_1,ronin,unseen,11820,2.750248908996582,43.33121871948242
a050_1,ronin,unseen,11840,2.7375142574310303,43.43938446044922
a050_1,ronin,unseen,11860,2.7298953533172607,43.55341339111328
a050_1,ronin,unseen,11880,2.7062320709228516,43.6549186706543
a050_1,ronin,unseen,11900,2.68578839302063,43.75089645385742
a050_1,ronin,unseen,11920,2.662006378173828,43.850730895996094
a050_1,ronin,unseen,11940,2.6333889961242676,43.95435333251953
a050_1,ronin,unseen,11960,2.603252649307251,44.06364059448242
a050_1,ronin,unseen,11980,2.5729496479034424,44.168418884277344
a050_1,ronin,unseen,12000,2.5538012981414795,44.25348663330078
a050_1,ronin,unseen,12020,2.531592607498169,44.34229278564453
a050_1,ronin,unseen,12040,2.506549596786499,44.435611724853516
a050_1,ronin,unseen,12060,2.4831132888793945,44.54132080078125
a050_1,ronin,unseen,12080,2.467242479324341,44.66033172607422
a050_1,ronin,unseen,12100,2.447962522506714,44.76785659790039
a050_1,ronin,unseen,12120,2.4184138774871826,44.8673210144043
a050_1,ronin,unseen,12140,2.3979098796844482,44.96332931518555
a050_1,ronin,unseen,12160,2.3727846145629883,45.064640045166016
a050_1,ronin,unseen,12180,2.346285820007324,45.16682052612305
a050_1,ronin,unseen,12200,2.311187267303467,45.271881103515625
a050_1,ronin,unseen,12220,2.2926113605499268,45.35762023925781
a050_1,ronin,unseen,12240,2.2746477127075195,45.44272232055664
a050_1,ronin,unseen,12260,2.254422187805176,45.52853012084961
a050_1,ronin,unseen,12280,2.23629093170166,45.62564468383789
a050_1,ronin,unseen,12300,2.223968744277954,45.725120544433594
a050_1,ronin,unseen,12320,2.216862201690674,45.82963180541992
a050_1,ronin,unseen,12340,2.1936652660369873,45.92844772338867
a050_1,ronin,unseen,12360,2.1723129749298096,46.01844787597656
a050_1,ronin,unseen,12380,2.148350715637207,46.109073638916016
a050_1,ronin,unseen,12400,2.1238486766815186,46.19655227661133
a050_1,ronin,unseen,12420,2.085592269897461,46.298274993896484
a050_1,ronin,unseen,12440,2.042983055114746,46.39292526245117
a050_1,ronin,unseen,12460,2.019631862640381,46.470741271972656
a050_1,ronin,unseen,12480,1.9847309589385986,46.55091857910156
a050_1,ronin,unseen,12500,1.9528453350067139,46.62770462036133
a050_1,ronin,unseen,12520,1.9157540798187256,46.72002029418945
a050_1,ronin,unseen,12540,1.8840291500091553,46.8171501159668
a050_1,ronin,unseen,12560,1.8458245992660522,46.91223907470703
a050_1,ronin,unseen,12580,1.7858045101165771,46.984230041503906
a050_1,ronin,unseen,12600,1.7343482971191406,47.05491638183594
a050_1,ronin,unseen,12620,1.6776026487350464,47.122222900390625
a050_1,ronin,unseen,12640,1.6155447959899902,47.18935775756836
a050_1,ronin,unseen,12660,1.5404003858566284,47.253623962402344
a050_1,ronin,unseen,12680,1.4773485660552979,47.30847930908203
a050_1,ronin,unseen,12700,1.4190888404846191,47.358978271484375
a050_1,ronin,unseen,12720,1.3594467639923096,47.40925979614258
a050_1,ronin,unseen,12740,1.2955399751663208,47.46813201904297
a050_1,ronin,unseen,12760,1.2267907857894897,47.53107833862305
a050_1,ronin,unseen,12780,1.158623218536377,47.602386474609375
a050_1,ronin,unseen,12800,1.0826573371887207,47.65779113769531
a050_1,ronin,unseen,12820,1.0092514753341675,47.70028305053711
a050_1,ronin,unseen,12840,0.935417890548706,47.74116516113281
a050_1,ronin,unseen,12860,0.8540230393409729,47.77937316894531
a050_1,ronin,unseen,12880,0.7599328756332397,47.821407318115234
a050_1,ronin,unseen,12900,0.6632675528526306,47.85578918457031
a050_1,ronin,unseen,12920,0.5877920985221863,47.887290954589844
a050_1,ronin,unseen,12940,0.5131009817123413,47.910865783691406
a050_1,ronin,unseen,12960,0.42992541193962097,47.932228088378906
a050_1,ronin,unseen,12980,0.3403848111629486,47.962459564208984
a050_1,ronin,unseen,13000,0.2447534054517746,48.00392150878906
a050_1,ronin,unseen,13020,0.14578890800476074,48.04594802856445
a050_1,ronin,unseen,13040,0.06051113083958626,48.06753921508789
a050_1,ronin,unseen,13060,-0.02037968300282955,48.089027404785156
a050_1,ronin,unseen,13080,-0.0994575172662735,48.105838775634766
a050_1,ronin,unseen,13100,-0.1863475888967514,48.12223434448242
a050_1,ronin,unseen,13120,-0.27989232540130615,48.135398864746094
a050_1,ronin,unseen,13140,-0.3768942356109619,48.142059326171875
a050_1,ronin,unseen,13160,-0.46621909737586975,48.15055847167969
a050_1,ronin,unseen,13180,-0.5509951114654541,48.15357971191406
a050_1,ronin,unseen,13200,-0.6392609477043152,48.157100677490234
a050_1,ronin,unseen,13220,-0.7310072183609009,48.16423416137695
a050_1,ronin,unseen,13240,-0.8297509551048279,48.17802810668945
a050_1,ronin,unseen,13260,-0.9202326536178589,48.19525909423828
a050_1,ronin,unseen,13280,-1.002245545387268,48.19602966308594
a050_1,ronin,unseen,13300,-1.0867599248886108,48.194095611572266
a050_1,ronin,unseen,13320,-1.1677260398864746,48.18930435180664
a050_1,ronin,unseen,13340,-1.2543212175369263,48.1824951171875
a050_1,ronin,unseen,13360,-1.339745044708252,48.17280578613281
a050_1,ronin,unseen,13380,-1.42729651927948,48.15530014038086
a050_1,ronin,unseen,13400,-1.5134555101394653,48.142581939697266
a050_1,ronin,unseen,13420,-1.5855504274368286,48.13016891479492
a050_1,ronin,unseen,13440,-1.6696377992630005,48.1142692565918
a050_1,ronin,unseen,13460,-1.7591214179992676,48.101478576660156
a050_1,ronin,unseen,13480,-1.8537379503250122,48.091617584228516
a050_1,ronin,unseen,13500,-1.9477287530899048,48.08725357055664
a050_1,ronin,unseen,13520,-2.0365378856658936,48.06830978393555
a050_1,ronin,unseen,13540,-2.1187679767608643,48.05278396606445
a050_1,ronin,unseen,13560,-2.2023282051086426,48.03472137451172
a050_1,ronin,unseen,13580,-2.2917590141296387,48.0121955871582
a050_1,ronin,unseen,13600,-2.374889612197876,47.98797607421875
a050_1,ronin,unseen,13620,-2.4583797454833984,47.9550666809082
a050_1,ronin,unseen,13640,-2.5360801219940186,47.92457580566406
a050_1,ronin,unseen,13660,-2.6003172397613525,47.896183013916016
a050_1,ronin,unseen,13680,-2.67148494720459,47.85690689086914
a050_1,ronin,unseen,13700,-2.7482898235321045,47.818817138671875
a050_1,ronin,unseen,13720,-2.8322627544403076,47.778751373291016
a050_1,ronin,unseen,13740,-2.920212745666504,47.74635696411133
a050_1,ronin,unseen,13760,-2.996504068374634,47.709964752197266
a050_1,ronin,unseen,13780,-3.0697782039642334,47.66490173339844
a050_1,ronin,unseen,13800,-3.1370794773101807,47.610904693603516
a050_1,ronin,unseen,13820,-3.2051124572753906,47.55249786376953
a050_1,ronin,unseen,13840,-3.2687265872955322,47.49812698364258
a050_1,ronin,unseen,13860,-3.3290295600891113,47.434974670410156
a050_1,ronin,unseen,13880,-3.3869097232818604,47.367916107177734
a050_1,ronin,unseen,13900,-3.444371223449707,47.310813903808594
a050_1,ronin,unseen,13920,-3.4973764419555664,47.245323181152344
a050_1,ronin,unseen,13940,-3.5588958263397217,47.17658615112305
a050_1,ronin,unseen,13960,-3.6270580291748047,47.10710525512695
a050_1,ronin,unseen,13980,-3.7022275924682617,47.04087448120117
a050_1,ronin,unseen,14000,-3.7696588039398193,46.97395324707031
a050_1,ronin,unseen,14020,-3.8293650150299072,46.90663528442383
a050_1,ronin,unseen,14040,-3.881821870803833,46.840423583984375
a050_1,ronin,unseen,14060,-3.931525468826294,46.769901275634766
a050_1,ronin,unseen,14080,-3.9823458194732666,46.69376754760742
a050_1,ronin,unseen,14100,-4.029943466186523,46.61598587036133
a050_1,ronin,unseen,14120,-4.077483177185059,46.53181076049805
a050_1,ronin,unseen,14140,-4.1235761642456055,46.46298599243164
a050_1,ronin,unseen,14160,-4.163217067718506,46.39039993286133
a050_1,ronin,unseen,14180,-4.208288192749023,46.3134651184082
a050_1,ronin,unseen,14200,-4.261137962341309,46.2266731262207
a050_1,ronin,unseen,14220,-4.321030616760254,46.137535095214844
a050_1,ronin,unseen,14240,-4.374041557312012,46.04789733886719
a050_1,ronin,unseen,14260,-4.413008213043213,45.95964050292969
a050_1,ronin,unseen,14280,-4.449223518371582,45.870635986328125
a050_1,ronin,unseen,14300,-4.478820323944092,45.77555847167969
a050_1,ronin,unseen,14320,-4.511928558349609,45.67364501953125
a050_1,ronin,unseen,14340,-4.535398960113525,45.57734298706055
a050_1,ronin,unseen,14360,-4.557811260223389,45.48295593261719
a050_1,ronin,unseen,14380,-4.580463409423828,45.40266418457031
a050_1,ronin,unseen,14400,-4.594992637634277,45.31136703491211
a050_1,ronin,unseen,14420,-4.614258289337158,45.21695327758789
a050_1,ronin,unseen,14440,-4.635613441467285,45.11335372924805
a050_1,ronin,unseen,14460,-4.6665825843811035,45.00264358520508
a050_1,ronin,unseen,14480,-4.681049823760986,44.9036865234375
a050_1,ronin,unseen,14500,-4.6949005126953125,44.80238342285156
a050_1,ronin,unseen,14520,-4.6998796463012695,44.70701217651367
a050_1,ronin,unseen,14540,-4.698200702667236,44.607521057128906
a050_1,ronin,unseen,14560,-4.6964287757873535,44.50791931152344
a050_1,ronin,unseen,14580,-4.68745231628418,44.40351104736328
a050_1,ronin,unseen,14600,-4.690764427185059,44.30751037597656
a050_1,ronin,unseen,14620,-4.690185546875,44.21897888183594
a050_1,ronin,unseen,14640,-4.691394805908203,44.12615966796875
a050_1,ronin,unseen,14660,-4.697597026824951,44.02566909790039
a050_1,ronin,unseen,14680,-4.710677623748779,43.92250061035156
a050_1,ronin,unseen,14700,-4.728005886077881,43.81890869140625
a050_1,ronin,unseen,14720,-4.72568416595459,43.72148513793945
a050_1,ronin,unseen,14740,-4.722633361816406,43.61876678466797
a050_1,ronin,unseen,14760,-4.713242530822754,43.51923370361328
a050_1,ronin,unseen,14780,-4.700557231903076,43.41988754272461
a050_1,ronin,unseen,14800,-4.6834306716918945,43.32305145263672
a050_1,ronin,unseen,14820,-4.666468620300293,43.22283935546875
a050_1,ronin,unseen,14840,-4.662003040313721,43.14011001586914
a050_1,ronin,unseen,14860,-4.6517720222473145,43.051490783691406
a050_1,ronin,unseen,14880,-4.646230697631836,42.9586296081543
a050_1,ronin,unseen,14900,-4.641716480255127,42.859317779541016
a050_1,ronin,unseen,14920,-4.644437313079834,42.755096435546875
a050_1,ronin,unseen,14940,-4.643411636352539,42.6593017578125
a050_1,ronin,unseen,14960,-4.63705587387085,42.568477630615234
a050_1,ronin,unseen,14980,-4.634294033050537,42.46950149536133
a050_1,ronin,unseen,15000,-4.630091667175293,42.373626708984375
a050_1,ronin,unseen,15020,-4.625262260437012,42.27800750732422
a050_1,ronin,unseen,15040,-4.615243434906006,42.17531204223633
a050_1,ronin,unseen,15060,-4.611842632293701,42.08393096923828
a050_1,ronin,unseen,15080,-4.603878974914551,42.00318908691406
a050_1,ronin,unseen,15100,-4.593462944030762,41.905269622802734
a050_1,ronin,unseen,15120,-4.5891337394714355,41.801795959472656
a050_1,ronin,unseen,15140,-4.590831756591797,41.701629638671875
a050_1,ronin,unseen,15160,-4.603933811187744,41.598976135253906
a050_1,ronin,unseen,15180,-4.6050286293029785,41.51061248779297
a050_1,ronin,unseen,15200,-4.605494499206543,41.42266082763672
a050_1,ronin,unseen,15220,-4.605220794677734,41.32026672363281
a050_1,ronin,unseen,15240,-4.601744651794434,41.22700500488281
a050_1,ronin,unseen,15260,-4.592148780822754,41.126731872558594
a050_1,ronin,unseen,15280,-4.576393127441406,41.02302169799805
a050_1,ronin,unseen,15300,-4.580569744110107,40.94145965576172
a050_1,ronin,unseen,15320,-4.573677062988281,40.857242584228516
a050_1,ronin,unseen,15340,-4.567202568054199,40.75395965576172
a050_1,ronin,unseen,15360,-4.562878608703613,40.63572311401367
a050_1,ronin,unseen,15380,-4.566503524780273,40.525882720947266
a050_1,ronin,unseen,15400,-4.562014102935791,40.42921447753906
a050_1,ronin,unseen,15420,-4.553309917449951,40.33138656616211
a050_1,ronin,unseen,15440,-4.537262916564941,40.226417541503906
a050_1,ronin,unseen,15460,-4.516365051269531,40.11530685424805
a050_1,ronin,unseen,15480,-4.493744850158691,40.004188537597656
a050_1,ronin,unseen,15500,-4.4666900634765625,39.90523910522461
a050_1,ronin,unseen,15520,-4.455324172973633,39.82095718383789
a050_1,ronin,unseen,15540,-4.439711093902588,39.74940490722656
a050_1,ronin,unseen,15560,-4.420951843261719,39.664878845214844
a050_1,ronin,unseen,15580,-4.401932239532471,39.56646728515625
a050_1,ronin,unseen,15600,-4.384334564208984,39.45691680908203
a050_1,ronin,unseen,15620,-4.3770952224731445,39.36301040649414
a050_1,ronin,unseen,15640,-4.354799747467041,39.26820373535156
a050_1,ronin,unseen,15660,-4.335540771484375,39.18586349487305
a050_1,ronin,unseen,15680,-4.315005302429199,39.098899841308594
a050_1,ronin,unseen,15700,-4.2936506271362305,39.00676727294922
a050_1,ronin,unseen,15720,-4.267501354217529,38.91127395629883
a050_1,ronin,unseen,15740,-4.241539001464844,38.82443618774414
a050_1,ronin,unseen,15760,-4.22322940826416,38.74275207519531
a050_1,ronin,unseen,15780,-4.199060916900635,38.66408920288086
a050_1,ronin,unseen,15800,-4.169732570648193,38.58258819580078
a050_1,ronin,unseen,15820,-4.143109321594238,38.48807144165039
a050_1,ronin,unseen,15840,-4.119897842407227,38.381309509277344
a050_1,ronin,unseen,15860,-4.108227729797363,38.27978515625
a050_1,ronin,unseen,15880,-4.082050323486328,38.18653869628906
a050_1,ronin,unseen,15900,-4.060749530792236,38.096866607666016
a050_1,ronin,unseen,15920,-4.03865909576416,38.00634002685547
a050_1,ronin,unseen,15940,-4.013546466827393,37.908042907714844
a050_1,ronin,unseen,15960,-3.9858994483947754,37.80643844604492
a050_1,ronin,unseen,15980,-3.9604508876800537,37.71550750732422
a050_1,ronin,unseen,16000,-3.953989028930664,37.62890625
a050_1,ronin,unseen,16020,-3.9415528774261475,37.544677734375
a050_1,ronin,unseen,16040,-3.927978277206421,37.45722198486328
a050_1,ronin,unseen,16060,-3.918099880218506,37.353546142578125
a050_1,ronin,unseen,16080,-3.9145634174346924,37.238468170166016
a050_1,ronin,unseen,16100,-3.9161794185638428,37.14078140258789
a050_1,ronin,unseen,16120,-3.902752637863159,37.0433464050293
a050_1,ronin,unseen,16140,-3.889030933380127,36.94405746459961
a050_1,ronin,unseen,16160,-3.870468854904175,36.843475341796875
a050_1,ronin,unseen,16180,-3.857769250869751,36.73927688598633
a050_1,ronin,unseen,16200,-3.8412718772888184,36.639976501464844
a050_1,ronin,unseen,16220,-3.8252646923065186,36.54645538330078
a050_1,ronin,unseen,16240,-3.819676160812378,36.4642219543457
a050_1,ronin,unseen,16260,-3.8032400608062744,36.37649917602539
a050_1,ronin,unseen,16280,-3.7930996417999268,36.2756462097168
a050_1,ronin,unseen,16300,-3.786046266555786,36.173606872558594
a050_1,ronin,unseen,16320,-3.7869019508361816,36.06966018676758
a050_1,ronin,unseen,16340,-3.779466390609741,35.976280212402344
a050_1,ronin,unseen,16360,-3.7686703205108643,35.881649017333984
a050_1,ronin,unseen,16380,-3.7645130157470703,35.788509368896484
a050_1,ronin,unseen,16400,-3.756969928741455,35.69218063354492
a050_1,ronin,unseen,16420,-3.745638608932495,35.595149993896484
a050_1,ronin,unseen,16440,-3.727116107940674,35.4950065612793
a050_1,ronin,unseen,16460,-3.724583864212036,35.40962600708008
a050_1,ronin,unseen,16480,-3.7203290462493896,35.329952239990234
a050_1,ronin,unseen,16500,-3.7152771949768066,35.23738479614258
a050_1,ronin,unseen,16520,-3.712853193283081,35.12867736816406
a050_1,ronin,unseen,16540,-3.7163026332855225,35.01992416381836
a050_1,ronin,unseen,16560,-3.7224948406219482,34.916500091552734
a050_1,ronin,unseen,16580,-3.7126801013946533,34.8154411315918
a050_1,ronin,unseen,16600,-3.7036824226379395,34.71768569946289
a050_1,ronin,unseen,16620,-3.6948421001434326,34.62249755859375
a050_1,ronin,unseen,16640,-3.6854474544525146,34.525726318359375
a050_1,ronin,unseen,16660,-3.671696424484253,34.43073654174805
a050_1,ronin,unseen,16680,-3.6564180850982666,34.340267181396484
a050_1,ronin,unseen,16700,-3.6460158824920654,34.259307861328125
a050_1,ronin,unseen,16720,-3.629643440246582,34.17415237426758
a050_1,ronin,unseen,16740,-3.613071918487549,34.07981872558594
a050_1,ronin,unseen,16760,-3.5977253913879395,33.981292724609375
a050_1,ronin,unseen,16780,-3.5917375087738037,33.88182830810547
a050_1,ronin,unseen,16800,-3.5822343826293945,33.78467559814453
a050_1,ronin,unseen,16820,-3.5600156784057617,33.692039489746094
a050_1,ronin,unseen,16840,-3.5455610752105713,33.59860610961914
a050_1,ronin,unseen,16860,-3.528831720352173,33.50048828125
a050_1,ronin,unseen,16880,-3.5086309909820557,33.39828872680664
a050_1,ronin,unseen,16900,-3.4845309257507324,33.305137634277344
a050_1,ronin,unseen,16920,-3.464548349380493,33.216094970703125
a050_1,ronin,unseen,16940,-3.4542388916015625,33.139373779296875
a050_1,ronin,unseen,16960,-3.4355156421661377,33.05778503417969
a050_1,ronin,unseen,16980,-3.418442726135254,32.9669189453125
a050_1,ronin,unseen,17000,-3.404191017150879,32.86959457397461
a050_1,ronin,unseen,17020,-3.3993852138519287,32.775245666503906
a050_1,ronin,unseen,17040,-3.3921260833740234,32.68949890136719
a050_1,ronin,unseen,17060,-3.3768470287323,32.610267639160156
a050_1,ronin,unseen,17080,-3.364853620529175,32.53251647949219
a050_1,ronin,unseen,17100,-3.347987651824951,32.437652587890625
a050_1,ronin,unseen,17120,-3.3308417797088623,32.34054183959961
a050_1,ronin,unseen,17140,-3.3074636459350586,32.249942779541016
a050_1,ronin,unseen,17160,-3.2919254302978516,32.16395950317383
a050_1,ronin,unseen,17180,-3.288071870803833,32.09535217285156
a050_1,ronin,unseen,17200,-3.2756779193878174,32.022552490234375
a050_1,ronin,unseen,17220,-3.268902540206909,31.945619583129883
a050_1,ronin,unseen,17240,-3.2632808685302734,31.86345863342285
a050_1,ronin,unseen,17260,-3.2667794227600098,31.784685134887695
a050_1,ronin,unseen,17280,-3.2679288387298584,31.708295822143555
a050_1,ronin,unseen,17300,-3.2637548446655273,31.641834259033203
a050_1,ronin,unseen,17320,-3.264207124710083,31.585025787353516
a050_1,ronin,unseen,17340,-3.262477159500122,31.52855682373047
a050_1,ronin,unseen,17360,-3.2590272426605225,31.474529266357422
a050_1,ronin,unseen,17380,-3.2483584880828857,31.418231964111328
a050_1,ronin,unseen,17400,-3.238009214401245,31.365921020507812
a050_1,ronin,unseen,17420,-3.2263760566711426,31.312681198120117
a050_1,ronin,unseen,17440,-3.220165491104126,31.26926612854004
a050_1,ronin,unseen,17460,-3.218557357788086,31.236770629882812
a050_1,ronin,unseen,17480,-3.212103843688965,31.208402633666992
a050_1,ronin,unseen,17500,-3.2065906524658203,31.181907653808594
a050_1,ronin,unseen,17520,-3.2052042484283447,31.163028717041016
a050_1,ronin,unseen,17540,-3.2048072814941406,31.146326065063477
a050_1,ronin,unseen,17560,-3.2034201622009277,31.134557723999023
a050_1,ronin,unseen,17580,-3.201289415359497,31.12702178955078
a050_1,ronin,unseen,17600,-3.200446605682373,31.124048233032227
a050_1,ronin,unseen,17620,-3.2002499103546143,31.123239517211914
a050_1,ronin,unseen,17640,-3.2002155780792236,31.123159408569336
a050_1,ronin,unseen,17660,-3.200406312942505,31.12337303161621
a050_1,ronin,unseen,17680,-3.2018306255340576,31.12429428100586
a050_1,ronin,unseen,17700,-3.2039451599121094,31.12520980834961
a050_1,ronin,unseen,17720,-3.2044780254364014,31.125425338745117
a050_1,ronin,unseen,17740,-3.2051150798797607,31.125429153442383
a050_1,ronin,unseen,17760,-3.2052578926086426,31.12535858154297
a050_1,ronin,unseen,17780,-3.2052693367004395,31.125282287597656
a050_1,ronin,unseen,17800,-3.2050812244415283,31.125036239624023
a050_1,ronin,unseen,17820,-3.2046725749969482,31.124563217163086
a050_1,ronin,unseen,17840,-3.2041749954223633,31.123428344726562
a050_1,ronin,unseen,17860,-3.204336404800415,31.121789932250977
a050_1,ronin,unseen,17880,-3.2049243450164795,31.120386123657227
a050_1,ronin,unseen,17900,-3.2052242755889893,31.119686126708984
a050_1,ronin,unseen,17920,-3.2054083347320557,31.119203567504883
a050_1,ronin,unseen,17940,-3.2055909633636475,31.118803024291992
a050_1,ronin,unseen,17960,-3.205836534500122,31.11823272705078
a050_1,ronin,unseen,17980,-3.2058322429656982,31.1169490814209
a050_1,ronin,unseen,18000,-3.2066519260406494,31.115795135498047
a050_1,ronin,unseen,18020,-3.209413766860962,31.11459732055664
a050_1,ronin,unseen,18040,-3.214017391204834,31.112966537475586
a050_1,ronin,unseen,18060,-3.2210493087768555,31.110210418701172
a050_1,ronin,unseen,18080,-3.2306528091430664,31.105974197387695
a050_1,ronin,unseen,18100,-3.2430505752563477,31.100658416748047
a050_1,ronin,unseen,18120,-3.2566089630126953,31.094999313354492
a050_1,ronin,unseen,18140,-3.268141269683838,31.08940315246582
a050_1,ronin,unseen,18160,-3.2747747898101807,31.08339500427246
a050_1,ronin,unseen,18180,-3.275109052658081,31.073976516723633
a050_1,ronin,unseen,18200,-3.272160291671753,31.05762481689453
a050_1,ronin,unseen,18220,-3.26554799079895,31.032470703125
a050_1,ronin,unseen,18240,-3.2552270889282227,30.996665954589844
a050_1,ronin,unseen,18260,-3.2423717975616455,30.947025299072266
a050_1,ronin,unseen,18280,-3.222743034362793,30.886821746826172
a050_1,ronin,unseen,18300,-3.200932741165161,30.829349517822266
a050_1,ronin,unseen,18320,-3.1792469024658203,30.77344512939453
a050_1,ronin,unseen,18340,-3.168431282043457,30.722240447998047
a050_1,ronin,unseen,18360,-3.16013240814209,30.667516708374023
a050_1,ronin,unseen,18380,-3.154203176498413,30.604541778564453
a050_1,ronin,unseen,18400,-3.155618667602539,30.525691986083984
a050_1,ronin,unseen,18420,-3.164562702178955,30.435466766357422
a050_1,ronin,unseen,18440,-3.1785807609558105,30.34292221069336
a050_1,ronin,unseen,18460,-3.1795294284820557,30.253732681274414
a050_1,ronin,unseen,18480,-3.1732256412506104,30.175363540649414
a050_1,ronin,unseen,18500,-3.1601614952087402,30.085107803344727
a050_1,ronin,unseen,18520,-3.14350962638855,29.991052627563477
a050_1,ronin,unseen,18540,-3.1268081665039062,29.90363311767578
a050_1,ronin,unseen,18560,-3.098742723464966,29.806501388549805
a050_1,ronin,unseen,18580,-3.0766308307647705,29.715251922607422
a050_1,ronin,unseen,18600,-3.073526620864868,29.63343620300293
a050_1,ronin,unseen,18620,-3.0563530921936035,29.54368782043457
a050_1,ronin,unseen,18640,-3.0398240089416504,29.442302703857422
a050_1,ronin,unseen,18660,-3.025174856185913,29.334922790527344
a050_1,ronin,unseen,18680,-3.0212576389312744,29.229623794555664
a050_1,ronin,unseen,18700,-3.0107524394989014,29.130216598510742
a050_1,ronin,unseen,18720,-3.0012598037719727,29.038721084594727
a050_1,ronin,unseen,18740,-2.996351480484009,28.948101043701172
a050_1,ronin,unseen,18760,-2.9811508655548096,28.85267448425293
a050_1,ronin,unseen,18780,-2.962238073348999,28.757091522216797
a050_1,ronin,unseen,18800,-2.9340269565582275,28.656269073486328
a050_1,ronin,unseen,18820,-2.9240708351135254,28.567537307739258
a050_1,ronin,unseen,18840,-2.9225046634674072,28.488168716430664
a050_1,ronin,unseen,18860,-2.9065396785736084,28.396648406982422
a050_1,ronin,unseen,18880,-2.894312620162964,28.298519134521484
a050_1,ronin,unseen,18900,-2.88375186920166,28.198720932006836
a050_1,ronin,unseen,18920,-2.880467176437378,28.096492767333984
a050_1,ronin,unseen,18940,-2.8684465885162354,28.012880325317383
a050_1,ronin,unseen,18960,-2.8602139949798584,27.919883728027344
a050_1,ronin,unseen,18980,-2.8471808433532715,27.823944091796875
a050_1,ronin,unseen,19000,-2.824688196182251,27.720279693603516
a050_1,ronin,unseen,19020,-2.796877384185791,27.62099266052246
a050_1,ronin,unseen,19040,-2.7678751945495605,27.526338577270508
a050_1,ronin,unseen,19060,-2.753803253173828,27.44072723388672
a050_1,ronin,unseen,19080,-2.7315633296966553,27.35489273071289
a050_1,ronin,unseen,19100,-2.708411693572998,27.259456634521484
a050_1,ronin,unseen,19120,-2.6862428188323975,27.156578063964844
a050_1,ronin,unseen,19140,-2.672179937362671,27.058420181274414
a050_1,ronin,unseen,19160,-2.6552317142486572,26.96759796142578
a050_1,ronin,unseen,19180,-2.6329386234283447,26.884613037109375
a050_1,ronin,unseen,19200,-2.6166436672210693,26.794906616210938
a050_1,ronin,unseen,19220,-2.5948238372802734,26.703777313232422
a050_1,ronin,unseen,19240,-2.5705342292785645,26.615556716918945
a050_1,ronin,unseen,19260,-2.537461042404175,26.52263069152832
a050_1,ronin,unseen,19280,-2.522602081298828,26.4362735748291
a050_1,ronin,unseen,19300,-2.5182571411132812,26.3497371673584
a050_1,ronin,unseen,19320,-2.498518228530884,26.259305953979492
a050_1,ronin,unseen,19340,-2.481269121170044,26.15886688232422
a050_1,ronin,unseen,19360,-2.4680697917938232,26.044509887695312
a050_1,ronin,unseen,19380,-2.4659342765808105,25.940359115600586
a050_1,ronin,unseen,19400,-2.4516305923461914,25.837038040161133
a050_1,ronin,unseen,19420,-2.440899610519409,25.73960304260254
a050_1,ronin,unseen,19440,-2.427597999572754,25.639572143554688
a050_1,ronin,unseen,19460,-2.410221576690674,25.531156539916992
a050_1,ronin,unseen,19480,-2.3875575065612793,25.417695999145508
a050_1,ronin,unseen,19500,-2.363919496536255,25.311542510986328
a050_1,ronin,unseen,19520,-2.365910768508911,25.219892501831055
a050_1,ronin,unseen,19540,-2.3604068756103516,25.127803802490234
a050_1,ronin,unseen,19560,-2.3508260250091553,25.028583526611328
a050_1,ronin,unseen,19580,-2.341527223587036,24.913503646850586
a050_1,ronin,unseen,19600,-2.340475082397461,24.80659294128418
a050_1,ronin,unseen,19620,-2.340298891067505,24.70345115661621
a050_1,ronin,unseen,19640,-2.3319408893585205,24.605701446533203
a050_1,ronin,unseen,19660,-2.331909656524658,24.51053237915039
a050_1,ronin,unseen,19680,-2.325917959213257,24.406736373901367
a050_1,ronin,unseen,19700,-2.3168656826019287,24.29969596862793
a050_1,ronin,unseen,19720,-2.2987146377563477,24.1956729888916
a050_1,ronin,unseen,19740,-2.288360834121704,24.096050262451172
a050_1,ronin,unseen,19760,-2.288069248199463,24.00734519958496
a050_1,ronin,unseen,19780,-2.2822866439819336,23.908952713012695
a050_1,ronin,unseen,19800,-2.2797648906707764,23.802534103393555
a050_1,ronin,unseen,19820,-2.2773921489715576,23.688209533691406
a050_1,ronin,unseen,19840,-2.283717632293701,23.58300018310547
a050_1,ronin,unseen,19860,-2.280947685241699,23.48607063293457
a050_1,ronin,unseen,19880,-2.279533863067627,23.39710235595703
a050_1,ronin,unseen,19900,-2.2798824310302734,23.301578521728516
a050_1,ronin,unseen,19920,-2.2727725505828857,23.198762893676758
a050_1,ronin,unseen,19940,-2.259460210800171,23.102130889892578
a050_1,ronin,unseen,19960,-2.2372488975524902,22.99946403503418
a050_1,ronin,unseen,19980,-2.227155923843384,22.909664154052734
a050_1,ronin,unseen,20000,-2.2188222408294678,22.818389892578125
a050_1,ronin,unseen,20020,-2.205889940261841,22.71957015991211
a050_1,ronin,unseen,20040,-2.1970674991607666,22.612071990966797
a050_1,ronin,unseen,20060,-2.1890652179718018,22.511171340942383
a050_1,ronin,unseen,20080,-2.186523675918579,22.40862464904785
a050_1,ronin,unseen,20100,-2.17415452003479,22.322628021240234
a050_1,ronin,unseen,20120,-2.1667275428771973,22.240346908569336
a050_1,ronin,unseen,20140,-2.1538259983062744,22.150894165039062
a050_1,ronin,unseen,20160,-2.136443853378296,22.048295974731445
a050_1,ronin,unseen,20180,-2.115449905395508,21.952871322631836
a050_1,ronin,unseen,20200,-2.0922980308532715,21.858882904052734
a050_1,ronin,unseen,20220,-2.0925652980804443,21.775127410888672
a050_1,ronin,unseen,20240,-2.076228380203247,21.693809509277344
a050_1,ronin,unseen,20260,-2.0560109615325928,21.597002029418945
a050_1,ronin,unseen,20280,-2.0364270210266113,21.494861602783203
a050_1,ronin,unseen,20300,-2.025745391845703,21.396644592285156
a050_1,ronin,unseen,20320,-2.0150203704833984,21.30524253845215
a050_1,ronin,unseen,20340,-1.9955333471298218,21.211687088012695
a050_1,ronin,unseen,20360,-1.979028582572937,21.12032127380371
a050_1,ronin,unseen,20380,-1.9520872831344604,21.01924705505371
a050_1,ronin,unseen,20400,-1.9220246076583862,20.912269592285156
a050_1,ronin,unseen,20420,-1.8843919038772583,20.811269760131836
a050_1,ronin,unseen,20440,-1.8502051830291748,20.718374252319336
a050_1,ronin,unseen,20460,-1.8236695528030396,20.632556915283203
a050_1,ronin,unseen,20480,-1.7832772731781006,20.53864860534668
a050_1,ronin,unseen,20500,-1.7413636445999146,20.438886642456055
a050_1,ronin,unseen,20520,-1.6963951587677002,20.338821411132812
a050_1,ronin,unseen,20540,-1.6714229583740234,20.2270450592041
a050_1,ronin,unseen,20560,-1.6210640668869019,20.132566452026367
a050_1,ronin,unseen,20580,-1.5715378522872925,20.044397354125977
a050_1,ronin,unseen,20600,-1.5159289836883545,19.95633888244629
a050_1,ronin,unseen,20620,-1.4495840072631836,19.865325927734375
a050_1,ronin,unseen,20640,-1.3872709274291992,19.782432556152344
a050_1,ronin,unseen,20660,-1.318095326423645,19.701656341552734
a050_1,ronin,unseen,20680,-1.260524868965149,19.61893081665039
a050_1,ronin,unseen,20700,-1.2009320259094238,19.541433334350586
a050_1,ronin,unseen,20720,-1.1343810558319092,19.45779800415039
a050_1,ronin,unseen,20740,-1.0621647834777832,19.369029998779297
a050_1,ronin,unseen,20760,-0.9925602078437805,19.276779174804688
a050_1,ronin,unseen,20780,-0.9250686168670654,19.18498420715332
a050_1,ronin,unseen,20800,-0.8489066958427429,19.103740692138672
a050_1,ronin,unseen,20820,-0.7831528186798096,19.018911361694336
a050_1,ronin,unseen,20840,-0.71050626039505,18.936616897583008
a050_1,ronin,unseen,20860,-0.6354507207870483,18.859708786010742
a050_1,ronin,unseen,20880,-0.5480207800865173,18.783815383911133
a050_1,ronin,unseen,20900,-0.4713215231895447,18.70756721496582
a050_1,ronin,unseen,20920,-0.4015357196331024,18.642038345336914
a050_1,ronin,unseen,20940,-0.3123414218425751,18.568199157714844
a050_1,ronin,unseen,20960,-0.22427409887313843,18.492979049682617
a050_1,ronin,unseen,20980,-0.14250192046165466,18.4134464263916
a050_1,ronin,unseen,21000,-0.06679359078407288,18.336292266845703
a050_1,ronin,unseen,21020,0.01112340111285448,18.271127700805664
a050_1,ronin,unseen,21040,0.08317998051643372,18.202293395996094
a050_1,ronin,unseen,21060,0.16513364017009735,18.1374568939209
a050_1,ronin,unseen,21080,0.24973973631858826,18.073843002319336
a050_1,ronin,unseen,21100,0.3424994945526123,18.011669158935547
a050_1,ronin,unseen,21120,0.4177456796169281,17.952966690063477
a050_1,ronin,unseen,21140,0.4823468029499054,17.897066116333008
a050_1,ronin,unseen,21160,0.5673084855079651,17.833202362060547
a050_1,ronin,unseen,21180,0.6495969295501709,17.76362419128418
a050_1,ronin,unseen,21200,0.7340431213378906,17.686105728149414
a050_1,ronin,unseen,21220,0.8038772344589233,17.606975555419922
a050_1,ronin,unseen,21240,0.8716179728507996,17.54450225830078
a050_1,ronin,unseen,21260,0.9394657015800476,17.470104217529297
a050_1,ronin,unseen,21280,1.0097434520721436,17.395153045654297
a050_1,ronin,unseen,21300,1.0841701030731201,17.321508407592773
a050_1,ronin,unseen,21320,1.1703237295150757,17.24830436706543
a050_1,ronin,unseen,21340,1.2440258264541626,17.171953201293945
a050_1,ronin,unseen,21360,1.2955684661865234,17.106721878051758
a050_1,ronin,unseen,21380,1.3659687042236328,17.027854919433594
a050_1,ronin,unseen,21400,1.4302860498428345,16.947032928466797
a050_1,ronin,unseen,21420,1.4943033456802368,16.859758377075195
a050_1,ronin,unseen,21440,1.551387071609497,16.76833724975586
a050_1,ronin,unseen,21460,1.6053826808929443,16.693645477294922
a050_1,ronin,unseen,21480,1.655268669128418,16.611806869506836
a050_1,ronin,unseen,21500,1.7084835767745972,16.526432037353516
a050_1,ronin,unseen,21520,1.7646104097366333,16.440773010253906
a050_1,ronin,unseen,21540,1.828369379043579,16.35746192932129
a050_1,ronin,unseen,21560,1.889532446861267,16.27146339416504
a050_1,ronin,unseen,21580,1.9280236959457397,16.199722290039062
a050_1,ronin,unseen,21600,1.974424958229065,16.11803436279297
a050_1,ronin,unseen,21620,2.0180094242095947,16.03093719482422
a050_1,ronin,unseen,21640,2.064582347869873,15.938636779785156
a050_1,ronin,unseen,21660,2.10166072845459,15.843398094177246
a050_1,ronin,unseen,21680,2.1449666023254395,15.751860618591309
a050_1,ronin,unseen,21700,2.184645414352417,15.669844627380371
a050_1,ronin,unseen,21720,2.223177194595337,15.585206985473633
a050_1,ronin,unseen,21740,2.269742250442505,15.496838569641113
a050_1,ronin,unseen,21760,2.3206639289855957,15.410956382751465
a050_1,ronin,unseen,21780,2.377264976501465,15.324313163757324
a050_1,ronin,unseen,21800,2.4107091426849365,15.241767883300781
a050_1,ronin,unseen,21820,2.4414303302764893,15.167265892028809
a050_1,ronin,unseen,21840,2.480740547180176,15.084542274475098
a050_1,ronin,unseen,21860,2.5203256607055664,14.988598823547363
a050_1,ronin,unseen,21880,2.5493874549865723,14.896347999572754
a050_1,ronin,unseen,21900,2.5731894969940186,14.79823112487793
a050_1,ronin,unseen,21920,2.606546401977539,14.713399887084961
a050_1,ronin,unseen,21940,2.6341817378997803,14.637381553649902
a050_1,ronin,unseen,21960,2.6718647480010986,14.554048538208008
a050_1,ronin,unseen,21980,2.715648889541626,14.46697998046875
a050_1,ronin,unseen,22000,2.7602694034576416,14.388033866882324
a050_1,ronin,unseen,22020,2.807887077331543,14.306882858276367
a050_1,ronin,unseen,22040,2.8407914638519287,14.235876083374023
a050_1,ronin,unseen,22060,2.8775203227996826,14.166592597961426
a050_1,ronin,unseen,22080,2.9142794609069824,14.093770980834961
a050_1,ronin,unseen,22100,2.954810857772827,14.013249397277832
a050_1,ronin,unseen,22120,2.9942047595977783,13.921671867370605
a050_1,ronin,unseen,22140,3.03112530708313,13.831474304199219
a050_1,ronin,unseen,22160,3.073547840118408,13.754400253295898
a050_1,ronin,unseen,22180,3.1089630126953125,13.682977676391602
a050_1,ronin,unseen,22200,3.1529552936553955,13.60626220703125
a050_1,ronin,unseen,22220,3.203587532043457,13.52570629119873
a050_1,ronin,unseen,22240,3.2617149353027344,13.446869850158691
a050_1,ronin,unseen,22260,3.318668842315674,13.370144844055176
a050_1,ronin,unseen,22280,3.354269504547119,13.305468559265137
a050_1,ronin,unseen,22300,3.3977718353271484,13.238079071044922
a050_1,ronin,unseen,22320,3.446200370788574,13.163861274719238
a050_1,ronin,unseen,22340,3.4999501705169678,13.076725006103516
a050_1,ronin,unseen,22360,3.552671432495117,12.977538108825684
a050_1,ronin,unseen,22380,3.597496509552002,12.878413200378418
a050_1,ronin,unseen,22400,3.644798517227173,12.796104431152344
a050_1,ronin,unseen,22420,3.6809160709381104,12.719725608825684
a050_1,ronin,unseen,22440,3.7248668670654297,12.643121719360352
a050_1,ronin,unseen,22460,3.7748663425445557,12.559318542480469
a050_1,ronin,unseen,22480,3.832629680633545,12.474267959594727
a050_1,ronin,unseen,22500,3.8855600357055664,12.391701698303223
a050_1,ronin,unseen,22520,3.9175405502319336,12.325212478637695
a050_1,ronin,unseen,22540,3.9539167881011963,12.257453918457031
a050_1,ronin,unseen,22560,3.991750478744507,12.18341064453125
a050_1,ronin,unseen,22580,4.041131019592285,12.094649314880371
a050_1,ronin,unseen,22600,4.087886333465576,11.999972343444824
a050_1,ronin,unseen,22620,4.131810665130615,11.908746719360352
a050_1,ronin,unseen,22640,4.177590370178223,11.832466125488281
a050_1,ronin,unseen,22660,4.2134480476379395,11.761812210083008
a050_1,ronin,unseen,22680,4.258235454559326,11.685772895812988
a050_1,ronin,unseen,22700,4.3083672523498535,11.605475425720215
a050_1,ronin,unseen,22720,4.370262145996094,11.522501945495605
a050_1,ronin,unseen,22740,4.428994655609131,11.442241668701172
a050_1,ronin,unseen,22760,4.46823787689209,11.378341674804688
a050_1,ronin,unseen,22780,4.515680313110352,11.303671836853027
a050_1,ronin,unseen,22800,4.55759334564209,11.231467247009277
a050_1,ronin,unseen,22820,4.608144283294678,11.146719932556152
a050_1,ronin,unseen,22840,4.649784564971924,11.062889099121094
a050_1,ronin,unseen,22860,4.692836284637451,10.982390403747559
a050_1,ronin,unseen,22880,4.736546039581299,10.915511131286621
a050_1,ronin,unseen,22900,4.776417255401611,10.848755836486816
a050_1,ronin,unseen,22920,4.819822311401367,10.784464836120605
a050_1,ronin,unseen,22940,4.873483657836914,10.711623191833496
a050_1,ronin,unseen,22960,4.938187122344971,10.636284828186035
a050_1,ronin,unseen,22980,4.9924445152282715,10.565062522888184
a050_1,ronin,unseen,23000,5.033604621887207,10.50292682647705
a050_1,ronin,unseen,23020,5.078957557678223,10.43685245513916
a050_1,ronin,unseen,23040,5.126935958862305,10.358590126037598
a050_1,ronin,unseen,23060,5.181725025177002,10.268597602844238
a050_1,ronin,unseen,23080,5.2282938957214355,10.171282768249512
a050_1,ronin,unseen,23100,5.278433322906494,10.088829040527344
a050_1,ronin,unseen,23120,5.322357177734375,10.01572036743164
a050_1,ronin,unseen,23140,5.365176200866699,9.939528465270996
a050_1,ronin,unseen,23160,5.418350696563721,9.86034107208252
a050_1,ronin,unseen,23180,5.478704929351807,9.782768249511719
a050_1,ronin,unseen,23200,5.543965816497803,9.704891204833984
a050_1,ronin,unseen,23220,5.588176727294922,9.635602951049805
a050_1,ronin,unseen,23240,5.6263957023620605,9.571378707885742
a050_1,ronin,unseen,23260,5.669989585876465,9.501460075378418
a050_1,ronin,unseen,23280,5.715069770812988,9.425533294677734
a050_1,ronin,unseen,23300,5.764072418212891,9.344529151916504
a050_1,ronin,unseen,23320,5.807541847229004,9.255157470703125
a050_1,ronin,unseen,23340,5.8541340827941895,9.179179191589355
a050_1,ronin,unseen,23360,5.8976593017578125,9.11049747467041
a050_1,ronin,unseen,23380,5.945414066314697,9.038951873779297
a050_1,ronin,unseen,23400,6.000415325164795,8.965788841247559
a050_1,ronin,unseen,23420,6.059971809387207,8.88847541809082
a050_1,ronin,unseen,23440,6.126814842224121,8.80940055847168
a050_1,ronin,unseen,23460,6.178339004516602,8.739189147949219
a050_1,ronin,unseen,23480,6.21959114074707,8.672414779663086
a050_1,ronin,unseen,23500,6.266224384307861,8.599248886108398
a050_1,ronin,unseen,23520,6.313364505767822,8.516582489013672
a050_1,ronin,unseen,23540,6.36873722076416,8.424182891845703
a050_1,ronin,unseen,23560,6.4199137687683105,8.326361656188965
a050_1,ronin,unseen,23580,6.473766803741455,8.24146556854248
a050_1,ronin,unseen,23600,6.522019386291504,8.166452407836914
a050_1,ronin,unseen,23620,6.56737756729126,8.092196464538574
a050_1,ronin,unseen,23640,6.6206231117248535,8.012614250183105
a050_1,ronin,unseen,23660,6.676883220672607,7.933711051940918
a050_1,ronin,unseen,23680,6.738195419311523,7.855042457580566
a050_1,ronin,unseen,23700,6.779636383056641,7.784677982330322
a050_1,ronin,unseen,23720,6.817023754119873,7.7190446853637695
a050_1,ronin,unseen,23740,6.858878135681152,7.651322364807129
a050_1,ronin,unseen,23760,6.901096820831299,7.572779178619385
a050_1,ronin,unseen,23780,6.944514751434326,7.485073089599609
a050_1,ronin,unseen,23800,6.981100082397461,7.389682769775391
a050_1,ronin,unseen,23820,7.012022018432617,7.309389114379883
a050_1,ronin,unseen,23840,7.030826091766357,7.233222961425781
a050_1,ronin,unseen,23860,7.054032802581787,7.156224727630615
a050_1,ronin,unseen,23880,7.081772327423096,7.070438385009766
a050_1,ronin,unseen,23900,7.112720489501953,6.980900287628174
a050_1,ronin,unseen,23920,7.147646903991699,6.886258602142334
a050_1,ronin,unseen,23940,7.15863561630249,6.804452419281006
a050_1,ronin,unseen,23960,7.165598392486572,6.726541042327881
a050_1,ronin,unseen,23980,7.173656940460205,6.6449713706970215
a050_1,ronin,unseen,24000,7.1784820556640625,6.551146507263184
a050_1,ronin,unseen,24020,7.17588472366333,6.446432113647461
a050_1,ronin,unseen,24040,7.170467376708984,6.340903282165527
a050_1,ronin,unseen,24060,7.17855167388916,6.2447896003723145
a050_1,ronin,unseen,24080,7.181144714355469,6.1562323570251465
a050_1,ronin,unseen,24100,7.187384128570557,6.057058811187744
a050_1,ronin,unseen,24120,7.197285175323486,5.954120635986328
a050_1,ronin,unseen,24140,7.211700439453125,5.847171783447266
a050_1,ronin,unseen,24160,7.226929664611816,5.740644454956055
a050_1,ronin,unseen,24180,7.227993965148926,5.65806245803833
a050_1,ronin,unseen,24200,7.231629371643066,5.5697340965271
a050_1,ronin,unseen,24220,7.231561183929443,5.4778971672058105
a050_1,ronin,unseen,24240,7.229104042053223,5.376818656921387
a050_1,ronin,unseen,24260,7.222165584564209,5.267307758331299
a050_1,ronin,unseen,24280,7.214793682098389,5.161676406860352
a050_1,ronin,unseen,24300,7.2195539474487305,5.064870834350586
a050_1,ronin,unseen,24320,7.218644142150879,4.9736127853393555
a050_1,ronin,unseen,24340,7.223461151123047,4.875092029571533
a050_1,ronin,unseen,24360,7.232466697692871,4.768266201019287
a050_1,ronin,unseen,24380,7.248030662536621,4.657750606536865
a050_1,ronin,unseen,24400,7.257920742034912,4.552413463592529
a050_1,ronin,unseen,24420,7.255073547363281,4.467258930206299
a050_1,ronin,unseen,24440,7.260020732879639,4.374073505401611
a050_1,ronin,unseen,24460,7.261312961578369,4.279223918914795
a050_1,ronin,unseen,24480,7.263050079345703,4.176280975341797
a050_1,ronin,unseen,24500,7.258253574371338,4.0683417320251465
a050_1,ronin,unseen,24520,7.260467052459717,3.9681687355041504
a050_1,ronin,unseen,24540,7.264573097229004,3.8805270195007324
a050_1,ronin,unseen,24560,7.266290664672852,3.7934677600860596
a050_1,ronin,unseen,24580,7.273499488830566,3.6987383365631104
a050_1,ronin,unseen,24600,7.285091876983643,3.6027426719665527
a050_1,ronin,unseen,24620,7.306852340698242,3.5008296966552734
a050_1,ronin,unseen,24640,7.31619119644165,3.407076120376587
a050_1,ronin,unseen,24660,7.3218770027160645,3.328181505203247
a050_1,ronin,unseen,24680,7.330348491668701,3.237409830093384
a050_1,ronin,unseen,24700,7.333425045013428,3.1466987133026123
a050_1,ronin,unseen,24720,7.333492279052734,3.0513041019439697
a050_1,ronin,unseen,24740,7.327708721160889,2.949840784072876
a050_1,ronin,unseen,24760,7.330764293670654,2.854679822921753
a050_1,ronin,unseen,24780,7.334130764007568,2.774523973464966
a050_1,ronin,unseen,24800,7.339432716369629,2.691627264022827
a050_1,ronin,unseen,24820,7.349878311157227,2.6045262813568115
a050_1,ronin,unseen,24840,7.365726470947266,2.5114529132843018
a050_1,ronin,unseen,24860,7.388106346130371,2.4111998081207275
a050_1,ronin,unseen,24880,7.396609783172607,2.3315138816833496
a050_1,ronin,unseen,24900,7.40510892868042,2.257948637008667
a050_1,ronin,unseen,24920,7.418365478515625,2.167497396469116
a050_1,ronin,unseen,24940,7.42496395111084,2.073989152908325
a050_1,ronin,unseen,24960,7.429717063903809,1.9737385511398315
a050_1,ronin,unseen,24980,7.429408073425293,1.8756297826766968
a050_1,ronin,unseen,25000,7.436067581176758,1.783320426940918
a050_1,ronin,unseen,25020,7.436148166656494,1.6973565816879272
a050_1,ronin,unseen,25040,7.4415974617004395,1.6084628105163574
a050_1,ronin,unseen,25060,7.452268123626709,1.5095452070236206
a050_1,ronin,unseen,25080,7.46883487701416,1.4165095090866089
a050_1,ronin,unseen,25100,7.487478733062744,1.321938395500183
a050_1,ronin,unseen,25120,7.490052700042725,1.240038514137268
a050_1,ronin,unseen,25140,7.501269340515137,1.1560747623443604
a050_1,ronin,unseen,25160,7.51127290725708,1.0665056705474854
a050_1,ronin,unseen,25180,7.520303726196289,0.9682040214538574
a050_1,ronin,unseen,25200,7.519733905792236,0.8688492178916931
a050_1,ronin,unseen,25220,7.520148277282715,0.7738599181175232
a050_1,ronin,unseen,25240,7.528270721435547,0.6898159980773926
a050_1,ronin,unseen,25260,7.529927730560303,0.6064882874488831
a050_1,ronin,unseen,25280,7.540675640106201,0.5181728005409241
a050_1,ronin,unseen,25300,7.555634021759033,0.42619869112968445
a050_1,ronin,unseen,25320,7.576746940612793,0.32980504631996155
a050_1,ronin,unseen,25340,7.592283248901367,0.23596905171871185
a050_1,ronin,unseen,25360,7.5920186042785645,0.15809060633182526
a050_1,ronin,unseen,25380,7.600917339324951,0.06975138932466507
a050_1,ronin,unseen,25400,7.606405735015869,-0.021720243617892265
a050_1,ronin,unseen,25420,7.609443187713623,-0.11411209404468536
a050_1,ronin,unseen,25440,7.604657173156738,-0.20960836112499237
a050_1,ronin,unseen,25460,7.608465671539307,-0.29688823223114014
a050_1,ronin,unseen,25480,7.615122318267822,-0.38159599900245667
a050_1,ronin,unseen,25500,7.621769905090332,-0.46482428908348083
a050_1,ronin,unseen,25520,7.634294033050537,-0.5519866347312927
a050_1,ronin,unseen,25540,7.6537041664123535,-0.6454818248748779
a050_1,ronin,unseen,25560,7.679496765136719,-0.7423239946365356
a050_1,ronin,unseen,25580,7.689685344696045,-0.8264998197555542
a050_1,ronin,unseen,25600,7.700199604034424,-0.9015344381332397
a050_1,ronin,unseen,25620,7.714487552642822,-0.9831696152687073
a050_1,ronin,unseen,25640,7.725805759429932,-1.0765647888183594
a050_1,ronin,unseen,25660,7.734512805938721,-1.1729564666748047
a050_1,ronin,unseen,25680,7.737137317657471,-1.2734147310256958
a050_1,ronin,unseen,25700,7.75218391418457,-1.3651798963546753
a050_1,ronin,unseen,25720,7.765725612640381,-1.4482604265213013
a050_1,ronin,unseen,25740,7.779711723327637,-1.5336936712265015
a050_1,ronin,unseen,25760,7.801630973815918,-1.6230887174606323
a050_1,ronin,unseen,25780,7.8273725509643555,-1.71440851688385
a050_1,ronin,unseen,25800,7.859432220458984,-1.8122789859771729
a050_1,ronin,unseen,25820,7.875377178192139,-1.9014745950698853
a050_1,ronin,unseen,25840,7.877194881439209,-1.979451060295105
a050_1,ronin,unseen,25860,7.888162136077881,-2.059540271759033
a050_1,ronin,unseen,25880,7.899352550506592,-2.1524178981781006
a050_1,ronin,unseen,25900,7.912348747253418,-2.2601664066314697
a050_1,ronin,unseen,25920,7.916721343994141,-2.3741610050201416
a050_1,ronin,unseen,25940,7.926184177398682,-2.4684648513793945
a050_1,ronin,unseen,25960,7.9399590492248535,-2.551778793334961
a050_1,ronin,unseen,25980,7.953820705413818,-2.6352484226226807
a050_1,ronin,unseen,26000,7.973159313201904,-2.724889039993286
a050_1,ronin,unseen,26020,7.993919849395752,-2.8133656978607178
a050_1,ronin,unseen,26040,8.02225112915039,-2.9044790267944336
a050_1,ronin,unseen,26060,8.04323673248291,-2.9929776191711426
a050_1,ronin,unseen,26080,8.056124687194824,-3.0717084407806396
a050_1,ronin,unseen,26100,8.076557159423828,-3.153972625732422
a050_1,ronin,unseen,26120,8.095775604248047,-3.2431986331939697
a050_1,ronin,unseen,26140,8.116520881652832,-3.3464362621307373
a050_1,ronin,unseen,26160,8.129441261291504,-3.4513955116271973
a050_1,ronin,unseen,26180,8.148236274719238,-3.5455682277679443
a050_1,ronin,unseen,26200,8.174373626708984,-3.630030393600464
a050_1,ronin,unseen,26220,8.194677352905273,-3.7078075408935547
a050_1,ronin,unseen,26240,8.22774887084961,-3.7887825965881348
a050_1,ronin,unseen,26260,8.264983177185059,-3.868971586227417
a050_1,ronin,unseen,26280,8.314177513122559,-3.9485931396484375
a050_1,ronin,unseen,26300,8.373022079467773,-4.027097225189209
a050_1,ronin,unseen,26320,8.420583724975586,-4.09283971786499
a050_1,ronin,unseen,26340,8.466628074645996,-4.150025844573975
a050_1,ronin,unseen,26360,8.515027046203613,-4.2100958824157715
a050_1,ronin,unseen,26380,8.565852165222168,-4.27098274230957
a050_1,ronin,unseen,26400,8.626007080078125,-4.339372634887695
a050_1,ronin,unseen,26420,8.68362045288086,-4.406212329864502
a050_1,ronin,unseen,26440,8.75039005279541,-4.46277379989624
a050_1,ronin,unseen,26460,8.815532684326172,-4.50511360168457
a050_1,ronin,unseen,26480,8.88370418548584,-4.541126251220703
a050_1,ronin,unseen,26500,8.958771705627441,-4.5732903480529785
a050_1,ronin,unseen,26520,9.041266441345215,-4.601638317108154
a050_1,ronin,unseen,26540,9.138190269470215,-4.6248579025268555
a050_1,ronin,unseen,26560,9.228510856628418,-4.648090839385986
a050_1,ronin,unseen,26580,9.299198150634766,-4.671449661254883
a050_1,ronin,unseen,26600,9.384474754333496,-4.695370674133301
a050_1,ronin,unseen,26620,9.479813575744629,-4.721357345581055
a050_1,ronin,unseen,26640,9.579401969909668,-4.745321273803711
a050_1,ronin,unseen,26660,9.681041717529297,-4.7770915031433105
a050_1,ronin,unseen,26680,9.774214744567871,-4.792885780334473
a050_1,ronin,unseen,26700,9.864484786987305,-4.807681083679199
a050_1,ronin,unseen,26720,9.945966720581055,-4.819149017333984
a050_1,ronin,unseen,26740,10.035764694213867,-4.826074600219727
a050_1,ronin,unseen,26760,10.128610610961914,-4.829221248626709
a050_1,ronin,unseen,26780,10.230400085449219,-4.823493957519531
a050_1,ronin,unseen,26800,10.328460693359375,-4.82491397857666
a050_1,ronin,unseen,26820,10.405487060546875,-4.83394193649292
a050_1,ronin,unseen,26840,10.497461318969727,-4.834893703460693
a050_1,ronin,unseen,26860,10.586206436157227,-4.840670108795166
a050_1,ronin,unseen,26880,10.687129020690918,-4.844746112823486
a050_1,ronin,unseen,26900,10.789048194885254,-4.852717876434326
a050_1,ronin,unseen,26920,10.881019592285156,-4.850664138793945
a050_1,ronin,unseen,26940,10.964035987854004,-4.850456714630127
a050_1,ronin,unseen,26960,11.039435386657715,-4.847582817077637
a050_1,ronin,unseen,26980,11.122420310974121,-4.837960243225098
a050_1,ronin,unseen,27000,11.211050033569336,-4.824758529663086
a050_1,ronin,unseen,27020,11.30394172668457,-4.805339336395264
a050_1,ronin,unseen,27040,11.381540298461914,-4.798459529876709
a050_1,ronin,unseen,27060,11.449569702148438,-4.793002605438232
a050_1,ronin,unseen,27080,11.524717330932617,-4.782888412475586
a050_1,ronin,unseen,27100,11.609787940979004,-4.77371883392334
a050_1,ronin,unseen,27120,11.70149040222168,-4.7665605545043945
a050_1,ronin,unseen,27140,11.7985258102417,-4.7633256912231445
a050_1,ronin,unseen,27160,11.883493423461914,-4.753916263580322
a050_1,ronin,unseen,27180,11.961576461791992,-4.749590873718262
a050_1,ronin,unseen,27200,12.037154197692871,-4.743011951446533
a050_1,ronin,unseen,27220,12.120795249938965,-4.729937553405762
a050_1,ronin,unseen,27240,12.2085542678833,-4.71181583404541
a050_1,ronin,unseen,27260,12.303439140319824,-4.690551280975342
a050_1,ronin,unseen,27280,12.389028549194336,-4.690486907958984
a050_1,ronin,unseen,27300,12.459015846252441,-4.686124324798584
a050_1,ronin,unseen,27320,12.536101341247559,-4.676202297210693
a050_1,ronin,unseen,27340,12.62075138092041,-4.665360450744629
a050_1,ronin,unseen,27360,12.711771011352539,-4.658166885375977
a050_1,ronin,unseen,27380,12.810293197631836,-4.653470516204834
a050_1,ronin,unseen,27400,12.898078918457031,-4.640364646911621
a050_1,ronin,unseen,27420,12.972554206848145,-4.629734516143799
a050_1,ronin,unseen,27440,13.04897689819336,-4.615283012390137
a050_1,ronin,unseen,27460,13.133904457092285,-4.5939412117004395
a050_1,ronin,unseen,27480,13.219583511352539,-4.569128513336182
a050_1,ronin,unseen,27500,13.311214447021484,-4.536010265350342
a050_1,ronin,unseen,27520,13.39883804321289,-4.516911029815674
a050_1,ronin,unseen,27540,13.46940803527832,-4.507565975189209
a050_1,ronin,unseen,27560,13.543033599853516,-4.490228176116943
a050_1,ronin,unseen,27580,13.62399673461914,-4.475595951080322
a050_1,ronin,unseen,27600,13.714509963989258,-4.461214542388916
a050_1,ronin,unseen,27620,13.807982444763184,-4.450283050537109
a050_1,ronin,unseen,27640,13.899613380432129,-4.436883926391602
a050_1,ronin,unseen,27660,13.976043701171875,-4.4247002601623535
a050_1,ronin,unseen,27680,14.052878379821777,-4.41388463973999
a050_1,ronin,unseen,27700,14.141688346862793,-4.393869400024414
a050_1,ronin,unseen,27720,14.227752685546875,-4.371899127960205
a050_1,ronin,unseen,27740,14.316878318786621,-4.33787727355957
a050_1,ronin,unseen,27760,14.398356437683105,-4.3150482177734375
a050_1,ronin,unseen,27780,14.476987838745117,-4.296003341674805
a050_1,ronin,unseen,27800,14.55923080444336,-4.273561000823975
a050_1,ronin,unseen,27820,14.653480529785156,-4.248051643371582
a050_1,ronin,unseen,27840,14.761609077453613,-4.220061779022217
a050_1,ronin,unseen,27860,14.866596221923828,-4.200561046600342
a050_1,ronin,unseen,27880,14.964675903320312,-4.166595935821533
a050_1,ronin,unseen,27900,15.052932739257812,-4.137129306793213
a050_1,ronin,unseen,27920,15.144134521484375,-4.110409259796143
a050_1,ronin,unseen,27940,15.240937232971191,-4.074649810791016
a050_1,ronin,unseen,27960,15.3432035446167,-4.0296735763549805
a050_1,ronin,unseen,27980,15.436739921569824,-3.9832661151885986
a050_1,ronin,unseen,28000,15.528008460998535,-3.9511003494262695
a050_1,ronin,unseen,28020,15.60918140411377,-3.926604986190796
a050_1,ronin,unseen,28040,15.696063995361328,-3.8998911380767822
a050_1,ronin,unseen,28060,15.793235778808594,-3.868844747543335
a050_1,ronin,unseen,28080,15.895635604858398,-3.839038848876953
a050_1,ronin,unseen,28100,15.997640609741211,-3.818028450012207
a050_1,ronin,unseen,28120,16.09520149230957,-3.7896201610565186
a050_1,ronin,unseen,28140,16.181880950927734,-3.7702701091766357
a050_1,ronin,unseen,28160,16.270240783691406,-3.753185510635376
a050_1,ronin,unseen,28180,16.35994529724121,-3.732463836669922
a050_1,ronin,unseen,28200,16.454076766967773,-3.7056055068969727
a050_1,ronin,unseen,28220,16.549482345581055,-3.677114963531494
a050_1,ronin,unseen,28240,16.63713836669922,-3.6633291244506836
a050_1,ronin,unseen,28260,16.708335876464844,-3.6538596153259277
a050_1,ronin,unseen,28280,16.7938232421875,-3.641383171081543
a050_1,ronin,unseen,28300,16.8851375579834,-3.6303508281707764
a050_1,ronin,unseen,28320,16.980972290039062,-3.620274782180786
a050_1,ronin,unseen,28340,17.078535079956055,-3.6136362552642822
a050_1,ronin,unseen,28360,17.1602725982666,-3.6015470027923584
a050_1,ronin,unseen,28380,17.240537643432617,-3.5903477668762207
a050_1,ronin,unseen,28400,17.329124450683594,-3.576101064682007
a050_1,ronin,unseen,28420,17.427507400512695,-3.555377244949341
a050_1,ronin,unseen,28440,17.519779205322266,-3.534655809402466
a050_1,ronin,unseen,28460,17.612071990966797,-3.5088019371032715
a050_1,ronin,unseen,28480,17.698984146118164,-3.4970178604125977
a050_1,ronin,unseen,28500,17.77238655090332,-3.49381422996521
a050_1,ronin,unseen,28520,17.854740142822266,-3.4872500896453857
a050_1,ronin,unseen,28540,17.938032150268555,-3.4873428344726562
a050_1,ronin,unseen,28560,18.026689529418945,-3.4934775829315186
a050_1,ronin,unseen,28580,18.111909866333008,-3.5061748027801514
a050_1,ronin,unseen,28600,18.19959831237793,-3.511871099472046
a050_1,ronin,unseen,28620,18.276620864868164,-3.513227939605713
a050_1,ronin,unseen,28640,18.35416603088379,-3.5147438049316406
a050_1,ronin,unseen,28660,18.43553924560547,-3.5133326053619385
a050_1,ronin,unseen,28680,18.52383041381836,-3.512146234512329
a050_1,ronin,unseen,28700,18.612815856933594,-3.507408380508423
a050_1,ronin,unseen,28720,18.693241119384766,-3.503732919692993
a050_1,ronin,unseen,28740,18.763586044311523,-3.506357431411743
a050_1,ronin,unseen,28760,18.843008041381836,-3.5123953819274902
a050_1,ronin,unseen,28780,18.92560577392578,-3.521144390106201
a050_1,ronin,unseen,28800,19.022010803222656,-3.5332865715026855
a050_1,ronin,unseen,28820,19.118070602416992,-3.5522031784057617
a050_1,ronin,unseen,28840,19.205045700073242,-3.569098472595215
a050_1,ronin,unseen,28860,19.29056167602539,-3.5747060775756836
a050_1,ronin,unseen,28880,19.373111724853516,-3.5841124057769775
a050_1,ronin,unseen,28900,19.45827865600586,-3.587411403656006
a050_1,ronin,unseen,28920,19.551605224609375,-3.5869228839874268
a050_1,ronin,unseen,28940,19.6479549407959,-3.577089309692383
a050_1,ronin,unseen,28960,19.74220085144043,-3.565810203552246
a050_1,ronin,unseen,28980,19.817922592163086,-3.55979585647583
a050_1,ronin,unseen,29000,19.9072265625,-3.545255184173584
a050_1,ronin,unseen,29020,19.996042251586914,-3.5296404361724854
a050_1,ronin,unseen,29040,20.092967987060547,-3.5111770629882812
a050_1,ronin,unseen,29060,20.189910888671875,-3.503161668777466
a050_1,ronin,unseen,29080,20.29349136352539,-3.49043607711792
a050_1,ronin,unseen,29100,20.37972068786621,-3.46954345703125
a050_1,ronin,unseen,29120,20.4685115814209,-3.4542438983917236
a050_1,ronin,unseen,29140,20.56027603149414,-3.432215690612793
a050_1,ronin,unseen,29160,20.65227699279785,-3.4088387489318848
a050_1,ronin,unseen,29180,20.7475643157959,-3.378391981124878
a050_1,ronin,unseen,29200,20.844680786132812,-3.35373592376709
a050_1,ronin,unseen,29220,20.926353454589844,-3.347320795059204
a050_1,ronin,unseen,29240,21.011287689208984,-3.3386025428771973
a050_1,ronin,unseen,29260,21.102407455444336,-3.33022141456604
a050_1,ronin,unseen,29280,21.203035354614258,-3.3232133388519287
a050_1,ronin,unseen,29300,21.301305770874023,-3.3254361152648926
a050_1,ronin,unseen,29320,21.399188995361328,-3.3246567249298096
a050_1,ronin,unseen,29340,21.48404884338379,-3.320538282394409
a050_1,ronin,unseen,29360,21.56742286682129,-3.321620464324951
a050_1,ronin,unseen,29380,21.654279708862305,-3.317270278930664
a050_1,ronin,unseen,29400,21.747915267944336,-3.309159755706787
a050_1,ronin,unseen,29420,21.844913482666016,-3.294473886489868
a050_1,ronin,unseen,29440,21.936229705810547,-3.28590989112854
a050_1,ronin,unseen,29460,22.007043838500977,-3.2876243591308594
a050_1,ronin,unseen,29480,22.08445167541504,-3.287200927734375
a050_1,ronin,unseen,29500,22.163616180419922,-3.2903127670288086
a050_1,ronin,unseen,29520,22.257389068603516,-3.294468641281128
a050_1,ronin,unseen,29540,22.350549697875977,-3.3086793422698975
a050_1,ronin,unseen,29560,22.442609786987305,-3.320591688156128
a050_1,ronin,unseen,29580,22.52635955810547,-3.3275885581970215
a050_1,ronin,unseen,29600,22.603178024291992,-3.3414247035980225
a050_1,ronin,unseen,29620,22.68743133544922,-3.351097345352173
a050_1,ronin,unseen,29640,22.779430389404297,-3.3610057830810547
a050_1,ronin,unseen,29660,22.867416381835938,-3.3638908863067627
a050_1,ronin,unseen,29680,22.95533561706543,-3.371060609817505
a050_1,ronin,unseen,29700,23.024620056152344,-3.38570499420166
a050_1,ronin,unseen,29720,23.0987548828125,-3.40185284614563
a050_1,ronin,unseen,29740,23.179468154907227,-3.4244678020477295
a050_1,ronin,unseen,29760,23.268644332885742,-3.4526705741882324
a050_1,ronin,unseen,29780,23.35163116455078,-3.483663320541382
a050_1,ronin,unseen,29800,23.433307647705078,-3.5167996883392334
a050_1,ronin,unseen,29820,23.513490676879883,-3.541940689086914
a050_1,ronin,unseen,29840,23.581066131591797,-3.5709078311920166
a050_1,ronin,unseen,29860,23.660810470581055,-3.59723162651062
a050_1,ronin,unseen,29880,23.747943878173828,-3.621558666229248
a050_1,ronin,unseen,29900,23.834081649780273,-3.638618230819702
a050_1,ronin,unseen,29920,23.91975975036621,-3.6548361778259277
a050_1,ronin,unseen,29940,23.99065399169922,-3.673433780670166
a050_1,ronin,unseen,29960,24.06022834777832,-3.689188003540039
a050_1,ronin,unseen,29980,24.135679244995117,-3.7078139781951904
a050_1,ronin,unseen,30000,24.219383239746094,-3.7323036193847656
a050_1,ronin,unseen,30020,24.303462982177734,-3.761695623397827
a050_1,ronin,unseen,30040,24.3847713470459,-3.7949137687683105
a050_1,ronin,unseen,30060,24.471961975097656,-3.816943883895874
a050_1,ronin,unseen,30080,24.54647445678711,-3.830404281616211
a050_1,ronin,unseen,30100,24.621776580810547,-3.8411262035369873
a050_1,ronin,unseen,30120,24.701942443847656,-3.841554880142212
a050_1,ronin,unseen,30140,24.78357696533203,-3.8334813117980957
a050_1,ronin,unseen,30160,24.85846519470215,-3.818787097930908
a050_1,ronin,unseen,30180,24.932239532470703,-3.7959725856781006
a050_1,ronin,unseen,30200,24.989028930664062,-3.7724995613098145
a050_1,ronin,unseen,30220,25.041318893432617,-3.738300323486328
a050_1,ronin,unseen,30240,25.08608627319336,-3.694157361984253
a050_1,ronin,unseen,30260,25.12708854675293,-3.647150754928589
a050_1,ronin,unseen,30280,25.1651611328125,-3.6015284061431885
a050_1,ronin,unseen,30300,25.205631256103516,-3.5534348487854004
a050_1,ronin,unseen,30320,25.225540161132812,-3.506732702255249
a050_1,ronin,unseen,30340,25.22899627685547,-3.4520716667175293
a050_1,ronin,unseen,30360,25.221527099609375,-3.411620855331421
a050_1,ronin,unseen,30380,25.200441360473633,-3.3648922443389893
a050_1,ronin,unseen,30400,25.171470642089844,-3.321906089782715
a050_1,ronin,unseen,30420,25.127382278442383,-3.27362060546875
a050_1,ronin,unseen,30440,25.075180053710938,-3.2290279865264893
a050_1,ronin,unseen,30460,25.00852394104004,-3.194875478744507
a050_1,ronin,unseen,30480,24.94809341430664,-3.165858507156372
a050_1,ronin,unseen,30500,24.892717361450195,-3.147303819656372
a050_1,ronin,unseen,30520,24.830520629882812,-3.129876136779785
a050_1,ronin,unseen,30540,24.76969337463379,-3.1023340225219727
a050_1,ronin,unseen,30560,24.700353622436523,-3.06950044631958
a050_1,ronin,unseen,30580,24.634017944335938,-3.040654420852661
a050_1,ronin,unseen,30600,24.562326431274414,-3.0148181915283203
a050_1,ronin,unseen,30620,24.492284774780273,-3.002049684524536
a050_1,ronin,unseen,30640,24.425268173217773,-2.9913299083709717
a050_1,ronin,unseen,30660,24.352453231811523,-2.9886722564697266
a050_1,ronin,unseen,30680,24.272451400756836,-2.991034507751465
a050_1,ronin,unseen,30700,24.185556411743164,-3.003150224685669
a050_1,ronin,unseen,30720,24.09095573425293,-3.0220062732696533
a050_1,ronin,unseen,30740,24.014225006103516,-3.029310941696167
a050_1,ronin,unseen,30760,23.94154167175293,-3.0396416187286377
a050_1,ronin,unseen,30780,23.859155654907227,-3.0477442741394043
a050_1,ronin,unseen,30800,23.768451690673828,-3.052126169204712
a050_1,ronin,unseen,30820,23.668949127197266,-3.0514252185821533
a050_1,ronin,unseen,30840,23.571216583251953,-3.048673152923584
a050_1,ronin,unseen,30860,23.491798400878906,-3.057704448699951
a050_1,ronin,unseen,30880,23.410417556762695,-3.06624436378479
a050_1,ronin,unseen,30900,23.33009147644043,-3.0807459354400635
a050_1,ronin,unseen,30920,23.241249084472656,-3.0990800857543945
a050_1,ronin,unseen,30940,23.149707794189453,-3.125059127807617
a050_1,ronin,unseen,30960,23.05143165588379,-3.156717300415039
a050_1,ronin,unseen,30980,22.967830657958984,-3.1655473709106445
a050_1,ronin,unseen,31000,22.887590408325195,-3.1825363636016846
a050_1,ronin,unseen,31020,22.79973793029785,-3.1966590881347656
a050_1,ronin,unseen,31040,22.701499938964844,-3.209477424621582
a050_1,ronin,unseen,31060,22.58575439453125,-3.2163145542144775
a050_1,ronin,unseen,31080,22.482316970825195,-3.2254886627197266
a050_1,ronin,unseen,31100,22.38985824584961,-3.24245285987854
a050_1,ronin,unseen,31120,22.297277450561523,-3.250626564025879
a050_1,ronin,unseen,31140,22.199201583862305,-3.264798164367676
a050_1,ronin,unseen,31160,22.09855079650879,-3.2830135822296143
a050_1,ronin,unseen,31180,21.989530563354492,-3.3105595111846924
a050_1,ronin,unseen,31200,21.88650131225586,-3.330836296081543
a050_1,ronin,unseen,31220,21.794635772705078,-3.3270456790924072
a050_1,ronin,unseen,31240,21.699390411376953,-3.336871385574341
a050_1,ronin,unseen,31260,21.593555450439453,-3.3415989875793457
a050_1,ronin,unseen,31280,21.470752716064453,-3.3468542098999023
a050_1,ronin,unseen,31300,21.34087371826172,-3.3440134525299072
a050_1,ronin,unseen,31320,21.23836326599121,-3.3488712310791016
a050_1,ronin,unseen,31340,21.135990142822266,-3.3488309383392334
a050_1,ronin,unseen,31360,21.03412628173828,-3.347482204437256
a050_1,ronin,unseen,31380,20.92764663696289,-3.3474676609039307
a050_1,ronin,unseen,31400,20.812475204467773,-3.3528923988342285
a050_1,ronin,unseen,31420,20.691728591918945,-3.362041473388672
a050_1,ronin,unseen,31440,20.60370445251465,-3.3512816429138184
a050_1,ronin,unseen,31460,20.516143798828125,-3.360527753829956
a050_1,ronin,unseen,31480,20.42118263244629,-3.371755361557007
a050_1,ronin,unseen,31500,20.31454849243164,-3.381537675857544
a050_1,ronin,unseen,31520,20.196739196777344,-3.3820035457611084
a050_1,ronin,unseen,31540,20.09288215637207,-3.388582944869995
a050_1,ronin,unseen,31560,19.99701690673828,-3.399493455886841
a050_1,ronin,unseen,31580,19.90697479248047,-3.4058496952056885
a050_1,ronin,unseen,31600,19.80983543395996,-3.4166314601898193
a050_1,ronin,unseen,31620,19.707717895507812,-3.4282588958740234
a050_1,ronin,unseen,31640,19.598159790039062,-3.4502296447753906
a050_1,ronin,unseen,31660,19.503114700317383,-3.455594301223755
a050_1,ronin,unseen,31680,19.420942306518555,-3.463010549545288
a050_1,ronin,unseen,31700,19.330984115600586,-3.4754951000213623
a050_1,ronin,unseen,31720,19.234222412109375,-3.484208822250366
a050_1,ronin,unseen,31740,19.12636947631836,-3.489015817642212
a050_1,ronin,unseen,31760,19.018299102783203,-3.489635944366455
a050_1,ronin,unseen,31780,18.92400360107422,-3.5036168098449707
a050_1,ronin,unseen,31800,18.830217361450195,-3.5165553092956543
a050_1,ronin,unseen,31820,18.73357391357422,-3.5323407649993896
a050_1,ronin,unseen,31840,18.63192367553711,-3.552353858947754
a050_1,ronin,unseen,31860,18.53034782409668,-3.5782313346862793
a050_1,ronin,unseen,31880,18.42362403869629,-3.6036376953125
a050_1,ronin,unseen,31900,18.33817481994629,-3.6075937747955322
a050_1,ronin,unseen,31920,18.248064041137695,-3.6226770877838135
a050_1,ronin,unseen,31940,18.154077529907227,-3.6335504055023193
a050_1,ronin,unseen,31960,18.048221588134766,-3.6453399658203125
a050_1,ronin,unseen,31980,17.94048500061035,-3.649399757385254
a050_1,ronin,unseen,32000,17.84211540222168,-3.6586077213287354
a050_1,ronin,unseen,32020,17.74843406677246,-3.67380952835083
a050_1,ronin,unseen,32040,17.657827377319336,-3.6839826107025146
a050_1,ronin,unseen,32060,17.558258056640625,-3.699934720993042
a050_1,ronin,unseen,32080,17.459335327148438,-3.7199769020080566
a050_1,ronin,unseen,32100,17.352203369140625,-3.7457051277160645
a050_1,ronin,unseen,32120,17.25310707092285,-3.755392551422119
a050_1,ronin,unseen,32140,17.160242080688477,-3.7679214477539062
a050_1,ronin,unseen,32160,17.062170028686523,-3.782005548477173
a050_1,ronin,unseen,32180,16.954421997070312,-3.7927372455596924
a050_1,ronin,unseen,32200,16.845195770263672,-3.798426628112793
a050_1,ronin,unseen,32220,16.73896598815918,-3.8042585849761963
a050_1,ronin,unseen,32240,16.63367462158203,-3.8219282627105713
a050_1,ronin,unseen,32260,16.532583236694336,-3.8392815589904785
a050_1,ronin,unseen,32280,16.428955078125,-3.8614890575408936
a050_1,ronin,unseen,32300,16.32404327392578,-3.8858752250671387
a050_1,ronin,unseen,32320,16.222715377807617,-3.915785312652588
a050_1,ronin,unseen,32340,16.120498657226562,-3.9440653324127197
a050_1,ronin,unseen,32360,16.03213882446289,-3.959156036376953
a050_1,ronin,unseen,32380,15.93624210357666,-3.9788811206817627
a050_1,ronin,unseen,32400,15.839842796325684,-3.995833396911621
a050_1,ronin,unseen,32420,15.733882904052734,-4.0141472816467285
a050_1,ronin,unseen,32440,15.626973152160645,-4.021401882171631
a050_1,ronin,unseen,32460,15.52499008178711,-4.035693645477295
a050_1,ronin,unseen,32480,15.425904273986816,-4.0578508377075195
a050_1,ronin,unseen,32500,15.330373764038086,-4.076714515686035
a050_1,ronin,unseen,32520,15.228259086608887,-4.098288536071777
a050_1,ronin,unseen,32540,15.131404876708984,-4.121114253997803
a050_1,ronin,unseen,32560,15.02771282196045,-4.150667190551758
a050_1,ronin,unseen,32580,14.939516067504883,-4.155765056610107
a050_1,ronin,unseen,32600,14.862927436828613,-4.161862850189209
a050_1,ronin,unseen,32620,14.767365455627441,-4.174408435821533
a050_1,ronin,unseen,32640,14.665188789367676,-4.1866936683654785
a050_1,ronin,unseen,32660,14.561281204223633,-4.193806171417236
a050_1,ronin,unseen,32680,14.453422546386719,-4.199036598205566
a050_1,ronin,unseen,32700,14.348607063293457,-4.212939262390137
a050_1,ronin,unseen,32720,14.247344970703125,-4.221433639526367
a050_1,ronin,unseen,32740,14.145970344543457,-4.231888771057129
a050_1,ronin,unseen,32760,14.03813362121582,-4.246431350708008
a050_1,ronin,unseen,32780,13.934281349182129,-4.264613151550293
a050_1,ronin,unseen,32800,13.828858375549316,-4.282127380371094
a050_1,ronin,unseen,32820,13.742769241333008,-4.283849239349365
a050_1,ronin,unseen,32840,13.648331642150879,-4.293356418609619
a050_1,ronin,unseen,32860,13.560888290405273,-4.299013614654541
a050_1,ronin,unseen,32880,13.458439826965332,-4.30610466003418
a050_1,ronin,unseen,32900,13.352910995483398,-4.307577610015869
a050_1,ronin,unseen,32920,13.261390686035156,-4.315396308898926
a050_1,ronin,unseen,32940,13.175945281982422,-4.3257832527160645
a050_1,ronin,unseen,32960,13.088919639587402,-4.333866596221924
a050_1,ronin,unseen,32980,12.999600410461426,-4.347561359405518
a050_1,ronin,unseen,33000,12.889458656311035,-4.369099140167236
a050_1,ronin,unseen,33020,12.789494514465332,-4.393505096435547
a050_1,ronin,unseen,33040,12.699462890625,-4.405911922454834
a050_1,ronin,unseen,33060,12.618186950683594,-4.408638954162598
a050_1,ronin,unseen,33080,12.527304649353027,-4.416186809539795
a050_1,ronin,unseen,33100,12.428349494934082,-4.421031475067139
a050_1,ronin,unseen,33120,12.32384967803955,-4.422364234924316
a050_1,ronin,unseen,33140,12.222637176513672,-4.416059494018555
a050_1,ronin,unseen,33160,12.122725486755371,-4.420286655426025
a050_1,ronin,unseen,33180,12.02479076385498,-4.425796985626221
a050_1,ronin,unseen,33200,11.92791748046875,-4.427492618560791
a050_1,ronin,unseen,33220,11.822444915771484,-4.437060356140137
a050_1,ronin,unseen,33240,11.722380638122559,-4.452369689941406
a050_1,ronin,unseen,33260,11.624892234802246,-4.47524881362915
a050_1,ronin,unseen,33280,11.534859657287598,-4.489033222198486
a050_1,ronin,unseen,33300,11.439865112304688,-4.504173278808594
a050_1,ronin,unseen,33320,11.34465503692627,-4.513853073120117
a050_1,ronin,unseen,33340,11.239276885986328,-4.523198127746582
a050_1,ronin,unseen,33360,11.139608383178711,-4.524820804595947
a050_1,ronin,unseen,33380,11.041257858276367,-4.5233635902404785
a050_1,ronin,unseen,33400,10.956167221069336,-4.529143333435059
a050_1,ronin,unseen,33420,10.866622924804688,-4.53587532043457
a050_1,ronin,unseen,33440,10.78087329864502,-4.54313850402832
a050_1,ronin,unseen,33460,10.690449714660645,-4.55742073059082
a050_1,ronin,unseen,33480,10.593600273132324,-4.5775604248046875
a050_1,ronin,unseen,33500,10.495067596435547,-4.600156784057617
a050_1,ronin,unseen,33520,10.398513793945312,-4.611685276031494
a050_1,ronin,unseen,33540,10.313209533691406,-4.619419574737549
a050_1,ronin,unseen,33560,10.223520278930664,-4.621934413909912
a050_1,ronin,unseen,33580,10.125338554382324,-4.622737884521484
a050_1,ronin,unseen,33600,10.026178359985352,-4.616201877593994
a050_1,ronin,unseen,33620,9.93237590789795,-4.609010696411133
a050_1,ronin,unseen,33640,9.83956527709961,-4.6141180992126465
a050_1,ronin,unseen,33660,9.752140045166016,-4.608602523803711
a050_1,ronin,unseen,33680,9.663277626037598,-4.599803447723389
a050_1,ronin,unseen,33700,9.570215225219727,-4.592474460601807
a050_1,ronin,unseen,33720,9.480292320251465,-4.5937676429748535
a050_1,ronin,unseen,33740,9.385282516479492,-4.591880798339844
a050_1,ronin,unseen,33760,9.313325881958008,-4.560624599456787
a050_1,ronin,unseen,33780,9.242191314697266,-4.543182849884033
a050_1,ronin,unseen,33800,9.172101020812988,-4.518356800079346
a050_1,ronin,unseen,33820,9.093892097473145,-4.486289024353027
a050_1,ronin,unseen,33840,9.019800186157227,-4.443477630615234
a050_1,ronin,unseen,33860,8.955437660217285,-4.39830207824707
a050_1,ronin,unseen,33880,8.896010398864746,-4.354528903961182
a050_1,ronin,unseen,33900,8.844322204589844,-4.3030500411987305
a050_1,ronin,unseen,33920,8.79322338104248,-4.251455307006836
a050_1,ronin,unseen,33940,8.736368179321289,-4.193097114562988
a050_1,ronin,unseen,33960,8.67744255065918,-4.1384501457214355
a050_1,ronin,unseen,33980,8.622723579406738,-4.073288440704346
a050_1,ronin,unseen,34000,8.611327171325684,-3.997020959854126
a050_1,ronin,unseen,34020,8.58741569519043,-3.9394569396972656
a050_1,ronin,unseen,34040,8.561007499694824,-3.8737919330596924
a050_1,ronin,unseen,34060,8.532683372497559,-3.796544075012207
a050_1,ronin,unseen,34080,8.510865211486816,-3.711085557937622
a050_1,ronin,unseen,34100,8.497732162475586,-3.6244113445281982
a050_1,ronin,unseen,34120,8.479207038879395,-3.5490989685058594
a050_1,ronin,unseen,34140,8.461376190185547,-3.4722461700439453
a050_1,ronin,unseen,34160,8.444626808166504,-3.3919670581817627
a050_1,ronin,unseen,34180,8.424460411071777,-3.3070714473724365
a050_1,ronin,unseen,34200,8.394526481628418,-3.220083713531494
a050_1,ronin,unseen,34220,8.36286735534668,-3.13259220123291
a050_1,ronin,unseen,34240,8.351994514465332,-3.060279369354248
a050_1,ronin,unseen,34260,8.336362838745117,-2.9849586486816406
a050_1,ronin,unseen,34280,8.321663856506348,-2.9064927101135254
a050_1,ronin,unseen,34300,8.306726455688477,-2.814699649810791
a050_1,ronin,unseen,34320,8.300308227539062,-2.7227814197540283
a050_1,ronin,unseen,34340,8.301468849182129,-2.6320383548736572
a050_1,ronin,unseen,34360,8.287920951843262,-2.5456628799438477
a050_1,ronin,unseen,34380,8.276154518127441,-2.4658870697021484
a050_1,ronin,unseen,34400,8.26007080078125,-2.3827028274536133
a050_1,ronin,unseen,34420,8.236928939819336,-2.290759325027466
a050_1,ronin,unseen,34440,8.208295822143555,-2.1931002140045166
a050_1,ronin,unseen,34460,8.177821159362793,-2.1065962314605713
a050_1,ronin,unseen,34480,8.160900115966797,-2.0288217067718506
a050_1,ronin,unseen,34500,8.141891479492188,-1.9477076530456543
a050_1,ronin,unseen,34520,8.12172794342041,-1.859313726425171
a050_1,ronin,unseen,34540,8.09994125366211,-1.7536686658859253
a050_1,ronin,unseen,34560,8.085966110229492,-1.6431078910827637
a050_1,ronin,unseen,34580,8.073637962341309,-1.5330965518951416
a050_1,ronin,unseen,34600,8.05456829071045,-1.439164400100708
a050_1,ronin,unseen,34620,8.047264099121094,-1.3504881858825684
a050_1,ronin,unseen,34640,8.033114433288574,-1.252144694328308
a050_1,ronin,unseen,34660,8.012593269348145,-1.143371820449829
a050_1,ronin,unseen,34680,7.975977420806885,-1.023926019668579
a050_1,ronin,unseen,34700,7.948530673980713,-0.919845700263977
a050_1,ronin,unseen,34720,7.929956912994385,-0.8299047946929932
a050_1,ronin,unseen,34740,7.913883686065674,-0.7358951568603516
a050_1,ronin,unseen,34760,7.901513576507568,-0.6357847452163696
a050_1,ronin,unseen,34780,7.8933305740356445,-0.5363454222679138
a050_1,ronin,unseen,34800,7.8947858810424805,-0.43408021330833435
a050_1,ronin,unseen,34820,7.88489294052124,-0.3277498781681061
a050_1,ronin,unseen,34840,7.872387886047363,-0.2285015881061554
a050_1,ronin,unseen,34860,7.8644256591796875,-0.13015413284301758
a050_1,ronin,unseen,34880,7.850548267364502,-0.021820755675435066
a050_1,ronin,unseen,34900,7.833168029785156,0.08171513676643372
a050_1,ronin,unseen,34920,7.803967475891113,0.19411450624465942
a050_1,ronin,unseen,34940,7.785330295562744,0.2860112488269806
a050_1,ronin,unseen,34960,7.769502639770508,0.3817763328552246
a050_1,ronin,unseen,34980,7.759762763977051,0.47372105717658997
a050_1,ronin,unseen,35000,7.754532337188721,0.5729755759239197
a050_1,ronin,unseen,35020,7.7559285163879395,0.6765866875648499
a050_1,ronin,unseen,35040,7.757223606109619,0.7795335650444031
a050_1,ronin,unseen,35060,7.744178295135498,0.8744474053382874
a050_1,ronin,unseen,35080,7.740390777587891,0.9629491567611694
a050_1,ronin,unseen,35100,7.733005046844482,1.058061122894287
a050_1,ronin,unseen,35120,7.721688270568848,1.1573364734649658
a050_1,ronin,unseen,35140,7.698944091796875,1.2606641054153442
a050_1,ronin,unseen,35160,7.679694652557373,1.357498049736023
a050_1,ronin,unseen,35180,7.67103385925293,1.438509464263916
a050_1,ronin,unseen,35200,7.660208225250244,1.526354193687439
a050_1,ronin,unseen,35220,7.6564764976501465,1.6137661933898926
a050_1,ronin,unseen,35240,7.653398513793945,1.7118852138519287
a050_1,ronin,unseen,35260,7.656259059906006,1.8136308193206787
a050_1,ronin,unseen,35280,7.651954650878906,1.9133453369140625
a050_1,ronin,unseen,35300,7.64593505859375,2.0081071853637695
a050_1,ronin,unseen,35320,7.642333030700684,2.0981087684631348
a050_1,ronin,unseen,35340,7.632303237915039,2.190960168838501
a050_1,ronin,unseen,35360,7.619581699371338,2.2803125381469727
a050_1,ronin,unseen,35380,7.597512722015381,2.375610828399658
a050_1,ronin,unseen,35400,7.584956645965576,2.458026170730591
a050_1,ronin,unseen,35420,7.57283353805542,2.5382297039031982
a050_1,ronin,unseen,35440,7.560056686401367,2.6277196407318115
a050_1,ronin,unseen,35460,7.552065372467041,2.724529981613159
a050_1,ronin,unseen,35480,7.549582004547119,2.8223683834075928
a050_1,ronin,unseen,35500,7.549570083618164,2.9215757846832275
a050_1,ronin,unseen,35520,7.539349555969238,3.019169569015503
a050_1,ronin,unseen,35540,7.534796237945557,3.1075997352600098
a050_1,ronin,unseen,35560,7.526650428771973,3.2021846771240234
a050_1,ronin,unseen,35580,7.514033794403076,3.306292772293091
a050_1,ronin,unseen,35600,7.4950666427612305,3.4104816913604736
a050_1,ronin,unseen,35620,7.478565692901611,3.5190160274505615
a050_1,ronin,unseen,35640,7.477485656738281,3.607093572616577
a050_1,ronin,unseen,35660,7.470281600952148,3.7032887935638428
a050_1,ronin,unseen,35680,7.466184139251709,3.808290481567383
a050_1,ronin,unseen,35700,7.468054294586182,3.9192087650299072
a050_1,ronin,unseen,35720,7.4788126945495605,4.032811641693115
a050_1,ronin,unseen,35740,7.483886241912842,4.1450324058532715
a050_1,ronin,unseen,35760,7.475180625915527,4.250034332275391
a050_1,ronin,unseen,35780,7.471747875213623,4.355509281158447
a050_1,ronin,unseen,35800,7.468419075012207,4.457172393798828
a050_1,ronin,unseen,35820,7.464131832122803,4.554067134857178
a050_1,ronin,unseen,35840,7.448110580444336,4.659998416900635
a050_1,ronin,unseen,35860,7.440608501434326,4.745890140533447
a050_1,ronin,unseen,35880,7.437819957733154,4.821287631988525
a050_1,ronin,unseen,35900,7.432981967926025,4.903053283691406
a050_1,ronin,unseen,35920,7.430739402770996,4.996606826782227
a050_1,ronin,unseen,35940,7.429423809051514,5.099632740020752
a050_1,ronin,unseen,35960,7.435617923736572,5.2016730308532715
a050_1,ronin,unseen,35980,7.431939125061035,5.3012871742248535
a050_1,ronin,unseen,36000,7.427060604095459,5.392711639404297
a050_1,ronin,unseen,36020,7.421035289764404,5.482864856719971
a050_1,ronin,unseen,36040,7.4095377922058105,5.578713893890381
a050_1,ronin,unseen,36060,7.394538402557373,5.673830509185791
a050_1,ronin,unseen,36080,7.3725996017456055,5.768192291259766
a050_1,ronin,unseen,36100,7.364781379699707,5.848705768585205
a050_1,ronin,unseen,36120,7.355286598205566,5.919380187988281
a050_1,ronin,unseen,36140,7.341310501098633,6.00178337097168
a050_1,ronin,unseen,36160,7.33073091506958,6.090790271759033
a050_1,ronin,unseen,36180,7.319719314575195,6.18581485748291
a050_1,ronin,unseen,36200,7.316487789154053,6.280699729919434
a050_1,ronin,unseen,36220,7.306082725524902,6.36276388168335
a050_1,ronin,unseen,36240,7.2948689460754395,6.435619354248047
a050_1,ronin,unseen,36260,7.285679340362549,6.509232521057129
a050_1,ronin,unseen,36280,7.2701544761657715,6.586872100830078
a050_1,ronin,unseen,36300,7.251736640930176,6.667680740356445
a050_1,ronin,unseen,36320,7.226351737976074,6.750598430633545
a050_1,ronin,unseen,36340,7.209483623504639,6.8217315673828125
a050_1,ronin,unseen,36360,7.202023029327393,6.883152484893799
a050_1,ronin,unseen,36380,7.182745456695557,6.950148105621338
a050_1,ronin,unseen,36400,7.165361404418945,7.0236101150512695
a050_1,ronin,unseen,36420,7.147374629974365,7.099144458770752
a050_1,ronin,unseen,36440,7.137897968292236,7.1760101318359375
a050_1,ronin,unseen,36460,7.126065731048584,7.250840663909912
a050_1,ronin,unseen,36480,7.104094505310059,7.324437618255615
a050_1,ronin,unseen,36500,7.087378978729248,7.3936614990234375
a050_1,ronin,unseen,36520,7.067370891571045,7.463278293609619
a050_1,ronin,unseen,36540,7.047429084777832,7.536096572875977
a050_1,ronin,unseen,36560,7.028631687164307,7.603819847106934
a050_1,ronin,unseen,36580,7.02515983581543,7.65481424331665
a050_1,ronin,unseen,36600,7.0377912521362305,7.693797588348389
a050_1,ronin,unseen,36620,7.053400993347168,7.7252936363220215
a050_1,ronin,unseen,36640,7.078812599182129,7.7538862228393555
a050_1,ronin,unseen,36660,7.116221904754639,7.785170078277588
a050_1,ronin,unseen,36680,7.168515205383301,7.816792964935303
a050_1,ronin,unseen,36700,7.221907615661621,7.846796989440918
a050_1,ronin,unseen,36720,7.2823920249938965,7.867690086364746
a050_1,ronin,unseen,36740,7.344898223876953,7.889688968658447
a050_1,ronin,unseen,36760,7.40512228012085,7.911557674407959
a050_1,ronin,unseen,36780,7.469635486602783,7.932984352111816
a050_1,ronin,unseen,36800,7.5430216789245605,7.958687782287598
a050_1,ronin,unseen,36820,7.615267753601074,7.990199565887451
a050_1,ronin,unseen,36840,7.683635711669922,8.02377986907959
a050_1,ronin,unseen,36860,7.748681545257568,8.051494598388672
a050_1,ronin,unseen,36880,7.815382480621338,8.070428848266602
a050_1,ronin,unseen,36900,7.886960983276367,8.085006713867188
a050_1,ronin,unseen,36920,7.968565464019775,8.09859561920166
a050_1,ronin,unseen,36940,8.05630874633789,8.109975814819336
a050_1,ronin,unseen,36960,8.145817756652832,8.11218547821045
a050_1,ronin,unseen,36980,8.238880157470703,8.122573852539062
a050_1,ronin,unseen,37000,8.325349807739258,8.137887954711914
a050_1,ronin,unseen,37020,8.41242790222168,8.1522216796875
a050_1,ronin,unseen,37040,8.502156257629395,8.166865348815918
a050_1,ronin,unseen,37060,8.594517707824707,8.184021949768066
a050_1,ronin,unseen,37080,8.686563491821289,8.210309982299805
a050_1,ronin,unseen,37100,8.776893615722656,8.229357719421387
a050_1,ronin,unseen,37120,8.852726936340332,8.24373722076416
a050_1,ronin,unseen,37140,8.93733024597168,8.261332511901855
a050_1,ronin,unseen,37160,9.030330657958984,8.27672290802002
a050_1,ronin,unseen,37180,9.121550559997559,8.287015914916992
a050_1,ronin,unseen,37200,9.216742515563965,8.289392471313477
a050_1,ronin,unseen,37220,9.315129280090332,8.299790382385254
a050_1,ronin,unseen,37240,9.400032997131348,8.314202308654785
a050_1,ronin,unseen,37260,9.48837661743164,8.330495834350586
a050_1,ronin,unseen,37280,9.577420234680176,8.347944259643555
a050_1,ronin,unseen,37300,9.663262367248535,8.368548393249512
a050_1,ronin,unseen,37320,9.752886772155762,8.399286270141602
a050_1,ronin,unseen,37340,9.833974838256836,8.42299747467041
a050_1,ronin,unseen,37360,9.908429145812988,8.444028854370117
a050_1,ronin,unseen,37380,9.989320755004883,8.470048904418945
a050_1,ronin,unseen,37400,10.076140403747559,8.49417781829834
a050_1,ronin,unseen,37420,10.172839164733887,8.517714500427246
a050_1,ronin,unseen,37440,10.269086837768555,8.527935028076172
a050_1,ronin,unseen,37460,10.364864349365234,8.54328727722168
a050_1,ronin,unseen,37480,10.449429512023926,8.562883377075195
a050_1,ronin,unseen,37500,10.53398609161377,8.5775146484375
a050_1,ronin,unseen,37520,10.621407508850098,8.598222732543945
a050_1,ronin,unseen,37540,10.711966514587402,8.621870994567871
a050_1,ronin,unseen,37560,10.802159309387207,8.653343200683594
a050_1,ronin,unseen,37580,10.89618968963623,8.680623054504395
a050_1,ronin,unseen,37600,10.978581428527832,8.690753936767578
a050_1,ronin,unseen,37620,11.062837600708008,8.70535659790039
a050_1,ronin,unseen,37640,11.156323432922363,8.718659400939941
a050_1,ronin,unseen,37660,11.253369331359863,8.73039436340332
a050_1,ronin,unseen,37680,11.352858543395996,8.732427597045898
a050_1,ronin,unseen,37700,11.447977066040039,8.733076095581055
a050_1,ronin,unseen,37720,11.532051086425781,8.740218162536621
a050_1,ronin,unseen,37740,11.616228103637695,8.740254402160645
a050_1,ronin,unseen,37760,11.701580047607422,8.743432998657227
a050_1,ronin,unseen,37780,11.795226097106934,8.75051498413086
a050_1,ronin,unseen,37800,11.894853591918945,8.768818855285645
a050_1,ronin,unseen,37820,11.990981101989746,8.78136157989502
a050_1,ronin,unseen,37840,12.069239616394043,8.783088684082031
a050_1,ronin,unseen,37860,12.158563613891602,8.79288387298584
a050_1,ronin,unseen,37880,12.247894287109375,8.795955657958984
a050_1,ronin,unseen,37900,12.346968650817871,8.798787117004395
a050_1,ronin,unseen,37920,12.448698043823242,8.795289039611816
a050_1,ronin,unseen,37940,12.546171188354492,8.796472549438477
a050_1,ronin,unseen,37960,12.634858131408691,8.801761627197266
a050_1,ronin,unseen,37980,12.722328186035156,8.801972389221191
a050_1,ronin,unseen,38000,12.815217018127441,8.808732032775879
a050_1,ronin,unseen,38020,12.914301872253418,8.818882942199707
a050_1,ronin,unseen,38040,13.016877174377441,8.83570384979248
a050_1,ronin,unseen,38060,13.113875389099121,8.842053413391113
a050_1,ronin,unseen,38080,13.192133903503418,8.84290599822998
a050_1,ronin,unseen,38100,13.281842231750488,8.849496841430664
a050_1,ronin,unseen,38120,13.375405311584473,8.852483749389648
a050_1,ronin,unseen,38140,13.480352401733398,8.852241516113281
a050_1,ronin,unseen,38160,13.587493896484375,8.844109535217285
a050_1,ronin,unseen,38180,13.688904762268066,8.846037864685059
a050_1,ronin,unseen,38200,13.777697563171387,8.849453926086426
a050_1,ronin,unseen,38220,13.860825538635254,8.84646224975586
a050_1,ronin,unseen,38240,13.949479103088379,8.851819038391113
a050_1,ronin,unseen,38260,14.043451309204102,8.863668441772461
a050_1,ronin,unseen,38280,14.142879486083984,8.88550853729248
a050_1,ronin,unseen,38300,14.241059303283691,8.90440559387207
a050_1,ronin,unseen,38320,14.317595481872559,8.916413307189941
a050_1,ronin,unseen,38340,14.408675193786621,8.94083023071289
a050_1,ronin,unseen,38360,14.502840995788574,8.961113929748535
a050_1,ronin,unseen,38380,14.60776138305664,8.982420921325684
a050_1,ronin,unseen,38400,14.717314720153809,8.993012428283691
a050_1,ronin,unseen,38420,14.811549186706543,9.012368202209473
a050_1,ronin,unseen,38440,14.90749454498291,9.034412384033203
a050_1,ronin,unseen,38460,14.998738288879395,9.053888320922852
a050_1,ronin,unseen,38480,15.095036506652832,9.078775405883789
a050_1,ronin,unseen,38500,15.193413734436035,9.109905242919922
a050_1,ronin,unseen,38520,15.298910140991211,9.147469520568848
a050_1,ronin,unseen,38540,15.39719009399414,9.161881446838379
a050_1,ronin,unseen,38560,15.481755256652832,9.171244621276855
a050_1,ronin,unseen,38580,15.572654724121094,9.178753852844238
a050_1,ronin,unseen,38600,15.666143417358398,9.186013221740723
a050_1,ronin,unseen,38620,15.773873329162598,9.193212509155273
a050_1,ronin,unseen,38640,15.882591247558594,9.192058563232422
a050_1,ronin,unseen,38660,15.973043441772461,9.201260566711426
a050_1,ronin,unseen,38680,16.06133460998535,9.209098815917969
a050_1,ronin,unseen,38700,16.14392852783203,9.212366104125977
a050_1,ronin,unseen,38720,16.233285903930664,9.218918800354004
a050_1,ronin,unseen,38740,16.33184814453125,9.233579635620117
a050_1,ronin,unseen,38760,16.434112548828125,9.25377368927002
a050_1,ronin,unseen,38780,16.517763137817383,9.25483226776123
a050_1,ronin,unseen,38800,16.598772048950195,9.264181137084961
a050_1,ronin,unseen,38820,16.694303512573242,9.277397155761719
a050_1,ronin,unseen,38840,16.79705047607422,9.283051490783691
a050_1,ronin,unseen,38860,16.904579162597656,9.280105590820312
a050_1,ronin,unseen,38880,17.010562896728516,9.272873878479004
a050_1,ronin,unseen,38900,17.107418060302734,9.280380249023438
a050_1,ronin,unseen,38920,17.19882583618164,9.288475036621094
a050_1,ronin,unseen,38940,17.29275131225586,9.300429344177246
a050_1,ronin,unseen,38960,17.393505096435547,9.315202713012695
a050_1,ronin,unseen,38980,17.49018096923828,9.33440113067627
a050_1,ronin,unseen,39000,17.596155166625977,9.35706901550293
a050_1,ronin,unseen,39020,17.68514633178711,9.3637113571167
a050_1,ronin,unseen,39040,17.770082473754883,9.37430477142334
a050_1,ronin,unseen,39060,17.866010665893555,9.384636878967285
a050_1,ronin,unseen,39080,17.966184616088867,9.391414642333984
a050_1,ronin,unseen,39100,18.07798194885254,9.390422821044922
a050_1,ronin,unseen,39120,18.17864227294922,9.388033866882324
a050_1,ronin,unseen,39140,18.26559066772461,9.394988059997559
a050_1,ronin,unseen,39160,18.354814529418945,9.393488883972168
a050_1,ronin,unseen,39180,18.44403839111328,9.398064613342285
a050_1,ronin,unseen,39200,18.539710998535156,9.406366348266602
a050_1,ronin,unseen,39220,18.640003204345703,9.419391632080078
a050_1,ronin,unseen,39240,18.737735748291016,9.430773735046387
a050_1,ronin,unseen,39260,18.821340560913086,9.412450790405273
a050_1,ronin,unseen,39280,18.90135955810547,9.413105010986328
a050_1,ronin,unseen,39300,18.992019653320312,9.415021896362305
a050_1,ronin,unseen,39320,19.096385955810547,9.416814804077148
a050_1,ronin,unseen,39340,19.20376205444336,9.41135311126709
a050_1,ronin,unseen,39360,19.301931381225586,9.407120704650879
a050_1,ronin,unseen,39380,19.38711929321289,9.41038990020752
a050_1,ronin,unseen,39400,19.470611572265625,9.407628059387207
a050_1,ronin,unseen,39420,19.556337356567383,9.412806510925293
a050_1,ronin,unseen,39440,19.65827178955078,9.420388221740723
a050_1,ronin,unseen,39460,19.75965118408203,9.431198120117188
a050_1,ronin,unseen,39480,19.85369300842285,9.439177513122559
a050_1,ronin,unseen,39500,19.935068130493164,9.41831111907959
a050_1,ronin,unseen,39520,20.018936157226562,9.41514778137207
a050_1,ronin,unseen,39540,20.10884666442871,9.41069507598877
a050_1,ronin,unseen,39560,20.20167350769043,9.404712677001953
a050_1,ronin,unseen,39580,20.29938507080078,9.394617080688477
a050_1,ronin,unseen,39600,20.39451789855957,9.385528564453125
a050_1,ronin,unseen,39620,20.48434829711914,9.38571548461914
a050_1,ronin,unseen,39640,20.571374893188477,9.379384994506836
a050_1,ronin,unseen,39660,20.660348892211914,9.378951072692871
a050_1,ronin,unseen,39680,20.754249572753906,9.379714965820312
a050_1,ronin,unseen,39700,20.847822189331055,9.388816833496094
a050_1,ronin,unseen,39720,20.940570831298828,9.400923728942871
a050_1,ronin,unseen,39740,21.022844314575195,9.402054786682129
a050_1,ronin,unseen,39760,21.104494094848633,9.411898612976074
a050_1,ronin,unseen,39780,21.198049545288086,9.421932220458984
a050_1,ronin,unseen,39800,21.295198440551758,9.430564880371094
a050_1,ronin,unseen,39820,21.393465042114258,9.43509292602539
a050_1,ronin,unseen,39840,21.488374710083008,9.434280395507812
a050_1,ronin,unseen,39860,21.579875946044922,9.444584846496582
a050_1,ronin,unseen,39880,21.66294288635254,9.447035789489746
a050_1,ronin,unseen,39900,21.74539566040039,9.454602241516113
a050_1,ronin,unseen,39920,21.836544036865234,9.466008186340332
a050_1,ronin,unseen,39940,21.923900604248047,9.484383583068848
a050_1,ronin,unseen,39960,22.01763153076172,9.510440826416016
a050_1,ronin,unseen,39980,22.09535789489746,9.519196510314941
a050_1,ronin,unseen,40000,22.16061782836914,9.527290344238281
a050_1,ronin,unseen,40020,22.241817474365234,9.541275024414062
a050_1,ronin,unseen,40040,22.322792053222656,9.55025577545166
a050_1,ronin,unseen,40060,22.407777786254883,9.560379981994629
a050_1,ronin,unseen,40080,22.493928909301758,9.562932014465332
a050_1,ronin,unseen,40100,22.568864822387695,9.572356224060059
a050_1,ronin,unseen,40120,22.630456924438477,9.583235740661621
a050_1,ronin,unseen,40140,22.689321517944336,9.592912673950195
a050_1,ronin,unseen,40160,22.750852584838867,9.610221862792969
a050_1,ronin,unseen,40180,22.80849838256836,9.629313468933105
a050_1,ronin,unseen,40200,22.8697452545166,9.660523414611816
a050_1,ronin,unseen,40220,22.931337356567383,9.699217796325684
a050_1,ronin,unseen,40240,22.976993560791016,9.73549747467041
a050_1,ronin,unseen,40260,23.016721725463867,9.758915901184082
a050_1,ronin,unseen,40280,23.052576065063477,9.7921142578125
a050_1,ronin,unseen,40300,23.07943344116211,9.83600902557373
a050_1,ronin,unseen,40320,23.095304489135742,9.882959365844727
a050_1,ronin,unseen,40340,23.110198974609375,9.920450210571289
a050_1,ronin,unseen,40360,23.12270164489746,9.966626167297363
a050_1,ronin,unseen,40380,23.113664627075195,9.997880935668945
a050_1,ronin,unseen,40400,23.090089797973633,10.021862030029297
a050_1,ronin,unseen,40420,23.061304092407227,10.036205291748047
a050_1,ronin,unseen,40440,23.022327423095703,10.046857833862305
a050_1,ronin,unseen,40460,22.965076446533203,10.050314903259277
a050_1,ronin,unseen,40480,22.895782470703125,10.049369812011719
a050_1,ronin,unseen,40500,22.824121475219727,10.038506507873535
a050_1,ronin,unseen,40520,22.7591609954834,10.022632598876953
a050_1,ronin,unseen,40540,22.69532012939453,9.99974250793457
a050_1,ronin,unseen,40560,22.6346378326416,9.975973129272461
a050_1,ronin,unseen,40580,22.572040557861328,9.953230857849121
a050_1,ronin,unseen,40600,22.506244659423828,9.936211585998535
a050_1,ronin,unseen,40620,22.430503845214844,9.923213005065918
a050_1,ronin,unseen,40640,22.3466796875,9.9176025390625
a050_1,ronin,unseen,40660,22.263120651245117,9.920093536376953
a050_1,ronin,unseen,40680,22.181005477905273,9.918050765991211
a050_1,ronin,unseen,40700,22.10694694519043,9.91166877746582
a050_1,ronin,unseen,40720,22.03057098388672,9.901485443115234
a050_1,ronin,unseen,40740,21.94912338256836,9.886091232299805
a050_1,ronin,unseen,40760,21.857219696044922,9.86467170715332
a050_1,ronin,unseen,40780,21.767677307128906,9.837772369384766
a050_1,ronin,unseen,40800,21.678468704223633,9.81191349029541
a050_1,ronin,unseen,40820,21.600143432617188,9.81214714050293
a050_1,ronin,unseen,40840,21.520553588867188,9.804309844970703
a050_1,ronin,unseen,40860,21.433650970458984,9.796113967895508
a050_1,ronin,unseen,40880,21.32977294921875,9.786293029785156
a050_1,ronin,unseen,40900,21.21146011352539,9.776337623596191
a050_1,ronin,unseen,40920,21.100488662719727,9.771500587463379
a050_1,ronin,unseen,40940,21.0006046295166,9.76396656036377
a050_1,ronin,unseen,40960,20.910587310791016,9.762248039245605
a050_1,ronin,unseen,40980,20.814950942993164,9.752774238586426
a050_1,ronin,unseen,41000,20.714628219604492,9.738664627075195
a050_1,ronin,unseen,41020,20.621763229370117,9.722789764404297
a050_1,ronin,unseen,41040,20.525508880615234,9.701155662536621
a050_1,ronin,unseen,41060,20.433839797973633,9.696288108825684
a050_1,ronin,unseen,41080,20.35186004638672,9.696331977844238
a050_1,ronin,unseen,41100,20.262617111206055,9.691254615783691
a050_1,ronin,unseen,41120,20.171152114868164,9.689105987548828
a050_1,ronin,unseen,41140,20.072986602783203,9.685701370239258
a050_1,ronin,unseen,41160,19.97199058532715,9.686541557312012
a050_1,ronin,unseen,41180,19.880624771118164,9.684356689453125
a050_1,ronin,unseen,41200,19.790966033935547,9.680814743041992
a050_1,ronin,unseen,41220,19.705310821533203,9.676668167114258
a050_1,ronin,unseen,41240,19.609407424926758,9.668868064880371
a050_1,ronin,unseen,41260,19.512802124023438,9.658577919006348
a050_1,ronin,unseen,41280,19.408824920654297,9.637479782104492
a050_1,ronin,unseen,41300,19.313356399536133,9.622390747070312
a050_1,ronin,unseen,41320,19.229896545410156,9.613306045532227
a050_1,ronin,unseen,41340,19.134685516357422,9.601433753967285
a050_1,ronin,unseen,41360,19.035659790039062,9.594767570495605
a050_1,ronin,unseen,41380,18.928783416748047,9.58819580078125
a050_1,ronin,unseen,41400,18.821374893188477,9.585748672485352
a050_1,ronin,unseen,41420,18.723331451416016,9.571298599243164
a050_1,ronin,unseen,41440,18.62659454345703,9.559837341308594
a050_1,ronin,unseen,41460,18.53011131286621,9.552067756652832
a050_1,ronin,unseen,41480,18.428768157958984,9.539959907531738
a050_1,ronin,unseen,41500,18.330408096313477,9.526684761047363
a050_1,ronin,unseen,41520,18.2280216217041,9.503504753112793
a050_1,ronin,unseen,41540,18.131135940551758,9.489309310913086
a050_1,ronin,unseen,41560,18.041763305664062,9.483875274658203
a050_1,ronin,unseen,41580,17.9481143951416,9.474425315856934
a050_1,ronin,unseen,41600,17.84440040588379,9.46748161315918
a050_1,ronin,unseen,41620,17.736616134643555,9.46174430847168
a050_1,ronin,unseen,41640,17.634918212890625,9.463769912719727
a050_1,ronin,unseen,41660,17.535255432128906,9.4608736038208
a050_1,ronin,unseen,41680,17.446653366088867,9.459587097167969
a050_1,ronin,unseen,41700,17.365697860717773,9.461030006408691
a050_1,ronin,unseen,41720,17.2764949798584,9.45545482635498
a050_1,ronin,unseen,41740,17.180429458618164,9.446832656860352
a050_1,ronin,unseen,41760,17.081037521362305,9.430418968200684
a050_1,ronin,unseen,41780,16.989501953125,9.416109085083008
a050_1,ronin,unseen,41800,16.9102783203125,9.414546966552734
a050_1,ronin,unseen,41820,16.82262420654297,9.406797409057617
a050_1,ronin,unseen,41840,16.735933303833008,9.402180671691895
a050_1,ronin,unseen,41860,16.635555267333984,9.394195556640625
a050_1,ronin,unseen,41880,16.53341293334961,9.393967628479004
a050_1,ronin,unseen,41900,16.441415786743164,9.390438079833984
a050_1,ronin,unseen,41920,16.359498977661133,9.38565731048584
a050_1,ronin,unseen,41940,16.27360725402832,9.388896942138672
a050_1,ronin,unseen,41960,16.18507957458496,9.383292198181152
a050_1,ronin,unseen,41980,16.090791702270508,9.36997127532959
a050_1,ronin,unseen,42000,15.992820739746094,9.350390434265137
a050_1,ronin,unseen,42020,15.897638320922852,9.333266258239746
a050_1,ronin,unseen,42040,15.81281566619873,9.336992263793945
a050_1,ronin,unseen,42060,15.727928161621094,9.33399486541748
a050_1,ronin,unseen,42080,15.636183738708496,9.331047058105469
a050_1,ronin,unseen,42100,15.536368370056152,9.33475112915039
a050_1,ronin,unseen,42120,15.44063663482666,9.340751647949219
a050_1,ronin,unseen,42140,15.35054874420166,9.345205307006836
a050_1,ronin,unseen,42160,15.256049156188965,9.337600708007812
a050_1,ronin,unseen,42180,15.169655799865723,9.334643363952637
a050_1,ronin,unseen,42200,15.076565742492676,9.32593822479248
a050_1,ronin,unseen,42220,14.977840423583984,9.317136764526367
a050_1,ronin,unseen,42240,14.882265090942383,9.304642677307129
a050_1,ronin,unseen,42260,14.788805961608887,9.29106330871582
a050_1,ronin,unseen,42280,14.706210136413574,9.300556182861328
a050_1,ronin,unseen,42300,14.629578590393066,9.300180435180664
a050_1,ronin,unseen,42320,14.547759056091309,9.30265998840332
a050_1,ronin,unseen,42340,14.453462600708008,9.303207397460938
a050_1,ronin,unseen,42360,14.35741138458252,9.305495262145996
a050_1,ronin,unseen,42380,14.26806926727295,9.314909934997559
a050_1,ronin,unseen,42400,14.185189247131348,9.31332778930664
a050_1,ronin,unseen,42420,14.108542442321777,9.318033218383789
a050_1,ronin,unseen,42440,14.03116226196289,9.318753242492676
a050_1,ronin,unseen,42460,13.946856498718262,9.315376281738281
a050_1,ronin,unseen,42480,13.86062240600586,9.304709434509277
a050_1,ronin,unseen,42500,13.774185180664062,9.28675651550293
a050_1,ronin,unseen,42520,13.700789451599121,9.281272888183594
a050_1,ronin,unseen,42540,13.634503364562988,9.27457046508789
a050_1,ronin,unseen,42560,13.554912567138672,9.265097618103027
a050_1,ronin,unseen,42580,13.467628479003906,9.254571914672852
a050_1,ronin,unseen,42600,13.37879467010498,9.246439933776855
a050_1,ronin,unseen,42620,13.28847885131836,9.247553825378418
a050_1,ronin,unseen,42640,13.211429595947266,9.237467765808105
a050_1,ronin,unseen,42660,13.14384651184082,9.227091789245605
a050_1,ronin,unseen,42680,13.065330505371094,9.21327018737793
a050_1,ronin,unseen,42700,12.983407974243164,9.1914701461792
a050_1,ronin,unseen,42720,12.902650833129883,9.16808032989502
a050_1,ronin,unseen,42740,12.81850528717041,9.138239860534668
a050_1,ronin,unseen,42760,12.754145622253418,9.122640609741211
a050_1,ronin,unseen,42780,12.701534271240234,9.120080947875977
a050_1,ronin,unseen,42800,12.636056900024414,9.105217933654785
a050_1,ronin,unseen,42820,12.555147171020508,9.086691856384277
a050_1,ronin,unseen,42840,12.468175888061523,9.069076538085938
a050_1,ronin,unseen,42860,12.38070297241211,9.06313705444336
a050_1,ronin,unseen,42880,12.301878929138184,9.054940223693848
a050_1,ronin,unseen,42900,12.228900909423828,9.038394927978516
a050_1,ronin,unseen,42920,12.152022361755371,9.027332305908203
a050_1,ronin,unseen,42940,12.068572998046875,9.007826805114746
a050_1,ronin,unseen,42960,11.977533340454102,8.98414421081543
a050_1,ronin,unseen,42980,11.894502639770508,8.957179069519043
a050_1,ronin,unseen,43000,11.820167541503906,8.935379028320312
a050_1,ronin,unseen,43020,11.751643180847168,8.922250747680664
a050_1,ronin,unseen,43040,11.674147605895996,8.90895938873291
a050_1,ronin,unseen,43060,11.588785171508789,8.89837646484375
a050_1,ronin,unseen,43080,11.48714828491211,8.886131286621094
a050_1,ronin,unseen,43100,11.390130043029785,8.881575584411621
a050_1,ronin,unseen,43120,11.296680450439453,8.875946044921875
a050_1,ronin,unseen,43140,11.203801155090332,8.85667896270752
a050_1,ronin,unseen,43160,11.116292953491211,8.844494819641113
a050_1,ronin,unseen,43180,11.0228271484375,8.824636459350586
a050_1,ronin,unseen,43200,10.923070907592773,8.79973316192627
a050_1,ronin,unseen,43220,10.829140663146973,8.771063804626465
a050_1,ronin,unseen,43240,10.734728813171387,8.746828079223633
a050_1,ronin,unseen,43260,10.65096664428711,8.73161506652832
a050_1,ronin,unseen,43280,10.56115436553955,8.714255332946777
a050_1,ronin,unseen,43300,10.460490226745605,8.697757720947266
a050_1,ronin,unseen,43320,10.351690292358398,8.683856010437012
a050_1,ronin,unseen,43340,10.24732494354248,8.67928409576416
a050_1,ronin,unseen,43360,10.141626358032227,8.663990020751953
a050_1,ronin,unseen,43380,10.05189037322998,8.651192665100098
a050_1,ronin,unseen,43400,9.958381652832031,8.645998001098633
a050_1,ronin,unseen,43420,9.85644817352295,8.633074760437012
a050_1,ronin,unseen,43440,9.750428199768066,8.612974166870117
a050_1,ronin,unseen,43460,9.64668083190918,8.590323448181152
a050_1,ronin,unseen,43480,9.559737205505371,8.573352813720703
a050_1,ronin,unseen,43500,9.473559379577637,8.565951347351074
a050_1,ronin,unseen,43520,9.380297660827637,8.5586576461792
a050_1,ronin,unseen,43540,9.28024673461914,8.553630828857422
a050_1,ronin,unseen,43560,9.178670883178711,8.554429054260254
a050_1,ronin,unseen,43580,9.06644058227539,8.557117462158203
a050_1,ronin,unseen,43600,8.965594291687012,8.550622940063477
a050_1,ronin,unseen,43620,8.875203132629395,8.548506736755371
a050_1,ronin,unseen,43640,8.780023574829102,8.54423713684082
a050_1,ronin,unseen,43660,8.679452896118164,8.538447380065918
a050_1,ronin,unseen,43680,8.57487678527832,8.52558422088623
a050_1,ronin,unseen,43700,8.474678993225098,8.515474319458008
a050_1,ronin,unseen,43720,8.395977973937988,8.512319564819336
a050_1,ronin,unseen,43740,8.307557106018066,8.513836860656738
a050_1,ronin,unseen,43760,8.220589637756348,8.520424842834473
a050_1,ronin,unseen,43780,8.118064880371094,8.529557228088379
a050_1,ronin,unseen,43800,8.01708698272705,8.547089576721191
a050_1,ronin,unseen,43820,7.91137170791626,8.564522743225098
a050_1,ronin,unseen,43840,7.8212809562683105,8.574193000793457
a050_1,ronin,unseen,43860,7.7330193519592285,8.593846321105957
a050_1,ronin,unseen,43880,7.634559631347656,8.614275932312012
a050_1,ronin,unseen,43900,7.533576488494873,8.633160591125488
a050_1,ronin,unseen,43920,7.429425239562988,8.647390365600586
a050_1,ronin,unseen,43940,7.341806888580322,8.66808795928955
a050_1,ronin,unseen,43960,7.270872592926025,8.697896003723145
a050_1,ronin,unseen,43980,7.196320533752441,8.734525680541992
a050_1,ronin,unseen,44000,7.113147258758545,8.773900032043457
a050_1,ronin,unseen,44020,7.018619060516357,8.821292877197266
a050_1,ronin,unseen,44040,6.928643226623535,8.87921142578125
a050_1,ronin,unseen,44060,6.846748352050781,8.927779197692871
a050_1,ronin,unseen,44080,6.769363880157471,8.972683906555176
a050_1,ronin,unseen,44100,6.700135231018066,9.028060913085938
a050_1,ronin,unseen,44120,6.628897190093994,9.091955184936523
a050_1,ronin,unseen,44140,6.554084777832031,9.153285026550293
a050_1,ronin,unseen,44160,6.478099346160889,9.221946716308594
a050_1,ronin,unseen,44180,6.432102680206299,9.294384956359863
a050_1,ronin,unseen,44200,6.386171817779541,9.364298820495605
a050_1,ronin,unseen,44220,6.337915897369385,9.438009262084961
a050_1,ronin,unseen,44240,6.281495094299316,9.522838592529297
a050_1,ronin,unseen,44260,6.219442844390869,9.618389129638672
a050_1,ronin,unseen,44280,6.159877300262451,9.69771957397461
a050_1,ronin,unseen,44300,6.092854976654053,9.771306037902832
a050_1,ronin,unseen,44320,6.031028747558594,9.846668243408203
a050_1,ronin,unseen,44340,5.965545177459717,9.92914867401123
a050_1,ronin,unseen,44360,5.894963264465332,10.006908416748047
a050_1,ronin,unseen,44380,5.81685209274292,10.09026050567627
a050_1,ronin,unseen,44400,5.763760566711426,10.161773681640625
a050_1,ronin,unseen,44420,5.699765682220459,10.23449420928955
a050_1,ronin,unseen,44440,5.639263153076172,10.314029693603516
a050_1,ronin,unseen,44460,5.568482398986816,10.414592742919922
a050_1,ronin,unseen,44480,5.508526802062988,10.519139289855957
a050_1,ronin,unseen,44500,5.4475932121276855,10.611014366149902
a050_1,ronin,unseen,44520,5.389256954193115,10.68747615814209
a050_1,ronin,unseen,44540,5.342834949493408,10.766389846801758
a050_1,ronin,unseen,44560,5.2833099365234375,10.85560131072998
a050_1,ronin,unseen,44580,5.221436500549316,10.94279670715332
a050_1,ronin,unseen,44600,5.145153045654297,11.035825729370117
a050_1,ronin,unseen,44620,5.096401691436768,11.112719535827637
a050_1,ronin,unseen,44640,5.051241397857666,11.18830680847168
a050_1,ronin,unseen,44660,4.9992899894714355,11.265446662902832
a050_1,ronin,unseen,44680,4.941765785217285,11.359505653381348
a050_1,ronin,unseen,44700,4.888220310211182,11.462328910827637
a050_1,ronin,unseen,44720,4.834692478179932,11.564667701721191
a050_1,ronin,unseen,44740,4.779905796051025,11.645218849182129
a050_1,ronin,unseen,44760,4.733257293701172,11.727109909057617
a050_1,ronin,unseen,44780,4.680662155151367,11.811808586120605
a050_1,ronin,unseen,44800,4.621702671051025,11.901911735534668
a050_1,ronin,unseen,44820,4.554214954376221,11.994044303894043
a050_1,ronin,unseen,44840,4.496484756469727,12.079303741455078
a050_1,ronin,unseen,44860,4.46162748336792,12.153227806091309
a050_1,ronin,unseen,44880,4.424576282501221,12.225587844848633
a050_1,ronin,unseen,44900,4.3848042488098145,12.31087589263916
a050_1,ronin,unseen,44920,4.341582775115967,12.409509658813477
a050_1,ronin,unseen,44940,4.306153297424316,12.515073776245117
a050_1,ronin,unseen,44960,4.266474723815918,12.607568740844727
a050_1,ronin,unseen,44980,4.227583885192871,12.690703392028809
a050_1,ronin,unseen,45000,4.193144798278809,12.773311614990234
a050_1,ronin,unseen,45020,4.147098541259766,12.863515853881836
a050_1,ronin,unseen,45040,4.0970072746276855,12.95486831665039
a050_1,ronin,unseen,45060,4.04250955581665,13.047994613647461
a050_1,ronin,unseen,45080,4.017706394195557,13.127777099609375
a050_1,ronin,unseen,45100,3.9922266006469727,13.203073501586914
a050_1,ronin,unseen,45120,3.9709482192993164,13.27987003326416
a050_1,ronin,unseen,45140,3.949676513671875,13.373979568481445
a050_1,ronin,unseen,45160,3.9324278831481934,13.476153373718262
a050_1,ronin,unseen,45180,3.9159445762634277,13.580574035644531
a050_1,ronin,unseen,45200,3.8910574913024902,13.66610336303711
a050_1,ronin,unseen,45220,3.873528003692627,13.749078750610352
a050_1,ronin,unseen,45240,3.855123519897461,13.836204528808594
a050_1,ronin,unseen,45260,3.82853627204895,13.932551383972168
a050_1,ronin,unseen,45280,3.7863922119140625,14.03361701965332
a050_1,ronin,unseen,45300,3.7462987899780273,14.12885570526123
a050_1,ronin,unseen,45320,3.7180440425872803,14.208581924438477
a050_1,ronin,unseen,45340,3.6787102222442627,14.297194480895996
a050_1,ronin,unseen,45360,3.643043279647827,14.389345169067383
a050_1,ronin,unseen,45380,3.6079187393188477,14.489320755004883
a050_1,ronin,unseen,45400,3.5821638107299805,14.590370178222656
a050_1,ronin,unseen,45420,3.5425381660461426,14.678509712219238
a050_1,ronin,unseen,45440,3.511021375656128,14.757180213928223
a050_1,ronin,unseen,45460,3.478729724884033,14.838068008422852
a050_1,ronin,unseen,45480,3.437379837036133,14.925868034362793
a050_1,ronin,unseen,45500,3.383960723876953,15.019190788269043
a050_1,ronin,unseen,45520,3.3285880088806152,15.11253833770752
a050_1,ronin,unseen,45540,3.2929043769836426,15.189335823059082
a050_1,ronin,unseen,45560,3.2475602626800537,15.267499923706055
a050_1,ronin,unseen,45580,3.2072458267211914,15.349727630615234
a050_1,ronin,unseen,45600,3.161604166030884,15.447303771972656
a050_1,ronin,unseen,45620,3.1183583736419678,15.562697410583496
a050_1,ronin,unseen,45640,3.0759923458099365,15.66468334197998
a050_1,ronin,unseen,45660,3.0320470333099365,15.75055980682373
a050_1,ronin,unseen,45680,2.9953036308288574,15.832098007202148
a050_1,ronin,unseen,45700,2.9499967098236084,15.91899299621582
a050_1,ronin,unseen,45720,2.896939277648926,16.011516571044922
a050_1,ronin,unseen,45740,2.8331363201141357,16.105661392211914
a050_1,ronin,unseen,45760,2.7882699966430664,16.19377899169922
a050_1,ronin,unseen,45780,2.7396414279937744,16.276151657104492
a050_1,ronin,unseen,45800,2.685765504837036,16.362520217895508
a050_1,ronin,unseen,45820,2.627542495727539,16.461124420166016
a050_1,ronin,unseen,45840,2.568746328353882,16.572282791137695
a050_1,ronin,unseen,45860,2.509866952896118,16.668704986572266
a050_1,ronin,unseen,45880,2.4459481239318848,16.75718116760254
a050_1,ronin,unseen,45900,2.3896658420562744,16.83895492553711
a050_1,ronin,unseen,45920,2.3281197547912598,16.92176055908203
a050_1,ronin,unseen,45940,2.2536540031433105,17.008216857910156
a050_1,ronin,unseen,45960,2.159930467605591,17.094844818115234
a050_1,ronin,unseen,45980,2.09554123878479,17.172504425048828
a050_1,ronin,unseen,46000,2.026097297668457,17.23885154724121
a050_1,ronin,unseen,46020,1.9549098014831543,17.309022903442383
a050_1,ronin,unseen,46040,1.8768540620803833,17.386219024658203
a050_1,ronin,unseen,46060,1.7947723865509033,17.47794532775879
a050_1,ronin,unseen,46080,1.7185308933258057,17.55976676940918
a050_1,ronin,unseen,46100,1.630458950996399,17.63395881652832
a050_1,ronin,unseen,46120,1.552646279335022,17.697256088256836
a050_1,ronin,unseen,46140,1.4727585315704346,17.75933265686035
a050_1,ronin,unseen,46160,1.387662649154663,17.8216495513916
a050_1,ronin,unseen,46180,1.2894525527954102,17.881467819213867
a050_1,ronin,unseen,46200,1.1990387439727783,17.942392349243164
a050_1,ronin,unseen,46220,1.13459312915802,17.99711799621582
a050_1,ronin,unseen,46240,1.0573629140853882,18.048131942749023
a050_1,ronin,unseen,46260,0.9809529185295105,18.10186195373535
a050_1,ronin,unseen,46280,0.9013265371322632,18.16786003112793
a050_1,ronin,unseen,46300,0.8241163492202759,18.24190902709961
a050_1,ronin,unseen,46320,0.7511836886405945,18.299060821533203
a050_1,ronin,unseen,46340,0.6793691515922546,18.359617233276367
a050_1,ronin,unseen,46360,0.6163661479949951,18.41743278503418
a050_1,ronin,unseen,46380,0.5465312600135803,18.478904724121094
a050_1,ronin,unseen,46400,0.46715840697288513,18.53881072998047
a050_1,ronin,unseen,46420,0.3778175711631775,18.599300384521484
a050_1,ronin,unseen,46440,0.31530919671058655,18.663476943969727
a050_1,ronin,unseen,46460,0.2537410259246826,18.71487045288086
a050_1,ronin,unseen,46480,0.1858806014060974,18.772050857543945
a050_1,ronin,unseen,46500,0.1108802855014801,18.83551025390625
a050_1,ronin,unseen,46520,0.03624277561903,18.909534454345703
a050_1,ronin,unseen,46540,-0.02773948945105076,18.980449676513672
a050_1,ronin,unseen,46560,-0.09566261619329453,19.042972564697266
a050_1,ronin,unseen,46580,-0.15518653392791748,19.104949951171875
a050_1,ronin,unseen,46600,-0.2208814173936844,19.168018341064453
a050_1,ronin,unseen,46620,-0.2958469092845917,19.235822677612305
a050_1,ronin,unseen,46640,-0.37414881587028503,19.300174713134766
a050_1,ronin,unseen,46660,-0.45066845417022705,19.37165069580078
a050_1,ronin,unseen,46680,-0.48684239387512207,19.43539047241211
a050_1,ronin,unseen,46700,-0.5477268099784851,19.492162704467773
a050_1,ronin,unseen,46720,-0.6081571578979492,19.55416488647461
a050_1,ronin,unseen,46740,-0.6711858510971069,19.626232147216797
a050_1,ronin,unseen,46760,-0.7354506850242615,19.71351432800293
a050_1,ronin,unseen,46780,-0.7938277125358582,19.788400650024414
a050_1,ronin,unseen,46800,-0.8533506989479065,19.850526809692383
a050_1,ronin,unseen,46820,-0.9053394794464111,19.91819190979004
a050_1,ronin,unseen,46840,-0.9578031897544861,19.99030113220215
a050_1,ronin,unseen,46860,-1.0156217813491821,20.063127517700195
a050_1,ronin,unseen,46880,-1.0806488990783691,20.13582420349121
a050_1,ronin,unseen,46900,-1.1440402269363403,20.210718154907227
a050_1,ronin,unseen,46920,-1.171007513999939,20.280981063842773
a050_1,ronin,unseen,46940,-1.2137641906738281,20.350130081176758
a050_1,ronin,unseen,46960,-1.254443645477295,20.42998504638672
a050_1,ronin,unseen,46980,-1.298306941986084,20.520116806030273
a050_1,ronin,unseen,47000,-1.335790753364563,20.618877410888672
a050_1,ronin,unseen,47020,-1.3704609870910645,20.715675354003906
a050_1,ronin,unseen,47040,-1.4119819402694702,20.80192756652832
a050_1,ronin,unseen,47060,-1.4499363899230957,20.889253616333008
a050_1,ronin,unseen,47080,-1.4879945516586304,20.985973358154297
a050_1,ronin,unseen,47100,-1.5218963623046875,21.083919525146484
a050_1,ronin,unseen,47120,-1.5650352239608765,21.184907913208008
a050_1,ronin,unseen,47140,-1.588395118713379,21.28188705444336
a050_1,ronin,unseen,47160,-1.599980115890503,21.363231658935547
a050_1,ronin,unseen,47180,-1.6265778541564941,21.455358505249023
a050_1,ronin,unseen,47200,-1.6465694904327393,21.55583381652832
a050_1,ronin,unseen,47220,-1.6616871356964111,21.668947219848633
a050_1,ronin,unseen,47240,-1.667321801185608,21.78090476989746
a050_1,ronin,unseen,47260,-1.6831672191619873,21.882261276245117
a050_1,ronin,unseen,47280,-1.6946171522140503,21.977123260498047
a050_1,ronin,unseen,47300,-1.7015737295150757,22.070266723632812
a050_1,ronin,unseen,47320,-1.7110902070999146,22.17510986328125
a050_1,ronin,unseen,47340,-1.7300684452056885,22.28531265258789
a050_1,ronin,unseen,47360,-1.7506299018859863,22.4003849029541
a050_1,ronin,unseen,47380,-1.7528884410858154,22.49532699584961
a050_1,ronin,unseen,47400,-1.7694275379180908,22.593259811401367
a050_1,ronin,unseen,47420,-1.7825742959976196,22.69540786743164
a050_1,ronin,unseen,47440,-1.792783498764038,22.80710220336914
a050_1,ronin,unseen,47460,-1.795677900314331,22.928234100341797
a050_1,ronin,unseen,47480,-1.8051799535751343,23.0318546295166
a050_1,ronin,unseen,47500,-1.8138760328292847,23.130041122436523
a050_1,ronin,unseen,47520,-1.8215582370758057,23.2243595123291
a050_1,ronin,unseen,47540,-1.8356558084487915,23.327836990356445
a050_1,ronin,unseen,47560,-1.852962851524353,23.431488037109375
a050_1,ronin,unseen,47580,-1.8784902095794678,23.538990020751953
a050_1,ronin,unseen,47600,-1.8837089538574219,23.633399963378906
a050_1,ronin,unseen,47620,-1.9032797813415527,23.726179122924805
a050_1,ronin,unseen,47640,-1.92201566696167,23.824031829833984
a050_1,ronin,unseen,47660,-1.939292550086975,23.927928924560547
a050_1,ronin,unseen,47680,-1.9540340900421143,24.041563034057617
a050_1,ronin,unseen,47700,-1.966141939163208,24.14885711669922
a050_1,ronin,unseen,47720,-1.9868627786636353,24.242685317993164
a050_1,ronin,unseen,47740,-2.0033364295959473,24.336421966552734
a050_1,ronin,unseen,47760,-2.0231659412384033,24.430679321289062
a050_1,ronin,unseen,47780,-2.0510590076446533,24.535486221313477
a050_1,ronin,unseen,47800,-2.0848071575164795,24.640844345092773
a050_1,ronin,unseen,47820,-2.122393846511841,24.751909255981445
a050_1,ronin,unseen,47840,-2.135080575942993,24.84345054626465
a050_1,ronin,unseen,47860,-2.1578757762908936,24.93355941772461
a050_1,ronin,unseen,47880,-2.1780576705932617,25.022634506225586
a050_1,ronin,unseen,47900,-2.195481300354004,25.123043060302734
a050_1,ronin,unseen,47920,-2.205578565597534,25.224407196044922
a050_1,ronin,unseen,47940,-2.2143828868865967,25.318220138549805
a050_1,ronin,unseen,47960,-2.2306647300720215,25.403440475463867
a050_1,ronin,unseen,47980,-2.238765001296997,25.486360549926758
a050_1,ronin,unseen,48000,-2.2494587898254395,25.571218490600586
a050_1,ronin,unseen,48020,-2.264451265335083,25.662445068359375
a050_1,ronin,unseen,48040,-2.288705348968506,25.760385513305664
a050_1,ronin,unseen,48060,-2.301562547683716,25.84961700439453
a050_1,ronin,unseen,48080,-2.3027167320251465,25.92372703552246
a050_1,ronin,unseen,48100,-2.316789388656616,26.012630462646484
a050_1,ronin,unseen,48120,-2.325585126876831,26.107044219970703
a050_1,ronin,unseen,48140,-2.3332741260528564,26.204599380493164
a050_1,ronin,unseen,48160,-2.333078145980835,26.302852630615234
a050_1,ronin,unseen,48180,-2.3422608375549316,26.395017623901367
a050_1,ronin,unseen,48200,-2.3547842502593994,26.487606048583984
a050_1,ronin,unseen,48220,-2.36398983001709,26.578712463378906
a050_1,ronin,unseen,48240,-2.3816933631896973,26.680429458618164
a050_1,ronin,unseen,48260,-2.4032673835754395,26.786130905151367
a050_1,ronin,unseen,48280,-2.4288547039031982,26.886354446411133
a050_1,ronin,unseen,48300,-2.4357399940490723,26.9737606048584
a050_1,ronin,unseen,48320,-2.4504282474517822,27.059547424316406
a050_1,ronin,unseen,48340,-2.470597267150879,27.150630950927734
a050_1,ronin,unseen,48360,-2.4870753288269043,27.25116539001465
a050_1,ronin,unseen,48380,-2.496365785598755,27.348920822143555
a050_1,ronin,unseen,48400,-2.5006144046783447,27.446369171142578
a050_1,ronin,unseen,48420,-2.515249490737915,27.535297393798828
a050_1,ronin,unseen,48440,-2.525250196456909,27.62566566467285
a050_1,ronin,unseen,48460,-2.5390894412994385,27.719833374023438
a050_1,ronin,unseen,48480,-2.5560176372528076,27.818788528442383
a050_1,ronin,unseen,48500,-2.5804007053375244,27.9148006439209
a050_1,ronin,unseen,48520,-2.6043732166290283,28.01427459716797
a050_1,ronin,unseen,48540,-2.6124460697174072,28.094707489013672
a050_1,ronin,unseen,48560,-2.6260862350463867,28.181074142456055
a050_1,ronin,unseen,48580,-2.6362247467041016,28.275259017944336
a050_1,ronin,unseen,48600,-2.6510403156280518,28.385162353515625
a050_1,ronin,unseen,48620,-2.6551830768585205,28.49856185913086
a050_1,ronin,unseen,48640,-2.6663384437561035,28.60129165649414
a050_1,ronin,unseen,48660,-2.6821212768554688,28.69672203063965
a050_1,ronin,unseen,48680,-2.6927084922790527,28.78822898864746
a050_1,ronin,unseen,48700,-2.7090418338775635,28.891096115112305
a050_1,ronin,unseen,48720,-2.7295336723327637,28.9957218170166
a050_1,ronin,unseen,48740,-2.759239435195923,29.09752655029297
a050_1,ronin,unseen,48760,-2.772960901260376,29.18467903137207
a050_1,ronin,unseen,48780,-2.7889347076416016,29.270572662353516
a050_1,ronin,unseen,48800,-2.8054065704345703,29.35878562927246
a050_1,ronin,unseen,48820,-2.8234314918518066,29.46116065979004
a050_1,ronin,unseen,48840,-2.832881450653076,29.565507888793945
a050_1,ronin,unseen,48860,-2.8380727767944336,29.669212341308594
a050_1,ronin,unseen,48880,-2.8584725856781006,29.76592445373535
a050_1,ronin,unseen,48900,-2.8695478439331055,29.8542423248291
a050_1,ronin,unseen,48920,-2.8778347969055176,29.94681167602539
a050_1,ronin,unseen,48940,-2.891700267791748,30.04583740234375
a050_1,ronin,unseen,48960,-2.9195406436920166,30.1495361328125
a050_1,ronin,unseen,48980,-2.947582960128784,30.252429962158203
a050_1,ronin,unseen,49000,-2.9571313858032227,30.335607528686523
a050_1,ronin,unseen,49020,-2.978300094604492,30.424253463745117
a050_1,ronin,unseen,49040,-2.9959843158721924,30.519983291625977
a050_1,ronin,unseen,49060,-3.009182929992676,30.626638412475586
a050_1,ronin,unseen,49080,-3.016035318374634,30.743017196655273
a050_1,ronin,unseen,49100,-3.0282914638519287,30.843000411987305
a050_1,ronin,unseen,49120,-3.048391819000244,30.929698944091797
a050_1,ronin,unseen,49140,-3.062528133392334,31.015539169311523
a050_1,ronin,unseen,49160,-3.083792209625244,31.10655975341797
a050_1,ronin,unseen,49180,-3.109065294265747,31.201120376586914
a050_1,ronin,unseen,49200,-3.1441280841827393,31.30287742614746
a050_1,ronin,unseen,49220,-3.1673405170440674,31.397668838500977
a050_1,ronin,unseen,49240,-3.186368942260742,31.48033332824707
a050_1,ronin,unseen,49260,-3.2070040702819824,31.570547103881836
a050_1,ronin,unseen,49280,-3.2248778343200684,31.66771125793457
a050_1,ronin,unseen,49300,-3.2386178970336914,31.778371810913086
a050_1,ronin,unseen,49320,-3.2473959922790527,31.892812728881836
a050_1,ronin,unseen,49340,-3.2683207988739014,31.99115753173828
a050_1,ronin,unseen,49360,-3.285017251968384,32.085601806640625
a050_1,ronin,unseen,49380,-3.30450439453125,32.1819953918457
a050_1,ronin,unseen,49400,-3.3253602981567383,32.28350067138672
a050_1,ronin,unseen,49420,-3.353567123413086,32.386741638183594
a050_1,ronin,unseen,49440,-3.3778297901153564,32.4893798828125
a050_1,ronin,unseen,49460,-3.3845314979553223,32.57453918457031
a050_1,ronin,unseen,49480,-3.395824670791626,32.663002014160156
a050_1,ronin,unseen,49500,-3.4033942222595215,32.75991439819336
a050_1,ronin,unseen,49520,-3.406825542449951,32.869998931884766
a050_1,ronin,unseen,49540,-3.400972604751587,32.98492431640625
a050_1,ronin,unseen,49560,-3.408859968185425,33.08781814575195
a050_1,ronin,unseen,49580,-3.4146687984466553,33.1855354309082
a050_1,ronin,unseen,49600,-3.4171102046966553,33.2829704284668
a050_1,ronin,unseen,49620,-3.4239816665649414,33.39139938354492
a050_1,ronin,unseen,49640,-3.437286376953125,33.49485778808594
a050_1,ronin,unseen,49660,-3.4490747451782227,33.601654052734375
a050_1,ronin,unseen,49680,-3.4510223865509033,33.69260025024414
a050_1,ronin,unseen,49700,-3.460770845413208,33.790794372558594
a050_1,ronin,unseen,49720,-3.4638164043426514,33.892616271972656
a050_1,ronin,unseen,49740,-3.4648070335388184,34.00033187866211
a050_1,ronin,unseen,49760,-3.4569106101989746,34.10467529296875
a050_1,ronin,unseen,49780,-3.459160089492798,34.20839309692383
a050_1,ronin,unseen,49800,-3.461306095123291,34.3006591796875
a050_1,ronin,unseen,49820,-3.461794853210449,34.39567184448242
a050_1,ronin,unseen,49840,-3.4667065143585205,34.49628829956055
a050_1,ronin,unseen,49860,-3.4782166481018066,34.59566879272461
a050_1,ronin,unseen,49880,-3.492299795150757,34.697410583496094
a050_1,ronin,unseen,49900,-3.490912675857544,34.788185119628906
a050_1,ronin,unseen,49920,-3.4980432987213135,34.883018493652344
a050_1,ronin,unseen,49940,-3.504453420639038,34.98222732543945
a050_1,ronin,unseen,49960,-3.512037992477417,35.09310531616211
a050_1,ronin,unseen,49980,-3.5099000930786133,35.206295013427734
a050_1,ronin,unseen,50000,-3.5134079456329346,35.31653594970703
a050_1,ronin,unseen,50020,-3.528338670730591,35.41582489013672
a050_1,ronin,unseen,50040,-3.531628370285034,35.51451873779297
a050_1,ronin,unseen,50060,-3.5344018936157227,35.61606216430664
a050_1,ronin,unseen,50080,-3.5419728755950928,35.72663497924805
a050_1,ronin,unseen,50100,-3.5588161945343018,35.83174514770508
a050_1,ronin,unseen,50120,-3.566570520401001,35.930782318115234
a050_1,ronin,unseen,50140,-3.5752124786376953,36.021568298339844
a050_1,ronin,unseen,50160,-3.587057590484619,36.118812561035156
a050_1,ronin,unseen,50180,-3.599130392074585,36.225128173828125
a050_1,ronin,unseen,50200,-3.6047849655151367,36.32802963256836
a050_1,ronin,unseen,50220,-3.6087565422058105,36.43234634399414
a050_1,ronin,unseen,50240,-3.6212446689605713,36.526031494140625
a050_1,ronin,unseen,50260,-3.626678466796875,36.61501693725586
a050_1,ronin,unseen,50280,-3.6386923789978027,36.707481384277344
a050_1,ronin,unseen,50300,-3.6563847064971924,36.80144500732422
a050_1,ronin,unseen,50320,-3.683124303817749,36.897518157958984
a050_1,ronin,unseen,50340,-3.707268714904785,36.9960823059082
a050_1,ronin,unseen,50360,-3.7197375297546387,37.07350158691406
a050_1,ronin,unseen,50380,-3.7415733337402344,37.164451599121094
a050_1,ronin,unseen,50400,-3.7574706077575684,37.259605407714844
a050_1,ronin,unseen,50420,-3.77254319190979,37.362918853759766
a050_1,ronin,unseen,50440,-3.783050775527954,37.46858596801758
a050_1,ronin,unseen,50460,-3.802774429321289,37.56990432739258
a050_1,ronin,unseen,50480,-3.8196990489959717,37.66448211669922
a050_1,ronin,unseen,50500,-3.8393940925598145,37.76023864746094
a050_1,ronin,unseen,50520,-3.8645036220550537,37.86435317993164
a050_1,ronin,unseen,50540,-3.8920586109161377,37.960906982421875
a050_1,ronin,unseen,50560,-3.9202497005462646,38.056495666503906
a050_1,ronin,unseen,50580,-3.931384563446045,38.137062072753906
a050_1,ronin,unseen,50600,-3.9533658027648926,38.22737121582031
a050_1,ronin,unseen,50620,-3.9726192951202393,38.3176383972168
a050_1,ronin,unseen,50640,-3.992321014404297,38.42133712768555
a050_1,ronin,unseen,50660,-4.002725124359131,38.52574920654297
a050_1,ronin,unseen,50680,-4.01910924911499,38.622032165527344
a050_1,ronin,unseen,50700,-4.037477970123291,38.7136344909668
a050_1,ronin,unseen,50720,-4.0545878410339355,38.80585861206055
a050_1,ronin,unseen,50740,-4.076076507568359,38.905357360839844
a050_1,ronin,unseen,50760,-4.10280179977417,38.999080657958984
a050_1,ronin,unseen,50780,-4.138708591461182,39.10364532470703
a050_1,ronin,unseen,50800,-4.147857189178467,39.18765640258789
a050_1,ronin,unseen,50820,-4.162386417388916,39.27006912231445
a050_1,ronin,unseen,50840,-4.174264430999756,39.36337661743164
a050_1,ronin,unseen,50860,-4.185201168060303,39.462398529052734
a050_1,ronin,unseen,50880,-4.186191558837891,39.563987731933594
a050_1,ronin,unseen,50900,-4.189423561096191,39.654380798339844
a050_1,ronin,unseen,50920,-4.198647499084473,39.745182037353516
a050_1,ronin,unseen,50940,-4.20302152633667,39.8380012512207
a050_1,ronin,unseen,50960,-4.211172103881836,39.92650604248047
a050_1,ronin,unseen,50980,-4.22096061706543,40.017066955566406
a050_1,ronin,unseen,51000,-4.2411885261535645,40.111427307128906
a050_1,ronin,unseen,51020,-4.2474684715271,40.20207214355469
a050_1,ronin,unseen,51040,-4.253471851348877,40.28807830810547
a050_1,ronin,unseen,51060,-4.2618489265441895,40.3816032409668
a050_1,ronin,unseen,51080,-4.267093181610107,40.48786926269531
a050_1,ronin,unseen,51100,-4.267705917358398,40.59999084472656
a050_1,ronin,unseen,51120,-4.258220195770264,40.7025260925293
a050_1,ronin,unseen,51140,-4.263562202453613,40.8014030456543
a050_1,ronin,unseen,51160,-4.262931823730469,40.893741607666016
a050_1,ronin,unseen,51180,-4.2655134201049805,40.989532470703125
a050_1,ronin,unseen,51200,-4.276423931121826,41.09577178955078
a050_1,ronin,unseen,51220,-4.302014350891113,41.21881103515625
a050_1,ronin,unseen,51240,-4.32225227355957,41.329158782958984
a050_1,ronin,unseen,51260,-4.3285064697265625,41.419960021972656
a050_1,ronin,unseen,51280,-4.339671611785889,41.51603317260742
a050_1,ronin,unseen,51300,-4.345841884613037,41.622100830078125
a050_1,ronin,unseen,51320,-4.352461814880371,41.74290466308594
a050_1,ronin,unseen,51340,-4.353201389312744,41.86845016479492
a050_1,ronin,unseen,51360,-4.363687515258789,41.97294616699219
a050_1,ronin,unseen,51380,-4.372871398925781,42.06951904296875
a050_1,ronin,unseen,51400,-4.379050254821777,42.164405822753906
a050_1,ronin,unseen,51420,-4.3900580406188965,42.26814651489258
a050_1,ronin,unseen,51440,-4.407677173614502,42.38500213623047
a050_1,ronin,unseen,51460,-4.426121711730957,42.50031661987305
a050_1,ronin,unseen,51480,-4.424566268920898,42.58760070800781
a050_1,ronin,unseen,51500,-4.431242942810059,42.6806526184082
a050_1,ronin,unseen,51520,-4.436564922332764,42.77961730957031
a050_1,ronin,unseen,51540,-4.445620536804199,42.89457321166992
a050_1,ronin,unseen,51560,-4.441100597381592,43.015724182128906
a050_1,ronin,unseen,51580,-4.43849515914917,43.121978759765625
a050_1,ronin,unseen,51600,-4.445825099945068,43.21431350708008
a050_1,ronin,unseen,51620,-4.449434757232666,43.30342483520508
a050_1,ronin,unseen,51640,-4.456502914428711,43.39753341674805
a050_1,ronin,unseen,51660,-4.467137336730957,43.502418518066406
a050_1,ronin,unseen,51680,-4.48661470413208,43.61084747314453
a050_1,ronin,unseen,51700,-4.490890979766846,43.705726623535156
a050_1,ronin,unseen,51720,-4.497737884521484,43.794715881347656
a050_1,ronin,unseen,51740,-4.506554126739502,43.88847351074219
a050_1,ronin,unseen,51760,-4.512889862060547,43.99647521972656
a050_1,ronin,unseen,51780,-4.511621475219727,44.115230560302734
a050_1,ronin,unseen,51800,-4.502689361572266,44.22627258300781
a050_1,ronin,unseen,51820,-4.503489971160889,44.326351165771484
a050_1,ronin,unseen,51840,-4.501218795776367,44.41888427734375
a050_1,ronin,unseen,51860,-4.50189733505249,44.51136779785156
a050_1,ronin,unseen,51880,-4.506701469421387,44.6087760925293
a050_1,ronin,unseen,51900,-4.520134449005127,44.71179962158203
a050_1,ronin,unseen,51920,-4.5259881019592285,44.81497573852539
a050_1,ronin,unseen,51940,-4.5098795890808105,44.89091873168945
a050_1,ronin,unseen,51960,-4.505057334899902,44.9751091003418
a050_1,ronin,unseen,51980,-4.49334716796875,45.061336517333984
a050_1,ronin,unseen,52000,-4.477893829345703,45.154972076416016
a050_1,ronin,unseen,52020,-4.45330286026001,45.248085021972656
a050_1,ronin,unseen,52040,-4.4361653327941895,45.3387565612793
a050_1,ronin,unseen,52060,-4.422448635101318,45.42153549194336
a050_1,ronin,unseen,52080,-4.403480529785156,45.496620178222656
a050_1,ronin,unseen,52100,-4.383047580718994,45.58136749267578
a050_1,ronin,unseen,52120,-4.363976955413818,45.67500305175781
a050_1,ronin,unseen,52140,-4.345465183258057,45.77429962158203
a050_1,ronin,unseen,52160,-4.31510066986084,45.83883285522461
a050_1,ronin,unseen,52180,-4.285667896270752,45.89680480957031
a050_1,ronin,unseen,52200,-4.251160621643066,45.95786666870117
a050_1,ronin,unseen,52220,-4.208478927612305,46.02783203125
a050_1,ronin,unseen,52240,-4.15328311920166,46.105010986328125
a050_1,ronin,unseen,52260,-4.084446907043457,46.18684768676758
a050_1,ronin,unseen,52280,-4.029834747314453,46.25724411010742
a050_1,ronin,unseen,52300,-3.980835437774658,46.32421112060547
a050_1,ronin,unseen,52320,-3.9284472465515137,46.383487701416016
a050_1,ronin,unseen,52340,-3.8722727298736572,46.454498291015625
a050_1,ronin,unseen,52360,-3.81288480758667,46.539913177490234
a050_1,ronin,unseen,52380,-3.750995635986328,46.636932373046875
a050_1,ronin,unseen,52400,-3.699446439743042,46.715938568115234
a050_1,ronin,unseen,52420,-3.651054859161377,46.782508850097656
a050_1,ronin,unseen,52440,-3.5847675800323486,46.83312225341797
a050_1,ronin,unseen,52460,-3.5076098442077637,46.88397216796875
a050_1,ronin,unseen,52480,-3.4217276573181152,46.92941665649414
a050_1,ronin,unseen,52500,-3.321850299835205,46.973331451416016
a050_1,ronin,unseen,52520,-3.247112512588501,47.01008224487305
a050_1,ronin,unseen,52540,-3.175569534301758,47.039432525634766
a050_1,ronin,unseen,52560,-3.088041067123413,47.075191497802734
a050_1,ronin,unseen,52580,-2.9902873039245605,47.12001037597656
a050_1,ronin,unseen,52600,-2.883856773376465,47.178619384765625
a050_1,ronin,unseen,52620,-2.7919907569885254,47.2265510559082
a050_1,ronin,unseen,52640,-2.7372171878814697,47.28718948364258
a050_1,ronin,unseen,52660,-2.6695544719696045,47.30933380126953
a050_1,ronin,unseen,52680,-2.583225965499878,47.326995849609375
a050_1,ronin,unseen,52700,-2.4805500507354736,47.34695053100586
a050_1,ronin,unseen,52720,-2.3706891536712646,47.36122131347656
a050_1,ronin,unseen,52740,-2.28471040725708,47.37099075317383
a050_1,ronin,unseen,52760,-2.2038936614990234,47.3798942565918
a050_1,ronin,unseen,52780,-2.1199123859405518,47.38724136352539
a050_1,ronin,unseen,52800,-2.0313756465911865,47.39957046508789
a050_1,ronin,unseen,52820,-1.932605504989624,47.419612884521484
a050_1,ronin,unseen,52840,-1.8311569690704346,47.44873809814453
a050_1,ronin,unseen,52860,-1.751455545425415,47.46490478515625
a050_1,ronin,unseen,52880,-1.6754028797149658,47.477169036865234
a050_1,ronin,unseen,52900,-1.5949561595916748,47.49071502685547
a050_1,ronin,unseen,52920,-1.5063849687576294,47.50137710571289
a050_1,ronin,unseen,52940,-1.4068717956542969,47.509429931640625
a050_1,ronin,unseen,52960,-1.2980787754058838,47.50899887084961
a050_1,ronin,unseen,52980,-1.2114890813827515,47.515438079833984
a050_1,ronin,unseen,53000,-1.1343711614608765,47.51382827758789
a050_1,ronin,unseen,53020,-1.0531820058822632,47.51520538330078
a050_1,ronin,unseen,53040,-0.962129533290863,47.52090072631836
a050_1,ronin,unseen,53060,-0.8606230616569519,47.53304672241211
a050_1,ronin,unseen,53080,-0.7539127469062805,47.54877471923828
a050_1,ronin,unseen,53100,-0.6704039573669434,47.55729293823242
a050_1,ronin,unseen,53120,-0.5917810201644897,47.558143615722656
a050_1,ronin,unseen,53140,-0.5056211948394775,47.556243896484375
a050_1,ronin,unseen,53160,-0.41058698296546936,47.54928207397461
a050_1,ronin,unseen,53180,-0.31326374411582947,47.536521911621094
a050_1,ronin,unseen,53200,-0.21773919463157654,47.51406478881836
a050_1,ronin,unseen,53220,-0.12662199139595032,47.494510650634766
a050_1,ronin,unseen,53240,-0.050634533166885376,47.4705696105957
a050_1,ronin,unseen,53260,0.03454093635082245,47.44538116455078
a050_1,ronin,unseen,53280,0.12978346645832062,47.419925689697266
a050_1,ronin,unseen,53300,0.23603618144989014,47.39651107788086
a050_1,ronin,unseen,53320,0.3400876820087433,47.373477935791016
a050_1,ronin,unseen,53340,0.41689643263816833,47.35578536987305
a050_1,ronin,unseen,53360,0.4911768436431885,47.32223892211914
a050_1,ronin,unseen,53380,0.5649670958518982,47.282623291015625
a050_1,ronin,unseen,53400,0.6492369174957275,47.233463287353516
a050_1,ronin,unseen,53420,0.7335418462753296,47.17693328857422
a050_1,ronin,unseen,53440,0.8181307315826416,47.117034912109375
a050_1,ronin,unseen,53460,0.8904947638511658,47.06597137451172
a050_1,ronin,unseen,53480,0.954190731048584,47.01066970825195
a050_1,ronin,unseen,53500,1.0268514156341553,46.950862884521484
a050_1,ronin,unseen,53520,1.1029061079025269,46.886837005615234
a050_1,ronin,unseen,53540,1.1851896047592163,46.82304763793945
a050_1,ronin,unseen,53560,1.2493163347244263,46.76633834838867
a050_1,ronin,unseen,53580,1.2987582683563232,46.70895767211914
a050_1,ronin,unseen,53600,1.344221591949463,46.64613723754883
a050_1,ronin,unseen,53620,1.3880503177642822,46.57307815551758
a050_1,ronin,unseen,53640,1.436659574508667,46.48408126831055
a050_1,ronin,unseen,53660,1.4791765213012695,46.38573455810547
a050_1,ronin,unseen,53680,1.520115852355957,46.30366134643555
a050_1,ronin,unseen,53700,1.5576597452163696,46.22526931762695
a050_1,ronin,unseen,53720,1.5942137241363525,46.14016342163086
a050_1,ronin,unseen,53740,1.6322492361068726,46.050540924072266
a050_1,ronin,unseen,53760,1.6780701875686646,45.954246520996094
a050_1,ronin,unseen,53780,1.728941559791565,45.85648727416992
a050_1,ronin,unseen,53800,1.7553791999816895,45.77490997314453
a050_1,ronin,unseen,53820,1.7850197553634644,45.69337463378906
a050_1,ronin,unseen,53840,1.8111509084701538,45.606441497802734
a050_1,ronin,unseen,53860,1.8388572931289673,45.504154205322266
a050_1,ronin,unseen,53880,1.8641395568847656,45.394615173339844
a050_1,ronin,unseen,53900,1.888177514076233,45.29043197631836
a050_1,ronin,unseen,53920,1.9176154136657715,45.19906234741211
a050_1,ronin,unseen,53940,1.9392681121826172,45.11114501953125
a050_1,ronin,unseen,53960,1.9701247215270996,45.01577377319336
a050_1,ronin,unseen,53980,2.003230571746826,44.91841125488281
a050_1,ronin,unseen,54000,2.048646926879883,44.81157684326172
a050_1,ronin,unseen,54020,2.0764644145965576,44.72795867919922
a050_1,ronin,unseen,54040,2.0981459617614746,44.64820098876953
a050_1,ronin,unseen,54060,2.122089385986328,44.561641693115234
a050_1,ronin,unseen,54080,2.1456403732299805,44.4612922668457
a050_1,ronin,unseen,54100,2.1660025119781494,44.35428237915039
a050_1,ronin,unseen,54120,2.181089162826538,44.24768829345703
a050_1,ronin,unseen,54140,2.1964664459228516,44.158897399902344
a050_1,ronin,unseen,54160,2.2038583755493164,44.07283020019531
a050_1,ronin,unseen,54180,2.2192604541778564,43.97722625732422
a050_1,ronin,unseen,54200,2.237308979034424,43.872703552246094
a050_1,ronin,unseen,54220,2.2670681476593018,43.760372161865234
a050_1,ronin,unseen,54240,2.2873971462249756,43.66273880004883
a050_1,ronin,unseen,54260,2.2998414039611816,43.57915115356445
a050_1,ronin,unseen,54280,2.3146541118621826,43.48630905151367
a050_1,ronin,unseen,54300,2.32513427734375,43.38323211669922
a050_1,ronin,unseen,54320,2.3351383209228516,43.27025604248047
a050_1,ronin,unseen,54340,2.3391647338867188,43.15751647949219
a050_1,ronin,unseen,54360,2.3554766178131104,43.0572624206543
a050_1,ronin,unseen,54380,2.3639843463897705,42.97060775756836
a050_1,ronin,unseen,54400,2.375413656234741,42.876163482666016
a050_1,ronin,unseen,54420,2.3916611671447754,42.77705764770508
a050_1,ronin,unseen,54440,2.4163482189178467,42.674007415771484
a050_1,ronin,unseen,54460,2.4390347003936768,42.568599700927734
a050_1,ronin,unseen,54480,2.448822021484375,42.48078918457031
a050_1,ronin,unseen,54500,2.459225654602051,42.390113830566406
a050_1,ronin,unseen,54520,2.464158058166504,42.2952766418457
a050_1,ronin,unseen,54540,2.4701178073883057,42.185394287109375
a050_1,ronin,unseen,54560,2.4676015377044678,42.07087326049805
a050_1,ronin,unseen,54580,2.473769426345825,41.967796325683594
a050_1,ronin,unseen,54600,2.480205535888672,41.87998962402344
a050_1,ronin,unseen,54620,2.4838359355926514,41.79110336303711
a050_1,ronin,unseen,54640,2.4970970153808594,41.68912124633789
a050_1,ronin,unseen,54660,2.5140411853790283,41.57767868041992
a050_1,ronin,unseen,54680,2.538120746612549,41.469459533691406
a050_1,ronin,unseen,54700,2.5439212322235107,41.388023376464844
a050_1,ronin,unseen,54720,2.548819065093994,41.300540924072266
a050_1,ronin,unseen,54740,2.552311420440674,41.213165283203125
a050_1,ronin,unseen,54760,2.554542064666748,41.10456466674805
a050_1,ronin,unseen,54780,2.5532402992248535,40.988407135009766
a050_1,ronin,unseen,54800,2.554316997528076,40.87849426269531
a050_1,ronin,unseen,54820,2.5623507499694824,40.78289031982422
a050_1,ronin,unseen,54840,2.5635480880737305,40.69490432739258
a050_1,ronin,unseen,54860,2.575209856033325,40.59318542480469
a050_1,ronin,unseen,54880,2.591986656188965,40.48745346069336
a050_1,ronin,unseen,54900,2.6217098236083984,40.370975494384766
a050_1,ronin,unseen,54920,2.636120319366455,40.27253341674805
a050_1,ronin,unseen,54940,2.6410398483276367,40.18737030029297
a050_1,ronin,unseen,54960,2.6513729095458984,40.09567642211914
a050_1,ronin,unseen,54980,2.6582396030426025,39.997310638427734
a050_1,ronin,unseen,55000,2.6664412021636963,39.88582992553711
a050_1,ronin,unseen,55020,2.6690256595611572,39.772987365722656
a050_1,ronin,unseen,55040,2.6821727752685547,39.672672271728516
a050_1,ronin,unseen,55060,2.6849844455718994,39.586212158203125
a050_1,ronin,unseen,55080,2.694399356842041,39.493621826171875
a050_1,ronin,unseen,55100,2.7097930908203125,39.38602066040039
a050_1,ronin,unseen,55120,2.734964609146118,39.27388381958008
a050_1,ronin,unseen,55140,2.7588672637939453,39.16825866699219
a050_1,ronin,unseen,55160,2.768413543701172,39.0831184387207
a050_1,ronin,unseen,55180,2.785459280014038,38.996307373046875
a050_1,ronin,unseen,55200,2.799849271774292,38.903236389160156
a050_1,ronin,unseen,55220,2.8168795108795166,38.796905517578125
a050_1,ronin,unseen,55240,2.8234214782714844,38.684326171875
a050_1,ronin,unseen,55260,2.835108757019043,38.585296630859375
a050_1,ronin,unseen,55280,2.846517562866211,38.49711990356445
a050_1,ronin,unseen,55300,2.8565382957458496,38.406925201416016
a050_1,ronin,unseen,55320,2.8780534267425537,38.30720520019531
a050_1,ronin,unseen,55340,2.9036715030670166,38.20208740234375
a050_1,ronin,unseen,55360,2.9405386447906494,38.0867919921875
a050_1,ronin,unseen,55380,2.953378677368164,37.99175262451172
a050_1,ronin,unseen,55400,2.9634101390838623,37.89896011352539
a050_1,ronin,unseen,55420,2.9723503589630127,37.79767990112305
a050_1,ronin,unseen,55440,2.9806861877441406,37.682518005371094
a050_1,ronin,unseen,55460,2.9842429161071777,37.55137634277344
a050_1,ronin,unseen,55480,2.9902474880218506,37.42905044555664
a050_1,ronin,unseen,55500,3.0038020610809326,37.317420959472656
a050_1,ronin,unseen,55520,3.011584758758545,37.210166931152344
a050_1,ronin,unseen,55540,3.025054931640625,37.09309387207031
a050_1,ronin,unseen,55560,3.0418193340301514,36.969730377197266
a050_1,ronin,unseen,55580,3.07064151763916,36.83096694946289
a050_1,ronin,unseen,55600,3.086782217025757,36.72190856933594
a050_1,ronin,unseen,55620,3.096158266067505,36.622642517089844
a050_1,ronin,unseen,55640,3.111668109893799,36.514122009277344
a050_1,ronin,unseen,55660,3.123706817626953,36.399349212646484
a050_1,ronin,unseen,55680,3.1348769664764404,36.27816390991211
a050_1,ronin,unseen,55700,3.1415908336639404,36.14982223510742
a050_1,ronin,unseen,55720,3.154603958129883,36.042659759521484
a050_1,ronin,unseen,55740,3.164065361022949,35.940067291259766
a050_1,ronin,unseen,55760,3.17118763923645,35.83987808227539
a050_1,ronin,unseen,55780,3.18343186378479,35.73191833496094
a050_1,ronin,unseen,55800,3.203810214996338,35.61550521850586
a050_1,ronin,unseen,55820,3.2238590717315674,35.50109100341797
a050_1,ronin,unseen,55840,3.2249670028686523,35.41084671020508
a050_1,ronin,unseen,55860,3.2347869873046875,35.30666732788086
a050_1,ronin,unseen,55880,3.2450950145721436,35.19691848754883
a050_1,ronin,unseen,55900,3.254094123840332,35.077388763427734
a050_1,ronin,unseen,55920,3.2522478103637695,34.962310791015625
a050_1,ronin,unseen,55940,3.259622097015381,34.85293960571289
a050_1,ronin,unseen,55960,3.2672829627990723,34.75645446777344
a050_1,ronin,unseen,55980,3.2749855518341064,34.660011291503906
a050_1,ronin,unseen,56000,3.2868998050689697,34.553226470947266
a050_1,ronin,unseen,56020,3.3064768314361572,34.444000244140625
a050_1,ronin,unseen,56040,3.330559730529785,34.33114242553711
a050_1,ronin,unseen,56060,3.336261749267578,34.23697280883789
a050_1,ronin,unseen,56080,3.3482439517974854,34.13924789428711
a050_1,ronin,unseen,56100,3.3582823276519775,34.03765869140625
a050_1,ronin,unseen,56120,3.368600606918335,33.92800521850586
a050_1,ronin,unseen,56140,3.3724772930145264,33.813289642333984
a050_1,ronin,unseen,56160,3.3838002681732178,33.712303161621094
a050_1,ronin,unseen,56180,3.395772695541382,33.61396026611328
a050_1,ronin,unseen,56200,3.407588481903076,33.51951217651367
a050_1,ronin,unseen,56220,3.4265382289886475,33.41981506347656
a050_1,ronin,unseen,56240,3.4509096145629883,33.31602096557617
a050_1,ronin,unseen,56260,3.482537031173706,33.202850341796875
a050_1,ronin,unseen,56280,3.490412950515747,33.11289978027344
a050_1,ronin,unseen,56300,3.506143808364868,33.020538330078125
a050_1,ronin,unseen,56320,3.520028591156006,32.92648696899414
a050_1,ronin,unseen,56340,3.5357868671417236,32.81960678100586
a050_1,ronin,unseen,56360,3.544858455657959,32.71448516845703
a050_1,ronin,unseen,56380,3.557494640350342,32.61030197143555
a050_1,ronin,unseen,56400,3.5782454013824463,32.5157585144043
a050_1,ronin,unseen,56420,3.5952582359313965,32.42320251464844
a050_1,ronin,unseen,56440,3.6201064586639404,32.323570251464844
a050_1,ronin,unseen,56460,3.6451539993286133,32.2236442565918
a050_1,ronin,unseen,56480,3.6776652336120605,32.11978530883789
a050_1,ronin,unseen,56500,3.6962461471557617,32.01702117919922
a050_1,ronin,unseen,56520,3.7127525806427,31.932266235351562
a050_1,ronin,unseen,56540,3.7347519397735596,31.836462020874023
a050_1,ronin,unseen,56560,3.75538969039917,31.735660552978516
a050_1,ronin,unseen,56580,3.773790121078491,31.627193450927734
a050_1,ronin,unseen,56600,3.7868399620056152,31.51860809326172
a050_1,ronin,unseen,56620,3.810027599334717,31.422283172607422
a050_1,ronin,unseen,56640,3.823946475982666,31.32411766052246
a050_1,ronin,unseen,56660,3.8440489768981934,31.222225189208984
a050_1,ronin,unseen,56680,3.8712716102600098,31.114917755126953
a050_1,ronin,unseen,56700,3.9083971977233887,31.00405502319336
a050_1,ronin,unseen,56720,3.9279885292053223,30.89719009399414
a050_1,ronin,unseen,56740,3.937248468399048,30.800140380859375
a050_1,ronin,unseen,56760,3.958954095840454,30.695913314819336
a050_1,ronin,unseen,56780,3.9770805835723877,30.585512161254883
a050_1,ronin,unseen,56800,3.992164373397827,30.466480255126953
a050_1,ronin,unseen,56820,4.005002021789551,30.347253799438477
a050_1,ronin,unseen,56840,4.025637149810791,30.24444580078125
a050_1,ronin,unseen,56860,4.042455673217773,30.140209197998047
a050_1,ronin,unseen,56880,4.063130855560303,30.03312110900879
a050_1,ronin,unseen,56900,4.082795143127441,29.926023483276367
a050_1,ronin,unseen,56920,4.116445541381836,29.808504104614258
a050_1,ronin,unseen,56940,4.125914096832275,29.70020866394043
a050_1,ronin,unseen,56960,4.132084369659424,29.600826263427734
a050_1,ronin,unseen,56980,4.1483154296875,29.491453170776367
a050_1,ronin,unseen,57000,4.1639933586120605,29.37099838256836
a050_1,ronin,unseen,57020,4.170679092407227,29.25156593322754
a050_1,ronin,unseen,57040,4.176120281219482,29.13678550720215
a050_1,ronin,unseen,57060,4.19179105758667,29.02871322631836
a050_1,ronin,unseen,57080,4.19983434677124,28.926782608032227
a050_1,ronin,unseen,57100,4.213781833648682,28.824007034301758
a050_1,ronin,unseen,57120,4.229941368103027,28.720474243164062
a050_1,ronin,unseen,57140,4.257201671600342,28.601520538330078
a050_1,ronin,unseen,57160,4.258729934692383,28.499679565429688
a050_1,ronin,unseen,57180,4.258747577667236,28.407241821289062
a050_1,ronin,unseen,57200,4.2646098136901855,28.30950164794922
a050_1,ronin,unseen,57220,4.267833232879639,28.208534240722656
a050_1,ronin,unseen,57240,4.268777847290039,28.104036331176758
a050_1,ronin,unseen,57260,4.265549659729004,28.001300811767578
a050_1,ronin,unseen,57280,4.273299217224121,27.906112670898438
a050_1,ronin,unseen,57300,4.275365352630615,27.810466766357422
a050_1,ronin,unseen,57320,4.284505844116211,27.710092544555664
a050_1,ronin,unseen,57340,4.296126842498779,27.605253219604492
a050_1,ronin,unseen,57360,4.314404487609863,27.50022315979004
a050_1,ronin,unseen,57380,4.316780090332031,27.399967193603516
a050_1,ronin,unseen,57400,4.306175708770752,27.319961547851562
a050_1,ronin,unseen,57420,4.314589500427246,27.223514556884766
a050_1,ronin,unseen,57440,4.319827556610107,27.121170043945312
a050_1,ronin,unseen,57460,4.326042175292969,27.015974044799805
a050_1,ronin,unseen,57480,4.3259477615356445,26.912460327148438
a050_1,ronin,unseen,57500,4.339379787445068,26.81633949279785
a050_1,ronin,unseen,57520,4.349060535430908,26.717317581176758
a050_1,ronin,unseen,57540,4.362524509429932,26.617137908935547
a050_1,ronin,unseen,57560,4.382998466491699,26.513151168823242
a050_1,ronin,unseen,57580,4.408209800720215,26.410343170166016
a050_1,ronin,unseen,57600,4.434033393859863,26.299970626831055
a050_1,ronin,unseen,57620,4.420279026031494,26.20785140991211
a050_1,ronin,unseen,57640,4.428984642028809,26.11602020263672
a050_1,ronin,unseen,57660,4.435465335845947,26.019378662109375
a050_1,ronin,unseen,57680,4.442552089691162,25.91158676147461
a050_1,ronin,unseen,57700,4.443309783935547,25.803251266479492
a050_1,ronin,unseen,57720,4.453073978424072,25.701305389404297
a050_1,ronin,unseen,57740,4.4657206535339355,25.604652404785156
a050_1,ronin,unseen,57760,4.476241111755371,25.510988235473633
a050_1,ronin,unseen,57780,4.492882251739502,25.41318702697754
a050_1,ronin,unseen,57800,4.516190528869629,25.309799194335938
a050_1,ronin,unseen,57820,4.54645299911499,25.203845977783203
a050_1,ronin,unseen,57840,4.546301364898682,25.110414505004883
a050_1,ronin,unseen,57860,4.556371688842773,25.021099090576172
a050_1,ronin,unseen,57880,4.57541561126709,24.92449188232422
a050_1,ronin,unseen,57900,4.594568252563477,24.81818389892578
a050_1,ronin,unseen,57920,4.610398292541504,24.706241607666016
a050_1,ronin,unseen,57940,4.625730514526367,24.59608268737793
a050_1,ronin,unseen,57960,4.649517059326172,24.498624801635742
a050_1,ronin,unseen,57980,4.665944576263428,24.400300979614258
a050_1,ronin,unseen,58000,4.687509536743164,24.29490852355957
a050_1,ronin,unseen,58020,4.710696220397949,24.19049644470215
a050_1,ronin,unseen,58040,4.740278720855713,24.088184356689453
a050_1,ronin,unseen,58060,4.762114524841309,23.979890823364258
a050_1,ronin,unseen,58080,4.750017166137695,23.889707565307617
a050_1,ronin,unseen,58100,4.764617919921875,23.795024871826172
a050_1,ronin,unseen,58120,4.7753496170043945,23.692480087280273
a050_1,ronin,unseen,58140,4.7846150398254395,23.584457397460938
a050_1,ronin,unseen,58160,4.785946369171143,23.47442054748535
a050_1,ronin,unseen,58180,4.792386531829834,23.370407104492188
a050_1,ronin,unseen,58200,4.80094051361084,23.27677345275879
a050_1,ronin,unseen,58220,4.807567596435547,23.181602478027344
a050_1,ronin,unseen,58240,4.8187994956970215,23.078691482543945
a050_1,ronin,unseen,58260,4.832119941711426,22.977983474731445
a050_1,ronin,unseen,58280,4.848721504211426,22.873958587646484
a050_1,ronin,unseen,58300,4.836389541625977,22.78211212158203
a050_1,ronin,unseen,58320,4.8289794921875,22.70177459716797
a050_1,ronin,unseen,58340,4.825143814086914,22.614925384521484
a050_1,ronin,unseen,58360,4.818181991577148,22.516990661621094
a050_1,ronin,unseen,58380,4.8015923500061035,22.41654396057129
a050_1,ronin,unseen,58400,4.78522253036499,22.317991256713867
a050_1,ronin,unseen,58420,4.774982929229736,22.227066040039062
a050_1,ronin,unseen,58440,4.759106636047363,22.13873863220215
a050_1,ronin,unseen,58460,4.7458696365356445,22.045135498046875
a050_1,ronin,unseen,58480,4.734663009643555,21.948101043701172
a050_1,ronin,unseen,58500,4.731625080108643,21.838655471801758
a050_1,ronin,unseen,58520,4.709851264953613,21.738664627075195
a050_1,ronin,unseen,58540,4.679863929748535,21.657323837280273
a050_1,ronin,unseen,58560,4.655446529388428,21.564685821533203
a050_1,ronin,unseen,58580,4.629018783569336,21.47169303894043
a050_1,ronin,unseen,58600,4.598489284515381,21.37106704711914
a050_1,ronin,unseen,58620,4.559856414794922,21.27931785583496
a050_1,ronin,unseen,58640,4.534178733825684,21.1871337890625
a050_1,ronin,unseen,58660,4.508334159851074,21.095191955566406
a050_1,ronin,unseen,58680,4.48252010345459,20.999290466308594
a050_1,ronin,unseen,58700,4.463542938232422,20.89815330505371
a050_1,ronin,unseen,58720,4.451837062835693,20.788219451904297
a050_1,ronin,unseen,58740,4.434849739074707,20.678016662597656
a050_1,ronin,unseen,58760,4.413464069366455,20.59874153137207
a050_1,ronin,unseen,58780,4.3929762840271,20.501493453979492
a050_1,ronin,unseen,58800,4.361841678619385,20.402729034423828
a050_1,ronin,unseen,58820,4.32504940032959,20.29644012451172
a050_1,ronin,unseen,58840,4.277535438537598,20.19031524658203
a050_1,ronin,unseen,58860,4.240131378173828,20.08809471130371
a050_1,ronin,unseen,58880,4.205317974090576,19.996423721313477
a050_1,ronin,unseen,58900,4.168493270874023,19.901065826416016
a050_1,ronin,unseen,58920,4.136529922485352,19.792999267578125
a050_1,ronin,unseen,58940,4.113089084625244,19.68126678466797
a050_1,ronin,unseen,58960,4.090178489685059,19.568649291992188
a050_1,ronin,unseen,58980,4.061965465545654,19.480871200561523
a050_1,ronin,unseen,59000,4.033936977386475,19.38258171081543
a050_1,ronin,unseen,59020,4.000527381896973,19.280445098876953
a050_1,ronin,unseen,59040,3.961609363555908,19.173004150390625
a050_1,ronin,unseen,59060,3.9151947498321533,19.072956085205078
a050_1,ronin,unseen,59080,3.880686044692993,18.971054077148438
a050_1,ronin,unseen,59100,3.844566822052002,18.873632431030273
a050_1,ronin,unseen,59120,3.8108017444610596,18.77309226989746
a050_1,ronin,unseen,59140,3.7866177558898926,18.671777725219727
a050_1,ronin,unseen,59160,3.773627758026123,18.559587478637695
a050_1,ronin,unseen,59180,3.7656123638153076,18.43633270263672
a050_1,ronin,unseen,59200,3.7448604106903076,18.33026695251465
a050_1,ronin,unseen,59220,3.7288970947265625,18.222328186035156
a050_1,ronin,unseen,59240,3.7092928886413574,18.10188865661621
a050_1,ronin,unseen,59260,3.685831069946289,17.977405548095703
a050_1,ronin,unseen,59280,3.652888536453247,17.855920791625977
a050_1,ronin,unseen,59300,3.6380627155303955,17.749116897583008
a050_1,ronin,unseen,59320,3.624906063079834,17.642608642578125
a050_1,ronin,unseen,59340,3.613022565841675,17.537128448486328
a050_1,ronin,unseen,59360,3.608492136001587,17.427928924560547
a050_1,ronin,unseen,59380,3.6148152351379395,17.31037139892578
a050_1,ronin,unseen,59400,3.6258513927459717,17.186582565307617
a050_1,ronin,unseen,59420,3.621980905532837,17.087697982788086
a050_1,ronin,unseen,59440,3.6275429725646973,16.979473114013672
a050_1,ronin,unseen,59460,3.631226062774658,16.864803314208984
a050_1,ronin,unseen,59480,3.6315038204193115,16.74427032470703
a050_1,ronin,unseen,59500,3.6203365325927734,16.626352310180664
a050_1,ronin,unseen,59520,3.622938871383667,16.521724700927734
a050_1,ronin,unseen,59540,3.6192398071289062,16.42469024658203
a050_1,ronin,unseen,59560,3.609311819076538,16.328935623168945
a050_1,ronin,unseen,59580,3.613679885864258,16.226045608520508
a050_1,ronin,unseen,59600,3.625866413116455,16.118885040283203
a050_1,ronin,unseen,59620,3.642106771469116,16.003202438354492
a050_1,ronin,unseen,59640,3.6372570991516113,15.912550926208496
a050_1,ronin,unseen,59660,3.6422572135925293,15.818520545959473
a050_1,ronin,unseen,59680,3.6465463638305664,15.71674919128418
a050_1,ronin,unseen,59700,3.649293899536133,15.613930702209473
a050_1,ronin,unseen,59720,3.6475322246551514,15.504693031311035
a050_1,ronin,unseen,59740,3.647240161895752,15.400485038757324
a050_1,ronin,unseen,59760,3.6558427810668945,15.304579734802246
a050_1,ronin,unseen,59780,3.659374952316284,15.213295936584473
a050_1,ronin,unseen,59800,3.6685709953308105,15.117026329040527
a050_1,ronin,unseen,59820,3.6820952892303467,15.016371726989746
a050_1,ronin,unseen,59840,3.7057018280029297,14.908470153808594
a050_1,ronin,unseen,59860,3.7194125652313232,14.806453704833984
a050_1,ronin,unseen,59880,3.721182346343994,14.725724220275879
a050_1,ronin,unseen,59900,3.7333319187164307,14.630106925964355
a050_1,ronin,unseen,59920,3.741274356842041,14.530877113342285
a050_1,ronin,unseen,59940,3.751875638961792,14.420584678649902
a050_1,ronin,unseen,59960,3.7575316429138184,14.309717178344727
a050_1,ronin,unseen,59980,3.7745440006256104,14.208830833435059
a050_1,ronin,unseen,60000,3.7884678840637207,14.118294715881348
a050_1,ronin,unseen,60020,3.8089797496795654,14.023037910461426
a050_1,ronin,unseen,60040,3.8358805179595947,13.921835899353027
a050_1,ronin,unseen,60060,3.86995005607605,13.82166862487793
a050_1,ronin,unseen,60080,3.905470132827759,13.720083236694336
a050_1,ronin,unseen,60100,3.9253151416778564,13.63636302947998
a050_1,ronin,unseen,60120,3.948326349258423,13.547268867492676
a050_1,ronin,unseen,60140,3.9697883129119873,13.45875358581543
a050_1,ronin,unseen,60160,3.9915294647216797,13.361017227172852
a050_1,ronin,unseen,60180,4.008906364440918,13.260128021240234
a050_1,ronin,unseen,60200,4.029307842254639,13.15572738647461
a050_1,ronin,unseen,60220,4.051201820373535,13.071011543273926
a050_1,ronin,unseen,60240,4.06904411315918,12.980127334594727
a050_1,ronin,unseen,60260,4.09405517578125,12.885927200317383
a050_1,ronin,unseen,60280,4.125616550445557,12.789722442626953
a050_1,ronin,unseen,60300,4.16839599609375,12.692605972290039
a050_1,ronin,unseen,60320,4.205600261688232,12.594359397888184
a050_1,ronin,unseen,60340,4.227519512176514,12.52245044708252
a050_1,ronin,unseen,60360,4.257655143737793,12.432530403137207
a050_1,ronin,unseen,60380,4.285121440887451,12.333488464355469
a050_1,ronin,unseen,60400,4.317533493041992,12.229360580444336
a050_1,ronin,unseen,60420,4.341930389404297,12.127405166625977
a050_1,ronin,unseen,60440,4.376365661621094,12.030171394348145
a050_1,ronin,unseen,60460,4.402073383331299,11.950523376464844
a050_1,ronin,unseen,60480,4.430635929107666,11.867091178894043
a050_1,ronin,unseen,60500,4.468448638916016,11.775825500488281
a050_1,ronin,unseen,60520,4.510036945343018,11.6862211227417
a050_1,ronin,unseen,60540,4.559467315673828,11.594911575317383
a050_1,ronin,unseen,60560,4.589956760406494,11.51854133605957
a050_1,ronin,unseen,60580,4.619589805603027,11.436779975891113
a050_1,ronin,unseen,60600,4.64931058883667,11.352783203125
a050_1,ronin,unseen,60620,4.684111595153809,11.254435539245605
a050_1,ronin,unseen,60640,4.716200351715088,11.153055191040039
a050_1,ronin,unseen,60660,4.748745441436768,11.053964614868164
a050_1,ronin,unseen,60680,4.78375768661499,10.972973823547363
a050_1,ronin,unseen,60700,4.81522274017334,10.8920259475708
a050_1,ronin,unseen,60720,4.858546257019043,10.805834770202637
a050_1,ronin,unseen,60740,4.90690279006958,10.718277931213379
a050_1,ronin,unseen,60760,4.968801498413086,10.626113891601562
a050_1,ronin,unseen,60780,5.0124077796936035,10.545276641845703
a050_1,ronin,unseen,60800,5.0421977043151855,10.473331451416016
a050_1,ronin,unseen,60820,5.079342365264893,10.39293098449707
a050_1,ronin,unseen,60840,5.120959758758545,10.298877716064453
a050_1,ronin,unseen,60860,5.16467809677124,10.192355155944824
a050_1,ronin,unseen,60880,5.200538635253906,10.089253425598145
a050_1,ronin,unseen,60900,5.245170593261719,10.005441665649414
a050_1,ronin,unseen,60920,5.2850823402404785,9.923541069030762
a050_1,ronin,unseen,60940,5.333839416503906,9.838263511657715
a050_1,ronin,unseen,60960,5.3932390213012695,9.747685432434082
a050_1,ronin,unseen,60980,5.467748165130615,9.653877258300781
a050_1,ronin,unseen,61000,5.531535625457764,9.571163177490234
a050_1,ronin,unseen,61020,5.577129364013672,9.503033638000488
a050_1,ronin,unseen,61040,5.634682655334473,9.431699752807617
a050_1,ronin,unseen,61060,5.690765380859375,9.352801322937012
a050_1,ronin,unseen,61080,5.748876571655273,9.264378547668457
a050_1,ronin,unseen,61100,5.793512344360352,9.170101165771484
a050_1,ronin,unseen,61120,5.843273162841797,9.084097862243652
a050_1,ronin,unseen,61140,5.8919243812561035,9.003498077392578
a050_1,ronin,unseen,61160,5.9402875900268555,8.922222137451172
a050_1,ronin,unseen,61180,5.994724750518799,8.840031623840332
a050_1,ronin,unseen,61200,6.057415008544922,8.758856773376465
a050_1,ronin,unseen,61220,6.133022308349609,8.673892974853516
a050_1,ronin,unseen,61240,6.193994998931885,8.599037170410156
a050_1,ronin,unseen,61260,6.256691932678223,8.524897575378418
a050_1,ronin,unseen,61280,6.3219828605651855,8.445569038391113
a050_1,ronin,unseen,61300,6.388709545135498,8.352471351623535
a050_1,ronin,unseen,61320,6.450101375579834,8.250382423400879
a050_1,ronin,unseen,61340,6.5034308433532715,8.156745910644531
a050_1,ronin,unseen,61360,6.5584797859191895,8.081972122192383
a050_1,ronin,unseen,61380,6.612280368804932,8.005406379699707
a050_1,ronin,unseen,61400,6.661325931549072,7.930582046508789
a050_1,ronin,unseen,61420,6.71765661239624,7.84948205947876
a050_1,ronin,unseen,61440,6.779129981994629,7.76679801940918
a050_1,ronin,unseen,61460,6.827457904815674,7.686402797698975
a050_1,ronin,unseen,61480,6.855971336364746,7.6167521476745605
a050_1,ronin,unseen,61500,6.881500720977783,7.546328067779541
a050_1,ronin,unseen,61520,6.90920877456665,7.468175411224365
a050_1,ronin,unseen,61540,6.934803485870361,7.379672050476074
a050_1,ronin,unseen,61560,6.955868721008301,7.28312349319458
a050_1,ronin,unseen,61580,6.979342937469482,7.193029403686523
a050_1,ronin,unseen,61600,7.010540008544922,7.102980136871338
a050_1,ronin,unseen,61620,7.042905330657959,7.014071464538574
a050_1,ronin,unseen,61640,7.078252792358398,6.916836261749268
a050_1,ronin,unseen,61660,7.116836071014404,6.813385486602783
a050_1,ronin,unseen,61680,7.15216064453125,6.704501628875732
a050_1,ronin,unseen,61700,7.159887313842773,6.608834266662598
a050_1,ronin,unseen,61720,7.167724132537842,6.5198655128479
a050_1,ronin,unseen,61740,7.170602798461914,6.429062843322754
a050_1,ronin,unseen,61760,7.172450542449951,6.319117546081543
a050_1,ronin,unseen,61780,7.165528297424316,6.1965556144714355
a050_1,ronin,unseen,61800,7.156909942626953,6.079547882080078
a050_1,ronin,unseen,61820,7.156947612762451,5.975025653839111
a050_1,ronin,unseen,61840,7.150465488433838,5.878953456878662
a050_1,ronin,unseen,61860,7.148128509521484,5.775572776794434
a050_1,ronin,unseen,61880,7.15114164352417,5.661892414093018
a050_1,ronin,unseen,61900,7.164230823516846,5.540163516998291
a050_1,ronin,unseen,61920,7.171967029571533,5.438412666320801
a050_1,ronin,unseen,61940,7.171919822692871,5.34673547744751
a050_1,ronin,unseen,61960,7.175175189971924,5.251649379730225
a050_1,ronin,unseen,61980,7.17732572555542,5.147329330444336
a050_1,ronin,unseen,62000,7.178992748260498,5.032777309417725
a050_1,ronin,unseen,62020,7.174349308013916,4.9126877784729
a050_1,ronin,unseen,62040,7.179779052734375,4.8053789138793945
a050_1,ronin,unseen,62060,7.17958927154541,4.70934534072876
a050_1,ronin,unseen,62080,7.184391498565674,4.6106672286987305
a050_1,ronin,unseen,62100,7.1926069259643555,4.506511688232422
a050_1,ronin,unseen,62120,7.209077835083008,4.391329288482666
a050_1,ronin,unseen,62140,7.225618839263916,4.274634838104248
a050_1,ronin,unseen,62160,7.2249860763549805,4.1870012283325195
a050_1,ronin,unseen,62180,7.226966857910156,4.094375133514404
a050_1,ronin,unseen,62200,7.229115009307861,3.9990808963775635
a050_1,ronin,unseen,62220,7.230246543884277,3.894263505935669
a050_1,ronin,unseen,62240,7.226809978485107,3.7840688228607178
a050_1,ronin,unseen,62260,7.226038455963135,3.67775297164917
a050_1,ronin,unseen,62280,7.236023426055908,3.5824081897735596
a050_1,ronin,unseen,62300,7.245328426361084,3.4924585819244385
a050_1,ronin,unseen,62320,7.26098108291626,3.396834373474121
a050_1,ronin,unseen,62340,7.282371520996094,3.2959980964660645
a050_1,ronin,unseen,62360,7.316219329833984,3.1821351051330566
a050_1,ronin,unseen,62380,7.33759069442749,3.087898015975952
a050_1,ronin,unseen,62400,7.3494415283203125,3.005155563354492
a050_1,ronin,unseen,62420,7.368098258972168,2.9173669815063477
a050_1,ronin,unseen,62440,7.383495807647705,2.8205456733703613
a050_1,ronin,unseen,62460,7.399212837219238,2.712592124938965
a050_1,ronin,unseen,62480,7.406792163848877,2.6047608852386475
a050_1,ronin,unseen,62500,7.419982433319092,2.5151703357696533
a050_1,ronin,unseen,62520,7.426829814910889,2.4322993755340576
a050_1,ronin,unseen,62540,7.437037944793701,2.3480281829833984
a050_1,ronin,unseen,62560,7.448423385620117,2.2567124366760254
a050_1,ronin,unseen,62580,7.469712734222412,2.1539647579193115
a050_1,ronin,unseen,62600,7.496459484100342,2.044409990310669
a050_1,ronin,unseen,62620,7.502679347991943,1.9586093425750732
a050_1,ronin,unseen,62640,7.509622097015381,1.8706196546554565
a050_1,ronin,unseen,62660,7.511713027954102,1.780203104019165
a050_1,ronin,unseen,62680,7.510347843170166,1.6778119802474976
a050_1,ronin,unseen,62700,7.502403736114502,1.5669138431549072
a050_1,ronin,unseen,62720,7.501402854919434,1.46478271484375
a050_1,ronin,unseen,62740,7.508166790008545,1.3761582374572754
a050_1,ronin,unseen,62760,7.510074138641357,1.2938154935836792
a050_1,ronin,unseen,62780,7.521128177642822,1.2014039754867554
a050_1,ronin,unseen,62800,7.534811019897461,1.1029030084609985
a050_1,ronin,unseen,62820,7.5594892501831055,0.9926097393035889
a050_1,ronin,unseen,62840,7.5717244148254395,0.901015043258667
a050_1,ronin,unseen,62860,7.576761722564697,0.8254181146621704
a050_1,ronin,unseen,62880,7.589267730712891,0.741049587726593
a050_1,ronin,unseen,62900,7.595674991607666,0.6503544449806213
a050_1,ronin,unseen,62920,7.598483562469482,0.5472965240478516
a050_1,ronin,unseen,62940,7.593157768249512,0.4380657970905304
a050_1,ronin,unseen,62960,7.597755432128906,0.3411042392253876
a050_1,ronin,unseen,62980,7.605151176452637,0.25099068880081177
a050_1,ronin,unseen,63000,7.610296249389648,0.16608750820159912
a050_1,ronin,unseen,63020,7.619940757751465,0.07059727609157562
a050_1,ronin,unseen,63040,7.636499404907227,-0.03322162106633186
a050_1,ronin,unseen,63060,7.659506320953369,-0.1420900821685791
a050_1,ronin,unseen,63080,7.663820743560791,-0.22178915143013
a050_1,ronin,unseen,63100,7.675498962402344,-0.3040204644203186
a050_1,ronin,unseen,63120,7.683629989624023,-0.3899878263473511
a050_1,ronin,unseen,63140,7.688618183135986,-0.4875093698501587
a050_1,ronin,unseen,63160,7.687390327453613,-0.5964352488517761
a050_1,ronin,unseen,63180,7.684871673583984,-0.6994718313217163
a050_1,ronin,unseen,63200,7.6957855224609375,-0.7909471988677979
a050_1,ronin,unseen,63220,7.70010232925415,-0.8739601969718933
a050_1,ronin,unseen,63240,7.707125186920166,-0.9639825224876404
a050_1,ronin,unseen,63260,7.719223499298096,-1.063661813735962
a050_1,ronin,unseen,63280,7.742554187774658,-1.1763588190078735
a050_1,ronin,unseen,63300,7.760220050811768,-1.2742093801498413
a050_1,ronin,unseen,63320,7.762421607971191,-1.3566291332244873
a050_1,ronin,unseen,63340,7.774177551269531,-1.4408684968948364
a050_1,ronin,unseen,63360,7.7829132080078125,-1.5370196104049683
a050_1,ronin,unseen,63380,7.79102087020874,-1.646545648574829
a050_1,ronin,unseen,63400,7.789789199829102,-1.763717532157898
a050_1,ronin,unseen,63420,7.796383380889893,-1.8613275289535522
a050_1,ronin,unseen,63440,7.809176921844482,-1.9503273963928223
a050_1,ronin,unseen,63460,7.822797775268555,-2.0393056869506836
a050_1,ronin,unseen,63480,7.8410468101501465,-2.1359798908233643
a050_1,ronin,unseen,63500,7.86187744140625,-2.23728609085083
a050_1,ronin,unseen,63520,7.894218921661377,-2.3524632453918457
a050_1,ronin,unseen,63540,7.912441730499268,-2.445206880569458
a050_1,ronin,unseen,63560,7.920344352722168,-2.521745204925537
a050_1,ronin,unseen,63580,7.9362993240356445,-2.6033058166503906
a050_1,ronin,unseen,63600,7.948265075683594,-2.6935462951660156
a050_1,ronin,unseen,63620,7.95877742767334,-2.8011293411254883
a050_1,ronin,unseen,63640,7.95594596862793,-2.9037771224975586
a050_1,ronin,unseen,63660,7.961906909942627,-3.00272798538208
a050_1,ronin,unseen,63680,7.971264362335205,-3.0914433002471924
a050_1,ronin,unseen,63700,7.977149963378906,-3.1769468784332275
a050_1,ronin,unseen,63720,7.989359378814697,-3.269042491912842
a050_1,ronin,unseen,63740,8.003361701965332,-3.3675217628479004
a050_1,ronin,unseen,63760,8.021075248718262,-3.4697742462158203
a050_1,ronin,unseen,63780,8.031584739685059,-3.565948486328125
a050_1,ronin,unseen,63800,8.025384902954102,-3.639960289001465
a050_1,ronin,unseen,63820,8.027347564697266,-3.7233645915985107
a050_1,ronin,unseen,63840,8.021154403686523,-3.807041645050049
a050_1,ronin,unseen,63860,8.007190704345703,-3.9008419513702393
a050_1,ronin,unseen,63880,7.983912467956543,-3.9973537921905518
a050_1,ronin,unseen,63900,7.957669258117676,-4.092623710632324
a050_1,ronin,unseen,63920,7.938615798950195,-4.170373916625977
a050_1,ronin,unseen,63940,7.916989803314209,-4.237537860870361
a050_1,ronin,unseen,63960,7.893366813659668,-4.309271335601807
a050_1,ronin,unseen,63980,7.867043972015381,-4.384270668029785
a050_1,ronin,unseen,64000,7.842106342315674,-4.467199802398682
a050_1,ronin,unseen,64020,7.805384159088135,-4.552109241485596
a050_1,ronin,unseen,64040,7.752073287963867,-4.60529899597168
a050_1,ronin,unseen,64060,7.704469203948975,-4.6629133224487305
a050_1,ronin,unseen,64080,7.652792930603027,-4.712363243103027
a050_1,ronin,unseen,64100,7.589003562927246,-4.768340110778809
a050_1,ronin,unseen,64120,7.516254425048828,-4.822029113769531
a050_1,ronin,unseen,64140,7.434749126434326,-4.873048782348633
a050_1,ronin,unseen,64160,7.362783908843994,-4.9153361320495605
a050_1,ronin,unseen,64180,7.2927703857421875,-4.947619915008545
a050_1,ronin,unseen,64200,7.219262599945068,-4.984022617340088
a050_1,ronin,unseen,64220,7.139625549316406,-5.023397922515869
a050_1,ronin,unseen,64240,7.054652214050293,-5.075888633728027
a050_1,ronin,unseen,64260,6.967700004577637,-5.1190056800842285
a050_1,ronin,unseen,64280,6.903810501098633,-5.141014099121094
a050_1,ronin,unseen,64300,6.828816890716553,-5.165275573730469
a050_1,ronin,unseen,64320,6.753859043121338,-5.180197715759277
a050_1,ronin,unseen,64340,6.664854049682617,-5.190807342529297
a050_1,ronin,unseen,64360,6.574697494506836,-5.191751003265381
a050_1,ronin,unseen,64380,6.483410835266113,-5.196030139923096
a050_1,ronin,unseen,64400,6.402215480804443,-5.205658435821533
a050_1,ronin,unseen,64420,6.323899745941162,-5.210447311401367
a050_1,ronin,unseen,64440,6.2390642166137695,-5.225179195404053
a050_1,ronin,unseen,64460,6.1483845710754395,-5.241781711578369
a050_1,ronin,unseen,64480,6.05279016494751,-5.265981674194336
a050_1,ronin,unseen,64500,5.956513404846191,-5.289493083953857
a050_1,ronin,unseen,64520,5.880711078643799,-5.295345783233643
a050_1,ronin,unseen,64540,5.796443939208984,-5.308094501495361
a050_1,ronin,unseen,64560,5.710699081420898,-5.317217826843262
a050_1,ronin,unseen,64580,5.617488384246826,-5.324493885040283
a050_1,ronin,unseen,64600,5.5225749015808105,-5.316513538360596
a050_1,ronin,unseen,64620,5.426188945770264,-5.317555904388428
a050_1,ronin,unseen,64640,5.339425086975098,-5.32684850692749
a050_1,ronin,unseen,64660,5.253354072570801,-5.333011627197266
a050_1,ronin,unseen,64680,5.163112163543701,-5.341407775878906
a050_1,ronin,unseen,64700,5.070009231567383,-5.356616973876953
a050_1,ronin,unseen,64720,4.975482940673828,-5.379091262817383
a050_1,ronin,unseen,64740,4.9011406898498535,-5.390084266662598
a050_1,ronin,unseen,64760,4.826706409454346,-5.398829460144043
a050_1,ronin,unseen,64780,4.749886989593506,-5.405411720275879
a050_1,ronin,unseen,64800,4.660871505737305,-5.4076008796691895
a050_1,ronin,unseen,64820,4.570826530456543,-5.40144681930542
a050_1,ronin,unseen,64840,4.478487014770508,-5.3919453620910645
a050_1,ronin,unseen,64860,4.377351760864258,-5.391646385192871
a050_1,ronin,unseen,64880,4.289861679077148,-5.390471935272217
a050_1,ronin,unseen,64900,4.19033145904541,-5.391617298126221
a050_1,ronin,unseen,64920,4.086173057556152,-5.397578716278076
a050_1,ronin,unseen,64940,3.970372200012207,-5.415695667266846
a050_1,ronin,unseen,64960,3.863463878631592,-5.438004970550537
a050_1,ronin,unseen,64980,3.7744040489196777,-5.446757793426514
a050_1,ronin,unseen,65000,3.676588296890259,-5.462974548339844
a050_1,ronin,unseen,65020,3.5758097171783447,-5.471989154815674
a050_1,ronin,unseen,65040,3.4669103622436523,-5.478203773498535
a050_1,ronin,unseen,65060,3.3540327548980713,-5.469019889831543
a050_1,ronin,unseen,65080,3.250911235809326,-5.470965385437012
a050_1,ronin,unseen,65100,3.154397487640381,-5.479145050048828
a050_1,ronin,unseen,65120,3.058457374572754,-5.483561038970947
a050_1,ronin,unseen,65140,2.9538462162017822,-5.491641998291016
a050_1,ronin,unseen,65160,2.843461275100708,-5.502497673034668
a050_1,ronin,unseen,65180,2.7459006309509277,-5.514486312866211
a050_1,ronin,unseen,65200,2.666532039642334,-5.510273456573486
a050_1,ronin,unseen,65220,2.583785057067871,-5.49899959564209
a050_1,ronin,unseen,65240,2.4977359771728516,-5.47791862487793
a050_1,ronin,unseen,65260,2.4055628776550293,-5.442615509033203
a050_1,ronin,unseen,65280,2.3109350204467773,-5.390068531036377
a050_1,ronin,unseen,65300,2.23311710357666,-5.347305774688721
a050_1,ronin,unseen,65320,2.164703845977783,-5.302316188812256
a050_1,ronin,unseen,65340,2.0946218967437744,-5.252359867095947
a050_1,ronin,unseen,65360,2.019994020462036,-5.1922688484191895
a050_1,ronin,unseen,65380,1.9268009662628174,-5.13238000869751
a050_1,ronin,unseen,65400,1.8536921739578247,-5.076753616333008
a050_1,ronin,unseen,65420,1.8082207441329956,-5.024215221405029
a050_1,ronin,unseen,65440,1.7602992057800293,-4.964054107666016
a050_1,ronin,unseen,65460,1.7164579629898071,-4.888493537902832
a050_1,ronin,unseen,65480,1.6681029796600342,-4.791244983673096
a050_1,ronin,unseen,65500,1.62736976146698,-4.674378395080566
a050_1,ronin,unseen,65520,1.5912829637527466,-4.580474853515625
a050_1,ronin,unseen,65540,1.5541142225265503,-4.491755485534668
a050_1,ronin,unseen,65560,1.5231940746307373,-4.401543617248535
a050_1,ronin,unseen,65580,1.4874598979949951,-4.30075216293335
a050_1,ronin,unseen,65600,1.4349828958511353,-4.188596725463867
a050_1,ronin,unseen,65620,1.3860464096069336,-4.085057258605957
a050_1,ronin,unseen,65640,1.3652452230453491,-4.001420021057129
a050_1,ronin,unseen,65660,1.338179349899292,-3.913989305496216
a050_1,ronin,unseen,65680,1.311186671257019,-3.8160476684570312
a050_1,ronin,unseen,65700,1.2861334085464478,-3.702536106109619
a050_1,ronin,unseen,65720,1.270336627960205,-3.5852816104888916
a050_1,ronin,unseen,65740,1.243434190750122,-3.4870636463165283
a050_1,ronin,unseen,65760,1.2174171209335327,-3.393115997314453
a050_1,ronin,unseen,65780,1.1915332078933716,-3.298950672149658
a050_1,ronin,unseen,65800,1.1604748964309692,-3.196394681930542
a050_1,ronin,unseen,65820,1.1151856184005737,-3.0850422382354736
a050_1,ronin,unseen,65840,1.0815280675888062,-2.9885036945343018
a050_1,ronin,unseen,65860,1.0613292455673218,-2.907259225845337
a050_1,ronin,unseen,65880,1.0313619375228882,-2.8212904930114746
a050_1,ronin,unseen,65900,1.005820870399475,-2.7267308235168457
a050_1,ronin,unseen,65920,0.9846321940422058,-2.6186609268188477
a050_1,ronin,unseen,65940,0.9724915027618408,-2.511620044708252
a050_1,ronin,unseen,65960,0.9446046948432922,-2.4221415519714355
a050_1,ronin,unseen,65980,0.920754075050354,-2.3361940383911133
a050_1,ronin,unseen,66000,0.9008684158325195,-2.2539169788360596
a050_1,ronin,unseen,66020,0.8733769059181213,-2.167252540588379
a050_1,ronin,unseen,66040,0.8317351937294006,-2.075983762741089
a050_1,ronin,unseen,66060,0.7957455515861511,-1.987805724143982
a050_1,ronin,unseen,66080,0.7836254239082336,-1.9150367975234985
a050_1,ronin,unseen,66100,0.7652933597564697,-1.8487083911895752
a050_1,ronin,unseen,66120,0.7504765391349792,-1.7729899883270264
a050_1,ronin,unseen,66140,0.7396351099014282,-1.6868327856063843
a050_1,ronin,unseen,66160,0.738265872001648,-1.5912278890609741
a050_1,ronin,unseen,66180,0.7329902648925781,-1.513845682144165
a050_1,ronin,unseen,66200,0.7156698107719421,-1.4385185241699219
a050_1,ronin,unseen,66220,0.7048483490943909,-1.373328447341919
a050_1,ronin,unseen,66240,0.6910195350646973,-1.3037911653518677
a050_1,ronin,unseen,66260,0.6750993728637695,-1.2396824359893799
a050_1,ronin,unseen,66280,0.6494193077087402,-1.1729637384414673
a050_1,ronin,unseen,66300,0.6263933777809143,-1.112390398979187
a050_1,ronin,unseen,66320,0.6152015924453735,-1.0645716190338135
a050_1,ronin,unseen,66340,0.6046165227890015,-1.0237748622894287
a050_1,ronin,unseen,66360,0.6000998020172119,-0.9804942011833191
a050_1,ronin,unseen,66380,0.5985006093978882,-0.9324256777763367
a050_1,ronin,unseen,66400,0.6086299419403076,-0.8902177810668945
a050_1,ronin,unseen,66420,0.6250654458999634,-0.8561762571334839
a050_1,ronin,unseen,66440,0.6340177059173584,-0.8287659287452698
a050_1,ronin,unseen,66460,0.6416101455688477,-0.8060086369514465
a050_1,ronin,unseen,66480,0.6420047879219055,-0.7881127595901489
a050_1,ronin,unseen,66500,0.641327977180481,-0.7733961939811707
a050_1,ronin,unseen,66520,0.6390347480773926,-0.7653302550315857
a050_1,ronin,unseen,66540,0.6365633010864258,-0.7597766518592834
a050_1,ronin,unseen,66560,0.6325625777244568,-0.7556058168411255
a050_1,ronin,unseen,66580,0.628788948059082,-0.7541369795799255
a050_1,ronin,unseen,66600,0.6246082186698914,-0.7524422407150269
a050_1,ronin,unseen,66620,0.6224438548088074,-0.7517026662826538
a050_1,ronin,unseen,66640,0.6216835379600525,-0.7496429085731506
a050_1,ronin,unseen,66660,0.622413694858551,-0.7479496598243713
a050_1,ronin,unseen,66680,0.6239935159683228,-0.745661199092865
a050_1,ronin,unseen,66700,0.6251645088195801,-0.7440364956855774
a050_1,ronin,unseen,66720,0.6253992319107056,-0.7437664270401001
a050_1,ronin,unseen,66740,0.6264776587486267,-0.7433334589004517
a050_1,ronin,unseen,66760,0.6291522979736328,-0.7450037002563477
a050_1,ronin,unseen,66780,0.6326074004173279,-0.7459749579429626
a050_1,ronin,unseen,66800,0.632794201374054,-0.7452723979949951
a050_1,ronin,unseen,66820,0.6297182440757751,-0.7418214678764343
a050_1,ronin,unseen,66840,0.6298837065696716,-0.7411786913871765
a050_1,ronin,unseen,66860,0.6352596879005432,-0.7438764572143555
a050_1,ronin,unseen,66880,0.6407833695411682,-0.7485203742980957
a050_1,ronin,unseen,66900,0.643467903137207,-0.7517048716545105
a050_1,ronin,unseen,66920,0.6451332569122314,-0.7544975876808167
a050_1,ronin,unseen,66940,0.6433192491531372,-0.7520089149475098
a050_1,ronin,unseen,66960,0.638699471950531,-0.7493081092834473
a050_1,ronin,unseen,66980,0.6369374990463257,-0.7468710541725159
a050_1,ronin,unseen,67000,0.6369792222976685,-0.744227945804596
a050_1,ronin,unseen,67020,0.6355223059654236,-0.7417668104171753
a050_1,ronin,unseen,67040,0.6344716548919678,-0.7409344911575317
a050_1,ronin,unseen,67060,0.6326665878295898,-0.7380566596984863
a050_1,ronin,unseen,67080,0.6311604380607605,-0.734575092792511
a050_1,ronin,unseen,67100,0.6305899620056152,-0.7307986617088318
a050_1,ronin,unseen,67120,0.6307595372200012,-0.7277655601501465
a050_1,ronin,unseen,67140,0.6317747831344604,-0.7244644165039062
a050_1,ronin,unseen,67160,0.6323485970497131,-0.7197415828704834
a050_1,ronin,unseen,67180,0.6340230107307434,-0.7150601744651794
a050_1,ronin,unseen,67200,0.6352977752685547,-0.7107060551643372
a050_1,ronin,unseen,67220,0.6332576870918274,-0.7067843079566956
a050_1,ronin,unseen,67240,0.6290883421897888,-0.6990609765052795
a050_1,ronin,unseen,67260,0.6261675357818604,-0.6896703243255615
a050_1,ronin,unseen,67280,0.6294549703598022,-0.6843328475952148
a050_1,ronin,unseen,67300,0.631766140460968,-0.6775590181350708
a050_1,ronin,unseen,67320,0.6330158710479736,-0.6701757311820984
a050_1,ronin,unseen,67340,0.6353914141654968,-0.6650084257125854
a050_1,ronin,unseen,67360,0.6364337205886841,-0.6591447591781616
a050_1,ronin,unseen,67380,0.6377550959587097,-0.6531954407691956
a050_1,ronin,unseen,67400,0.6382781863212585,-0.6478664875030518
a050_1,ronin,unseen,67420,0.6384400129318237,-0.6421629190444946
a050_1,ronin,unseen,67440,0.6381394267082214,-0.6360052824020386
a050_1,ronin,unseen,67460,0.6385673880577087,-0.6314142346382141
a050_1,ronin,unseen,67480,0.640377402305603,-0.6266143321990967
a050_1,ronin,unseen,67500,0.6453831791877747,-0.6231184005737305
a050_1,ronin,unseen,67520,0.6453666687011719,-0.6148449778556824
a050_1,ronin,unseen,67540,0.6458835005760193,-0.6069198846817017
a050_1,ronin,unseen,67560,0.6501717567443848,-0.6036137342453003
a050_1,ronin,unseen,67580,0.6548073887825012,-0.6014915704727173
a050_1,ronin,unseen,67600,0.655667781829834,-0.5960802435874939
a050_1,ronin,unseen,67620,0.6563870310783386,-0.5912355780601501
a050_1,ronin,unseen,67640,0.6592512726783752,-0.5864683389663696
a050_1,ronin,unseen,67660,0.6616557836532593,-0.5818290710449219
a050_1,ronin,unseen,67680,0.6640236973762512,-0.5778130888938904
a050_1,ronin,unseen,67700,0.6671749353408813,-0.5740012526512146
a050_1,ronin,unseen,67720,0.6689192056655884,-0.5694113969802856
a050_1,ronin,unseen,67740,0.6696750521659851,-0.564237117767334
a050_1,ronin,unseen,67760,0.670020580291748,-0.5581461191177368
a050_1,ronin,unseen,67780,0.6710118055343628,-0.5528970956802368
a050_1,ronin,unseen,67800,0.6735852956771851,-0.5472527146339417
a050_1,ronin,unseen,67820,0.6760464310646057,-0.5423918962478638
a050_1,ronin,unseen,67840,0.6782090663909912,-0.5395187139511108
a050_1,ronin,unseen,67860,0.6798004508018494,-0.5365616679191589
a050_1,ronin,unseen,67880,0.6826944351196289,-0.5345901846885681
a050_1,ronin,unseen,67900,0.6845691204071045,-0.5315275192260742
a050_1,ronin,unseen,67920,0.6874855160713196,-0.5309756994247437
a050_1,ronin,unseen,67940,0.6898489594459534,-0.5311219692230225
a050_1,ronin,unseen,67960,0.6925088167190552,-0.5304297208786011
a050_1,ronin,unseen,67980,0.6955442428588867,-0.5318911671638489
a050_1,ronin,unseen,68000,0.6972706913948059,-0.5315457582473755
a050_1,ronin,unseen,68020,0.6989830136299133,-0.5297494530677795
a050_1,ronin,unseen,68040,0.6985459327697754,-0.5279235243797302
a050_1,ronin,unseen,68060,0.695140540599823,-0.524993896484375
a050_1,ronin,unseen,68080,0.6940237283706665,-0.5254563093185425
a050_1,ronin,unseen,68100,0.6992917656898499,-0.5279256701469421
a050_1,ronin,unseen,68120,0.7040027976036072,-0.5312192440032959
a050_1,ronin,unseen,68140,0.7068161964416504,-0.5323628783226013
a050_1,ronin,unseen,68160,0.707130491733551,-0.532256007194519
a050_1,ronin,unseen,68180,0.7065786719322205,-0.5340797305107117
a050_1,ronin,unseen,68200,0.7079282402992249,-0.5353332161903381
a050_1,ronin,unseen,68220,0.7097213864326477,-0.5384311079978943
a050_1,ronin,unseen,68240,0.7116877436637878,-0.5420868396759033
a050_1,ronin,unseen,68260,0.7145266532897949,-0.5470755100250244
a050_1,ronin,unseen,68280,0.7187924981117249,-0.5494126677513123
a050_1,ronin,unseen,68300,0.7183998823165894,-0.5493401885032654
a050_1,ronin,unseen,68320,0.7172585129737854,-0.552929162979126
a050_1,ronin,unseen,68340,0.7182963490486145,-0.5564401745796204
a050_1,ronin,unseen,68360,0.7191149592399597,-0.556878387928009
a050_1,ronin,unseen,68380,0.7189798951148987,-0.5577114224433899
a050_1,ronin,unseen,68400,0.7185743451118469,-0.5589271187782288
a050_1,ronin,unseen,68420,0.7183656692504883,-0.5622209906578064
a050_1,ronin,unseen,68440,0.7176125049591064,-0.5639259815216064
a050_1,ronin,unseen,68460,0.716563880443573,-0.5643762350082397
a050_1,ronin,unseen,68480,0.716951847076416,-0.5664875507354736
a050_1,ronin,unseen,68500,0.7205884456634521,-0.5703715085983276
a050_1,ronin,unseen,68520,0.7225307822227478,-0.5724198818206787
a050_1,ronin,unseen,68540,0.7221714854240417,-0.5758411884307861
a050_1,ronin,unseen,68560,0.7214415669441223,-0.5757871270179749
a050_1,ronin,unseen,68580,0.7147213220596313,-0.5708006620407104
a050_1,ronin,unseen,68600,0.7118075489997864,-0.5711512565612793
a050_1,ronin,unseen,68620,0.7066656351089478,-0.5679214000701904
a050_1,ronin,unseen,68640,0.7062070965766907,-0.5664519667625427
a050_1,ronin,unseen,68660,0.7061129212379456,-0.5675097107887268
a050_1,ronin,unseen,68680,0.7066007256507874,-0.5681794285774231
a050_1,ronin,unseen,68700,0.7092806696891785,-0.5705341100692749
a050_1,ronin,unseen,68720,0.7074710726737976,-0.5690904259681702
a050_1,ronin,unseen,68740,0.7077022790908813,-0.5736287832260132
a050_1,ronin,unseen,68760,0.7057344913482666,-0.5752637982368469
a050_1,ronin,unseen,68780,0.7026172876358032,-0.5775402188301086
a050_1,ronin,unseen,68800,0.7008832097053528,-0.5776335597038269
a050_1,ronin,unseen,68820,0.6986897587776184,-0.5807103514671326
a050_1,ronin,unseen,68840,0.6973994970321655,-0.5819265246391296
a050_1,ronin,unseen,68860,0.6974188089370728,-0.5856638550758362
a050_1,ronin,unseen,68880,0.6963878273963928,-0.5892707705497742
a050_1,ronin,unseen,68900,0.6953113675117493,-0.5914949774742126
a050_1,ronin,unseen,68920,0.6971473693847656,-0.5942214131355286
a050_1,ronin,unseen,68940,0.7008586525917053,-0.5980231165885925
a050_1,ronin,unseen,68960,0.7041050791740417,-0.5991640686988831
a050_1,ronin,unseen,68980,0.7074039578437805,-0.6021077632904053
a050_1,ronin,unseen,69000,0.7112104296684265,-0.6030269861221313
a050_1,ronin,unseen,69020,0.7145744562149048,-0.6028479337692261
a050_1,ronin,unseen,69040,0.7182562351226807,-0.6011362075805664
a050_1,ronin,unseen,69060,0.729084312915802,-0.6006941199302673
a050_1,ronin,unseen,69080,0.7346566319465637,-0.6016350388526917
a050_1,ronin,unseen,69100,0.7335693836212158,-0.6016095280647278
a050_1,ronin,unseen,69120,0.7393578886985779,-0.602079451084137
a050_1,ronin,unseen,69140,0.7558615207672119,-0.5962306261062622
a050_1,ronin,unseen,69160,0.7800995707511902,-0.5853152275085449
a050_1,ronin,unseen,69180,0.7998215556144714,-0.568493664264679
a050_1,ronin,unseen,69200,0.804984450340271,-0.5408758521080017
a050_1,ronin,unseen,69220,0.8166797161102295,-0.5048990249633789
a050_1,ronin,unseen,69240,0.8248540163040161,-0.4639078676700592
a050_1,ronin,unseen,69260,0.8367496132850647,-0.43034255504608154
a050_1,ronin,unseen,69280,0.8438023328781128,-0.4021263122558594
a050_1,ronin,unseen,69300,0.8372083902359009,-0.37974342703819275
a050_1,ronin,unseen,69320,0.8237904906272888,-0.3601478040218353
a050_1,ronin,unseen,69340,0.8117655515670776,-0.34584733843803406
a050_1,ronin,unseen,69360,0.8022830486297607,-0.3355555236339569
a050_1,ronin,unseen,69380,0.7949396371841431,-0.3339303731918335
a050_1,ronin,unseen,69400,0.784619152545929,-0.32876303791999817
a050_1,ronin,unseen,69420,0.7686609029769897,-0.31447842717170715
a050_1,ronin,unseen,69440,0.7609071731567383,-0.30306726694107056
a050_1,ronin,unseen,69460,0.7556614875793457,-0.29455727338790894
a050_1,ronin,unseen,69480,0.7614223957061768,-0.2926439344882965
a050_1,ronin,unseen,69500,0.7651001811027527,-0.2928045690059662
a050_1,ronin,unseen,69520,0.7696852684020996,-0.294586181640625
a050_1,ronin,unseen,69540,0.766376793384552,-0.3000040352344513
a050_1,ronin,unseen,69560,0.7645662426948547,-0.3026159107685089
a050_1,ronin,unseen,69580,0.7659757733345032,-0.3063289225101471
a050_1,ronin,unseen,69600,0.7658634185791016,-0.3103516399860382
a050_1,ronin,unseen,69620,0.7642617225646973,-0.3121875524520874
a050_1,ronin,unseen,69640,0.7600505352020264,-0.31255781650543213
a050_1,ronin,unseen,69660,0.7584272027015686,-0.3123961389064789
a050_1,ronin,unseen,69680,0.7601646184921265,-0.3130378723144531
a050_1,ronin,unseen,69700,0.7591570019721985,-0.3152446746826172
a050_1,ronin,unseen,69720,0.7557398080825806,-0.31700602173805237
a050_1,ronin,unseen,69740,0.7545232176780701,-0.317206472158432
a050_1,ronin,unseen,69760,0.752464771270752,-0.3168494701385498
a050_1,ronin,unseen,69780,0.7505921125411987,-0.3143748939037323
a050_1,ronin,unseen,69800,0.7509109973907471,-0.3116458058357239
a050_1,ronin,unseen,69820,0.7503383755683899,-0.30994293093681335
a050_1,ronin,unseen,69840,0.7500231266021729,-0.3096540570259094
a050_1,ronin,unseen,69860,0.7492130994796753,-0.30976906418800354
a050_1,ronin,unseen,69880,0.7441061735153198,-0.30928197503089905
a050_1,ronin,unseen,69900,0.7419149279594421,-0.30970630049705505
a050_1,ronin,unseen,69920,0.743426501750946,-0.31216782331466675
a050_1,ronin,unseen,69940,0.7428910732269287,-0.3139304518699646
a050_1,ronin,unseen,69960,0.7438820600509644,-0.3142867684364319
a050_1,ronin,unseen,69980,0.7485237121582031,-0.31467345356941223
a050_1,ronin,unseen,70000,0.7461907267570496,-0.31501877307891846
a050_1,ronin,unseen,70020,0.7391902208328247,-0.31250837445259094
a050_1,ronin,unseen,70040,0.7310939431190491,-0.30023491382598877
a050_1,ronin,unseen,70060,0.7204205393791199,-0.28234776854515076
a050_1,ronin,unseen,70080,0.7015298008918762,-0.25902825593948364
a050_1,ronin,unseen,70100,0.6764798760414124,-0.22881819307804108
a050_1,ronin,unseen,70120,0.6544875502586365,-0.1864275336265564
a050_1,ronin,unseen,70140,0.6317842602729797,-0.13245584070682526
a050_1,ronin,unseen,70160,0.6112123727798462,-0.07540425658226013
a050_1,ronin,unseen,70180,0.5950511693954468,-0.01915545016527176
a050_1,ronin,unseen,70200,0.5838475823402405,0.032985709607601166
a050_1,ronin,unseen,70220,0.5769869685173035,0.08085417002439499
a050_1,ronin,unseen,70240,0.5714075565338135,0.12628178298473358
a050_1,ronin,unseen,70260,0.5651071667671204,0.175103560090065
a050_1,ronin,unseen,70280,0.5582243800163269,0.21367424726486206
a050_1,ronin,unseen,70300,0.5551486611366272,0.24807818233966827
a050_1,ronin,unseen,70320,0.5425999164581299,0.2853223383426666
a050_1,ronin,unseen,70340,0.525153636932373,0.3172798752784729
a050_1,ronin,unseen,70360,0.5108756422996521,0.34230029582977295
a050_1,ronin,unseen,70380,0.497299462556839,0.3757725954055786
a050_1,ronin,unseen,70400,0.4838283061981201,0.4019867479801178
a050_1,ronin,unseen,70420,0.4754663407802582,0.42092543840408325
a050_1,ronin,unseen,70440,0.4691424071788788,0.43777528405189514
a050_1,ronin,unseen,70460,0.4613749384880066,0.4494599401950836
a050_1,ronin,unseen,70480,0.4543704390525818,0.45870086550712585
a050_1,ronin,unseen,70500,0.4510173797607422,0.4638507664203644
a050_1,ronin,unseen,70520,0.4489094018936157,0.4678131341934204
a050_1,ronin,unseen,70540,0.4486517906188965,0.4709494113922119
a050_1,ronin,unseen,70560,0.4491163492202759,0.47207486629486084
a050_1,ronin,unseen,70580,0.44882407784461975,0.4725112020969391
a050_1,ronin,unseen,70600,0.4490770697593689,0.4733743369579315
a050_1,ronin,unseen,70620,0.4500218629837036,0.4744119942188263
a050_1,ronin,unseen,70640,0.45159482955932617,0.4753304123878479
a050_1,ronin,unseen,70660,0.453631728887558,0.47574886679649353
a050_1,ronin,unseen,70680,0.4547799527645111,0.47586095333099365
a050_1,ronin,unseen,70700,0.4556145668029785,0.47629567980766296
a050_1,ronin,unseen,70720,0.45646482706069946,0.47689542174339294
a050_1,ronin,unseen,70740,0.45744073390960693,0.4766763746738434
a050_1,ronin,unseen,70760,0.45762956142425537,0.47644180059432983
a050_1,ronin,unseen,70780,0.4579107165336609,0.47635751962661743
a050_1,ronin,unseen,70800,0.4597321152687073,0.4760481119155884
a050_1,ronin,unseen,70820,0.4617553651332855,0.4759623408317566
a050_1,ronin,unseen,70840,0.46377885341644287,0.47565758228302
a050_1,ronin,unseen,70860,0.4658961594104767,0.47500523924827576
a050_1,ronin,unseen,70880,0.4679981470108032,0.4749473035335541
a050_1,ronin,unseen,70900,0.4697642922401428,0.4748736619949341
a050_1,ronin,unseen,70920,0.47091978788375854,0.4747101068496704
a050_1,ronin,unseen,70940,0.471280038356781,0.47470352053642273
a050_1,ronin,unseen,70960,0.4730137288570404,0.4742279350757599
a050_1,ronin,unseen,70980,0.4751428961753845,0.4743724465370178
a050_1,ronin,unseen,71000,0.4770507514476776,0.47453299164772034
a050_1,ronin,unseen,71020,0.47803404927253723,0.4745444357395172
a050_1,ronin,unseen,71040,0.4785275161266327,0.47446712851524353
a050_1,ronin,unseen,71060,0.4786250591278076,0.47436901926994324
a050_1,ronin,unseen,71080,0.4786660671234131,0.47426965832710266
a050_1,ronin,unseen,71100,0.47876518964767456,0.4741142988204956
a050_1,ronin,unseen,71120,0.478847861289978,0.47398924827575684
a050_1,ronin,unseen,71140,0.4789198637008667,0.4737977981567383
a050_1,ronin,unseen,71160,0.478954553604126,0.47339579463005066
a050_1,ronin,unseen,71180,0.4788883924484253,0.4729861319065094
a050_1,ronin,unseen,71200,0.47874441742897034,0.4726095497608185
a050_1,ronin,unseen,71220,0.47862470149993896,0.47242987155914307
a050_1,ronin,unseen,71240,0.47824543714523315,0.47193026542663574
a050_1,ronin,unseen,71260,0.47797951102256775,0.4716660976409912
a050_1,ronin,unseen,71280,0.4778473377227783,0.4716060757637024
a050_1,ronin,unseen,71300,0.4777049422264099,0.4715425968170166
a050_1,ronin,unseen,71320,0.47759661078453064,0.4715277850627899
a050_1,ronin,unseen,71340,0.4775219261646271,0.4715122580528259
a050_1,ronin,unseen,71360,0.47749072313308716,0.4715060889720917
a058_2,ronin,unseen,0,-0.6828587055206299,-0.42177054286003113
a058_2,ronin,unseen,20,-0.6810035109519958,-0.421296089887619
a058_2,ronin,unseen,40,-0.6801729798316956,-0.42117810249328613
a058_2,ronin,unseen,60,-0.6793630719184875,-0.4210604727268219
a058_2,ronin,unseen,80,-0.6788577437400818,-0.4209900200366974
a058_2,ronin,unseen,100,-0.6786027550697327,-0.4211472272872925
a058_2,ronin,unseen,120,-0.6785145998001099,-0.4211346507072449
a058_2,ronin,unseen,140,-0.6785062551498413,-0.42086562514305115
a058_2,ronin,unseen,160,-0.6784490346908569,-0.420645147562027
a058_2,ronin,unseen,180,-0.6784381866455078,-0.42021051049232483
a058_2,ronin,unseen,200,-0.6784722805023193,-0.4196722209453583
a058_2,ronin,unseen,220,-0.6785697340965271,-0.4191754460334778
a058_2,ronin,unseen,240,-0.6786670088768005,-0.4190327525138855
a058_2,ronin,unseen,260,-0.6786826252937317,-0.4190196096897125
a058_2,ronin,unseen,280,-0.6787003874778748,-0.4190112352371216
a058_2,ronin,unseen,300,-0.6787033677101135,-0.4190090000629425
a058_2,ronin,unseen,320,-0.6787081360816956,-0.4190016984939575
a058_2,ronin,unseen,340,-0.6787112951278687,-0.4190289080142975
a058_2,ronin,unseen,360,-0.6787492036819458,-0.4191794991493225
a058_2,ronin,unseen,380,-0.6786580085754395,-0.4193372130393982
a058_2,ronin,unseen,400,-0.6785338521003723,-0.41960299015045166
a058_2,ronin,unseen,420,-0.67840975522995,-0.41979336738586426
a058_2,ronin,unseen,440,-0.6782787442207336,-0.41993850469589233
a058_2,ronin,unseen,460,-0.6782594919204712,-0.4200068712234497
a058_2,ronin,unseen,480,-0.6782719492912292,-0.42003703117370605
a058_2,ronin,unseen,500,-0.6782535910606384,-0.4201359748840332
a058_2,ronin,unseen,520,-0.6782603859901428,-0.4202832579612732
a058_2,ronin,unseen,540,-0.6783040761947632,-0.4204188883304596
a058_2,ronin,unseen,560,-0.6783435344696045,-0.42047372460365295
a058_2,ronin,unseen,580,-0.6785001158714294,-0.42061281204223633
a058_2,ronin,unseen,600,-0.6785804033279419,-0.420770525932312
a058_2,ronin,unseen,620,-0.6787281036376953,-0.4211944341659546
a058_2,ronin,unseen,640,-0.6787630915641785,-0.4214836359024048
a058_2,ronin,unseen,660,-0.6787521839141846,-0.4215528666973114
a058_2,ronin,unseen,680,-0.6787460446357727,-0.4215852916240692
a058_2,ronin,unseen,700,-0.6787458062171936,-0.4215737283229828
a058_2,ronin,unseen,720,-0.6787344813346863,-0.42155182361602783
a058_2,ronin,unseen,740,-0.6787295937538147,-0.42155563831329346
a058_2,ronin,unseen,760,-0.6787305474281311,-0.4216490387916565
a058_2,ronin,unseen,780,-0.6787445545196533,-0.4222252368927002
a058_2,ronin,unseen,800,-0.6789023876190186,-0.42291733622550964
a058_2,ronin,unseen,820,-0.6789218783378601,-0.42303887009620667
a058_2,ronin,unseen,840,-0.6789233684539795,-0.4230405390262604
a058_2,ronin,unseen,860,-0.6790065765380859,-0.423014372587204
a058_2,ronin,unseen,880,-0.6790767908096313,-0.4230079650878906
a058_2,ronin,unseen,900,-0.679099977016449,-0.4230023920536041
a058_2,ronin,unseen,920,-0.6791183948516846,-0.4230077862739563
a058_2,ronin,unseen,940,-0.6792305111885071,-0.423115611076355
a058_2,ronin,unseen,960,-0.6793095469474792,-0.42318353056907654
a058_2,ronin,unseen,980,-0.6793138980865479,-0.4231855869293213
a058_2,ronin,unseen,1000,-0.6793126463890076,-0.4231819212436676
a058_2,ronin,unseen,1020,-0.6793117523193359,-0.4231832027435303
a058_2,ronin,unseen,1040,-0.679310142993927,-0.42318639159202576
a058_2,ronin,unseen,1060,-0.6792951226234436,-0.4231787323951721
a058_2,ronin,unseen,1080,-0.6792629957199097,-0.4231696128845215
a058_2,ronin,unseen,1100,-0.679236650466919,-0.4232094883918762
a058_2,ronin,unseen,1120,-0.679289698600769,-0.4233990013599396
a058_2,ronin,unseen,1140,-0.6807599663734436,-0.4242316484451294
a058_2,ronin,unseen,1160,-0.6828994154930115,-0.4241641163825989
a058_2,ronin,unseen,1180,-0.6831838488578796,-0.4239341914653778
a058_2,ronin,unseen,1200,-0.6835290789604187,-0.4232836067676544
a058_2,ronin,unseen,1220,-0.6849411129951477,-0.42351576685905457
a058_2,ronin,unseen,1240,-0.6857432723045349,-0.4232009947299957
a058_2,ronin,unseen,1260,-0.6854090690612793,-0.42350053787231445
a058_2,ronin,unseen,1280,-0.6850765347480774,-0.42352819442749023
a058_2,ronin,unseen,1300,-0.6838782429695129,-0.42227262258529663
a058_2,ronin,unseen,1320,-0.681675136089325,-0.4212724566459656
a058_2,ronin,unseen,1340,-0.6800884008407593,-0.42087870836257935
a058_2,ronin,unseen,1360,-0.6782414317131042,-0.4208225905895233
a058_2,ronin,unseen,1380,-0.67692631483078,-0.42078253626823425
a058_2,ronin,unseen,1400,-0.6765249371528625,-0.4205467402935028
a058_2,ronin,unseen,1420,-0.676459014415741,-0.4205072522163391
a058_2,ronin,unseen,1440,-0.6761760115623474,-0.42038804292678833
a058_2,ronin,unseen,1460,-0.675774335861206,-0.41982752084732056
a058_2,ronin,unseen,1480,-0.6755161285400391,-0.4193274676799774
a058_2,ronin,unseen,1500,-0.6759265065193176,-0.4196336269378662
a058_2,ronin,unseen,1520,-0.6763014197349548,-0.4198773503303528
a058_2,ronin,unseen,1540,-0.6715200543403625,-0.42168688774108887
a058_2,ronin,unseen,1560,-0.6620506048202515,-0.42801105976104736
a058_2,ronin,unseen,1580,-0.6644363403320312,-0.43280860781669617
a058_2,ronin,unseen,1600,-0.6771120429039001,-0.44362011551856995
a058_2,ronin,unseen,1620,-0.6911630034446716,-0.4628314673900604
a058_2,ronin,unseen,1640,-0.7105417847633362,-0.4843665659427643
a058_2,ronin,unseen,1660,-0.7257386445999146,-0.5077250003814697
a058_2,ronin,unseen,1680,-0.7373771071434021,-0.525564432144165
a058_2,ronin,unseen,1700,-0.7451457977294922,-0.5363107919692993
a058_2,ronin,unseen,1720,-0.7506736516952515,-0.5402740240097046
a058_2,ronin,unseen,1740,-0.7513715624809265,-0.5425602793693542
a058_2,ronin,unseen,1760,-0.7519298195838928,-0.5447707772254944
a058_2,ronin,unseen,1780,-0.753819465637207,-0.5439468026161194
a058_2,ronin,unseen,1800,-0.7564545273780823,-0.5407598614692688
a058_2,ronin,unseen,1820,-0.7575406432151794,-0.5396054983139038
a058_2,ronin,unseen,1840,-0.7596905827522278,-0.5389775037765503
a058_2,ronin,unseen,1860,-0.7606009840965271,-0.5385898351669312
a058_2,ronin,unseen,1880,-0.7633591294288635,-0.5383517742156982
a058_2,ronin,unseen,1900,-0.7629843354225159,-0.5393486022949219
a058_2,ronin,unseen,1920,-0.7634413838386536,-0.5385541319847107
a058_2,ronin,unseen,1940,-0.7634791135787964,-0.5360210537910461
a058_2,ronin,unseen,1960,-0.7624238729476929,-0.5341610908508301
a058_2,ronin,unseen,1980,-0.7603422403335571,-0.533230721950531
a058_2,ronin,unseen,2000,-0.7600813508033752,-0.5310838222503662
a058_2,ronin,unseen,2020,-0.7608867287635803,-0.5268808007240295
a058_2,ronin,unseen,2040,-0.7612782716751099,-0.5230225324630737
a058_2,ronin,unseen,2060,-0.7607613801956177,-0.5236573815345764
a058_2,ronin,unseen,2080,-0.7599495053291321,-0.5272501111030579
a058_2,ronin,unseen,2100,-0.7610747218132019,-0.5285698175430298
a058_2,ronin,unseen,2120,-0.7612834572792053,-0.5281533002853394
a058_2,ronin,unseen,2140,-0.7623832821846008,-0.5270159840583801
a058_2,ronin,unseen,2160,-0.7636621594429016,-0.5233519077301025
a058_2,ronin,unseen,2180,-0.762139618396759,-0.5195701718330383
a058_2,ronin,unseen,2200,-0.7595818042755127,-0.5149804949760437
a058_2,ronin,unseen,2220,-0.7557873129844666,-0.5112165212631226
a058_2,ronin,unseen,2240,-0.751352846622467,-0.5088358521461487
a058_2,ronin,unseen,2260,-0.748238742351532,-0.5071629285812378
a058_2,ronin,unseen,2280,-0.74538254737854,-0.5057632923126221
a058_2,ronin,unseen,2300,-0.7428309321403503,-0.5061290264129639
a058_2,ronin,unseen,2320,-0.742845356464386,-0.5059178471565247
a058_2,ronin,unseen,2340,-0.7448558807373047,-0.5033718347549438
a058_2,ronin,unseen,2360,-0.7518547773361206,-0.49524375796318054
a058_2,ronin,unseen,2380,-0.7613790035247803,-0.48558875918388367
a058_2,ronin,unseen,2400,-0.7661706805229187,-0.4777001142501831
a058_2,ronin,unseen,2420,-0.7666699886322021,-0.4739820063114166
a058_2,ronin,unseen,2440,-0.7668113112449646,-0.47407767176628113
a058_2,ronin,unseen,2460,-0.7670482397079468,-0.47657328844070435
a058_2,ronin,unseen,2480,-0.7669147253036499,-0.479676216840744
a058_2,ronin,unseen,2500,-0.7670882940292358,-0.4831586480140686
a058_2,ronin,unseen,2520,-0.7682945728302002,-0.4856097102165222
a058_2,ronin,unseen,2540,-0.765034019947052,-0.49086204171180725
a058_2,ronin,unseen,2560,-0.7601799368858337,-0.49781370162963867
a058_2,ronin,unseen,2580,-0.7576497197151184,-0.5037410259246826
a058_2,ronin,unseen,2600,-0.7544344067573547,-0.5087065100669861
a058_2,ronin,unseen,2620,-0.7533472180366516,-0.512669563293457
a058_2,ronin,unseen,2640,-0.752086341381073,-0.5168465375900269
a058_2,ronin,unseen,2660,-0.7494084239006042,-0.5212316513061523
a058_2,ronin,unseen,2680,-0.7466404438018799,-0.525082528591156
a058_2,ronin,unseen,2700,-0.7434468269348145,-0.5285819172859192
a058_2,ronin,unseen,2720,-0.7414143681526184,-0.5316833257675171
a058_2,ronin,unseen,2740,-0.7408857345581055,-0.5332412719726562
a058_2,ronin,unseen,2760,-0.7401875853538513,-0.5339957475662231
a058_2,ronin,unseen,2780,-0.74449223279953,-0.5342071652412415
a058_2,ronin,unseen,2800,-0.7607065439224243,-0.5314230918884277
a058_2,ronin,unseen,2820,-0.7824675440788269,-0.5258353352546692
a058_2,ronin,unseen,2840,-0.7987844347953796,-0.5199242830276489
a058_2,ronin,unseen,2860,-0.8105562925338745,-0.5140005350112915
a058_2,ronin,unseen,2880,-0.8192892670631409,-0.5076631903648376
a058_2,ronin,unseen,2900,-0.824137270450592,-0.5042954683303833
a058_2,ronin,unseen,2920,-0.8280543088912964,-0.5045844912528992
a058_2,ronin,unseen,2940,-0.8330175876617432,-0.5055926442146301
a058_2,ronin,unseen,2960,-0.8371562361717224,-0.5052713751792908
a058_2,ronin,unseen,2980,-0.8426974415779114,-0.5028516054153442
a058_2,ronin,unseen,3000,-0.8496572375297546,-0.49873289465904236
a058_2,ronin,unseen,3020,-0.8517075181007385,-0.4954409897327423
a058_2,ronin,unseen,3040,-0.8539532423019409,-0.4964444637298584
a058_2,ronin,unseen,3060,-0.853142499923706,-0.49762940406799316
a058_2,ronin,unseen,3080,-0.853858232498169,-0.4992482662200928
a058_2,ronin,unseen,3100,-0.8516736626625061,-0.4962960481643677
a058_2,ronin,unseen,3120,-0.8456169962882996,-0.4927441477775574
a058_2,ronin,unseen,3140,-0.84107506275177,-0.49395832419395447
a058_2,ronin,unseen,3160,-0.8377750515937805,-0.4930415153503418
a058_2,ronin,unseen,3180,-0.8318812847137451,-0.4904060363769531
a058_2,ronin,unseen,3200,-0.8292962312698364,-0.4926776587963104
a058_2,ronin,unseen,3220,-0.8273381590843201,-0.4953237771987915
a058_2,ronin,unseen,3240,-0.8226998448371887,-0.5015705227851868
a058_2,ronin,unseen,3260,-0.8100496530532837,-0.5063279271125793
a058_2,ronin,unseen,3280,-0.8048245906829834,-0.5106882452964783
a058_2,ronin,unseen,3300,-0.8005167245864868,-0.5121263265609741
a058_2,ronin,unseen,3320,-0.7925546169281006,-0.5192061066627502
a058_2,ronin,unseen,3340,-0.7843776345252991,-0.5244633555412292
a058_2,ronin,unseen,3360,-0.7794635891914368,-0.5273794531822205
a058_2,ronin,unseen,3380,-0.7820162773132324,-0.5273547172546387
a058_2,ronin,unseen,3400,-0.7948940396308899,-0.5224197506904602
a058_2,ronin,unseen,3420,-0.8071689009666443,-0.5179662108421326
a058_2,ronin,unseen,3440,-0.8143560290336609,-0.5157538652420044
a058_2,ronin,unseen,3460,-0.8178269267082214,-0.516933023929596
a058_2,ronin,unseen,3480,-0.825394868850708,-0.5191060304641724
a058_2,ronin,unseen,3500,-0.8332356214523315,-0.5116378664970398
a058_2,ronin,unseen,3520,-0.8422406315803528,-0.509118914604187
a058_2,ronin,unseen,3540,-0.8425297737121582,-0.5027964115142822
a058_2,ronin,unseen,3560,-0.8512248992919922,-0.5009310841560364
a058_2,ronin,unseen,3580,-0.8589900732040405,-0.4943530559539795
a058_2,ronin,unseen,3600,-0.8682820200920105,-0.49258163571357727
a058_2,ronin,unseen,3620,-0.8756954073905945,-0.4890255928039551
a058_2,ronin,unseen,3640,-0.8868290185928345,-0.4806138277053833
a058_2,ronin,unseen,3660,-0.8956093788146973,-0.4712385833263397
a058_2,ronin,unseen,3680,-0.9052123427391052,-0.46698707342147827
a058_2,ronin,unseen,3700,-0.909176766872406,-0.46670812368392944
a058_2,ronin,unseen,3720,-0.916742205619812,-0.4659561514854431
a058_2,ronin,unseen,3740,-0.9229440689086914,-0.4615555703639984
a058_2,ronin,unseen,3760,-0.9275994300842285,-0.4566565155982971
a058_2,ronin,unseen,3780,-0.9320573210716248,-0.4513850212097168
a058_2,ronin,unseen,3800,-0.9358264207839966,-0.4470771849155426
a058_2,ronin,unseen,3820,-0.9392036199569702,-0.44231122732162476
a058_2,ronin,unseen,3840,-0.9393132328987122,-0.43748578429222107
a058_2,ronin,unseen,3860,-0.9390350580215454,-0.4356807470321655
a058_2,ronin,unseen,3880,-0.9378913044929504,-0.4334518611431122
a058_2,ronin,unseen,3900,-0.937045693397522,-0.4322334825992584
a058_2,ronin,unseen,3920,-0.9369608759880066,-0.4321083724498749
a058_2,ronin,unseen,3940,-0.9375346899032593,-0.43103930354118347
a058_2,ronin,unseen,3960,-0.9392926096916199,-0.42814186215400696
a058_2,ronin,unseen,3980,-0.9410924911499023,-0.4255642890930176
a058_2,ronin,unseen,4000,-0.9416791796684265,-0.42406484484672546
a058_2,ronin,unseen,4020,-0.9397306442260742,-0.42175033688545227
a058_2,ronin,unseen,4040,-0.9371621012687683,-0.4169616997241974
a058_2,ronin,unseen,4060,-0.9362862706184387,-0.4181973934173584
a058_2,ronin,unseen,4080,-0.9332919120788574,-0.4193924069404602
a058_2,ronin,unseen,4100,-0.9312687516212463,-0.42125487327575684
a058_2,ronin,unseen,4120,-0.9273105263710022,-0.422647088766098
a058_2,ronin,unseen,4140,-0.9258620738983154,-0.4259192645549774
a058_2,ronin,unseen,4160,-0.923660397529602,-0.4273386001586914
a058_2,ronin,unseen,4180,-0.9221780896186829,-0.42906299233436584
a058_2,ronin,unseen,4200,-0.9203987717628479,-0.429703950881958
a058_2,ronin,unseen,4220,-0.9197061061859131,-0.43014052510261536
a058_2,ronin,unseen,4240,-0.9193639159202576,-0.4308284521102905
a058_2,ronin,unseen,4260,-0.9196890592575073,-0.4312683939933777
a058_2,ronin,unseen,4280,-0.9188200831413269,-0.4310208559036255
a058_2,ronin,unseen,4300,-0.9189960956573486,-0.43104153871536255
a058_2,ronin,unseen,4320,-0.9193175435066223,-0.43206727504730225
a058_2,ronin,unseen,4340,-0.9198061227798462,-0.4316983222961426
a058_2,ronin,unseen,4360,-0.9213663935661316,-0.43084296584129333
a058_2,ronin,unseen,4380,-0.9214752316474915,-0.42979562282562256
a058_2,ronin,unseen,4400,-0.9214048385620117,-0.4294036626815796
a058_2,ronin,unseen,4420,-0.920113742351532,-0.429658442735672
a058_2,ronin,unseen,4440,-0.9192498326301575,-0.43250420689582825
a058_2,ronin,unseen,4460,-0.919283390045166,-0.43402430415153503
a058_2,ronin,unseen,4480,-0.9191587567329407,-0.4366360306739807
a058_2,ronin,unseen,4500,-0.9182320237159729,-0.43890181183815
a058_2,ronin,unseen,4520,-0.9186724424362183,-0.4395313858985901
a058_2,ronin,unseen,4540,-0.9205372929573059,-0.4421757161617279
a058_2,ronin,unseen,4560,-0.9193671941757202,-0.4431356191635132
a058_2,ronin,unseen,4580,-0.9228323101997375,-0.44918230175971985
a058_2,ronin,unseen,4600,-0.9261511564254761,-0.4523220658302307
a058_2,ronin,unseen,4620,-0.927028238773346,-0.45488378405570984
a058_2,ronin,unseen,4640,-0.9274535179138184,-0.4583464562892914
a058_2,ronin,unseen,4660,-0.9292005300521851,-0.4654911458492279
a058_2,ronin,unseen,4680,-0.9356299042701721,-0.4771977961063385
a058_2,ronin,unseen,4700,-0.9397739171981812,-0.4867461025714874
a058_2,ronin,unseen,4720,-0.9437321424484253,-0.49607789516448975
a058_2,ronin,unseen,4740,-0.9460157155990601,-0.5046632885932922
a058_2,ronin,unseen,4760,-0.9471390247344971,-0.5112684965133667
a058_2,ronin,unseen,4780,-0.950484573841095,-0.517619252204895
a058_2,ronin,unseen,4800,-0.9493938684463501,-0.517159104347229
a058_2,ronin,unseen,4820,-0.9485621452331543,-0.514677107334137
a058_2,ronin,unseen,4840,-0.9451552033424377,-0.5072524547576904
a058_2,ronin,unseen,4860,-0.9434793591499329,-0.49935516715049744
a058_2,ronin,unseen,4880,-0.9437071084976196,-0.4928044080734253
a058_2,ronin,unseen,4900,-0.9455965757369995,-0.4866819381713867
a058_2,ronin,unseen,4920,-0.944936215877533,-0.4776977300643921
a058_2,ronin,unseen,4940,-0.943923830986023,-0.47140631079673767
a058_2,ronin,unseen,4960,-0.9418433308601379,-0.46714967489242554
a058_2,ronin,unseen,4980,-0.9364323019981384,-0.4593701660633087
a058_2,ronin,unseen,5000,-0.9313544631004333,-0.4519755244255066
a058_2,ronin,unseen,5020,-0.9280452132225037,-0.4447786211967468
a058_2,ronin,unseen,5040,-0.9239996075630188,-0.4372745454311371
a058_2,ronin,unseen,5060,-0.9196222424507141,-0.42968976497650146
a058_2,ronin,unseen,5080,-0.9159380793571472,-0.421269029378891
a058_2,ronin,unseen,5100,-0.9121339321136475,-0.4117249846458435
a058_2,ronin,unseen,5120,-0.9085774421691895,-0.4009709656238556
a058_2,ronin,unseen,5140,-0.9039985537528992,-0.39232730865478516
a058_2,ronin,unseen,5160,-0.9002968072891235,-0.3825761079788208
a058_2,ronin,unseen,5180,-0.8967666625976562,-0.3729628622531891
a058_2,ronin,unseen,5200,-0.8938342332839966,-0.36301878094673157
a058_2,ronin,unseen,5220,-0.8898265957832336,-0.35275715589523315
a058_2,ronin,unseen,5240,-0.8856135606765747,-0.34287428855895996
a058_2,ronin,unseen,5260,-0.8813887238502502,-0.3310154974460602
a058_2,ronin,unseen,5280,-0.8773045539855957,-0.3205680251121521
a058_2,ronin,unseen,5300,-0.873172402381897,-0.30926766991615295
a058_2,ronin,unseen,5320,-0.8693898916244507,-0.2992037534713745
a058_2,ronin,unseen,5340,-0.8652381300926208,-0.2892262041568756
a058_2,ronin,unseen,5360,-0.860598087310791,-0.2778235375881195
a058_2,ronin,unseen,5380,-0.8562915325164795,-0.26746657490730286
a058_2,ronin,unseen,5400,-0.8519607782363892,-0.2569015622138977
a058_2,ronin,unseen,5420,-0.8481206893920898,-0.2478983849287033
a058_2,ronin,unseen,5440,-0.8438921570777893,-0.2381720244884491
a058_2,ronin,unseen,5460,-0.8386862874031067,-0.2271365076303482
a058_2,ronin,unseen,5480,-0.8336543440818787,-0.21666978299617767
a058_2,ronin,unseen,5500,-0.8288417458534241,-0.206644669175148
a058_2,ronin,unseen,5520,-0.8246604800224304,-0.19867417216300964
a058_2,ronin,unseen,5540,-0.8196313977241516,-0.1901334971189499
a058_2,ronin,unseen,5560,-0.8163579702377319,-0.18199773132801056
a058_2,ronin,unseen,5580,-0.8128443360328674,-0.17409349977970123
a058_2,ronin,unseen,5600,-0.8105069398880005,-0.16807463765144348
a058_2,ronin,unseen,5620,-0.8080468773841858,-0.16179746389389038
a058_2,ronin,unseen,5640,-0.8037039041519165,-0.1519821584224701
a058_2,ronin,unseen,5660,-0.800524890422821,-0.1420377790927887
a058_2,ronin,unseen,5680,-0.7972691059112549,-0.13279008865356445
a058_2,ronin,unseen,5700,-0.7938823103904724,-0.12405955791473389
a058_2,ronin,unseen,5720,-0.7904806137084961,-0.11707709729671478
a058_2,ronin,unseen,5740,-0.7867320775985718,-0.11187128722667694
a058_2,ronin,unseen,5760,-0.785042941570282,-0.10308622568845749
a058_2,ronin,unseen,5780,-0.7841601371765137,-0.09163855761289597
a058_2,ronin,unseen,5800,-0.7839171886444092,-0.08146639168262482
a058_2,ronin,unseen,5820,-0.7836213707923889,-0.07790828496217728
a058_2,ronin,unseen,5840,-0.7840842604637146,-0.07363050431013107
a058_2,ronin,unseen,5860,-0.7840791344642639,-0.07047904282808304
a058_2,ronin,unseen,5880,-0.78428715467453,-0.06575698405504227
a058_2,ronin,unseen,5900,-0.7856778502464294,-0.06113692373037338
a058_2,ronin,unseen,5920,-0.7869184613227844,-0.057712625712156296
a058_2,ronin,unseen,5940,-0.7884034514427185,-0.05427583307027817
a058_2,ronin,unseen,5960,-0.7904889583587646,-0.050167832523584366
a058_2,ronin,unseen,5980,-0.7914863228797913,-0.045977313071489334
a058_2,ronin,unseen,6000,-0.792296826839447,-0.04241252690553665
a058_2,ronin,unseen,6020,-0.7931429743766785,-0.04016539454460144
a058_2,ronin,unseen,6040,-0.7931714653968811,-0.04030781239271164
a058_2,ronin,unseen,6060,-0.7924204468727112,-0.041473906487226486
a058_2,ronin,unseen,6080,-0.7914389371871948,-0.043642062693834305
a058_2,ronin,unseen,6100,-0.7909640669822693,-0.04390139505267143
a058_2,ronin,unseen,6120,-0.7905454039573669,-0.04349106177687645
a058_2,ronin,unseen,6140,-0.7902256846427917,-0.04359915852546692
a058_2,ronin,unseen,6160,-0.7898769974708557,-0.04400158300995827
a058_2,ronin,unseen,6180,-0.7898499369621277,-0.044178903102874756
a058_2,ronin,unseen,6200,-0.7898118495941162,-0.04465107247233391
a058_2,ronin,unseen,6220,-0.7898960113525391,-0.045548468828201294
a058_2,ronin,unseen,6240,-0.7897313833236694,-0.04661838710308075
a058_2,ronin,unseen,6260,-0.7892487645149231,-0.04791492596268654
a058_2,ronin,unseen,6280,-0.7881554961204529,-0.04992597550153732
a058_2,ronin,unseen,6300,-0.786761462688446,-0.05203075334429741
a058_2,ronin,unseen,6320,-0.785049557685852,-0.05462460219860077
a058_2,ronin,unseen,6340,-0.7832881808280945,-0.05688256025314331
a058_2,ronin,unseen,6360,-0.7816140651702881,-0.059153199195861816
a058_2,ronin,unseen,6380,-0.779830813407898,-0.06179695948958397
a058_2,ronin,unseen,6400,-0.7780045866966248,-0.06461894512176514
a058_2,ronin,unseen,6420,-0.7762161493301392,-0.06727732717990875
a058_2,ronin,unseen,6440,-0.7743995785713196,-0.07038714736700058
a058_2,ronin,unseen,6460,-0.7726712822914124,-0.07322217524051666
a058_2,ronin,unseen,6480,-0.7709468007087708,-0.07607218623161316
a058_2,ronin,unseen,6500,-0.7692369222640991,-0.0789443850517273
a058_2,ronin,unseen,6520,-0.7677726149559021,-0.08150370419025421
a058_2,ronin,unseen,6540,-0.7663232088088989,-0.083199642598629
a058_2,ronin,unseen,6560,-0.7654927968978882,-0.08368249237537384
a058_2,ronin,unseen,6580,-0.7652488350868225,-0.08342068642377853
a058_2,ronin,unseen,6600,-0.765814483165741,-0.080596424639225
a058_2,ronin,unseen,6620,-0.769198477268219,-0.07355213165283203
a058_2,ronin,unseen,6640,-0.775334894657135,-0.06275542825460434
a058_2,ronin,unseen,6660,-0.7790486812591553,-0.05348225682973862
a058_2,ronin,unseen,6680,-0.7771735787391663,-0.04132898524403572
a058_2,ronin,unseen,6700,-0.7699407935142517,-0.020964927971363068
a058_2,ronin,unseen,6720,-0.7564566731452942,-0.0005134021048434079
a058_2,ronin,unseen,6740,-0.7360196709632874,0.02783932536840439
a058_2,ronin,unseen,6760,-0.7071315050125122,0.06173167750239372
a058_2,ronin,unseen,6780,-0.6700065732002258,0.10193616151809692
a058_2,ronin,unseen,6800,-0.6276574730873108,0.14173392951488495
a058_2,ronin,unseen,6820,-0.5840290784835815,0.1801021546125412
a058_2,ronin,unseen,6840,-0.5447067022323608,0.21402303874492645
a058_2,ronin,unseen,6860,-0.5089037418365479,0.2480839490890503
a058_2,ronin,unseen,6880,-0.4755167067050934,0.2864934504032135
a058_2,ronin,unseen,6900,-0.4432407319545746,0.3300377428531647
a058_2,ronin,unseen,6920,-0.41093093156814575,0.37851789593696594
a058_2,ronin,unseen,6940,-0.3765339255332947,0.43685638904571533
a058_2,ronin,unseen,6960,-0.33977004885673523,0.49811553955078125
a058_2,ronin,unseen,6980,-0.3062565326690674,0.5567463636398315
a058_2,ronin,unseen,7000,-0.27358278632164,0.6052753329277039
a058_2,ronin,unseen,7020,-0.24103157222270966,0.6527106165885925
a058_2,ronin,unseen,7040,-0.20652423799037933,0.701032817363739
a058_2,ronin,unseen,7060,-0.16713497042655945,0.7514848709106445
a058_2,ronin,unseen,7080,-0.12288521230220795,0.8033086061477661
a058_2,ronin,unseen,7100,-0.07041240483522415,0.8597480058670044
a058_2,ronin,unseen,7120,-0.014287358149886131,0.9193458557128906
a058_2,ronin,unseen,7140,0.03299294039607048,0.9728640913963318
a058_2,ronin,unseen,7160,0.07359623163938522,1.0241831541061401
a058_2,ronin,unseen,7180,0.11236587166786194,1.0769001245498657
a058_2,ronin,unseen,7200,0.1498805433511734,1.1316627264022827
a058_2,ronin,unseen,7220,0.18731915950775146,1.1919896602630615
a058_2,ronin,unseen,7240,0.22691234946250916,1.26091468334198
a058_2,ronin,unseen,7260,0.27022144198417664,1.3351603746414185
a058_2,ronin,unseen,7280,0.30993887782096863,1.4004207849502563
a058_2,ronin,unseen,7300,0.34694603085517883,1.456200361251831
a058_2,ronin,unseen,7320,0.3858705163002014,1.5188446044921875
a058_2,ronin,unseen,7340,0.4289674162864685,1.5798306465148926
a058_2,ronin,unseen,7360,0.4797288179397583,1.6417713165283203
a058_2,ronin,unseen,7380,0.5371858477592468,1.707756519317627
a058_2,ronin,unseen,7400,0.5963987708091736,1.7781085968017578
a058_2,ronin,unseen,7420,0.6448190808296204,1.8389244079589844
a058_2,ronin,unseen,7440,0.6887356638908386,1.8963874578475952
a058_2,ronin,unseen,7460,0.7301256060600281,1.9566525220870972
a058_2,ronin,unseen,7480,0.7704878449440002,2.020702362060547
a058_2,ronin,unseen,7500,0.8090587854385376,2.0895676612854004
a058_2,ronin,unseen,7520,0.8492543697357178,2.1654958724975586
a058_2,ronin,unseen,7540,0.88755863904953,2.237138032913208
a058_2,ronin,unseen,7560,0.9231885075569153,2.296854257583618
a058_2,ronin,unseen,7580,0.9570968151092529,2.3569626808166504
a058_2,ronin,unseen,7600,0.9939929246902466,2.4182205200195312
a058_2,ronin,unseen,7620,1.037387728691101,2.4817230701446533
a058_2,ronin,unseen,7640,1.0876543521881104,2.5466291904449463
a058_2,ronin,unseen,7660,1.1468160152435303,2.616381883621216
a058_2,ronin,unseen,7680,1.1983513832092285,2.6838676929473877
a058_2,ronin,unseen,7700,1.2391022443771362,2.7477588653564453
a058_2,ronin,unseen,7720,1.2825957536697388,2.8206021785736084
a058_2,ronin,unseen,7740,1.3285707235336304,2.90018630027771
a058_2,ronin,unseen,7760,1.3750202655792236,2.9861645698547363
a058_2,ronin,unseen,7780,1.4121474027633667,3.0621531009674072
a058_2,ronin,unseen,7800,1.4478294849395752,3.1399993896484375
a058_2,ronin,unseen,7820,1.4852696657180786,3.2096142768859863
a058_2,ronin,unseen,7840,1.5212037563323975,3.2766809463500977
a058_2,ronin,unseen,7860,1.5659319162368774,3.3549516201019287
a058_2,ronin,unseen,7880,1.6194734573364258,3.434148073196411
a058_2,ronin,unseen,7900,1.6823137998580933,3.5098953247070312
a058_2,ronin,unseen,7920,1.7419618368148804,3.5768775939941406
a058_2,ronin,unseen,7940,1.7956353425979614,3.6416268348693848
a058_2,ronin,unseen,7960,1.8405590057373047,3.7052791118621826
a058_2,ronin,unseen,7980,1.891265869140625,3.7754173278808594
a058_2,ronin,unseen,8000,1.9422863721847534,3.8476784229278564
a058_2,ronin,unseen,8020,1.9931074380874634,3.9269397258758545
a058_2,ronin,unseen,8040,2.036263942718506,4.0040602684021
a058_2,ronin,unseen,8060,2.0787534713745117,4.077531337738037
a058_2,ronin,unseen,8080,2.1227614879608154,4.149829387664795
a058_2,ronin,unseen,8100,2.1599183082580566,4.214077949523926
a058_2,ronin,unseen,8120,2.204710006713867,4.289322853088379
a058_2,ronin,unseen,8140,2.2561309337615967,4.365389347076416
a058_2,ronin,unseen,8160,2.3149940967559814,4.44094705581665
a058_2,ronin,unseen,8180,2.3771369457244873,4.515273094177246
a058_2,ronin,unseen,8200,2.4319913387298584,4.584157943725586
a058_2,ronin,unseen,8220,2.4835619926452637,4.648444175720215
a058_2,ronin,unseen,8240,2.5304372310638428,4.711857795715332
a058_2,ronin,unseen,8260,2.5817277431488037,4.781516075134277
a058_2,ronin,unseen,8280,2.6331098079681396,4.855177879333496
a058_2,ronin,unseen,8300,2.681705951690674,4.929793357849121
a058_2,ronin,unseen,8320,2.7241530418395996,5.002542018890381
a058_2,ronin,unseen,8340,2.7668092250823975,5.070962905883789
a058_2,ronin,unseen,8360,2.804982900619507,5.12759256362915
a058_2,ronin,unseen,8380,2.843193531036377,5.183974742889404
a058_2,ronin,unseen,8400,2.890867233276367,5.248650074005127
a058_2,ronin,unseen,8420,2.94437313079834,5.312756538391113
a058_2,ronin,unseen,8440,3.004080057144165,5.375385284423828
a058_2,ronin,unseen,8460,3.061429262161255,5.429258823394775
a058_2,ronin,unseen,8480,3.1246447563171387,5.481853008270264
a058_2,ronin,unseen,8500,3.1869468688964844,5.528654098510742
a058_2,ronin,unseen,8520,3.238381862640381,5.572068214416504
a058_2,ronin,unseen,8540,3.3012948036193848,5.621502876281738
a058_2,ronin,unseen,8560,3.366325855255127,5.673385143280029
a058_2,ronin,unseen,8580,3.429830312728882,5.725679874420166
a058_2,ronin,unseen,8600,3.4852941036224365,5.777194499969482
a058_2,ronin,unseen,8620,3.543987512588501,5.828585147857666
a058_2,ronin,unseen,8640,3.6069912910461426,5.875542163848877
a058_2,ronin,unseen,8660,3.6708805561065674,5.920000076293945
a058_2,ronin,unseen,8680,3.739760160446167,5.961704730987549
a058_2,ronin,unseen,8700,3.8160626888275146,6.000109672546387
a058_2,ronin,unseen,8720,3.9017136096954346,6.036860466003418
a058_2,ronin,unseen,8740,3.985600233078003,6.069571495056152
a058_2,ronin,unseen,8760,4.070308685302734,6.108489036560059
a058_2,ronin,unseen,8780,4.1460113525390625,6.141273498535156
a058_2,ronin,unseen,8800,4.212392807006836,6.169050693511963
a058_2,ronin,unseen,8820,4.292046070098877,6.205037593841553
a058_2,ronin,unseen,8840,4.375153541564941,6.245671272277832
a058_2,ronin,unseen,8860,4.448192596435547,6.2877278327941895
a058_2,ronin,unseen,8880,4.522820949554443,6.338523864746094
a058_2,ronin,unseen,8900,4.5942912101745605,6.387563705444336
a058_2,ronin,unseen,8920,4.657822608947754,6.425617218017578
a058_2,ronin,unseen,8940,4.724529266357422,6.461478233337402
a058_2,ronin,unseen,8960,4.807835102081299,6.496216297149658
a058_2,ronin,unseen,8980,4.9031782150268555,6.526432514190674
a058_2,ronin,unseen,9000,4.991538047790527,6.550046443939209
a058_2,ronin,unseen,9020,5.089582443237305,6.576100826263428
a058_2,ronin,unseen,9040,5.17043924331665,6.5950093269348145
a058_2,ronin,unseen,9060,5.24595832824707,6.615124702453613
a058_2,ronin,unseen,9080,5.323155403137207,6.6362433433532715
a058_2,ronin,unseen,9100,5.412851810455322,6.658604621887207
a058_2,ronin,unseen,9120,5.497952938079834,6.68626070022583
a058_2,ronin,unseen,9140,5.586124420166016,6.723038673400879
a058_2,ronin,unseen,9160,5.671036720275879,6.758909702301025
a058_2,ronin,unseen,9180,5.744589328765869,6.784610271453857
a058_2,ronin,unseen,9200,5.8256306648254395,6.811429023742676
a058_2,ronin,unseen,9220,5.923530101776123,6.840968608856201
a058_2,ronin,unseen,9240,6.033047199249268,6.86784029006958
a058_2,ronin,unseen,9260,6.137782573699951,6.887687683105469
a058_2,ronin,unseen,9280,6.241027355194092,6.907172679901123
a058_2,ronin,unseen,9300,6.326942443847656,6.926063537597656
a058_2,ronin,unseen,9320,6.410559177398682,6.945993423461914
a058_2,ronin,unseen,9340,6.513185501098633,6.972299098968506
a058_2,ronin,unseen,9360,6.619674205780029,7.0042195320129395
a058_2,ronin,unseen,9380,6.715476989746094,7.043517589569092
a058_2,ronin,unseen,9400,6.811305522918701,7.087106227874756
a058_2,ronin,unseen,9420,6.894715309143066,7.117207050323486
a058_2,ronin,unseen,9440,6.976080417633057,7.147225379943848
a058_2,ronin,unseen,9460,7.076333045959473,7.181131839752197
a058_2,ronin,unseen,9480,7.1883864402771,7.214521884918213
a058_2,ronin,unseen,9500,7.296210289001465,7.238373756408691
a058_2,ronin,unseen,9520,7.403332233428955,7.259957313537598
a058_2,ronin,unseen,9540,7.494056701660156,7.28074312210083
a058_2,ronin,unseen,9560,7.576651573181152,7.305137634277344
a058_2,ronin,unseen,9580,7.667759418487549,7.334894180297852
a058_2,ronin,unseen,9600,7.7726569175720215,7.37174129486084
a058_2,ronin,unseen,9620,7.863828659057617,7.413044452667236
a058_2,ronin,unseen,9640,7.9590678215026855,7.4598846435546875
a058_2,ronin,unseen,9660,8.039917945861816,7.495306015014648
a058_2,ronin,unseen,9680,8.117188453674316,7.531681537628174
a058_2,ronin,unseen,9700,8.212016105651855,7.575109004974365
a058_2,ronin,unseen,9720,8.315472602844238,7.621712684631348
a058_2,ronin,unseen,9740,8.420676231384277,7.664374828338623
a058_2,ronin,unseen,9760,8.521583557128906,7.704034805297852
a058_2,ronin,unseen,9780,8.60928726196289,7.74339485168457
a058_2,ronin,unseen,9800,8.69619369506836,7.786872386932373
a058_2,ronin,unseen,9820,8.794747352600098,7.839649677276611
a058_2,ronin,unseen,9840,8.896814346313477,7.896475791931152
a058_2,ronin,unseen,9860,8.989959716796875,7.959448337554932
a058_2,ronin,unseen,9880,9.078117370605469,8.023268699645996
a058_2,ronin,unseen,9900,9.165140151977539,8.079545021057129
a058_2,ronin,unseen,9920,9.248918533325195,8.133376121520996
a058_2,ronin,unseen,9940,9.345827102661133,8.191329002380371
a058_2,ronin,unseen,9960,9.45229434967041,8.251511573791504
a058_2,ronin,unseen,9980,9.559802055358887,8.305980682373047
a058_2,ronin,unseen,10000,9.662540435791016,8.357903480529785
a058_2,ronin,unseen,10020,9.748852729797363,8.408764839172363
a058_2,ronin,unseen,10040,9.83156681060791,8.459695816040039
a058_2,ronin,unseen,10060,9.923845291137695,8.51950740814209
a058_2,ronin,unseen,10080,10.00938892364502,8.580270767211914
a058_2,ronin,unseen,10100,10.092278480529785,8.649409294128418
a058_2,ronin,unseen,10120,10.179141998291016,8.724340438842773
a058_2,ronin,unseen,10140,10.258528709411621,8.78284740447998
a058_2,ronin,unseen,10160,10.337935447692871,8.842649459838867
a058_2,ronin,unseen,10180,10.434733390808105,8.910261154174805
a058_2,ronin,unseen,10200,10.541962623596191,8.978384971618652
a058_2,ronin,unseen,10220,10.648079872131348,9.04206371307373
a058_2,ronin,unseen,10240,10.744443893432617,9.103769302368164
a058_2,ronin,unseen,10260,10.826435089111328,9.160977363586426
a058_2,ronin,unseen,10280,10.906136512756348,9.219520568847656
a058_2,ronin,unseen,10300,10.997968673706055,9.291373252868652
a058_2,ronin,unseen,10320,11.093242645263672,9.37385368347168
a058_2,ronin,unseen,10340,11.179838180541992,9.454774856567383
a058_2,ronin,unseen,10360,11.263670921325684,9.537830352783203
a058_2,ronin,unseen,10380,11.346495628356934,9.612066268920898
a058_2,ronin,unseen,10400,11.434320449829102,9.693807601928711
a058_2,ronin,unseen,10420,11.527010917663574,9.774883270263672
a058_2,ronin,unseen,10440,11.628358840942383,9.859370231628418
a058_2,ronin,unseen,10460,11.74421215057373,9.95003604888916
a058_2,ronin,unseen,10480,11.841723442077637,10.021134376525879
a058_2,ronin,unseen,10500,11.927409172058105,10.084768295288086
a058_2,ronin,unseen,10520,12.021430969238281,10.150785446166992
a058_2,ronin,unseen,10540,12.123729705810547,10.220778465270996
a058_2,ronin,unseen,10560,12.230891227722168,10.29748249053955
a058_2,ronin,unseen,10580,12.32229995727539,10.367391586303711
a058_2,ronin,unseen,10600,12.413376808166504,10.43154525756836
a058_2,ronin,unseen,10620,12.49636173248291,10.484331130981445
a058_2,ronin,unseen,10640,12.595720291137695,10.547994613647461
a058_2,ronin,unseen,10660,12.699600219726562,10.607065200805664
a058_2,ronin,unseen,10680,12.817646980285645,10.668177604675293
a058_2,ronin,unseen,10700,12.945629119873047,10.725629806518555
a058_2,ronin,unseen,10720,13.062670707702637,10.78811264038086
a058_2,ronin,unseen,10740,13.158308982849121,10.838471412658691
a058_2,ronin,unseen,10760,13.25974178314209,10.896308898925781
a058_2,ronin,unseen,10780,13.363666534423828,10.954273223876953
a058_2,ronin,unseen,10800,13.465614318847656,11.01693344116211
a058_2,ronin,unseen,10820,13.555591583251953,11.080849647521973
a058_2,ronin,unseen,10840,13.64990520477295,11.152188301086426
a058_2,ronin,unseen,10860,13.73938274383545,11.216545104980469
a058_2,ronin,unseen,10880,13.826711654663086,11.278515815734863
a058_2,ronin,unseen,10900,13.92489242553711,11.343681335449219
a058_2,ronin,unseen,10920,14.032800674438477,11.410970687866211
a058_2,ronin,unseen,10940,14.148017883300781,11.476494789123535
a058_2,ronin,unseen,10960,14.254243850708008,11.53441333770752
a058_2,ronin,unseen,10980,14.346630096435547,11.588306427001953
a058_2,ronin,unseen,11000,14.443103790283203,11.647034645080566
a058_2,ronin,unseen,11020,14.546854972839355,11.70907974243164
a058_2,ronin,unseen,11040,14.64724349975586,11.771879196166992
a058_2,ronin,unseen,11060,14.738397598266602,11.836700439453125
a058_2,ronin,unseen,11080,14.834041595458984,11.910565376281738
a058_2,ronin,unseen,11100,14.92209529876709,11.976043701171875
a058_2,ronin,unseen,11120,15.002636909484863,12.034241676330566
a058_2,ronin,unseen,11140,15.087739944458008,12.092105865478516
a058_2,ronin,unseen,11160,15.181302070617676,12.152682304382324
a058_2,ronin,unseen,11180,15.282482147216797,12.212411880493164
a058_2,ronin,unseen,11200,15.389788627624512,12.269623756408691
a058_2,ronin,unseen,11220,15.485895156860352,12.325716972351074
a058_2,ronin,unseen,11240,15.56930160522461,12.38199520111084
a058_2,ronin,unseen,11260,15.655891418457031,12.442415237426758
a058_2,ronin,unseen,11280,15.744416236877441,12.508458137512207
a058_2,ronin,unseen,11300,15.827303886413574,12.580344200134277
a058_2,ronin,unseen,11320,15.910286903381348,12.66162395477295
a058_2,ronin,unseen,11340,15.989611625671387,12.729056358337402
a058_2,ronin,unseen,11360,16.060178756713867,12.788714408874512
a058_2,ronin,unseen,11380,16.140825271606445,12.858541488647461
a058_2,ronin,unseen,11400,16.229143142700195,12.929830551147461
a058_2,ronin,unseen,11420,16.317001342773438,12.99847412109375
a058_2,ronin,unseen,11440,16.405107498168945,13.063175201416016
a058_2,ronin,unseen,11460,16.48224449157715,13.128868103027344
a058_2,ronin,unseen,11480,16.56169319152832,13.195313453674316
a058_2,ronin,unseen,11500,16.643617630004883,13.265225410461426
a058_2,ronin,unseen,11520,16.71164321899414,13.329131126403809
a058_2,ronin,unseen,11540,16.776817321777344,13.403629302978516
a058_2,ronin,unseen,11560,16.8446102142334,13.485125541687012
a058_2,ronin,unseen,11580,16.920503616333008,13.56544303894043
a058_2,ronin,unseen,11600,16.97932243347168,13.63272762298584
a058_2,ronin,unseen,11620,17.050962448120117,13.715052604675293
a058_2,ronin,unseen,11640,17.127817153930664,13.798595428466797
a058_2,ronin,unseen,11660,17.206438064575195,13.877761840820312
a058_2,ronin,unseen,11680,17.284011840820312,13.952437400817871
a058_2,ronin,unseen,11700,17.349857330322266,14.024643898010254
a058_2,ronin,unseen,11720,17.412900924682617,14.09850788116455
a058_2,ronin,unseen,11740,17.4798526763916,14.182497024536133
a058_2,ronin,unseen,11760,17.53929328918457,14.26318645477295
a058_2,ronin,unseen,11780,17.591646194458008,14.347488403320312
a058_2,ronin,unseen,11800,17.64429473876953,14.438613891601562
a058_2,ronin,unseen,11820,17.701324462890625,14.51269817352295
a058_2,ronin,unseen,11840,17.747516632080078,14.58242416381836
a058_2,ronin,unseen,11860,17.799274444580078,14.668560028076172
a058_2,ronin,unseen,11880,17.85919761657715,14.759488105773926
a058_2,ronin,unseen,11900,17.921239852905273,14.844971656799316
a058_2,ronin,unseen,11920,17.978816986083984,14.929082870483398
a058_2,ronin,unseen,11940,18.02706527709961,15.008866310119629
a058_2,ronin,unseen,11960,18.075925827026367,15.086530685424805
a058_2,ronin,unseen,11980,18.133352279663086,15.166959762573242
a058_2,ronin,unseen,12000,18.186033248901367,15.248092651367188
a058_2,ronin,unseen,12020,18.231250762939453,15.333369255065918
a058_2,ronin,unseen,12040,18.28221893310547,15.429742813110352
a058_2,ronin,unseen,12060,18.35432243347168,15.500433921813965
a058_2,ronin,unseen,12080,18.406463623046875,15.583589553833008
a058_2,ronin,unseen,12100,18.460979461669922,15.668039321899414
a058_2,ronin,unseen,12120,18.526500701904297,15.7581787109375
a058_2,ronin,unseen,12140,18.60350227355957,15.849273681640625
a058_2,ronin,unseen,12160,18.684194564819336,15.940225601196289
a058_2,ronin,unseen,12180,18.748804092407227,16.021371841430664
a058_2,ronin,unseen,12200,18.809736251831055,16.10024642944336
a058_2,ronin,unseen,12220,18.8716983795166,16.180675506591797
a058_2,ronin,unseen,12240,18.93269920349121,16.272075653076172
a058_2,ronin,unseen,12260,18.9896297454834,16.376712799072266
a058_2,ronin,unseen,12280,19.047040939331055,16.486188888549805
a058_2,ronin,unseen,12300,19.110673904418945,16.56920623779297
a058_2,ronin,unseen,12320,19.163118362426758,16.654584884643555
a058_2,ronin,unseen,12340,19.21998405456543,16.742847442626953
a058_2,ronin,unseen,12360,19.28618049621582,16.83806037902832
a058_2,ronin,unseen,12380,19.360219955444336,16.936107635498047
a058_2,ronin,unseen,12400,19.436561584472656,17.036483764648438
a058_2,ronin,unseen,12420,19.503662109375,17.12963104248047
a058_2,ronin,unseen,12440,19.566211700439453,17.212909698486328
a058_2,ronin,unseen,12460,19.62789535522461,17.29264259338379
a058_2,ronin,unseen,12480,19.689388275146484,17.37643814086914
a058_2,ronin,unseen,12500,19.751005172729492,17.47106170654297
a058_2,ronin,unseen,12520,19.81960105895996,17.58100700378418
a058_2,ronin,unseen,12540,19.88970375061035,17.671422958374023
a058_2,ronin,unseen,12560,19.945980072021484,17.74447250366211
a058_2,ronin,unseen,12580,20.004575729370117,17.830018997192383
a058_2,ronin,unseen,12600,20.070350646972656,17.92056655883789
a058_2,ronin,unseen,12620,20.148788452148438,18.016069412231445
a058_2,ronin,unseen,12640,20.23296546936035,18.113903045654297
a058_2,ronin,unseen,12660,20.297080993652344,18.19767189025879
a058_2,ronin,unseen,12680,20.35329246520996,18.279600143432617
a058_2,ronin,unseen,12700,20.408756256103516,18.36201286315918
a058_2,ronin,unseen,12720,20.465898513793945,18.446569442749023
a058_2,ronin,unseen,12740,20.520626068115234,18.539785385131836
a058_2,ronin,unseen,12760,20.579349517822266,18.655723571777344
a058_2,ronin,unseen,12780,20.638935089111328,18.75994873046875
a058_2,ronin,unseen,12800,20.70352554321289,18.832796096801758
a058_2,ronin,unseen,12820,20.755329132080078,18.91497230529785
a058_2,ronin,unseen,12840,20.813573837280273,19.00446891784668
a058_2,ronin,unseen,12860,20.88599967956543,19.106197357177734
a058_2,ronin,unseen,12880,20.967937469482422,19.215349197387695
a058_2,ronin,unseen,12900,21.046037673950195,19.30902099609375
a058_2,ronin,unseen,12920,21.106929779052734,19.401744842529297
a058_2,ronin,unseen,12940,21.160968780517578,19.491119384765625
a058_2,ronin,unseen,12960,21.218120574951172,19.585317611694336
a058_2,ronin,unseen,12980,21.273557662963867,19.68874740600586
a058_2,ronin,unseen,13000,21.332712173461914,19.812761306762695
a058_2,ronin,unseen,13020,21.386943817138672,19.92112159729004
a058_2,ronin,unseen,13040,21.448728561401367,20.00437355041504
a058_2,ronin,unseen,13060,21.500898361206055,20.0931396484375
a058_2,ronin,unseen,13080,21.5609073638916,20.188127517700195
a058_2,ronin,unseen,13100,21.632722854614258,20.289236068725586
a058_2,ronin,unseen,13120,21.71792221069336,20.40147590637207
a058_2,ronin,unseen,13140,21.787099838256836,20.49034881591797
a058_2,ronin,unseen,13160,21.848299026489258,20.57498550415039
a058_2,ronin,unseen,13180,21.90521812438965,20.651601791381836
a058_2,ronin,unseen,13200,21.96394157409668,20.734174728393555
a058_2,ronin,unseen,13220,22.023441314697266,20.832836151123047
a058_2,ronin,unseen,13240,22.085886001586914,20.950984954833984
a058_2,ronin,unseen,13260,22.142650604248047,21.043127059936523
a058_2,ronin,unseen,13280,22.198373794555664,21.115495681762695
a058_2,ronin,unseen,13300,22.249526977539062,21.19388198852539
a058_2,ronin,unseen,13320,22.30655860900879,21.278125762939453
a058_2,ronin,unseen,13340,22.374155044555664,21.367935180664062
a058_2,ronin,unseen,13360,22.4580020904541,21.47201156616211
a058_2,ronin,unseen,13380,22.5252628326416,21.559537887573242
a058_2,ronin,unseen,13400,22.58334732055664,21.645055770874023
a058_2,ronin,unseen,13420,22.63467025756836,21.721309661865234
a058_2,ronin,unseen,13440,22.686481475830078,21.80353546142578
a058_2,ronin,unseen,13460,22.742412567138672,21.901634216308594
a058_2,ronin,unseen,13480,22.805435180664062,22.026737213134766
a058_2,ronin,unseen,13500,22.860063552856445,22.130237579345703
a058_2,ronin,unseen,13520,22.915632247924805,22.21192169189453
a058_2,ronin,unseen,13540,22.966209411621094,22.29261589050293
a058_2,ronin,unseen,13560,23.024452209472656,22.381946563720703
a058_2,ronin,unseen,13580,23.09189796447754,22.479684829711914
a058_2,ronin,unseen,13600,23.17629623413086,22.589458465576172
a058_2,ronin,unseen,13620,23.247760772705078,22.685914993286133
a058_2,ronin,unseen,13640,23.310537338256836,22.776723861694336
a058_2,ronin,unseen,13660,23.361927032470703,22.85443878173828
a058_2,ronin,unseen,13680,23.415918350219727,22.936111450195312
a058_2,ronin,unseen,13700,23.47425079345703,23.034624099731445
a058_2,ronin,unseen,13720,23.538949966430664,23.15428924560547
a058_2,ronin,unseen,13740,23.600261688232422,23.266359329223633
a058_2,ronin,unseen,13760,23.651926040649414,23.34711456298828
a058_2,ronin,unseen,13780,23.701608657836914,23.42997932434082
a058_2,ronin,unseen,13800,23.751914978027344,23.51092529296875
a058_2,ronin,unseen,13820,23.814556121826172,23.600811004638672
a058_2,ronin,unseen,13840,23.89830780029297,23.707368850708008
a058_2,ronin,unseen,13860,23.975793838500977,23.804658889770508
a058_2,ronin,unseen,13880,24.039958953857422,23.891572952270508
a058_2,ronin,unseen,13900,24.092985153198242,23.965618133544922
a058_2,ronin,unseen,13920,24.145620346069336,24.040477752685547
a058_2,ronin,unseen,13940,24.200557708740234,24.12772560119629
a058_2,ronin,unseen,13960,24.262712478637695,24.239261627197266
a058_2,ronin,unseen,13980,24.32575035095215,24.35678482055664
a058_2,ronin,unseen,14000,24.380186080932617,24.43988800048828
a058_2,ronin,unseen,14020,24.432329177856445,24.518545150756836
a058_2,ronin,unseen,14040,24.486860275268555,24.594308853149414
a058_2,ronin,unseen,14060,24.551435470581055,24.677806854248047
a058_2,ronin,unseen,14080,24.63515853881836,24.780723571777344
a058_2,ronin,unseen,14100,24.724260330200195,24.8852481842041
a058_2,ronin,unseen,14120,24.795413970947266,24.969749450683594
a058_2,ronin,unseen,14140,24.857080459594727,25.052471160888672
a058_2,ronin,unseen,14160,24.909282684326172,25.12773895263672
a058_2,ronin,unseen,14180,24.965377807617188,25.21417999267578
a058_2,ronin,unseen,14200,25.027549743652344,25.32517433166504
a058_2,ronin,unseen,14220,25.09316062927246,25.450300216674805
a058_2,ronin,unseen,14240,25.147586822509766,25.54401969909668
a058_2,ronin,unseen,14260,25.20123291015625,25.634424209594727
a058_2,ronin,unseen,14280,25.25229835510254,25.722145080566406
a058_2,ronin,unseen,14300,25.311717987060547,25.81782341003418
a058_2,ronin,unseen,14320,25.387773513793945,25.92862892150879
a058_2,ronin,unseen,14340,25.47425651550293,26.04946517944336
a058_2,ronin,unseen,14360,25.54369354248047,26.151094436645508
a058_2,ronin,unseen,14380,25.602943420410156,26.244646072387695
a058_2,ronin,unseen,14400,25.656484603881836,26.326086044311523
a058_2,ronin,unseen,14420,25.71181297302246,26.416004180908203
a058_2,ronin,unseen,14440,25.769176483154297,26.52621078491211
a058_2,ronin,unseen,14460,25.830753326416016,26.659297943115234
a058_2,ronin,unseen,14480,25.88066864013672,26.75090980529785
a058_2,ronin,unseen,14500,25.927894592285156,26.83571434020996
a058_2,ronin,unseen,14520,25.97632598876953,26.917451858520508
a058_2,ronin,unseen,14540,26.031299591064453,27.000015258789062
a058_2,ronin,unseen,14560,26.10694694519043,27.101343154907227
a058_2,ronin,unseen,14580,26.194459915161133,27.213224411010742
a058_2,ronin,unseen,14600,26.26425552368164,27.302513122558594
a058_2,ronin,unseen,14620,26.323816299438477,27.39017105102539
a058_2,ronin,unseen,14640,26.377914428710938,27.476234436035156
a058_2,ronin,unseen,14660,26.434560775756836,27.570293426513672
a058_2,ronin,unseen,14680,26.496206283569336,27.685871124267578
a058_2,ronin,unseen,14700,26.55802345275879,27.814537048339844
a058_2,ronin,unseen,14720,26.609085083007812,27.908992767333984
a058_2,ronin,unseen,14740,26.65827178955078,27.990188598632812
a058_2,ronin,unseen,14760,26.707944869995117,28.07036781311035
a058_2,ronin,unseen,14780,26.766923904418945,28.15357780456543
a058_2,ronin,unseen,14800,26.84556007385254,28.25242042541504
a058_2,ronin,unseen,14820,26.935914993286133,28.361108779907227
a058_2,ronin,unseen,14840,27.003843307495117,28.44148063659668
a058_2,ronin,unseen,14860,27.06703758239746,28.522111892700195
a058_2,ronin,unseen,14880,27.12356185913086,28.59504508972168
a058_2,ronin,unseen,14900,27.181453704833984,28.672828674316406
a058_2,ronin,unseen,14920,27.246898651123047,28.775468826293945
a058_2,ronin,unseen,14940,27.316951751708984,28.89568328857422
a058_2,ronin,unseen,14960,27.375776290893555,28.98324966430664
a058_2,ronin,unseen,14980,27.435897827148438,29.061420440673828
a058_2,ronin,unseen,15000,27.492876052856445,29.133407592773438
a058_2,ronin,unseen,15020,27.55994415283203,29.211130142211914
a058_2,ronin,unseen,15040,27.64784812927246,29.299673080444336
a058_2,ronin,unseen,15060,27.748029708862305,29.397659301757812
a058_2,ronin,unseen,15080,27.823650360107422,29.47348976135254
a058_2,ronin,unseen,15100,27.892885208129883,29.55281639099121
a058_2,ronin,unseen,15120,27.951805114746094,29.621810913085938
a058_2,ronin,unseen,15140,28.010862350463867,29.696016311645508
a058_2,ronin,unseen,15160,28.073684692382812,29.790821075439453
a058_2,ronin,unseen,15180,28.1441707611084,29.905872344970703
a058_2,ronin,unseen,15200,28.2016658782959,29.99161720275879
a058_2,ronin,unseen,15220,28.252107620239258,30.069589614868164
a058_2,ronin,unseen,15240,28.300859451293945,30.143831253051758
a058_2,ronin,unseen,15260,28.354454040527344,30.219825744628906
a058_2,ronin,unseen,15280,28.424427032470703,30.309494018554688
a058_2,ronin,unseen,15300,28.507801055908203,30.417009353637695
a058_2,ronin,unseen,15320,28.57191276550293,30.504486083984375
a058_2,ronin,unseen,15340,28.624906539916992,30.58112144470215
a058_2,ronin,unseen,15360,28.67110824584961,30.65086555480957
a058_2,ronin,unseen,15380,28.717784881591797,30.724315643310547
a058_2,ronin,unseen,15400,28.764543533325195,30.809518814086914
a058_2,ronin,unseen,15420,28.819101333618164,30.920732498168945
a058_2,ronin,unseen,15440,28.86693000793457,31.016986846923828
a058_2,ronin,unseen,15460,28.910686492919922,31.087594985961914
a058_2,ronin,unseen,15480,28.953264236450195,31.157705307006836
a058_2,ronin,unseen,15500,28.99887466430664,31.22524642944336
a058_2,ronin,unseen,15520,29.054044723510742,31.294923782348633
a058_2,ronin,unseen,15540,29.12528419494629,31.3735294342041
a058_2,ronin,unseen,15560,29.205514907836914,31.464723587036133
a058_2,ronin,unseen,15580,29.261320114135742,31.53476333618164
a058_2,ronin,unseen,15600,29.31165885925293,31.601043701171875
a058_2,ronin,unseen,15620,29.359121322631836,31.666091918945312
a058_2,ronin,unseen,15640,29.411739349365234,31.74050521850586
a058_2,ronin,unseen,15660,29.469385147094727,31.83538818359375
a058_2,ronin,unseen,15680,29.531906127929688,31.940587997436523
a058_2,ronin,unseen,15700,29.58245086669922,32.01832962036133
a058_2,ronin,unseen,15720,29.623302459716797,32.087623596191406
a058_2,ronin,unseen,15740,29.66754913330078,32.15255355834961
a058_2,ronin,unseen,15760,29.71726417541504,32.221214294433594
a058_2,ronin,unseen,15780,29.787511825561523,32.30409240722656
a058_2,ronin,unseen,15800,29.869186401367188,32.39222717285156
a058_2,ronin,unseen,15820,29.936004638671875,32.46346664428711
a058_2,ronin,unseen,15840,29.992483139038086,32.53049850463867
a058_2,ronin,unseen,15860,30.037212371826172,32.592872619628906
a058_2,ronin,unseen,15880,30.07822036743164,32.66061019897461
a058_2,ronin,unseen,15900,30.119184494018555,32.75035095214844
a058_2,ronin,unseen,15920,30.166053771972656,32.8560791015625
a058_2,ronin,unseen,15940,30.207881927490234,32.941184997558594
a058_2,ronin,unseen,15960,30.251869201660156,33.01507568359375
a058_2,ronin,unseen,15980,30.285633087158203,33.086143493652344
a058_2,ronin,unseen,16000,30.325834274291992,33.162052154541016
a058_2,ronin,unseen,16020,30.382728576660156,33.24460220336914
a058_2,ronin,unseen,16040,30.454517364501953,33.330650329589844
a058_2,ronin,unseen,16060,30.525651931762695,33.41550064086914
a058_2,ronin,unseen,16080,30.585222244262695,33.48735427856445
a058_2,ronin,unseen,16100,30.637447357177734,33.55655288696289
a058_2,ronin,unseen,16120,30.690166473388672,33.63145065307617
a058_2,ronin,unseen,16140,30.744285583496094,33.713287353515625
a058_2,ronin,unseen,16160,30.79572296142578,33.80873489379883
a058_2,ronin,unseen,16180,30.851646423339844,33.90998840332031
a058_2,ronin,unseen,16200,30.89916229248047,33.99361038208008
a058_2,ronin,unseen,16220,30.941850662231445,34.073421478271484
a058_2,ronin,unseen,16240,30.985292434692383,34.15878677368164
a058_2,ronin,unseen,16260,31.03635597229004,34.25141525268555
a058_2,ronin,unseen,16280,31.099048614501953,34.35173797607422
a058_2,ronin,unseen,16300,31.169960021972656,34.45500564575195
a058_2,ronin,unseen,16320,31.235095977783203,34.54798126220703
a058_2,ronin,unseen,16340,31.287851333618164,34.632041931152344
a058_2,ronin,unseen,16360,31.338048934936523,34.71284484863281
a058_2,ronin,unseen,16380,31.385953903198242,34.79241180419922
a058_2,ronin,unseen,16400,31.431503295898438,34.87898635864258
a058_2,ronin,unseen,16420,31.476774215698242,34.9836311340332
a058_2,ronin,unseen,16440,31.522079467773438,35.08613967895508
a058_2,ronin,unseen,16460,31.567790985107422,35.16569900512695
a058_2,ronin,unseen,16480,31.610321044921875,35.240562438964844
a058_2,ronin,unseen,16500,31.649208068847656,35.304283142089844
a058_2,ronin,unseen,16520,31.699256896972656,35.376487731933594
a058_2,ronin,unseen,16540,31.765378952026367,35.4592399597168
a058_2,ronin,unseen,16560,31.841354370117188,35.552001953125
a058_2,ronin,unseen,16580,31.90375518798828,35.62552261352539
a058_2,ronin,unseen,16600,31.961570739746094,35.69697952270508
a058_2,ronin,unseen,16620,32.008544921875,35.75410461425781
a058_2,ronin,unseen,16640,32.05767822265625,35.813270568847656
a058_2,ronin,unseen,16660,32.106040954589844,35.88022994995117
a058_2,ronin,unseen,16680,32.16175079345703,35.965431213378906
a058_2,ronin,unseen,16700,32.22393035888672,36.04975128173828
a058_2,ronin,unseen,16720,32.272029876708984,36.10415267944336
a058_2,ronin,unseen,16740,32.315834045410156,36.163997650146484
a058_2,ronin,unseen,16760,32.3608512878418,36.221832275390625
a058_2,ronin,unseen,16780,32.41447830200195,36.2800407409668
a058_2,ronin,unseen,16800,32.481998443603516,36.34108352661133
a058_2,ronin,unseen,16820,32.5637321472168,36.41471862792969
a058_2,ronin,unseen,16840,32.626155853271484,36.47317886352539
a058_2,ronin,unseen,16860,32.67353820800781,36.52411651611328
a058_2,ronin,unseen,16880,32.7140007019043,36.57025909423828
a058_2,ronin,unseen,16900,32.75294876098633,36.615116119384766
a058_2,ronin,unseen,16920,32.79018020629883,36.66371536254883
a058_2,ronin,unseen,16940,32.829463958740234,36.721046447753906
a058_2,ronin,unseen,16960,32.8781852722168,36.788936614990234
a058_2,ronin,unseen,16980,32.91345977783203,36.8424186706543
a058_2,ronin,unseen,17000,32.93739700317383,36.888370513916016
a058_2,ronin,unseen,17020,32.952823638916016,36.93603515625
a058_2,ronin,unseen,17040,32.979248046875,36.98063659667969
a058_2,ronin,unseen,17060,32.996360778808594,37.029296875
a058_2,ronin,unseen,17080,33.011375427246094,37.078487396240234
a058_2,ronin,unseen,17100,33.03291320800781,37.127342224121094
a058_2,ronin,unseen,17120,33.04752731323242,37.16654586791992
a058_2,ronin,unseen,17140,33.05225372314453,37.19410705566406
a058_2,ronin,unseen,17160,33.04668426513672,37.21843719482422
a058_2,ronin,unseen,17180,33.03317642211914,37.23278045654297
a058_2,ronin,unseen,17200,33.00240707397461,37.244205474853516
a058_2,ronin,unseen,17220,32.96431350708008,37.24906539916992
a058_2,ronin,unseen,17240,32.909576416015625,37.2458610534668
a058_2,ronin,unseen,17260,32.840126037597656,37.241233825683594
a058_2,ronin,unseen,17280,32.76630401611328,37.2310676574707
a058_2,ronin,unseen,17300,32.69727325439453,37.21026611328125
a058_2,ronin,unseen,17320,32.62954330444336,37.19736099243164
a058_2,ronin,unseen,17340,32.56318664550781,37.1833610534668
a058_2,ronin,unseen,17360,32.50041580200195,37.176979064941406
a058_2,ronin,unseen,17380,32.43354415893555,37.16857147216797
a058_2,ronin,unseen,17400,32.362186431884766,37.167022705078125
a058_2,ronin,unseen,17420,32.271297454833984,37.17448425292969
a058_2,ronin,unseen,17440,32.1644287109375,37.187557220458984
a058_2,ronin,unseen,17460,32.0886116027832,37.20245361328125
a058_2,ronin,unseen,17480,32.01784896850586,37.21284103393555
a058_2,ronin,unseen,17500,31.952247619628906,37.220924377441406
a058_2,ronin,unseen,17520,31.88564682006836,37.228023529052734
a058_2,ronin,unseen,17540,31.812522888183594,37.233890533447266
a058_2,ronin,unseen,17560,31.725793838500977,37.23483657836914
a058_2,ronin,unseen,17580,31.612300872802734,37.23583984375
a058_2,ronin,unseen,17600,31.52536392211914,37.24217224121094
a058_2,ronin,unseen,17620,31.448888778686523,37.23807907104492
a058_2,ronin,unseen,17640,31.373825073242188,37.24531173706055
a058_2,ronin,unseen,17660,31.295595169067383,37.25643539428711
a058_2,ronin,unseen,17680,31.208759307861328,37.273006439208984
a058_2,ronin,unseen,17700,31.096240997314453,37.29990768432617
a058_2,ronin,unseen,17720,30.980993270874023,37.3244514465332
a058_2,ronin,unseen,17740,30.884897232055664,37.347129821777344
a058_2,ronin,unseen,17760,30.800825119018555,37.37174987792969
a058_2,ronin,unseen,17780,30.72671890258789,37.39551544189453
a058_2,ronin,unseen,17800,30.646038055419922,37.41817855834961
a058_2,ronin,unseen,17820,30.54118537902832,37.44011306762695
a058_2,ronin,unseen,17840,30.42095947265625,37.4660758972168
a058_2,ronin,unseen,17860,30.315168380737305,37.49452590942383
a058_2,ronin,unseen,17880,30.227506637573242,37.4984245300293
a058_2,ronin,unseen,17900,30.14885139465332,37.52861404418945
a058_2,ronin,unseen,17920,30.071033477783203,37.56424331665039
a058_2,ronin,unseen,17940,29.990144729614258,37.61102294921875
a058_2,ronin,unseen,17960,29.902151107788086,37.66655349731445
a058_2,ronin,unseen,17980,29.793087005615234,37.73585510253906
a058_2,ronin,unseen,18000,29.718786239624023,37.7859992980957
a058_2,ronin,unseen,18020,29.64249038696289,37.83837890625
a058_2,ronin,unseen,18040,29.57208251953125,37.88764953613281
a058_2,ronin,unseen,18060,29.493976593017578,37.939727783203125
a058_2,ronin,unseen,18080,29.403562545776367,37.991031646728516
a058_2,ronin,unseen,18100,29.283889770507812,38.05392837524414
a058_2,ronin,unseen,18120,29.191314697265625,38.107730865478516
a058_2,ronin,unseen,18140,29.11951446533203,38.15242385864258
a058_2,ronin,unseen,18160,29.045330047607422,38.200199127197266
a058_2,ronin,unseen,18180,28.967288970947266,38.25452423095703
a058_2,ronin,unseen,18200,28.88730812072754,38.318115234375
a058_2,ronin,unseen,18220,28.804033279418945,38.388885498046875
a058_2,ronin,unseen,18240,28.71417808532715,38.460914611816406
a058_2,ronin,unseen,18260,28.631561279296875,38.516929626464844
a058_2,ronin,unseen,18280,28.555437088012695,38.56345748901367
a058_2,ronin,unseen,18300,28.475942611694336,38.60956573486328
a058_2,ronin,unseen,18320,28.388290405273438,38.65201187133789
a058_2,ronin,unseen,18340,28.27543830871582,38.694271087646484
a058_2,ronin,unseen,18360,28.148765563964844,38.72814178466797
a058_2,ronin,unseen,18380,28.063528060913086,38.759857177734375
a058_2,ronin,unseen,18400,27.983707427978516,38.78883743286133
a058_2,ronin,unseen,18420,27.90169334411621,38.82063293457031
a058_2,ronin,unseen,18440,27.812450408935547,38.85685348510742
a058_2,ronin,unseen,18460,27.72159767150879,38.896217346191406
a058_2,ronin,unseen,18480,27.594892501831055,38.909828186035156
a058_2,ronin,unseen,18500,27.491252899169922,38.937965393066406
a058_2,ronin,unseen,18520,27.398469924926758,38.95511245727539
a058_2,ronin,unseen,18540,27.320158004760742,38.96718215942383
a058_2,ronin,unseen,18560,27.237396240234375,38.971527099609375
a058_2,ronin,unseen,18580,27.12882423400879,38.962364196777344
a058_2,ronin,unseen,18600,27.004764556884766,38.93522644042969
a058_2,ronin,unseen,18620,26.893247604370117,38.854652404785156
a058_2,ronin,unseen,18640,26.800708770751953,38.824859619140625
a058_2,ronin,unseen,18660,26.709211349487305,38.79292297363281
a058_2,ronin,unseen,18680,26.627845764160156,38.735050201416016
a058_2,ronin,unseen,18700,26.54364776611328,38.710174560546875
a058_2,ronin,unseen,18720,26.435617446899414,38.685646057128906
a058_2,ronin,unseen,18740,26.321622848510742,38.64996337890625
a058_2,ronin,unseen,18760,26.2222957611084,38.61138916015625
a058_2,ronin,unseen,18780,26.134395599365234,38.57424545288086
a058_2,ronin,unseen,18800,26.06024742126465,38.54343032836914
a058_2,ronin,unseen,18820,25.98566246032715,38.50433349609375
a058_2,ronin,unseen,18840,25.901525497436523,38.44477462768555
a058_2,ronin,unseen,18860,25.799562454223633,38.366310119628906
a058_2,ronin,unseen,18880,25.70960807800293,38.28942108154297
a058_2,ronin,unseen,18900,25.63683319091797,38.235107421875
a058_2,ronin,unseen,18920,25.565412521362305,38.17860794067383
a058_2,ronin,unseen,18940,25.493982315063477,38.12570571899414
a058_2,ronin,unseen,18960,25.41370391845703,38.071311950683594
a058_2,ronin,unseen,18980,25.311296463012695,38.008636474609375
a058_2,ronin,unseen,19000,25.20425796508789,37.94160842895508
a058_2,ronin,unseen,19020,25.122211456298828,37.88014602661133
a058_2,ronin,unseen,19040,25.055341720581055,37.823707580566406
a058_2,ronin,unseen,19060,24.994001388549805,37.76792907714844
a058_2,ronin,unseen,19080,24.933002471923828,37.70522689819336
a058_2,ronin,unseen,19100,24.87069320678711,37.629913330078125
a058_2,ronin,unseen,19120,24.794340133666992,37.53076934814453
a058_2,ronin,unseen,19140,24.738983154296875,37.459938049316406
a058_2,ronin,unseen,19160,24.690385818481445,37.396484375
a058_2,ronin,unseen,19180,24.63973045349121,37.330684661865234
a058_2,ronin,unseen,19200,24.584026336669922,37.26318359375
a058_2,ronin,unseen,19220,24.519184112548828,37.19247817993164
a058_2,ronin,unseen,19240,24.431758880615234,37.105831146240234
a058_2,ronin,unseen,19260,24.359050750732422,37.028533935546875
a058_2,ronin,unseen,19280,24.297983169555664,36.954383850097656
a058_2,ronin,unseen,19300,24.249187469482422,36.89359664916992
a058_2,ronin,unseen,19320,24.19891357421875,36.830772399902344
a058_2,ronin,unseen,19340,24.14972686767578,36.758575439453125
a058_2,ronin,unseen,19360,24.092540740966797,36.655517578125
a058_2,ronin,unseen,19380,24.034196853637695,36.557647705078125
a058_2,ronin,unseen,19400,23.981693267822266,36.485748291015625
a058_2,ronin,unseen,19420,23.93768310546875,36.41663360595703
a058_2,ronin,unseen,19440,23.89276123046875,36.34900665283203
a058_2,ronin,unseen,19460,23.83956527709961,36.27838897705078
a058_2,ronin,unseen,19480,23.766149520874023,36.19426345825195
a058_2,ronin,unseen,19500,23.68402099609375,36.103023529052734
a058_2,ronin,unseen,19520,23.625761032104492,36.034549713134766
a058_2,ronin,unseen,19540,23.573041915893555,35.961246490478516
a058_2,ronin,unseen,19560,23.526792526245117,35.89541244506836
a058_2,ronin,unseen,19580,23.48002052307129,35.82567596435547
a058_2,ronin,unseen,19600,23.43458366394043,35.744869232177734
a058_2,ronin,unseen,19620,23.38051414489746,35.63624954223633
a058_2,ronin,unseen,19640,23.3388671875,35.554901123046875
a058_2,ronin,unseen,19660,23.296215057373047,35.49172592163086
a058_2,ronin,unseen,19680,23.251440048217773,35.42898941040039
a058_2,ronin,unseen,19700,23.19993782043457,35.36567687988281
a058_2,ronin,unseen,19720,23.136428833007812,35.29871368408203
a058_2,ronin,unseen,19740,23.055927276611328,35.21916580200195
a058_2,ronin,unseen,19760,22.98485565185547,35.14731979370117
a058_2,ronin,unseen,19780,22.92706298828125,35.08705139160156
a058_2,ronin,unseen,19800,22.87641143798828,35.032081604003906
a058_2,ronin,unseen,19820,22.826082229614258,34.973995208740234
a058_2,ronin,unseen,19840,22.776119232177734,34.90803146362305
a058_2,ronin,unseen,19860,22.72195816040039,34.82410430908203
a058_2,ronin,unseen,19880,22.665298461914062,34.735260009765625
a058_2,ronin,unseen,19900,22.61750602722168,34.66855239868164
a058_2,ronin,unseen,19920,22.576927185058594,34.60490036010742
a058_2,ronin,unseen,19940,22.534744262695312,34.54159927368164
a058_2,ronin,unseen,19960,22.48772621154785,34.47675704956055
a058_2,ronin,unseen,19980,22.42634391784668,34.399959564208984
a058_2,ronin,unseen,20000,22.35421371459961,34.314422607421875
a058_2,ronin,unseen,20020,22.29532814025879,34.238948822021484
a058_2,ronin,unseen,20040,22.245250701904297,34.166969299316406
a058_2,ronin,unseen,20060,22.20165252685547,34.1025276184082
a058_2,ronin,unseen,20080,22.15612030029297,34.03105163574219
a058_2,ronin,unseen,20100,22.11338996887207,33.94767761230469
a058_2,ronin,unseen,20120,22.073482513427734,33.84663772583008
a058_2,ronin,unseen,20140,22.036087036132812,33.750370025634766
a058_2,ronin,unseen,20160,21.99410057067871,33.667022705078125
a058_2,ronin,unseen,20180,21.95808982849121,33.593017578125
a058_2,ronin,unseen,20200,21.916812896728516,33.51719284057617
a058_2,ronin,unseen,20220,21.866479873657227,33.441070556640625
a058_2,ronin,unseen,20240,21.80376434326172,33.358924865722656
a058_2,ronin,unseen,20260,21.73693084716797,33.26372146606445
a058_2,ronin,unseen,20280,21.678163528442383,33.184505462646484
a058_2,ronin,unseen,20300,21.62458038330078,33.1104621887207
a058_2,ronin,unseen,20320,21.573545455932617,33.036346435546875
a058_2,ronin,unseen,20340,21.51891326904297,32.958431243896484
a058_2,ronin,unseen,20360,21.461416244506836,32.86978530883789
a058_2,ronin,unseen,20380,21.401809692382812,32.764827728271484
a058_2,ronin,unseen,20400,21.344505310058594,32.67693328857422
a058_2,ronin,unseen,20420,21.29109764099121,32.60382080078125
a058_2,ronin,unseen,20440,21.242992401123047,32.53616714477539
a058_2,ronin,unseen,20460,21.188011169433594,32.466392517089844
a058_2,ronin,unseen,20480,21.119144439697266,32.39210510253906
a058_2,ronin,unseen,20500,21.03834342956543,32.306907653808594
a058_2,ronin,unseen,20520,20.967531204223633,32.227294921875
a058_2,ronin,unseen,20540,20.9066219329834,32.149227142333984
a058_2,ronin,unseen,20560,20.855186462402344,32.081363677978516
a058_2,ronin,unseen,20580,20.802122116088867,32.006072998046875
a058_2,ronin,unseen,20600,20.74271583557129,31.910097122192383
a058_2,ronin,unseen,20620,20.684661865234375,31.797300338745117
a058_2,ronin,unseen,20640,20.63508415222168,31.694978713989258
a058_2,ronin,unseen,20660,20.585582733154297,31.613439559936523
a058_2,ronin,unseen,20680,20.540729522705078,31.538257598876953
a058_2,ronin,unseen,20700,20.490747451782227,31.455230712890625
a058_2,ronin,unseen,20720,20.431034088134766,31.364980697631836
a058_2,ronin,unseen,20740,20.358488082885742,31.269269943237305
a058_2,ronin,unseen,20760,20.288496017456055,31.175125122070312
a058_2,ronin,unseen,20780,20.23314094543457,31.093372344970703
a058_2,ronin,unseen,20800,20.183122634887695,31.020044326782227
a058_2,ronin,unseen,20820,20.13302993774414,30.946596145629883
a058_2,ronin,unseen,20840,20.07863426208496,30.858144760131836
a058_2,ronin,unseen,20860,20.02635955810547,30.75470542907715
a058_2,ronin,unseen,20880,19.9749698638916,30.648696899414062
a058_2,ronin,unseen,20900,19.929231643676758,30.573963165283203
a058_2,ronin,unseen,20920,19.88447380065918,30.499366760253906
a058_2,ronin,unseen,20940,19.83457374572754,30.42319107055664
a058_2,ronin,unseen,20960,19.774381637573242,30.342771530151367
a058_2,ronin,unseen,20980,19.700927734375,30.25780487060547
a058_2,ronin,unseen,21000,19.626155853271484,30.168256759643555
a058_2,ronin,unseen,21020,19.567033767700195,30.095489501953125
a058_2,ronin,unseen,21040,19.511009216308594,30.02269744873047
a058_2,ronin,unseen,21060,19.45549774169922,29.950843811035156
a058_2,ronin,unseen,21080,19.396459579467773,29.86733055114746
a058_2,ronin,unseen,21100,19.33711051940918,29.770498275756836
a058_2,ronin,unseen,21120,19.278038024902344,29.66719627380371
a058_2,ronin,unseen,21140,19.222551345825195,29.587467193603516
a058_2,ronin,unseen,21160,19.1717529296875,29.51130485534668
a058_2,ronin,unseen,21180,19.113847732543945,29.430822372436523
a058_2,ronin,unseen,21200,19.046215057373047,29.342899322509766
a058_2,ronin,unseen,21220,18.967117309570312,29.25241470336914
a058_2,ronin,unseen,21240,18.885597229003906,29.16122817993164
a058_2,ronin,unseen,21260,18.813880920410156,29.080657958984375
a058_2,ronin,unseen,21280,18.749574661254883,29.002826690673828
a058_2,ronin,unseen,21300,18.68682861328125,28.921401977539062
a058_2,ronin,unseen,21320,18.621604919433594,28.831899642944336
a058_2,ronin,unseen,21340,18.5614013671875,28.730426788330078
a058_2,ronin,unseen,21360,18.50577735900879,28.620830535888672
a058_2,ronin,unseen,21380,18.452354431152344,28.526470184326172
a058_2,ronin,unseen,21400,18.400089263916016,28.442073822021484
a058_2,ronin,unseen,21420,18.349061965942383,28.355684280395508
a058_2,ronin,unseen,21440,18.294103622436523,28.265605926513672
a058_2,ronin,unseen,21460,18.229290008544922,28.172409057617188
a058_2,ronin,unseen,21480,18.15833282470703,28.076398849487305
a058_2,ronin,unseen,21500,18.097118377685547,27.98533058166504
a058_2,ronin,unseen,21520,18.045211791992188,27.905033111572266
a058_2,ronin,unseen,21540,17.98739242553711,27.820884704589844
a058_2,ronin,unseen,21560,17.924381256103516,27.732425689697266
a058_2,ronin,unseen,21580,17.86787986755371,27.63545036315918
a058_2,ronin,unseen,21600,17.818941116333008,27.53290557861328
a058_2,ronin,unseen,21620,17.769969940185547,27.4321231842041
a058_2,ronin,unseen,21640,17.71881103515625,27.35015869140625
a058_2,ronin,unseen,21660,17.668869018554688,27.25797462463379
a058_2,ronin,unseen,21680,17.61365509033203,27.160982131958008
a058_2,ronin,unseen,21700,17.548198699951172,27.063936233520508
a058_2,ronin,unseen,21720,17.483158111572266,26.97521209716797
a058_2,ronin,unseen,21740,17.42365837097168,26.879140853881836
a058_2,ronin,unseen,21760,17.375886917114258,26.7894287109375
a058_2,ronin,unseen,21780,17.33537483215332,26.693944931030273
a058_2,ronin,unseen,21800,17.29314613342285,26.60053062438965
a058_2,ronin,unseen,21820,17.246671676635742,26.50826072692871
a058_2,ronin,unseen,21840,17.200092315673828,26.41510772705078
a058_2,ronin,unseen,21860,17.147314071655273,26.32174301147461
a058_2,ronin,unseen,21880,17.09128189086914,26.23959732055664
a058_2,ronin,unseen,21900,17.04778480529785,26.169509887695312
a058_2,ronin,unseen,21920,17.005352020263672,26.094655990600586
a058_2,ronin,unseen,21940,16.956222534179688,26.004953384399414
a058_2,ronin,unseen,21960,16.90145492553711,25.914518356323242
a058_2,ronin,unseen,21980,16.84023666381836,25.820621490478516
a058_2,ronin,unseen,22000,16.789077758789062,25.73772430419922
a058_2,ronin,unseen,22020,16.748764038085938,25.667646408081055
a058_2,ronin,unseen,22040,16.71259880065918,25.596513748168945
a058_2,ronin,unseen,22060,16.673397064208984,25.52125358581543
a058_2,ronin,unseen,22080,16.639942169189453,25.443727493286133
a058_2,ronin,unseen,22100,16.61094856262207,25.356779098510742
a058_2,ronin,unseen,22120,16.579898834228516,25.274106979370117
a058_2,ronin,unseen,22140,16.55603790283203,25.205909729003906
a058_2,ronin,unseen,22160,16.546167373657227,25.1284122467041
a058_2,ronin,unseen,22180,16.54435157775879,25.05953598022461
a058_2,ronin,unseen,22200,16.538915634155273,24.991151809692383
a058_2,ronin,unseen,22220,16.515247344970703,24.927141189575195
a058_2,ronin,unseen,22240,16.476961135864258,24.862367630004883
a058_2,ronin,unseen,22260,16.422529220581055,24.790918350219727
a058_2,ronin,unseen,22280,16.381277084350586,24.73110008239746
a058_2,ronin,unseen,22300,16.334087371826172,24.664461135864258
a058_2,ronin,unseen,22320,16.279590606689453,24.592805862426758
a058_2,ronin,unseen,22340,16.19782257080078,24.504165649414062
a058_2,ronin,unseen,22360,16.1226806640625,24.429420471191406
a058_2,ronin,unseen,22380,16.04082679748535,24.3497371673584
a058_2,ronin,unseen,22400,15.953088760375977,24.282747268676758
a058_2,ronin,unseen,22420,15.875995635986328,24.240894317626953
a058_2,ronin,unseen,22440,15.806346893310547,24.1889705657959
a058_2,ronin,unseen,22460,15.73629379272461,24.136980056762695
a058_2,ronin,unseen,22480,15.664217948913574,24.072893142700195
a058_2,ronin,unseen,22500,15.59183406829834,24.00470733642578
a058_2,ronin,unseen,22520,15.51039981842041,23.920576095581055
a058_2,ronin,unseen,22540,15.445140838623047,23.84742546081543
a058_2,ronin,unseen,22560,15.382813453674316,23.773500442504883
a058_2,ronin,unseen,22580,15.321930885314941,23.69683837890625
a058_2,ronin,unseen,22600,15.259659767150879,23.607772827148438
a058_2,ronin,unseen,22620,15.205849647521973,23.51345443725586
a058_2,ronin,unseen,22640,15.14657211303711,23.411123275756836
a058_2,ronin,unseen,22660,15.091069221496582,23.32823371887207
a058_2,ronin,unseen,22680,15.04572868347168,23.257413864135742
a058_2,ronin,unseen,22700,14.992241859436035,23.174867630004883
a058_2,ronin,unseen,22720,14.938342094421387,23.09515953063965
a058_2,ronin,unseen,22740,14.876288414001465,23.01441764831543
a058_2,ronin,unseen,22760,14.806231498718262,22.927751541137695
a058_2,ronin,unseen,22780,14.749871253967285,22.833406448364258
a058_2,ronin,unseen,22800,14.6995849609375,22.7548885345459
a058_2,ronin,unseen,22820,14.64599609375,22.674163818359375
a058_2,ronin,unseen,22840,14.594444274902344,22.594276428222656
a058_2,ronin,unseen,22860,14.541865348815918,22.497962951660156
a058_2,ronin,unseen,22880,14.495165824890137,22.40270233154297
a058_2,ronin,unseen,22900,14.451054573059082,22.32271385192871
a058_2,ronin,unseen,22920,14.41219711303711,22.248443603515625
a058_2,ronin,unseen,22940,14.36051082611084,22.160686492919922
a058_2,ronin,unseen,22960,14.306912422180176,22.07579231262207
a058_2,ronin,unseen,22980,14.245875358581543,21.992101669311523
a058_2,ronin,unseen,23000,14.180670738220215,21.910423278808594
a058_2,ronin,unseen,23020,14.11696720123291,21.8255672454834
a058_2,ronin,unseen,23040,14.064913749694824,21.7503662109375
a058_2,ronin,unseen,23060,14.011100769042969,21.672170639038086
a058_2,ronin,unseen,23080,13.954225540161133,21.58934783935547
a058_2,ronin,unseen,23100,13.896825790405273,21.495115280151367
a058_2,ronin,unseen,23120,13.849042892456055,21.402273178100586
a058_2,ronin,unseen,23140,13.800469398498535,21.3024959564209
a058_2,ronin,unseen,23160,13.75033950805664,21.221057891845703
a058_2,ronin,unseen,23180,13.701373100280762,21.137483596801758
a058_2,ronin,unseen,23200,13.649020195007324,21.052953720092773
a058_2,ronin,unseen,23220,13.58828353881836,20.964942932128906
a058_2,ronin,unseen,23240,13.521965026855469,20.88102912902832
a058_2,ronin,unseen,23260,13.452651023864746,20.788789749145508
a058_2,ronin,unseen,23280,13.396960258483887,20.70659828186035
a058_2,ronin,unseen,23300,13.344829559326172,20.622488021850586
a058_2,ronin,unseen,23320,13.292280197143555,20.539236068725586
a058_2,ronin,unseen,23340,13.234461784362793,20.444095611572266
a058_2,ronin,unseen,23360,13.182535171508789,20.342830657958984
a058_2,ronin,unseen,23380,13.13058090209961,20.24375343322754
a058_2,ronin,unseen,23400,13.07879638671875,20.16084861755371
a058_2,ronin,unseen,23420,13.028059959411621,20.080568313598633
a058_2,ronin,unseen,23440,12.968091011047363,19.990446090698242
a058_2,ronin,unseen,23460,12.899337768554688,19.89757537841797
a058_2,ronin,unseen,23480,12.828458786010742,19.816448211669922
a058_2,ronin,unseen,23500,12.74790096282959,19.72677230834961
a058_2,ronin,unseen,23520,12.676026344299316,19.645938873291016
a058_2,ronin,unseen,23540,12.611355781555176,19.566211700439453
a058_2,ronin,unseen,23560,12.543718338012695,19.4801082611084
a058_2,ronin,unseen,23580,12.475564002990723,19.387969970703125
a058_2,ronin,unseen,23600,12.409980773925781,19.27978515625
a058_2,ronin,unseen,23620,12.355412483215332,19.180702209472656
a058_2,ronin,unseen,23640,12.30380916595459,19.098899841308594
a058_2,ronin,unseen,23660,12.250076293945312,19.014537811279297
a058_2,ronin,unseen,23680,12.19028091430664,18.92698860168457
a058_2,ronin,unseen,23700,12.124030113220215,18.838420867919922
a058_2,ronin,unseen,23720,12.054293632507324,18.755138397216797
a058_2,ronin,unseen,23740,11.981697082519531,18.658557891845703
a058_2,ronin,unseen,23760,11.918976783752441,18.56325912475586
a058_2,ronin,unseen,23780,11.861770629882812,18.475439071655273
a058_2,ronin,unseen,23800,11.804244041442871,18.381986618041992
a058_2,ronin,unseen,23820,11.745576858520508,18.278759002685547
a058_2,ronin,unseen,23840,11.696634292602539,18.172374725341797
a058_2,ronin,unseen,23860,11.64440631866455,18.060850143432617
a058_2,ronin,unseen,23880,11.594351768493652,17.963768005371094
a058_2,ronin,unseen,23900,11.545699119567871,17.865156173706055
a058_2,ronin,unseen,23920,11.491974830627441,17.761775970458984
a058_2,ronin,unseen,23940,11.431081771850586,17.651275634765625
a058_2,ronin,unseen,23960,11.367134094238281,17.541200637817383
a058_2,ronin,unseen,23980,11.303199768066406,17.426576614379883
a058_2,ronin,unseen,24000,11.254732131958008,17.32651710510254
a058_2,ronin,unseen,24020,11.208037376403809,17.221500396728516
a058_2,ronin,unseen,24040,11.162925720214844,17.11896514892578
a058_2,ronin,unseen,24060,11.12214183807373,17.010644912719727
a058_2,ronin,unseen,24080,11.091012001037598,16.89894676208496
a058_2,ronin,unseen,24100,11.0588960647583,16.780729293823242
a058_2,ronin,unseen,24120,11.030877113342285,16.685380935668945
a058_2,ronin,unseen,24140,11.00270938873291,16.57971954345703
a058_2,ronin,unseen,24160,10.974098205566406,16.47071075439453
a058_2,ronin,unseen,24180,10.942194938659668,16.35776710510254
a058_2,ronin,unseen,24200,10.905888557434082,16.24493408203125
a058_2,ronin,unseen,24220,10.889880180358887,16.114482879638672
a058_2,ronin,unseen,24240,10.876030921936035,16.00571060180664
a058_2,ronin,unseen,24260,10.85903263092041,15.896596908569336
a058_2,ronin,unseen,24280,10.843266487121582,15.783490180969238
a058_2,ronin,unseen,24300,10.833704948425293,15.664863586425781
a058_2,ronin,unseen,24320,10.831548690795898,15.543351173400879
a058_2,ronin,unseen,24340,10.824090957641602,15.424118041992188
a058_2,ronin,unseen,24360,10.811695098876953,15.327240943908691
a058_2,ronin,unseen,24380,10.800431251525879,15.21639633178711
a058_2,ronin,unseen,24400,10.787698745727539,15.103142738342285
a058_2,ronin,unseen,24420,10.768996238708496,14.986867904663086
a058_2,ronin,unseen,24440,10.746243476867676,14.869528770446777
a058_2,ronin,unseen,24460,10.730551719665527,14.751078605651855
a058_2,ronin,unseen,24480,10.71988296508789,14.650185585021973
a058_2,ronin,unseen,24500,10.709527015686035,14.542611122131348
a058_2,ronin,unseen,24520,10.701334953308105,14.435908317565918
a058_2,ronin,unseen,24540,10.700346946716309,14.316055297851562
a058_2,ronin,unseen,24560,10.706419944763184,14.19749641418457
a058_2,ronin,unseen,24580,10.706135749816895,14.09367847442627
a058_2,ronin,unseen,24600,10.708590507507324,13.998552322387695
a058_2,ronin,unseen,24620,10.705954551696777,13.892032623291016
a058_2,ronin,unseen,24640,10.700879096984863,13.785223007202148
a058_2,ronin,unseen,24660,10.689627647399902,13.673190116882324
a058_2,ronin,unseen,24680,10.675183296203613,13.553692817687988
a058_2,ronin,unseen,24700,10.666866302490234,13.440654754638672
a058_2,ronin,unseen,24720,10.661994934082031,13.337553977966309
a058_2,ronin,unseen,24740,10.657197952270508,13.228901863098145
a058_2,ronin,unseen,24760,10.654223442077637,13.11436939239502
a058_2,ronin,unseen,24780,10.661718368530273,12.996052742004395
a058_2,ronin,unseen,24800,10.675859451293945,12.868654251098633
a058_2,ronin,unseen,24820,10.679530143737793,12.761176109313965
a058_2,ronin,unseen,24840,10.68712043762207,12.661666870117188
a058_2,ronin,unseen,24860,10.685976028442383,12.554241180419922
a058_2,ronin,unseen,24880,10.680682182312012,12.446599006652832
a058_2,ronin,unseen,24900,10.66731071472168,12.33637809753418
a058_2,ronin,unseen,24920,10.655061721801758,12.214364051818848
a058_2,ronin,unseen,24940,10.646614074707031,12.104944229125977
a058_2,ronin,unseen,24960,10.633055686950684,12.006331443786621
a058_2,ronin,unseen,24980,10.616483688354492,11.903564453125
a058_2,ronin,unseen,25000,10.601398468017578,11.796636581420898
a058_2,ronin,unseen,25020,10.59565258026123,11.6807279586792
a058_2,ronin,unseen,25040,10.591710090637207,11.56177806854248
a058_2,ronin,unseen,25060,10.5783052444458,11.460805892944336
a058_2,ronin,unseen,25080,10.569280624389648,11.362771987915039
a058_2,ronin,unseen,25100,10.552562713623047,11.254313468933105
a058_2,ronin,unseen,25120,10.530851364135742,11.1434965133667
a058_2,ronin,unseen,25140,10.504161834716797,11.031939506530762
a058_2,ronin,unseen,25160,10.475404739379883,10.917450904846191
a058_2,ronin,unseen,25180,10.4511079788208,10.81223201751709
a058_2,ronin,unseen,25200,10.425626754760742,10.712302207946777
a058_2,ronin,unseen,25220,10.3997802734375,10.610517501831055
a058_2,ronin,unseen,25240,10.374574661254883,10.504536628723145
a058_2,ronin,unseen,25260,10.355344772338867,10.394240379333496
a058_2,ronin,unseen,25280,10.335566520690918,10.273119926452637
a058_2,ronin,unseen,25300,10.31170654296875,10.177075386047363
a058_2,ronin,unseen,25320,10.285356521606445,10.083218574523926
a058_2,ronin,unseen,25340,10.248082160949707,9.988362312316895
a058_2,ronin,unseen,25360,10.204263687133789,9.893150329589844
a058_2,ronin,unseen,25380,10.15112018585205,9.797659873962402
a058_2,ronin,unseen,25400,10.092347145080566,9.695556640625
a058_2,ronin,unseen,25420,10.039463996887207,9.603212356567383
a058_2,ronin,unseen,25440,9.989469528198242,9.515054702758789
a058_2,ronin,unseen,25460,9.937713623046875,9.426444053649902
a058_2,ronin,unseen,25480,9.882415771484375,9.335400581359863
a058_2,ronin,unseen,25500,9.831291198730469,9.239420890808105
a058_2,ronin,unseen,25520,9.779500961303711,9.136320114135742
a058_2,ronin,unseen,25540,9.721446990966797,9.044927597045898
a058_2,ronin,unseen,25560,9.667994499206543,8.965420722961426
a058_2,ronin,unseen,25580,9.60657024383545,8.882034301757812
a058_2,ronin,unseen,25600,9.539287567138672,8.801765441894531
a058_2,ronin,unseen,25620,9.46232795715332,8.722387313842773
a058_2,ronin,unseen,25640,9.380911827087402,8.644082069396973
a058_2,ronin,unseen,25660,9.302898406982422,8.570760726928711
a058_2,ronin,unseen,25680,9.231948852539062,8.502843856811523
a058_2,ronin,unseen,25700,9.156700134277344,8.431214332580566
a058_2,ronin,unseen,25720,9.074599266052246,8.352755546569824
a058_2,ronin,unseen,25740,8.994400024414062,8.267767906188965
a058_2,ronin,unseen,25760,8.912660598754883,8.172698020935059
a058_2,ronin,unseen,25780,8.831721305847168,8.088963508605957
a058_2,ronin,unseen,25800,8.75939655303955,8.025552749633789
a058_2,ronin,unseen,25820,8.672940254211426,7.957667827606201
a058_2,ronin,unseen,25840,8.581923484802246,7.897027015686035
a058_2,ronin,unseen,25860,8.484236717224121,7.842235088348389
a058_2,ronin,unseen,25880,8.382343292236328,7.786705493927002
a058_2,ronin,unseen,25900,8.281478881835938,7.730962753295898
a058_2,ronin,unseen,25920,8.19023323059082,7.679928779602051
a058_2,ronin,unseen,25940,8.09642219543457,7.627045154571533
a058_2,ronin,unseen,25960,7.997819900512695,7.572831630706787
a058_2,ronin,unseen,25980,7.897074222564697,7.510439872741699
a058_2,ronin,unseen,26000,7.797504901885986,7.438980579376221
a058_2,ronin,unseen,26020,7.70737361907959,7.383317470550537
a058_2,ronin,unseen,26040,7.628681182861328,7.330976486206055
a058_2,ronin,unseen,26060,7.534543037414551,7.276804447174072
a058_2,ronin,unseen,26080,7.439301490783691,7.227795124053955
a058_2,ronin,unseen,26100,7.331663608551025,7.182857513427734
a058_2,ronin,unseen,26120,7.222698211669922,7.141654014587402
a058_2,ronin,unseen,26140,7.113429069519043,7.097269058227539
a058_2,ronin,unseen,26160,7.022420406341553,7.0613250732421875
a058_2,ronin,unseen,26180,6.92033052444458,7.020159721374512
a058_2,ronin,unseen,26200,6.816898822784424,6.979905605316162
a058_2,ronin,unseen,26220,6.713931083679199,6.930271625518799
a058_2,ronin,unseen,26240,6.609695911407471,6.872424125671387
a058_2,ronin,unseen,26260,6.511541366577148,6.8247809410095215
a058_2,ronin,unseen,26280,6.433940887451172,6.784307956695557
a058_2,ronin,unseen,26300,6.33853816986084,6.744241237640381
a058_2,ronin,unseen,26320,6.248684883117676,6.711094379425049
a058_2,ronin,unseen,26340,6.147314548492432,6.678267955780029
a058_2,ronin,unseen,26360,6.041675090789795,6.64688777923584
a058_2,ronin,unseen,26380,5.932173252105713,6.612367153167725
a058_2,ronin,unseen,26400,5.836288928985596,6.581355571746826
a058_2,ronin,unseen,26420,5.738709449768066,6.548531532287598
a058_2,ronin,unseen,26440,5.641973495483398,6.513596057891846
a058_2,ronin,unseen,26460,5.543960094451904,6.468315601348877
a058_2,ronin,unseen,26480,5.44496488571167,6.4157609939575195
a058_2,ronin,unseen,26500,5.349798202514648,6.369287014007568
a058_2,ronin,unseen,26520,5.262492656707764,6.327994346618652
a058_2,ronin,unseen,26540,5.165909290313721,6.288421154022217
a058_2,ronin,unseen,26560,5.0663323402404785,6.254479885101318
a058_2,ronin,unseen,26580,4.951087951660156,6.225017070770264
a058_2,ronin,unseen,26600,4.829253196716309,6.196181297302246
a058_2,ronin,unseen,26620,4.715421676635742,6.168566703796387
a058_2,ronin,unseen,26640,4.613845348358154,6.144566059112549
a058_2,ronin,unseen,26660,4.512904167175293,6.121695518493652
a058_2,ronin,unseen,26680,4.412026405334473,6.103265762329102
a058_2,ronin,unseen,26700,4.303816795349121,6.081040859222412
a058_2,ronin,unseen,26720,4.191795825958252,6.052708625793457
a058_2,ronin,unseen,26740,4.089480400085449,6.034463405609131
a058_2,ronin,unseen,26760,4.011709690093994,5.9962334632873535
a058_2,ronin,unseen,26780,3.9140336513519287,5.996158599853516
a058_2,ronin,unseen,26800,3.8285751342773438,6.008066654205322
a058_2,ronin,unseen,26820,3.7312610149383545,6.034235000610352
a058_2,ronin,unseen,26840,3.624715566635132,6.066192150115967
a058_2,ronin,unseen,26860,3.5219390392303467,6.096568584442139
a058_2,ronin,unseen,26880,3.4424726963043213,6.130559921264648
a058_2,ronin,unseen,26900,3.35850191116333,6.1574578285217285
a058_2,ronin,unseen,26920,3.263413667678833,6.188566207885742
a058_2,ronin,unseen,26940,3.1558837890625,6.231039047241211
a058_2,ronin,unseen,26960,3.033482313156128,6.268428325653076
a058_2,ronin,unseen,26980,2.9345202445983887,6.308134078979492
a058_2,ronin,unseen,27000,2.8446311950683594,6.322877883911133
a058_2,ronin,unseen,27020,2.7601571083068848,6.364782333374023
a058_2,ronin,unseen,27040,2.6772031784057617,6.409456253051758
a058_2,ronin,unseen,27060,2.5849361419677734,6.462714195251465
a058_2,ronin,unseen,27080,2.4877753257751465,6.5238542556762695
a058_2,ronin,unseen,27100,2.3966116905212402,6.574655532836914
a058_2,ronin,unseen,27120,2.3188700675964355,6.621284008026123
a058_2,ronin,unseen,27140,2.242706537246704,6.667550086975098
a058_2,ronin,unseen,27160,2.157881259918213,6.714792728424072
a058_2,ronin,unseen,27180,2.0556159019470215,6.761844158172607
a058_2,ronin,unseen,27200,1.9458818435668945,6.804833889007568
a058_2,ronin,unseen,27220,1.8577148914337158,6.847252368927002
a058_2,ronin,unseen,27240,1.7732573747634888,6.880399227142334
a058_2,ronin,unseen,27260,1.6922343969345093,6.925259113311768
a058_2,ronin,unseen,27280,1.6057555675506592,6.9779815673828125
a058_2,ronin,unseen,27300,1.5121670961380005,7.045528411865234
a058_2,ronin,unseen,27320,1.416691541671753,7.12028694152832
a058_2,ronin,unseen,27340,1.334973931312561,7.1822638511657715
a058_2,ronin,unseen,27360,1.2535640001296997,7.239925861358643
a058_2,ronin,unseen,27380,1.1725212335586548,7.294855117797852
a058_2,ronin,unseen,27400,1.0831297636032104,7.353291034698486
a058_2,ronin,unseen,27420,0.9831029176712036,7.408515453338623
a058_2,ronin,unseen,27440,0.8720147013664246,7.464838981628418
a058_2,ronin,unseen,27460,0.7898222804069519,7.513997554779053
a058_2,ronin,unseen,27480,0.7084004878997803,7.560337543487549
a058_2,ronin,unseen,27500,0.6225624084472656,7.60773229598999
a058_2,ronin,unseen,27520,0.5302615761756897,7.659710884094238
a058_2,ronin,unseen,27540,0.4355788826942444,7.721982479095459
a058_2,ronin,unseen,27560,0.3345864415168762,7.795525550842285
a058_2,ronin,unseen,27580,0.23910000920295715,7.857546329498291
a058_2,ronin,unseen,27600,0.1505541354417801,7.9123992919921875
a058_2,ronin,unseen,27620,0.06070685014128685,7.966180324554443
a058_2,ronin,unseen,27640,-0.03237152472138405,8.022390365600586
a058_2,ronin,unseen,27660,-0.13930808007717133,8.07777214050293
a058_2,ronin,unseen,27680,-0.2583824694156647,8.13087272644043
a058_2,ronin,unseen,27700,-0.3506987392902374,8.179802894592285
a058_2,ronin,unseen,27720,-0.44060707092285156,8.223930358886719
a058_2,ronin,unseen,27740,-0.5355914235115051,8.280586242675781
a058_2,ronin,unseen,27760,-0.6261648535728455,8.341217994689941
a058_2,ronin,unseen,27780,-0.7208690643310547,8.414454460144043
a058_2,ronin,unseen,27800,-0.8228017687797546,8.49652099609375
a058_2,ronin,unseen,27820,-0.91874760389328,8.562458038330078
a058_2,ronin,unseen,27840,-0.9996898174285889,8.625391006469727
a058_2,ronin,unseen,27860,-1.076029658317566,8.685038566589355
a058_2,ronin,unseen,27880,-1.1610113382339478,8.74946117401123
a058_2,ronin,unseen,27900,-1.2583800554275513,8.813652992248535
a058_2,ronin,unseen,27920,-1.3712588548660278,8.879490852355957
a058_2,ronin,unseen,27940,-1.4597387313842773,8.936006546020508
a058_2,ronin,unseen,27960,-1.538987398147583,8.987564086914062
a058_2,ronin,unseen,27980,-1.6208734512329102,9.04085636138916
a058_2,ronin,unseen,28000,-1.707404375076294,9.10123062133789
a058_2,ronin,unseen,28020,-1.8008450269699097,9.173276901245117
a058_2,ronin,unseen,28040,-1.9034210443496704,9.260518074035645
a058_2,ronin,unseen,28060,-1.99535071849823,9.33178997039795
a058_2,ronin,unseen,28080,-2.077583074569702,9.391155242919922
a058_2,ronin,unseen,28100,-2.154730796813965,9.445199012756348
a058_2,ronin,unseen,28120,-2.236539602279663,9.50039291381836
a058_2,ronin,unseen,28140,-2.3291397094726562,9.556888580322266
a058_2,ronin,unseen,28160,-2.442282199859619,9.617565155029297
a058_2,ronin,unseen,28180,-2.5398366451263428,9.672693252563477
a058_2,ronin,unseen,28200,-2.622185230255127,9.71955680847168
a058_2,ronin,unseen,28220,-2.7058377265930176,9.768105506896973
a058_2,ronin,unseen,28240,-2.796510696411133,9.8232421875
a058_2,ronin,unseen,28260,-2.8902807235717773,9.889318466186523
a058_2,ronin,unseen,28280,-2.992445468902588,9.970455169677734
a058_2,ronin,unseen,28300,-3.087979555130005,10.037461280822754
a058_2,ronin,unseen,28320,-3.172126293182373,10.092583656311035
a058_2,ronin,unseen,28340,-3.252396583557129,10.144683837890625
a058_2,ronin,unseen,28360,-3.343285083770752,10.201814651489258
a058_2,ronin,unseen,28380,-3.4447576999664307,10.259814262390137
a058_2,ronin,unseen,28400,-3.567021369934082,10.319700241088867
a058_2,ronin,unseen,28420,-3.6748743057250977,10.378470420837402
a058_2,ronin,unseen,28440,-3.7558813095092773,10.434739112854004
a058_2,ronin,unseen,28460,-3.8430516719818115,10.48542594909668
a058_2,ronin,unseen,28480,-3.9367148876190186,10.542616844177246
a058_2,ronin,unseen,28500,-4.036701202392578,10.610687255859375
a058_2,ronin,unseen,28520,-4.144311428070068,10.692035675048828
a058_2,ronin,unseen,28540,-4.238194465637207,10.760479927062988
a058_2,ronin,unseen,28560,-4.323838233947754,10.820608139038086
a058_2,ronin,unseen,28580,-4.399324893951416,10.875114440917969
a058_2,ronin,unseen,28600,-4.482879161834717,10.932373046875
a058_2,ronin,unseen,28620,-4.579695701599121,10.98934555053711
a058_2,ronin,unseen,28640,-4.693892002105713,11.050013542175293
a058_2,ronin,unseen,28660,-4.789852142333984,11.10460090637207
a058_2,ronin,unseen,28680,-4.870579719543457,11.15759563446045
a058_2,ronin,unseen,28700,-4.951729774475098,11.203180313110352
a058_2,ronin,unseen,28720,-5.035823822021484,11.253435134887695
a058_2,ronin,unseen,28740,-5.125278472900391,11.31685733795166
a058_2,ronin,unseen,28760,-5.221782684326172,11.39620304107666
a058_2,ronin,unseen,28780,-5.3150787353515625,11.469114303588867
a058_2,ronin,unseen,28800,-5.3989033699035645,11.529699325561523
a058_2,ronin,unseen,28820,-5.473944664001465,11.583840370178223
a058_2,ronin,unseen,28840,-5.553247451782227,11.638877868652344
a058_2,ronin,unseen,28860,-5.647012233734131,11.697877883911133
a058_2,ronin,unseen,28880,-5.760106086730957,11.760429382324219
a058_2,ronin,unseen,28900,-5.868344306945801,11.819109916687012
a058_2,ronin,unseen,28920,-5.9458327293396,11.871718406677246
a058_2,ronin,unseen,28940,-6.02744197845459,11.924613952636719
a058_2,ronin,unseen,28960,-6.10835075378418,11.981501579284668
a058_2,ronin,unseen,28980,-6.190494537353516,12.048483848571777
a058_2,ronin,unseen,29000,-6.28788948059082,12.138160705566406
a058_2,ronin,unseen,29020,-6.375111103057861,12.219304084777832
a058_2,ronin,unseen,29040,-6.453766345977783,12.286091804504395
a058_2,ronin,unseen,29060,-6.531920909881592,12.3495512008667
a058_2,ronin,unseen,29080,-6.606442928314209,12.409343719482422
a058_2,ronin,unseen,29100,-6.697179794311523,12.476137161254883
a058_2,ronin,unseen,29120,-6.803239822387695,12.542183876037598
a058_2,ronin,unseen,29140,-6.912055015563965,12.608925819396973
a058_2,ronin,unseen,29160,-6.991641044616699,12.670754432678223
a058_2,ronin,unseen,29180,-7.072862148284912,12.727714538574219
a058_2,ronin,unseen,29200,-7.151528358459473,12.786752700805664
a058_2,ronin,unseen,29220,-7.2405877113342285,12.855094909667969
a058_2,ronin,unseen,29240,-7.337177276611328,12.93503475189209
a058_2,ronin,unseen,29260,-7.438326358795166,13.014755249023438
a058_2,ronin,unseen,29280,-7.525653839111328,13.079463005065918
a058_2,ronin,unseen,29300,-7.608832359313965,13.139870643615723
a058_2,ronin,unseen,29320,-7.689631938934326,13.19339370727539
a058_2,ronin,unseen,29340,-7.778578281402588,13.251611709594727
a058_2,ronin,unseen,29360,-7.886954307556152,13.308834075927734
a058_2,ronin,unseen,29380,-8.002098083496094,13.369903564453125
a058_2,ronin,unseen,29400,-8.09122085571289,13.424756050109863
a058_2,ronin,unseen,29420,-8.176972389221191,13.479020118713379
a058_2,ronin,unseen,29440,-8.263850212097168,13.531754493713379
a058_2,ronin,unseen,29460,-8.349159240722656,13.583677291870117
a058_2,ronin,unseen,29480,-8.442378997802734,13.65224552154541
a058_2,ronin,unseen,29500,-8.545260429382324,13.725008010864258
a058_2,ronin,unseen,29520,-8.636981010437012,13.78018856048584
a058_2,ronin,unseen,29540,-8.722831726074219,13.831013679504395
a058_2,ronin,unseen,29560,-8.8018217086792,13.879843711853027
a058_2,ronin,unseen,29580,-8.885369300842285,13.931105613708496
a058_2,ronin,unseen,29600,-8.9838228225708,13.979853630065918
a058_2,ronin,unseen,29620,-9.093387603759766,14.029998779296875
a058_2,ronin,unseen,29640,-9.18850040435791,14.074346542358398
a058_2,ronin,unseen,29660,-9.274528503417969,14.116548538208008
a058_2,ronin,unseen,29680,-9.355318069458008,14.16076374053955
a058_2,ronin,unseen,29700,-9.436101913452148,14.211214065551758
a058_2,ronin,unseen,29720,-9.522829055786133,14.272026062011719
a058_2,ronin,unseen,29740,-9.6171293258667,14.345817565917969
a058_2,ronin,unseen,29760,-9.7113618850708,14.412908554077148
a058_2,ronin,unseen,29780,-9.784356117248535,14.471704483032227
a058_2,ronin,unseen,29800,-9.85158920288086,14.530430793762207
a058_2,ronin,unseen,29820,-9.922176361083984,14.589873313903809
a058_2,ronin,unseen,29840,-10.001508712768555,14.650871276855469
a058_2,ronin,unseen,29860,-10.098517417907715,14.712185859680176
a058_2,ronin,unseen,29880,-10.199861526489258,14.776850700378418
a058_2,ronin,unseen,29900,-10.268967628479004,14.826738357543945
a058_2,ronin,unseen,29920,-10.339262008666992,14.883370399475098
a058_2,ronin,unseen,29940,-10.410330772399902,14.941226959228516
a058_2,ronin,unseen,29960,-10.48753547668457,15.005887985229492
a058_2,ronin,unseen,29980,-10.569873809814453,15.08039665222168
a058_2,ronin,unseen,30000,-10.664652824401855,15.161064147949219
a058_2,ronin,unseen,30020,-10.753783226013184,15.221537590026855
a058_2,ronin,unseen,30040,-10.836132049560547,15.2708158493042
a058_2,ronin,unseen,30060,-10.914826393127441,15.312338829040527
a058_2,ronin,unseen,30080,-10.997851371765137,15.35177230834961
a058_2,ronin,unseen,30100,-11.09235954284668,15.387031555175781
a058_2,ronin,unseen,30120,-11.20128345489502,15.41818904876709
a058_2,ronin,unseen,30140,-11.30971908569336,15.438472747802734
a058_2,ronin,unseen,30160,-11.402178764343262,15.453789710998535
a058_2,ronin,unseen,30180,-11.486136436462402,15.458861351013184
a058_2,ronin,unseen,30200,-11.58489990234375,15.446577072143555
a058_2,ronin,unseen,30220,-11.687606811523438,15.436951637268066
a058_2,ronin,unseen,30240,-11.791616439819336,15.441094398498535
a058_2,ronin,unseen,30260,-11.907125473022461,15.427521705627441
a058_2,ronin,unseen,30280,-12.006460189819336,15.39858627319336
a058_2,ronin,unseen,30300,-12.090532302856445,15.359944343566895
a058_2,ronin,unseen,30320,-12.17435073852539,15.312156677246094
a058_2,ronin,unseen,30340,-12.259557723999023,15.261126518249512
a058_2,ronin,unseen,30360,-12.346162796020508,15.196300506591797
a058_2,ronin,unseen,30380,-12.438190460205078,15.118351936340332
a058_2,ronin,unseen,30400,-12.512506484985352,15.045105934143066
a058_2,ronin,unseen,30420,-12.577926635742188,14.977250099182129
a058_2,ronin,unseen,30440,-12.638496398925781,14.904936790466309
a058_2,ronin,unseen,30460,-12.70188045501709,14.82697868347168
a058_2,ronin,unseen,30480,-12.776163101196289,14.742941856384277
a058_2,ronin,unseen,30500,-12.857247352600098,14.657243728637695
a058_2,ronin,unseen,30520,-12.928080558776855,14.564105987548828
a058_2,ronin,unseen,30540,-12.983322143554688,14.486091613769531
a058_2,ronin,unseen,30560,-13.038039207458496,14.411487579345703
a058_2,ronin,unseen,30580,-13.093025207519531,14.329127311706543
a058_2,ronin,unseen,30600,-13.145089149475098,14.239252090454102
a058_2,ronin,unseen,30620,-13.192660331726074,14.140851974487305
a058_2,ronin,unseen,30640,-13.240945816040039,14.029943466186523
a058_2,ronin,unseen,30660,-13.286968231201172,13.938043594360352
a058_2,ronin,unseen,30680,-13.330194473266602,13.854239463806152
a058_2,ronin,unseen,30700,-13.379759788513184,13.764784812927246
a058_2,ronin,unseen,30720,-13.435835838317871,13.675098419189453
a058_2,ronin,unseen,30740,-13.500200271606445,13.585769653320312
a058_2,ronin,unseen,30760,-13.57061767578125,13.488577842712402
a058_2,ronin,unseen,30780,-13.631783485412598,13.39653491973877
a058_2,ronin,unseen,30800,-13.690601348876953,13.30476188659668
a058_2,ronin,unseen,30820,-13.748030662536621,13.215317726135254
a058_2,ronin,unseen,30840,-13.808213233947754,13.122519493103027
a058_2,ronin,unseen,30860,-13.864899635314941,13.024323463439941
a058_2,ronin,unseen,30880,-13.922937393188477,12.912668228149414
a058_2,ronin,unseen,30900,-13.979347229003906,12.809057235717773
a058_2,ronin,unseen,30920,-14.032312393188477,12.722517967224121
a058_2,ronin,unseen,30940,-14.091060638427734,12.621403694152832
a058_2,ronin,unseen,30960,-14.150074005126953,12.525666236877441
a058_2,ronin,unseen,30980,-14.218109130859375,12.43047046661377
a058_2,ronin,unseen,31000,-14.292095184326172,12.338309288024902
a058_2,ronin,unseen,31020,-14.361194610595703,12.246271133422852
a058_2,ronin,unseen,31040,-14.42227840423584,12.16093921661377
a058_2,ronin,unseen,31060,-14.48387622833252,12.075153350830078
a058_2,ronin,unseen,31080,-14.554612159729004,11.977263450622559
a058_2,ronin,unseen,31100,-14.618789672851562,11.880569458007812
a058_2,ronin,unseen,31120,-14.677117347717285,11.78119945526123
a058_2,ronin,unseen,31140,-14.73643684387207,11.684669494628906
a058_2,ronin,unseen,31160,-14.788973808288574,11.608284950256348
a058_2,ronin,unseen,31180,-14.841158866882324,11.527238845825195
a058_2,ronin,unseen,31200,-14.895936012268066,11.446770668029785
a058_2,ronin,unseen,31220,-14.962813377380371,11.359410285949707
a058_2,ronin,unseen,31240,-15.033824920654297,11.276230812072754
a058_2,ronin,unseen,31260,-15.107525825500488,11.187990188598633
a058_2,ronin,unseen,31280,-15.167471885681152,11.109468460083008
a058_2,ronin,unseen,31300,-15.221613883972168,11.031582832336426
a058_2,ronin,unseen,31320,-15.275574684143066,10.951591491699219
a058_2,ronin,unseen,31340,-15.329769134521484,10.867325782775879
a058_2,ronin,unseen,31360,-15.380457878112793,10.773112297058105
a058_2,ronin,unseen,31380,-15.430835723876953,10.671025276184082
a058_2,ronin,unseen,31400,-15.478494644165039,10.587576866149902
a058_2,ronin,unseen,31420,-15.520352363586426,10.509260177612305
a058_2,ronin,unseen,31440,-15.571402549743652,10.417612075805664
a058_2,ronin,unseen,31460,-15.625967025756836,10.33149528503418
a058_2,ronin,unseen,31480,-15.687704086303711,10.247032165527344
a058_2,ronin,unseen,31500,-15.752702713012695,10.160969734191895
a058_2,ronin,unseen,31520,-15.806642532348633,10.0839204788208
a058_2,ronin,unseen,31540,-15.853529930114746,10.014440536499023
a058_2,ronin,unseen,31560,-15.901016235351562,9.94196605682373
a058_2,ronin,unseen,31580,-15.955184936523438,9.860363960266113
a058_2,ronin,unseen,31600,-16.004140853881836,9.77553939819336
a058_2,ronin,unseen,31620,-16.04956817626953,9.683234214782715
a058_2,ronin,unseen,31640,-16.093063354492188,9.598102569580078
a058_2,ronin,unseen,31660,-16.137189865112305,9.53388786315918
a058_2,ronin,unseen,31680,-16.182788848876953,9.452509880065918
a058_2,ronin,unseen,31700,-16.235807418823242,9.368021965026855
a058_2,ronin,unseen,31720,-16.302377700805664,9.278672218322754
a058_2,ronin,unseen,31740,-16.378097534179688,9.187335968017578
a058_2,ronin,unseen,31760,-16.441360473632812,9.102631568908691
a058_2,ronin,unseen,31780,-16.500259399414062,9.015567779541016
a058_2,ronin,unseen,31800,-16.55712890625,8.932133674621582
a058_2,ronin,unseen,31820,-16.615184783935547,8.844658851623535
a058_2,ronin,unseen,31840,-16.67144203186035,8.748602867126465
a058_2,ronin,unseen,31860,-16.71725082397461,8.661415100097656
a058_2,ronin,unseen,31880,-16.761850357055664,8.570963859558105
a058_2,ronin,unseen,31900,-16.80840301513672,8.483564376831055
a058_2,ronin,unseen,31920,-16.856489181518555,8.40124225616455
a058_2,ronin,unseen,31940,-16.91448211669922,8.325263977050781
a058_2,ronin,unseen,31960,-16.98216438293457,8.245149612426758
a058_2,ronin,unseen,31980,-17.058460235595703,8.161581039428711
a058_2,ronin,unseen,32000,-17.131925582885742,8.086535453796387
a058_2,ronin,unseen,32020,-17.20406150817871,8.010828018188477
a058_2,ronin,unseen,32040,-17.265384674072266,7.9440999031066895
a058_2,ronin,unseen,32060,-17.3314266204834,7.871161460876465
a058_2,ronin,unseen,32080,-17.394607543945312,7.798647403717041
a058_2,ronin,unseen,32100,-17.460378646850586,7.714409351348877
a058_2,ronin,unseen,32120,-17.523197174072266,7.6291704177856445
a058_2,ronin,unseen,32140,-17.585735321044922,7.540472030639648
a058_2,ronin,unseen,32160,-17.655336380004883,7.467001438140869
a058_2,ronin,unseen,32180,-17.725482940673828,7.393014430999756
a058_2,ronin,unseen,32200,-17.803447723388672,7.3200554847717285
a058_2,ronin,unseen,32220,-17.88645362854004,7.248160362243652
a058_2,ronin,unseen,32240,-17.969175338745117,7.1834716796875
a058_2,ronin,unseen,32260,-18.05974769592285,7.116504192352295
a058_2,ronin,unseen,32280,-18.13895034790039,7.055192947387695
a058_2,ronin,unseen,32300,-18.211746215820312,6.996054649353027
a058_2,ronin,unseen,32320,-18.285865783691406,6.930498123168945
a058_2,ronin,unseen,32340,-18.36360740661621,6.860381603240967
a058_2,ronin,unseen,32360,-18.43409538269043,6.786098003387451
a058_2,ronin,unseen,32380,-18.504398345947266,6.703704357147217
a058_2,ronin,unseen,32400,-18.57777214050293,6.625208377838135
a058_2,ronin,unseen,32420,-18.63848114013672,6.559681415557861
a058_2,ronin,unseen,32440,-18.70530128479004,6.492123603820801
a058_2,ronin,unseen,32460,-18.776683807373047,6.422245502471924
a058_2,ronin,unseen,32480,-18.85059928894043,6.354903221130371
a058_2,ronin,unseen,32500,-18.92975425720215,6.284034252166748
a058_2,ronin,unseen,32520,-19.006271362304688,6.208921432495117
a058_2,ronin,unseen,32540,-19.06369400024414,6.144196510314941
a058_2,ronin,unseen,32560,-19.127742767333984,6.065544605255127
a058_2,ronin,unseen,32580,-19.18706512451172,5.987907409667969
a058_2,ronin,unseen,32600,-19.238258361816406,5.904876232147217
a058_2,ronin,unseen,32620,-19.286937713623047,5.812659740447998
a058_2,ronin,unseen,32640,-19.32487678527832,5.7262983322143555
a058_2,ronin,unseen,32660,-19.359729766845703,5.6478271484375
a058_2,ronin,unseen,32680,-19.39698600769043,5.55001974105835
a058_2,ronin,unseen,32700,-19.43206787109375,5.447215557098389
a058_2,ronin,unseen,32720,-19.468910217285156,5.341923236846924
a058_2,ronin,unseen,32740,-19.504558563232422,5.242887020111084
a058_2,ronin,unseen,32760,-19.538105010986328,5.135239601135254
a058_2,ronin,unseen,32780,-19.545978546142578,5.042809009552002
a058_2,ronin,unseen,32800,-19.549274444580078,4.952758312225342
a058_2,ronin,unseen,32820,-19.53708839416504,4.858668327331543
a058_2,ronin,unseen,32840,-19.516536712646484,4.77242374420166
a058_2,ronin,unseen,32860,-19.48029899597168,4.6851091384887695
a058_2,ronin,unseen,32880,-19.436681747436523,4.59666109085083
a058_2,ronin,unseen,32900,-19.390945434570312,4.512782573699951
a058_2,ronin,unseen,32920,-19.343233108520508,4.4406418800354
a058_2,ronin,unseen,32940,-19.28445816040039,4.368560314178467
a058_2,ronin,unseen,32960,-19.22365951538086,4.292026519775391
a058_2,ronin,unseen,32980,-19.16575050354004,4.215101718902588
a058_2,ronin,unseen,33000,-19.103052139282227,4.133404731750488
a058_2,ronin,unseen,33020,-19.021883010864258,4.056900501251221
a058_2,ronin,unseen,33040,-18.95512580871582,3.9988977909088135
a058_2,ronin,unseen,33060,-18.880239486694336,3.9448063373565674
a058_2,ronin,unseen,33080,-18.79800033569336,3.8953957557678223
a058_2,ronin,unseen,33100,-18.713415145874023,3.855038642883301
a058_2,ronin,unseen,33120,-18.621036529541016,3.8220431804656982
a058_2,ronin,unseen,33140,-18.51590919494629,3.790032148361206
a058_2,ronin,unseen,33160,-18.43430519104004,3.7583186626434326
a058_2,ronin,unseen,33180,-18.35696792602539,3.724669933319092
a058_2,ronin,unseen,33200,-18.277395248413086,3.6864709854125977
a058_2,ronin,unseen,33220,-18.191123962402344,3.641859769821167
a058_2,ronin,unseen,33240,-18.11164665222168,3.592343807220459
a058_2,ronin,unseen,33260,-18.024656295776367,3.5369906425476074
a058_2,ronin,unseen,33280,-17.941267013549805,3.488039970397949
a058_2,ronin,unseen,33300,-17.861331939697266,3.440548896789551
a058_2,ronin,unseen,33320,-17.778108596801758,3.39253568649292
a058_2,ronin,unseen,33340,-17.688865661621094,3.3432798385620117
a058_2,ronin,unseen,33360,-17.59040069580078,3.29740047454834
a058_2,ronin,unseen,33380,-17.496898651123047,3.2563440799713135
a058_2,ronin,unseen,33400,-17.409244537353516,3.209897994995117
a058_2,ronin,unseen,33420,-17.33144760131836,3.1660780906677246
a058_2,ronin,unseen,33440,-17.248760223388672,3.119290351867676
a058_2,ronin,unseen,33460,-17.168771743774414,3.0696558952331543
a058_2,ronin,unseen,33480,-17.089092254638672,3.0094385147094727
a058_2,ronin,unseen,33500,-17.00980567932129,2.9432690143585205
a058_2,ronin,unseen,33520,-16.927473068237305,2.8763208389282227
a058_2,ronin,unseen,33540,-16.850671768188477,2.817169189453125
a058_2,ronin,unseen,33560,-16.769412994384766,2.7577810287475586
a058_2,ronin,unseen,33580,-16.686742782592773,2.698056697845459
a058_2,ronin,unseen,33600,-16.596750259399414,2.6380419731140137
a058_2,ronin,unseen,33620,-16.502573013305664,2.584820032119751
a058_2,ronin,unseen,33640,-16.420841217041016,2.5361127853393555
a058_2,ronin,unseen,33660,-16.34226417541504,2.4849679470062256
a058_2,ronin,unseen,33680,-16.260173797607422,2.4360313415527344
a058_2,ronin,unseen,33700,-16.179887771606445,2.383075714111328
a058_2,ronin,unseen,33720,-16.096996307373047,2.3198444843292236
a058_2,ronin,unseen,33740,-16.0178279876709,2.2527353763580322
a058_2,ronin,unseen,33760,-15.928279876708984,2.183037519454956
a058_2,ronin,unseen,33780,-15.843317985534668,2.1212480068206787
a058_2,ronin,unseen,33800,-15.763507843017578,2.06268572807312
a058_2,ronin,unseen,33820,-15.676674842834473,2.0025815963745117
a058_2,ronin,unseen,33840,-15.57774543762207,1.9421395063400269
a058_2,ronin,unseen,33860,-15.477250099182129,1.8875359296798706
a058_2,ronin,unseen,33880,-15.380453109741211,1.8347854614257812
a058_2,ronin,unseen,33900,-15.300046920776367,1.783012866973877
a058_2,ronin,unseen,33920,-15.213521957397461,1.7285140752792358
a058_2,ronin,unseen,33940,-15.125809669494629,1.6671204566955566
a058_2,ronin,unseen,33960,-15.038412094116211,1.596398949623108
a058_2,ronin,unseen,33980,-14.95164966583252,1.5203216075897217
a058_2,ronin,unseen,34000,-14.859427452087402,1.4438408613204956
a058_2,ronin,unseen,34020,-14.776094436645508,1.3793960809707642
a058_2,ronin,unseen,34040,-14.68759536743164,1.3164119720458984
a058_2,ronin,unseen,34060,-14.600837707519531,1.25377357006073
a058_2,ronin,unseen,34080,-14.506210327148438,1.1903408765792847
a058_2,ronin,unseen,34100,-14.402543067932129,1.1340497732162476
a058_2,ronin,unseen,34120,-14.307271003723145,1.082631230354309
a058_2,ronin,unseen,34140,-14.22943115234375,1.0345124006271362
a058_2,ronin,unseen,34160,-14.145904541015625,0.9813071489334106
a058_2,ronin,unseen,34180,-14.062945365905762,0.9244468808174133
a058_2,ronin,unseen,34200,-13.978598594665527,0.861545741558075
a058_2,ronin,unseen,34220,-13.89777660369873,0.7942189574241638
a058_2,ronin,unseen,34240,-13.817347526550293,0.7267261147499084
a058_2,ronin,unseen,34260,-13.737754821777344,0.6659848093986511
a058_2,ronin,unseen,34280,-13.656649589538574,0.6104969382286072
a058_2,ronin,unseen,34300,-13.580878257751465,0.5569162368774414
a058_2,ronin,unseen,34320,-13.492478370666504,0.5002898573875427
a058_2,ronin,unseen,34340,-13.396742820739746,0.45115962624549866
a058_2,ronin,unseen,34360,-13.298748016357422,0.40084710717201233
a058_2,ronin,unseen,34380,-13.222169876098633,0.36131903529167175
a058_2,ronin,unseen,34400,-13.147603988647461,0.316934198141098
a058_2,ronin,unseen,34420,-13.070579528808594,0.2656466066837311
a058_2,ronin,unseen,34440,-12.993123054504395,0.20843525230884552
a058_2,ronin,unseen,34460,-12.919400215148926,0.1460864096879959
a058_2,ronin,unseen,34480,-12.838957786560059,0.07753656804561615
a058_2,ronin,unseen,34500,-12.757400512695312,0.015606272034347057
a058_2,ronin,unseen,34520,-12.677989959716797,-0.03823830932378769
a058_2,ronin,unseen,34540,-12.595093727111816,-0.09275183081626892
a058_2,ronin,unseen,34560,-12.506256103515625,-0.14771094918251038
a058_2,ronin,unseen,34580,-12.414517402648926,-0.19677060842514038
a058_2,ronin,unseen,34600,-12.31750774383545,-0.2427949458360672
a058_2,ronin,unseen,34620,-12.241254806518555,-0.28057485818862915
a058_2,ronin,unseen,34640,-12.166015625,-0.3179932236671448
a058_2,ronin,unseen,34660,-12.09294319152832,-0.3662351071834564
a058_2,ronin,unseen,34680,-12.016655921936035,-0.42138180136680603
a058_2,ronin,unseen,34700,-11.945263862609863,-0.48064345121383667
a058_2,ronin,unseen,34720,-11.869661331176758,-0.5474354028701782
a058_2,ronin,unseen,34740,-11.792037963867188,-0.6116716861724854
a058_2,ronin,unseen,34760,-11.719742774963379,-0.6668770909309387
a058_2,ronin,unseen,34780,-11.647270202636719,-0.7214258313179016
a058_2,ronin,unseen,34800,-11.575724601745605,-0.7753224968910217
a058_2,ronin,unseen,34820,-11.494013786315918,-0.8260552883148193
a058_2,ronin,unseen,34840,-11.408478736877441,-0.8738220930099487
a058_2,ronin,unseen,34860,-11.324786186218262,-0.9266411066055298
a058_2,ronin,unseen,34880,-11.2540283203125,-0.9789236187934875
a058_2,ronin,unseen,34900,-11.17594051361084,-1.0358600616455078
a058_2,ronin,unseen,34920,-11.094908714294434,-1.1007999181747437
a058_2,ronin,unseen,34940,-11.010360717773438,-1.1794662475585938
a058_2,ronin,unseen,34960,-10.928319931030273,-1.2635633945465088
a058_2,ronin,unseen,34980,-10.842394828796387,-1.3442680835723877
a058_2,ronin,unseen,35000,-10.760994911193848,-1.4120956659317017
a058_2,ronin,unseen,35020,-10.676213264465332,-1.4763401746749878
a058_2,ronin,unseen,35040,-10.587569236755371,-1.541951298713684
a058_2,ronin,unseen,35060,-10.487793922424316,-1.6047316789627075
a058_2,ronin,unseen,35080,-10.373196601867676,-1.6658437252044678
a058_2,ronin,unseen,35100,-10.276800155639648,-1.7187299728393555
a058_2,ronin,unseen,35120,-10.19669246673584,-1.7612124681472778
a058_2,ronin,unseen,35140,-10.112102508544922,-1.8167486190795898
a058_2,ronin,unseen,35160,-10.030242919921875,-1.8706762790679932
a058_2,ronin,unseen,35180,-9.94304370880127,-1.9344323873519897
a058_2,ronin,unseen,35200,-9.858199119567871,-2.0030574798583984
a058_2,ronin,unseen,35220,-9.768803596496582,-2.0713322162628174
a058_2,ronin,unseen,35240,-9.693859100341797,-2.1303393840789795
a058_2,ronin,unseen,35260,-9.618769645690918,-2.187368869781494
a058_2,ronin,unseen,35280,-9.54300594329834,-2.2433152198791504
a058_2,ronin,unseen,35300,-9.45565414428711,-2.297184944152832
a058_2,ronin,unseen,35320,-9.367595672607422,-2.345371961593628
a058_2,ronin,unseen,35340,-9.278002738952637,-2.3947973251342773
a058_2,ronin,unseen,35360,-9.194745063781738,-2.4460208415985107
a058_2,ronin,unseen,35380,-9.11706256866455,-2.489114999771118
a058_2,ronin,unseen,35400,-9.038399696350098,-2.5365850925445557
a058_2,ronin,unseen,35420,-8.956563949584961,-2.5941390991210938
a058_2,ronin,unseen,35440,-8.8839111328125,-2.6579113006591797
a058_2,ronin,unseen,35460,-8.806492805480957,-2.7236666679382324
a058_2,ronin,unseen,35480,-8.728548049926758,-2.784576416015625
a058_2,ronin,unseen,35500,-8.661213874816895,-2.833653688430786
a058_2,ronin,unseen,35520,-8.58558464050293,-2.883769989013672
a058_2,ronin,unseen,35540,-8.506674766540527,-2.933215856552124
a058_2,ronin,unseen,35560,-8.420707702636719,-2.9759466648101807
a058_2,ronin,unseen,35580,-8.324298858642578,-3.017518997192383
a058_2,ronin,unseen,35600,-8.231836318969727,-3.057126998901367
a058_2,ronin,unseen,35620,-8.157010078430176,-3.096327066421509
a058_2,ronin,unseen,35640,-8.07727336883545,-3.1389694213867188
a058_2,ronin,unseen,35660,-7.994898319244385,-3.1856906414031982
a058_2,ronin,unseen,35680,-7.909506320953369,-3.2441327571868896
a058_2,ronin,unseen,35700,-7.823256015777588,-3.309288263320923
a058_2,ronin,unseen,35720,-7.737059593200684,-3.372617721557617
a058_2,ronin,unseen,35740,-7.6592488288879395,-3.425079822540283
a058_2,ronin,unseen,35760,-7.577517509460449,-3.473144769668579
a058_2,ronin,unseen,35780,-7.494234561920166,-3.5203049182891846
a058_2,ronin,unseen,35800,-7.402605056762695,-3.5672011375427246
a058_2,ronin,unseen,35820,-7.300541400909424,-3.6091222763061523
a058_2,ronin,unseen,35840,-7.196220397949219,-3.651461601257324
a058_2,ronin,unseen,35860,-7.112011909484863,-3.6940839290618896
a058_2,ronin,unseen,35880,-7.031116008758545,-3.7328996658325195
a058_2,ronin,unseen,35900,-6.949448108673096,-3.7780516147613525
a058_2,ronin,unseen,35920,-6.864157199859619,-3.831782579421997
a058_2,ronin,unseen,35940,-6.77790641784668,-3.891378402709961
a058_2,ronin,unseen,35960,-6.683494567871094,-3.952348232269287
a058_2,ronin,unseen,35980,-6.601509094238281,-4.0019941329956055
a058_2,ronin,unseen,36000,-6.524085521697998,-4.052657127380371
a058_2,ronin,unseen,36020,-6.438924312591553,-4.107071399688721
a058_2,ronin,unseen,36040,-6.350091934204102,-4.159626007080078
a058_2,ronin,unseen,36060,-6.253168106079102,-4.205295562744141
a058_2,ronin,unseen,36080,-6.147388458251953,-4.257208824157715
a058_2,ronin,unseen,36100,-6.062718868255615,-4.312277317047119
a058_2,ronin,unseen,36120,-5.985116481781006,-4.366348743438721
a058_2,ronin,unseen,36140,-5.904015064239502,-4.427807331085205
a058_2,ronin,unseen,36160,-5.819003582000732,-4.499434471130371
a058_2,ronin,unseen,36180,-5.735823631286621,-4.578108787536621
a058_2,ronin,unseen,36200,-5.6469316482543945,-4.66132926940918
a058_2,ronin,unseen,36220,-5.566554069519043,-4.731852054595947
a058_2,ronin,unseen,36240,-5.494219779968262,-4.795686721801758
a058_2,ronin,unseen,36260,-5.419714450836182,-4.860569000244141
a058_2,ronin,unseen,36280,-5.343188762664795,-4.923822402954102
a058_2,ronin,unseen,36300,-5.2531538009643555,-4.985393524169922
a058_2,ronin,unseen,36320,-5.14607572555542,-5.055097579956055
a058_2,ronin,unseen,36340,-5.062490940093994,-5.118014335632324
a058_2,ronin,unseen,36360,-4.982840061187744,-5.174746513366699
a058_2,ronin,unseen,36380,-4.897752285003662,-5.23391580581665
a058_2,ronin,unseen,36400,-4.810287952423096,-5.295507431030273
a058_2,ronin,unseen,36420,-4.71760368347168,-5.363651752471924
a058_2,ronin,unseen,36440,-4.62570333480835,-5.434161186218262
a058_2,ronin,unseen,36460,-4.535145282745361,-5.497368812561035
a058_2,ronin,unseen,36480,-4.455382347106934,-5.55275821685791
a058_2,ronin,unseen,36500,-4.370786190032959,-5.61018705368042
a058_2,ronin,unseen,36520,-4.282658100128174,-5.666812419891357
a058_2,ronin,unseen,36540,-4.180332183837891,-5.721243381500244
a058_2,ronin,unseen,36560,-4.063983917236328,-5.778425693511963
a058_2,ronin,unseen,36580,-3.957742929458618,-5.835865497589111
a058_2,ronin,unseen,36600,-3.8745126724243164,-5.88843297958374
a058_2,ronin,unseen,36620,-3.7861886024475098,-5.941944122314453
a058_2,ronin,unseen,36640,-3.6932222843170166,-6.001657485961914
a058_2,ronin,unseen,36660,-3.5933773517608643,-6.0735087394714355
a058_2,ronin,unseen,36680,-3.4905266761779785,-6.1526665687561035
a058_2,ronin,unseen,36700,-3.395113706588745,-6.2223711013793945
a058_2,ronin,unseen,36720,-3.311553955078125,-6.282890319824219
a058_2,ronin,unseen,36740,-3.2256526947021484,-6.343178749084473
a058_2,ronin,unseen,36760,-3.139991044998169,-6.402831554412842
a058_2,ronin,unseen,36780,-3.046616315841675,-6.463388442993164
a058_2,ronin,unseen,36800,-2.943394184112549,-6.523904800415039
a058_2,ronin,unseen,36820,-2.8366124629974365,-6.58893346786499
a058_2,ronin,unseen,36840,-2.7578492164611816,-6.6441330909729
a058_2,ronin,unseen,36860,-2.6783764362335205,-6.693533897399902
a058_2,ronin,unseen,36880,-2.5967330932617188,-6.747676372528076
a058_2,ronin,unseen,36900,-2.5100839138031006,-6.810659408569336
a058_2,ronin,unseen,36920,-2.4209251403808594,-6.881575107574463
a058_2,ronin,unseen,36940,-2.333770751953125,-6.954003810882568
a058_2,ronin,unseen,36960,-2.253408432006836,-7.020642280578613
a058_2,ronin,unseen,36980,-2.178893804550171,-7.081516742706299
a058_2,ronin,unseen,37000,-2.104444742202759,-7.141753673553467
a058_2,ronin,unseen,37020,-2.022834300994873,-7.204124450683594
a058_2,ronin,unseen,37040,-1.9293529987335205,-7.26264762878418
a058_2,ronin,unseen,37060,-1.835074782371521,-7.322282791137695
a058_2,ronin,unseen,37080,-1.7638670206069946,-7.377719879150391
a058_2,ronin,unseen,37100,-1.6943546533584595,-7.428125858306885
a058_2,ronin,unseen,37120,-1.6224982738494873,-7.481077194213867
a058_2,ronin,unseen,37140,-1.5499266386032104,-7.541471481323242
a058_2,ronin,unseen,37160,-1.4750277996063232,-7.610415935516357
a058_2,ronin,unseen,37180,-1.3967618942260742,-7.68558406829834
a058_2,ronin,unseen,37200,-1.3252183198928833,-7.749210357666016
a058_2,ronin,unseen,37220,-1.2547659873962402,-7.80798864364624
a058_2,ronin,unseen,37240,-1.1843376159667969,-7.867820739746094
a058_2,ronin,unseen,37260,-1.1101136207580566,-7.929558277130127
a058_2,ronin,unseen,37280,-1.0276626348495483,-7.9886274337768555
a058_2,ronin,unseen,37300,-0.9410200119018555,-8.0459623336792
a058_2,ronin,unseen,37320,-0.8638883233070374,-8.102890014648438
a058_2,ronin,unseen,37340,-0.7957214117050171,-8.155563354492188
a058_2,ronin,unseen,37360,-0.7248525023460388,-8.209263801574707
a058_2,ronin,unseen,37380,-0.6529245376586914,-8.266525268554688
a058_2,ronin,unseen,37400,-0.57844078540802,-8.335453987121582
a058_2,ronin,unseen,37420,-0.5011696219444275,-8.415531158447266
a058_2,ronin,unseen,37440,-0.4246598482131958,-8.48850154876709
a058_2,ronin,unseen,37460,-0.3551967144012451,-8.5504789352417
a058_2,ronin,unseen,37480,-0.283361554145813,-8.613028526306152
a058_2,ronin,unseen,37500,-0.20855487883090973,-8.677148818969727
a058_2,ronin,unseen,37520,-0.1230655312538147,-8.741235733032227
a058_2,ronin,unseen,37540,-0.029622269794344902,-8.800565719604492
a058_2,ronin,unseen,37560,0.06148073822259903,-8.859602928161621
a058_2,ronin,unseen,37580,0.13671278953552246,-8.911739349365234
a058_2,ronin,unseen,37600,0.2192038595676422,-8.961134910583496
a058_2,ronin,unseen,37620,0.300715833902359,-9.008895874023438
a058_2,ronin,unseen,37640,0.3925161361694336,-9.063474655151367
a058_2,ronin,unseen,37660,0.4904727041721344,-9.121808052062988
a058_2,ronin,unseen,37680,0.598323404788971,-9.16480827331543
a058_2,ronin,unseen,37700,0.6989693641662598,-9.18699836730957
a058_2,ronin,unseen,37720,0.7871013879776001,-9.199140548706055
a058_2,ronin,unseen,37740,0.8759126663208008,-9.203583717346191
a058_2,ronin,unseen,37760,0.9655146598815918,-9.199380874633789
a058_2,ronin,unseen,37780,1.0589300394058228,-9.183987617492676
a058_2,ronin,unseen,37800,1.1519476175308228,-9.160759925842285
a058_2,ronin,unseen,37820,1.2282675504684448,-9.13497543334961
a058_2,ronin,unseen,37840,1.3003934621810913,-9.095205307006836
a058_2,ronin,unseen,37860,1.3758341073989868,-9.048980712890625
a058_2,ronin,unseen,37880,1.452666997909546,-9.001072883605957
a058_2,ronin,unseen,37900,1.5423741340637207,-8.956406593322754
a058_2,ronin,unseen,37920,1.636686086654663,-8.909735679626465
a058_2,ronin,unseen,37940,1.7213560342788696,-8.850897789001465
a058_2,ronin,unseen,37960,1.7889419794082642,-8.791581153869629
a058_2,ronin,unseen,37980,1.8488831520080566,-8.730042457580566
a058_2,ronin,unseen,38000,1.9068653583526611,-8.66130542755127
a058_2,ronin,unseen,38020,1.9614864587783813,-8.584853172302246
a058_2,ronin,unseen,38040,2.0148441791534424,-8.493111610412598
a058_2,ronin,unseen,38060,2.066502094268799,-8.395216941833496
a058_2,ronin,unseen,38080,2.117569923400879,-8.313892364501953
a058_2,ronin,unseen,38100,2.166933298110962,-8.243639945983887
a058_2,ronin,unseen,38120,2.2190802097320557,-8.170475959777832
a058_2,ronin,unseen,38140,2.2794253826141357,-8.087250709533691
a058_2,ronin,unseen,38160,2.351794481277466,-8.000694274902344
a058_2,ronin,unseen,38180,2.4310619831085205,-7.905776500701904
a058_2,ronin,unseen,38200,2.4920711517333984,-7.828719615936279
a058_2,ronin,unseen,38220,2.5492324829101562,-7.751437664031982
a058_2,ronin,unseen,38240,2.6009209156036377,-7.676570892333984
a058_2,ronin,unseen,38260,2.656344413757324,-7.589040756225586
a058_2,ronin,unseen,38280,2.7132081985473633,-7.484822750091553
a058_2,ronin,unseen,38300,2.7720913887023926,-7.363970756530762
a058_2,ronin,unseen,38320,2.8227765560150146,-7.269635200500488
a058_2,ronin,unseen,38340,2.8748042583465576,-7.185556411743164
a058_2,ronin,unseen,38360,2.9277822971343994,-7.103036880493164
a058_2,ronin,unseen,38380,2.9917776584625244,-7.0112199783325195
a058_2,ronin,unseen,38400,3.06766939163208,-6.915066719055176
a058_2,ronin,unseen,38420,3.1531753540039062,-6.809228897094727
a058_2,ronin,unseen,38440,3.2224464416503906,-6.718048095703125
a058_2,ronin,unseen,38460,3.2845685482025146,-6.632550239562988
a058_2,ronin,unseen,38480,3.338045597076416,-6.558294296264648
a058_2,ronin,unseen,38500,3.3935470581054688,-6.476540565490723
a058_2,ronin,unseen,38520,3.453000783920288,-6.378491401672363
a058_2,ronin,unseen,38540,3.5196995735168457,-6.255979061126709
a058_2,ronin,unseen,38560,3.5756869316101074,-6.160258769989014
a058_2,ronin,unseen,38580,3.628422260284424,-6.079427242279053
a058_2,ronin,unseen,38600,3.67844557762146,-6.003017902374268
a058_2,ronin,unseen,38620,3.73618483543396,-5.922358512878418
a058_2,ronin,unseen,38640,3.8097026348114014,-5.833223819732666
a058_2,ronin,unseen,38660,3.9010865688323975,-5.729533672332764
a058_2,ronin,unseen,38680,3.9761438369750977,-5.640874862670898
a058_2,ronin,unseen,38700,4.042896747589111,-5.554473400115967
a058_2,ronin,unseen,38720,4.097901344299316,-5.4803900718688965
a058_2,ronin,unseen,38740,4.153591632843018,-5.4044952392578125
a058_2,ronin,unseen,38760,4.215277671813965,-5.308640480041504
a058_2,ronin,unseen,38780,4.280823230743408,-5.193046569824219
a058_2,ronin,unseen,38800,4.340504169464111,-5.097188472747803
a058_2,ronin,unseen,38820,4.395229339599609,-5.023238658905029
a058_2,ronin,unseen,38840,4.443676948547363,-4.947450160980225
a058_2,ronin,unseen,38860,4.498628616333008,-4.865832328796387
a058_2,ronin,unseen,38880,4.567584991455078,-4.776244163513184
a058_2,ronin,unseen,38900,4.653660774230957,-4.677401065826416
a058_2,ronin,unseen,38920,4.734734058380127,-4.586123943328857
a058_2,ronin,unseen,38940,4.8022589683532715,-4.503742694854736
a058_2,ronin,unseen,38960,4.857876777648926,-4.430237293243408
a058_2,ronin,unseen,38980,4.913518905639648,-4.353750705718994
a058_2,ronin,unseen,39000,4.971592903137207,-4.2631001472473145
a058_2,ronin,unseen,39020,5.032173156738281,-4.147863388061523
a058_2,ronin,unseen,39040,5.091181755065918,-4.034168720245361
a058_2,ronin,unseen,39060,5.144582271575928,-3.9574012756347656
a058_2,ronin,unseen,39080,5.193498611450195,-3.8808696269989014
a058_2,ronin,unseen,39100,5.246835708618164,-3.803988456726074
a058_2,ronin,unseen,39120,5.311034202575684,-3.7218286991119385
a058_2,ronin,unseen,39140,5.392913818359375,-3.6221752166748047
a058_2,ronin,unseen,39160,5.468954086303711,-3.530431032180786
a058_2,ronin,unseen,39180,5.531624794006348,-3.4498870372772217
a058_2,ronin,unseen,39200,5.586548805236816,-3.3777472972869873
a058_2,ronin,unseen,39220,5.6394147872924805,-3.3052432537078857
a058_2,ronin,unseen,39240,5.694408416748047,-3.2195634841918945
a058_2,ronin,unseen,39260,5.754802227020264,-3.110259532928467
a058_2,ronin,unseen,39280,5.816638946533203,-2.998255968093872
a058_2,ronin,unseen,39300,5.8673224449157715,-2.9222757816314697
a058_2,ronin,unseen,39320,5.919850826263428,-2.846816062927246
a058_2,ronin,unseen,39340,5.976785659790039,-2.7757840156555176
a058_2,ronin,unseen,39360,6.049511909484863,-2.696465492248535
a058_2,ronin,unseen,39380,6.13924503326416,-2.6041996479034424
a058_2,ronin,unseen,39400,6.23138952255249,-2.504384994506836
a058_2,ronin,unseen,39420,6.300391674041748,-2.428166151046753
a058_2,ronin,unseen,39440,6.365030765533447,-2.3548285961151123
a058_2,ronin,unseen,39460,6.42237663269043,-2.290022850036621
a058_2,ronin,unseen,39480,6.490156173706055,-2.210449695587158
a058_2,ronin,unseen,39500,6.560311317443848,-2.11381196975708
a058_2,ronin,unseen,39520,6.6357035636901855,-2.007972240447998
a058_2,ronin,unseen,39540,6.700359344482422,-1.9378970861434937
a058_2,ronin,unseen,39560,6.758793830871582,-1.8683497905731201
a058_2,ronin,unseen,39580,6.8155598640441895,-1.801980972290039
a058_2,ronin,unseen,39600,6.883257865905762,-1.722844123840332
a058_2,ronin,unseen,39620,6.969773292541504,-1.6257786750793457
a058_2,ronin,unseen,39640,7.058043479919434,-1.5274533033370972
a058_2,ronin,unseen,39660,7.128322124481201,-1.4430911540985107
a058_2,ronin,unseen,39680,7.189280986785889,-1.3653755187988281
a058_2,ronin,unseen,39700,7.245938777923584,-1.2918626070022583
a058_2,ronin,unseen,39720,7.3072285652160645,-1.2129461765289307
a058_2,ronin,unseen,39740,7.375532150268555,-1.115981101989746
a058_2,ronin,unseen,39760,7.443431377410889,-1.0280253887176514
a058_2,ronin,unseen,39780,7.497483253479004,-0.9654316902160645
a058_2,ronin,unseen,39800,7.552611827850342,-0.8981234431266785
a058_2,ronin,unseen,39820,7.615411758422852,-0.8328026533126831
a058_2,ronin,unseen,39840,7.6896162033081055,-0.7663302421569824
a058_2,ronin,unseen,39860,7.784770488739014,-0.6902431845664978
a058_2,ronin,unseen,39880,7.886240482330322,-0.6080232858657837
a058_2,ronin,unseen,39900,7.964408874511719,-0.5402028560638428
a058_2,ronin,unseen,39920,8.029553413391113,-0.47193530201911926
a058_2,ronin,unseen,39940,8.086243629455566,-0.40513014793395996
a058_2,ronin,unseen,39960,8.145191192626953,-0.3316632807254791
a058_2,ronin,unseen,39980,8.210004806518555,-0.23616380989551544
a058_2,ronin,unseen,40000,8.276496887207031,-0.12575899064540863
a058_2,ronin,unseen,40020,8.321205139160156,-0.051335033029317856
a058_2,ronin,unseen,40040,8.361154556274414,0.0309162437915802
a058_2,ronin,unseen,40060,8.396142959594727,0.11172767728567123
a058_2,ronin,unseen,40080,8.434633255004883,0.20645931363105774
a058_2,ronin,unseen,40100,8.483451843261719,0.31577250361442566
a058_2,ronin,unseen,40120,8.536840438842773,0.43512725830078125
a058_2,ronin,unseen,40140,8.56763744354248,0.5361619591712952
a058_2,ronin,unseen,40160,8.587014198303223,0.6353046298027039
a058_2,ronin,unseen,40180,8.597567558288574,0.726618766784668
a058_2,ronin,unseen,40200,8.60586929321289,0.8298928737640381
a058_2,ronin,unseen,40220,8.606330871582031,0.9495272636413574
a058_2,ronin,unseen,40240,8.599773406982422,1.082664966583252
a058_2,ronin,unseen,40260,8.594653129577637,1.1840543746948242
a058_2,ronin,unseen,40280,8.591708183288574,1.276442050933838
a058_2,ronin,unseen,40300,8.589498519897461,1.3617744445800781
a058_2,ronin,unseen,40320,8.590063095092773,1.4601943492889404
a058_2,ronin,unseen,40340,8.596277236938477,1.5756233930587769
a058_2,ronin,unseen,40360,8.611040115356445,1.7033566236495972
a058_2,ronin,unseen,40380,8.619237899780273,1.8135918378829956
a058_2,ronin,unseen,40400,8.625799179077148,1.9166831970214844
a058_2,ronin,unseen,40420,8.631790161132812,2.002098321914673
a058_2,ronin,unseen,40440,8.634575843811035,2.092404842376709
a058_2,ronin,unseen,40460,8.63058853149414,2.2019553184509277
a058_2,ronin,unseen,40480,8.619393348693848,2.3361332416534424
a058_2,ronin,unseen,40500,8.612828254699707,2.459956407546997
a058_2,ronin,unseen,40520,8.61474609375,2.5556046962738037
a058_2,ronin,unseen,40540,8.617142677307129,2.6535959243774414
a058_2,ronin,unseen,40560,8.623305320739746,2.756065845489502
a058_2,ronin,unseen,40580,8.636880874633789,2.876910924911499
a058_2,ronin,unseen,40600,8.658063888549805,3.0106594562530518
a058_2,ronin,unseen,40620,8.675711631774902,3.1414341926574707
a058_2,ronin,unseen,40640,8.690728187561035,3.2491931915283203
a058_2,ronin,unseen,40660,8.706828117370605,3.343632221221924
a058_2,ronin,unseen,40680,8.722862243652344,3.4404728412628174
a058_2,ronin,unseen,40700,8.736711502075195,3.5522544384002686
a058_2,ronin,unseen,40720,8.747897148132324,3.6839654445648193
a058_2,ronin,unseen,40740,8.765745162963867,3.8114941120147705
a058_2,ronin,unseen,40760,8.798986434936523,3.9074790477752686
a058_2,ronin,unseen,40780,8.816057205200195,4.00264310836792
a058_2,ronin,unseen,40800,8.841748237609863,4.105607986450195
a058_2,ronin,unseen,40820,8.881820678710938,4.219578742980957
a058_2,ronin,unseen,40840,8.931431770324707,4.349606037139893
a058_2,ronin,unseen,40860,8.972265243530273,4.457722187042236
a058_2,ronin,unseen,40880,9.012236595153809,4.558816432952881
a058_2,ronin,unseen,40900,9.048084259033203,4.648200511932373
a058_2,ronin,unseen,40920,9.085041046142578,4.742875576019287
a058_2,ronin,unseen,40940,9.123608589172363,4.856137752532959
a058_2,ronin,unseen,40960,9.161675453186035,4.990435600280762
a058_2,ronin,unseen,40980,9.200263977050781,5.11495304107666
a058_2,ronin,unseen,41000,9.239089965820312,5.212191581726074
a058_2,ronin,unseen,41020,9.276128768920898,5.305762767791748
a058_2,ronin,unseen,41040,9.322884559631348,5.40549898147583
a058_2,ronin,unseen,41060,9.380033493041992,5.516207218170166
a058_2,ronin,unseen,41080,9.4505033493042,5.643770694732666
a058_2,ronin,unseen,41100,9.516128540039062,5.761716842651367
a058_2,ronin,unseen,41120,9.570951461791992,5.859917640686035
a058_2,ronin,unseen,41140,9.615423202514648,5.945172309875488
a058_2,ronin,unseen,41160,9.657904624938965,6.02968168258667
a058_2,ronin,unseen,41180,9.701630592346191,6.1272430419921875
a058_2,ronin,unseen,41200,9.744614601135254,6.247400283813477
a058_2,ronin,unseen,41220,9.77953815460205,6.36442232131958
a058_2,ronin,unseen,41240,9.80858325958252,6.462879180908203
a058_2,ronin,unseen,41260,9.830279350280762,6.563325881958008
a058_2,ronin,unseen,41280,9.84963607788086,6.661858081817627
a058_2,ronin,unseen,41300,9.869433403015137,6.769406318664551
a058_2,ronin,unseen,41320,9.897285461425781,6.895503520965576
a058_2,ronin,unseen,41340,9.922845840454102,7.029595851898193
a058_2,ronin,unseen,41360,9.935569763183594,7.147100925445557
a058_2,ronin,unseen,41380,9.943604469299316,7.253154754638672
a058_2,ronin,unseen,41400,9.945805549621582,7.353266716003418
a058_2,ronin,unseen,41420,9.944820404052734,7.455631732940674
a058_2,ronin,unseen,41440,9.935502052307129,7.575136661529541
a058_2,ronin,unseen,41460,9.920245170593262,7.710079193115234
a058_2,ronin,unseen,41480,9.914074897766113,7.80855131149292
a058_2,ronin,unseen,41500,9.91248893737793,7.896971702575684
a058_2,ronin,unseen,41520,9.917603492736816,7.986743450164795
a058_2,ronin,unseen,41540,9.929709434509277,8.081212043762207
a058_2,ronin,unseen,41560,9.951192855834961,8.193268775939941
a058_2,ronin,unseen,41580,9.978211402893066,8.32329273223877
a058_2,ronin,unseen,41600,10.003469467163086,8.424773216247559
a058_2,ronin,unseen,41620,10.035621643066406,8.520979881286621
a058_2,ronin,unseen,41640,10.0687894821167,8.604400634765625
a058_2,ronin,unseen,41660,10.105430603027344,8.693826675415039
a058_2,ronin,unseen,41680,10.14462661743164,8.805553436279297
a058_2,ronin,unseen,41700,10.187829971313477,8.929876327514648
a058_2,ronin,unseen,41720,10.228752136230469,9.017958641052246
a058_2,ronin,unseen,41740,10.268752098083496,9.095697402954102
a058_2,ronin,unseen,41760,10.315290451049805,9.171820640563965
a058_2,ronin,unseen,41780,10.374536514282227,9.25389289855957
a058_2,ronin,unseen,41800,10.450518608093262,9.34558391571045
a058_2,ronin,unseen,41820,10.535026550292969,9.439650535583496
a058_2,ronin,unseen,41840,10.606200218200684,9.511509895324707
a058_2,ronin,unseen,41860,10.677878379821777,9.577330589294434
a058_2,ronin,unseen,41880,10.750548362731934,9.638850212097168
a058_2,ronin,unseen,41900,10.830660820007324,9.7061767578125
a058_2,ronin,unseen,41920,10.919723510742188,9.789198875427246
a058_2,ronin,unseen,41940,11.01951789855957,9.882193565368652
a058_2,ronin,unseen,41960,11.102821350097656,9.944993019104004
a058_2,ronin,unseen,41980,11.181660652160645,9.9993314743042
a058_2,ronin,unseen,42000,11.26577377319336,10.046965599060059
a058_2,ronin,unseen,42020,11.36422348022461,10.093478202819824
a058_2,ronin,unseen,42040,11.486186027526855,10.1426362991333
a058_2,ronin,unseen,42060,11.61490249633789,10.192961692810059
a058_2,ronin,unseen,42080,11.719156265258789,10.233952522277832
a058_2,ronin,unseen,42100,11.819210052490234,10.265975952148438
a058_2,ronin,unseen,42120,11.916479110717773,10.294267654418945
a058_2,ronin,unseen,42140,12.026050567626953,10.325773239135742
a058_2,ronin,unseen,42160,12.152955055236816,10.372736930847168
a058_2,ronin,unseen,42180,12.29008960723877,10.429601669311523
a058_2,ronin,unseen,42200,12.401287078857422,10.475811004638672
a058_2,ronin,unseen,42220,12.510169982910156,10.521268844604492
a058_2,ronin,unseen,42240,12.625677108764648,10.564775466918945
a058_2,ronin,unseen,42260,12.742921829223633,10.604447364807129
a058_2,ronin,unseen,42280,12.879365921020508,10.648021697998047
a058_2,ronin,unseen,42300,13.011739730834961,10.690849304199219
a058_2,ronin,unseen,42320,13.126446723937988,10.733590126037598
a058_2,ronin,unseen,42340,13.23197078704834,10.775960922241211
a058_2,ronin,unseen,42360,13.3382568359375,10.82164192199707
a058_2,ronin,unseen,42380,13.449233055114746,10.87587833404541
a058_2,ronin,unseen,42400,13.562843322753906,10.941800117492676
a058_2,ronin,unseen,42420,13.670886039733887,11.007204055786133
a058_2,ronin,unseen,42440,13.76042652130127,11.056986808776855
a058_2,ronin,unseen,42460,13.84776782989502,11.106148719787598
a058_2,ronin,unseen,42480,13.933449745178223,11.150590896606445
a058_2,ronin,unseen,42500,14.031498908996582,11.196639060974121
a058_2,ronin,unseen,42520,14.145689010620117,11.240405082702637
a058_2,ronin,unseen,42540,14.274609565734863,11.288153648376465
a058_2,ronin,unseen,42560,14.382101058959961,11.33276653289795
a058_2,ronin,unseen,42580,14.484708786010742,11.381447792053223
a058_2,ronin,unseen,42600,14.582304954528809,11.430947303771973
a058_2,ronin,unseen,42620,14.686308860778809,11.486534118652344
a058_2,ronin,unseen,42640,14.798551559448242,11.555373191833496
a058_2,ronin,unseen,42660,14.906914710998535,11.626543045043945
a058_2,ronin,unseen,42680,14.985301971435547,11.685798645019531
a058_2,ronin,unseen,42700,15.075342178344727,11.741045951843262
a058_2,ronin,unseen,42720,15.17067813873291,11.79709529876709
a058_2,ronin,unseen,42740,15.264289855957031,11.845287322998047
a058_2,ronin,unseen,42760,15.378113746643066,11.895910263061523
a058_2,ronin,unseen,42780,15.496345520019531,11.94859504699707
a058_2,ronin,unseen,42800,15.597396850585938,11.998828887939453
a058_2,ronin,unseen,42820,15.689571380615234,12.048792839050293
a058_2,ronin,unseen,42840,15.780402183532715,12.102974891662598
a058_2,ronin,unseen,42860,15.879197120666504,12.169755935668945
a058_2,ronin,unseen,42880,15.979574203491211,12.252068519592285
a058_2,ronin,unseen,42900,16.074926376342773,12.33787727355957
a058_2,ronin,unseen,42920,16.150693893432617,12.40164566040039
a058_2,ronin,unseen,42940,16.229339599609375,12.471675872802734
a058_2,ronin,unseen,42960,16.306711196899414,12.53654956817627
a058_2,ronin,unseen,42980,16.39334487915039,12.602782249450684
a058_2,ronin,unseen,43000,16.493961334228516,12.675175666809082
a058_2,ronin,unseen,43020,16.600261688232422,12.756293296813965
a058_2,ronin,unseen,43040,16.684247970581055,12.831146240234375
a058_2,ronin,unseen,43060,16.759157180786133,12.905922889709473
a058_2,ronin,unseen,43080,16.82939910888672,12.981239318847656
a058_2,ronin,unseen,43100,16.8991641998291,13.073664665222168
a058_2,ronin,unseen,43120,16.964244842529297,13.18155288696289
a058_2,ronin,unseen,43140,17.02606773376465,13.289911270141602
a058_2,ronin,unseen,43160,17.076072692871094,13.367842674255371
a058_2,ronin,unseen,43180,17.128393173217773,13.45492935180664
a058_2,ronin,unseen,43200,17.181655883789062,13.538528442382812
a058_2,ronin,unseen,43220,17.241186141967773,13.620031356811523
a058_2,ronin,unseen,43240,17.312623977661133,13.7022066116333
a058_2,ronin,unseen,43260,17.394073486328125,13.795600891113281
a058_2,ronin,unseen,43280,17.460918426513672,13.880326271057129
a058_2,ronin,unseen,43300,17.518428802490234,13.962284088134766
a058_2,ronin,unseen,43320,17.572301864624023,14.043061256408691
a058_2,ronin,unseen,43340,17.626970291137695,14.123723983764648
a058_2,ronin,unseen,43360,17.684707641601562,14.221611022949219
a058_2,ronin,unseen,43380,17.740976333618164,14.321700096130371
a058_2,ronin,unseen,43400,17.779279708862305,14.400755882263184
a058_2,ronin,unseen,43420,17.81928825378418,14.481871604919434
a058_2,ronin,unseen,43440,17.869470596313477,14.556574821472168
a058_2,ronin,unseen,43460,17.92445182800293,14.62977123260498
a058_2,ronin,unseen,43480,17.989187240600586,14.7080078125
a058_2,ronin,unseen,43500,18.055631637573242,14.808523178100586
a058_2,ronin,unseen,43520,18.116863250732422,14.889056205749512
a058_2,ronin,unseen,43540,18.171127319335938,14.960719108581543
a058_2,ronin,unseen,43560,18.231666564941406,15.03972053527832
a058_2,ronin,unseen,43580,18.295103073120117,15.12532901763916
a058_2,ronin,unseen,43600,18.354795455932617,15.219293594360352
a058_2,ronin,unseen,43620,18.415264129638672,15.3211030960083
a058_2,ronin,unseen,43640,18.46885871887207,15.399816513061523
a058_2,ronin,unseen,43660,18.52267837524414,15.48323917388916
a058_2,ronin,unseen,43680,18.583175659179688,15.568583488464355
a058_2,ronin,unseen,43700,18.647829055786133,15.651806831359863
a058_2,ronin,unseen,43720,18.721529006958008,15.739442825317383
a058_2,ronin,unseen,43740,18.80577850341797,15.834595680236816
a058_2,ronin,unseen,43760,18.876983642578125,15.920328140258789
a058_2,ronin,unseen,43780,18.939987182617188,16.00753402709961
a058_2,ronin,unseen,43800,19.001569747924805,16.09486961364746
a058_2,ronin,unseen,43820,19.06365203857422,16.190237045288086
a058_2,ronin,unseen,43840,19.120498657226562,16.295089721679688
a058_2,ronin,unseen,43860,19.176057815551758,16.405315399169922
a058_2,ronin,unseen,43880,19.226661682128906,16.495845794677734
a058_2,ronin,unseen,43900,19.27909278869629,16.576448440551758
a058_2,ronin,unseen,43920,19.334741592407227,16.657026290893555
a058_2,ronin,unseen,43940,19.396564483642578,16.740644454956055
a058_2,ronin,unseen,43960,19.467884063720703,16.823772430419922
a058_2,ronin,unseen,43980,19.55294418334961,16.915382385253906
a058_2,ronin,unseen,44000,19.629831314086914,16.99964714050293
a058_2,ronin,unseen,44020,19.698482513427734,17.079395294189453
a058_2,ronin,unseen,44040,19.766231536865234,17.16012191772461
a058_2,ronin,unseen,44060,19.836406707763672,17.24564552307129
a058_2,ronin,unseen,44080,19.9058837890625,17.34314727783203
a058_2,ronin,unseen,44100,19.974105834960938,17.446035385131836
a058_2,ronin,unseen,44120,20.035120010375977,17.539060592651367
a058_2,ronin,unseen,44140,20.095447540283203,17.624971389770508
a058_2,ronin,unseen,44160,20.155126571655273,17.7086181640625
a058_2,ronin,unseen,44180,20.22104835510254,17.795228958129883
a058_2,ronin,unseen,44200,20.295665740966797,17.88470458984375
a058_2,ronin,unseen,44220,20.379507064819336,17.97874641418457
a058_2,ronin,unseen,44240,20.457874298095703,18.06736946105957
a058_2,ronin,unseen,44260,20.52485466003418,18.15545082092285
a058_2,ronin,unseen,44280,20.585533142089844,18.241464614868164
a058_2,ronin,unseen,44300,20.647327423095703,18.332000732421875
a058_2,ronin,unseen,44320,20.71133041381836,18.434890747070312
a058_2,ronin,unseen,44340,20.772541046142578,18.55085563659668
a058_2,ronin,unseen,44360,20.82775115966797,18.64828872680664
a058_2,ronin,unseen,44380,20.877666473388672,18.742109298706055
a058_2,ronin,unseen,44400,20.93350601196289,18.83432388305664
a058_2,ronin,unseen,44420,20.993528366088867,18.930130004882812
a058_2,ronin,unseen,44440,21.061738967895508,19.033931732177734
a058_2,ronin,unseen,44460,21.13389015197754,19.145479202270508
a058_2,ronin,unseen,44480,21.19422721862793,19.250965118408203
a058_2,ronin,unseen,44500,21.255483627319336,19.342723846435547
a058_2,ronin,unseen,44520,21.314802169799805,19.434242248535156
a058_2,ronin,unseen,44540,21.376235961914062,19.52924919128418
a058_2,ronin,unseen,44560,21.438444137573242,19.634647369384766
a058_2,ronin,unseen,44580,21.50154685974121,19.74954605102539
a058_2,ronin,unseen,44600,21.559188842773438,19.843069076538086
a058_2,ronin,unseen,44620,21.608659744262695,19.93529510498047
a058_2,ronin,unseen,44640,21.66838836669922,20.018844604492188
a058_2,ronin,unseen,44660,21.736066818237305,20.104951858520508
a058_2,ronin,unseen,44680,21.818159103393555,20.199377059936523
a058_2,ronin,unseen,44700,21.90728759765625,20.300003051757812
a058_2,ronin,unseen,44720,21.98198699951172,20.385955810546875
a058_2,ronin,unseen,44740,22.049861907958984,20.464588165283203
a058_2,ronin,unseen,44760,22.114099502563477,20.54087257385254
a058_2,ronin,unseen,44780,22.182233810424805,20.621915817260742
a058_2,ronin,unseen,44800,22.250425338745117,20.718090057373047
a058_2,ronin,unseen,44820,22.318307876586914,20.828630447387695
a058_2,ronin,unseen,44840,22.375877380371094,20.91830062866211
a058_2,ronin,unseen,44860,22.42576789855957,20.999099731445312
a058_2,ronin,unseen,44880,22.48186683654785,21.080114364624023
a058_2,ronin,unseen,44900,22.543861389160156,21.16438865661621
a058_2,ronin,unseen,44920,22.61124610900879,21.250568389892578
a058_2,ronin,unseen,44940,22.687435150146484,21.351409912109375
a058_2,ronin,unseen,44960,22.754362106323242,21.448848724365234
a058_2,ronin,unseen,44980,22.813695907592773,21.53687286376953
a058_2,ronin,unseen,45000,22.871809005737305,21.62486457824707
a058_2,ronin,unseen,45020,22.930112838745117,21.7182674407959
a058_2,ronin,unseen,45040,22.987567901611328,21.82344627380371
a058_2,ronin,unseen,45060,23.040664672851562,21.94096565246582
a058_2,ronin,unseen,45080,23.087356567382812,22.048564910888672
a058_2,ronin,unseen,45100,23.130084991455078,22.1402530670166
a058_2,ronin,unseen,45120,23.17287254333496,22.23219108581543
a058_2,ronin,unseen,45140,23.221694946289062,22.32822036743164
a058_2,ronin,unseen,45160,23.278242111206055,22.431446075439453
a058_2,ronin,unseen,45180,23.340444564819336,22.545082092285156
a058_2,ronin,unseen,45200,23.389673233032227,22.656843185424805
a058_2,ronin,unseen,45220,23.440261840820312,22.749765396118164
a058_2,ronin,unseen,45240,23.4903507232666,22.838953018188477
a058_2,ronin,unseen,45260,23.5416259765625,22.932619094848633
a058_2,ronin,unseen,45280,23.596298217773438,23.0401554107666
a058_2,ronin,unseen,45300,23.649457931518555,23.155914306640625
a058_2,ronin,unseen,45320,23.70155906677246,23.256492614746094
a058_2,ronin,unseen,45340,23.748170852661133,23.34677505493164
a058_2,ronin,unseen,45360,23.795427322387695,23.4378662109375
a058_2,ronin,unseen,45380,23.84925651550293,23.532325744628906
a058_2,ronin,unseen,45400,23.914955139160156,23.632413864135742
a058_2,ronin,unseen,45420,23.991044998168945,23.741392135620117
a058_2,ronin,unseen,45440,24.059343338012695,23.84452247619629
a058_2,ronin,unseen,45460,24.118844985961914,23.93408966064453
a058_2,ronin,unseen,45480,24.177579879760742,24.020395278930664
a058_2,ronin,unseen,45500,24.23832893371582,24.111499786376953
a058_2,ronin,unseen,45520,24.300737380981445,24.21739387512207
a058_2,ronin,unseen,45540,24.36452865600586,24.33551788330078
a058_2,ronin,unseen,45560,24.42581558227539,24.439245223999023
a058_2,ronin,unseen,45580,24.482349395751953,24.525257110595703
a058_2,ronin,unseen,45600,24.543729782104492,24.61151695251465
a058_2,ronin,unseen,45620,24.613264083862305,24.700191497802734
a058_2,ronin,unseen,45640,24.695409774780273,24.79295539855957
a058_2,ronin,unseen,45660,24.787527084350586,24.890596389770508
a058_2,ronin,unseen,45680,24.869020462036133,24.979286193847656
a058_2,ronin,unseen,45700,24.938230514526367,25.070402145385742
a058_2,ronin,unseen,45720,25.003461837768555,25.162721633911133
a058_2,ronin,unseen,45740,25.0678768157959,25.25563621520996
a058_2,ronin,unseen,45760,25.133201599121094,25.357572555541992
a058_2,ronin,unseen,45780,25.199954986572266,25.4744873046875
a058_2,ronin,unseen,45800,25.26120376586914,25.580188751220703
a058_2,ronin,unseen,45820,25.316057205200195,25.67236328125
a058_2,ronin,unseen,45840,25.37587547302246,25.76654624938965
a058_2,ronin,unseen,45860,25.442724227905273,25.8625431060791
a058_2,ronin,unseen,45880,25.522117614746094,25.967185974121094
a058_2,ronin,unseen,45900,25.608015060424805,26.07795524597168
a058_2,ronin,unseen,45920,25.682458877563477,26.175762176513672
a058_2,ronin,unseen,45940,25.7517147064209,26.268451690673828
a058_2,ronin,unseen,45960,25.81614112854004,26.360366821289062
a058_2,ronin,unseen,45980,25.880752563476562,26.457427978515625
a058_2,ronin,unseen,46000,25.940919876098633,26.55926513671875
a058_2,ronin,unseen,46020,26.004140853881836,26.675872802734375
a058_2,ronin,unseen,46040,26.06447982788086,26.77179718017578
a058_2,ronin,unseen,46060,26.11832046508789,26.857717514038086
a058_2,ronin,unseen,46080,26.177778244018555,26.95033073425293
a058_2,ronin,unseen,46100,26.243396759033203,27.044292449951172
a058_2,ronin,unseen,46120,26.32273292541504,27.14303970336914
a058_2,ronin,unseen,46140,26.412309646606445,27.245710372924805
a058_2,ronin,unseen,46160,26.487131118774414,27.337013244628906
a058_2,ronin,unseen,46180,26.554101943969727,27.42473793029785
a058_2,ronin,unseen,46200,26.618030548095703,27.517349243164062
a058_2,ronin,unseen,46220,26.6846866607666,27.61654281616211
a058_2,ronin,unseen,46240,26.750629425048828,27.725887298583984
a058_2,ronin,unseen,46260,26.817779541015625,27.843599319458008
a058_2,ronin,unseen,46280,26.880571365356445,27.943206787109375
a058_2,ronin,unseen,46300,26.93842315673828,28.029857635498047
a058_2,ronin,unseen,46320,26.996965408325195,28.117002487182617
a058_2,ronin,unseen,46340,27.061716079711914,28.2058048248291
a058_2,ronin,unseen,46360,27.138057708740234,28.29914093017578
a058_2,ronin,unseen,46380,27.223094940185547,28.396038055419922
a058_2,ronin,unseen,46400,27.298683166503906,28.48768424987793
a058_2,ronin,unseen,46420,27.36265754699707,28.574750900268555
a058_2,ronin,unseen,46440,27.42552375793457,28.66304588317871
a058_2,ronin,unseen,46460,27.489648818969727,28.753070831298828
a058_2,ronin,unseen,46480,27.55521011352539,28.85523223876953
a058_2,ronin,unseen,46500,27.621509552001953,28.97100257873535
a058_2,ronin,unseen,46520,27.68402099609375,29.070659637451172
a058_2,ronin,unseen,46540,27.739063262939453,29.15400505065918
a058_2,ronin,unseen,46560,27.79688835144043,29.24542999267578
a058_2,ronin,unseen,46580,27.859771728515625,29.339902877807617
a058_2,ronin,unseen,46600,27.932498931884766,29.44180679321289
a058_2,ronin,unseen,46620,28.0164737701416,29.549407958984375
a058_2,ronin,unseen,46640,28.092117309570312,29.647539138793945
a058_2,ronin,unseen,46660,28.156755447387695,29.736265182495117
a058_2,ronin,unseen,46680,28.21866798400879,29.825939178466797
a058_2,ronin,unseen,46700,28.280275344848633,29.92162322998047
a058_2,ronin,unseen,46720,28.342239379882812,30.029415130615234
a058_2,ronin,unseen,46740,28.4012393951416,30.147436141967773
a058_2,ronin,unseen,46760,28.458589553833008,30.253520965576172
a058_2,ronin,unseen,46780,28.51188087463379,30.33599853515625
a058_2,ronin,unseen,46800,28.566593170166016,30.425209045410156
a058_2,ronin,unseen,46820,28.62407112121582,30.513925552368164
a058_2,ronin,unseen,46840,28.689727783203125,30.608922958374023
a058_2,ronin,unseen,46860,28.761680603027344,30.707643508911133
a058_2,ronin,unseen,46880,28.82823944091797,30.797039031982422
a058_2,ronin,unseen,46900,28.88810157775879,30.880098342895508
a058_2,ronin,unseen,46920,28.94674301147461,30.964387893676758
a058_2,ronin,unseen,46940,29.00572395324707,31.05220603942871
a058_2,ronin,unseen,46960,29.063400268554688,31.14807891845703
a058_2,ronin,unseen,46980,29.120351791381836,31.254981994628906
a058_2,ronin,unseen,47000,29.17569923400879,31.356094360351562
a058_2,ronin,unseen,47020,29.224475860595703,31.435354232788086
a058_2,ronin,unseen,47040,29.27241325378418,31.517822265625
a058_2,ronin,unseen,47060,29.326208114624023,31.60550308227539
a058_2,ronin,unseen,47080,29.387609481811523,31.69716453552246
a058_2,ronin,unseen,47100,29.457624435424805,31.79513168334961
a058_2,ronin,unseen,47120,29.524513244628906,31.892126083374023
a058_2,ronin,unseen,47140,29.57923126220703,31.973976135253906
a058_2,ronin,unseen,47160,29.633726119995117,32.0606803894043
a058_2,ronin,unseen,47180,29.68930435180664,32.14875793457031
a058_2,ronin,unseen,47200,29.740692138671875,32.23784255981445
a058_2,ronin,unseen,47220,29.79129409790039,32.337852478027344
a058_2,ronin,unseen,47240,29.84417724609375,32.43806838989258
a058_2,ronin,unseen,47260,29.89207649230957,32.51881790161133
a058_2,ronin,unseen,47280,29.94381332397461,32.60651397705078
a058_2,ronin,unseen,47300,30.000926971435547,32.690189361572266
a058_2,ronin,unseen,47320,30.070322036743164,32.77665328979492
a058_2,ronin,unseen,47340,30.145339965820312,32.863956451416016
a058_2,ronin,unseen,47360,30.21843910217285,32.952938079833984
a058_2,ronin,unseen,47380,30.27507209777832,33.032901763916016
a058_2,ronin,unseen,47400,30.331270217895508,33.12108612060547
a058_2,ronin,unseen,47420,30.386842727661133,33.212135314941406
a058_2,ronin,unseen,47440,30.43954086303711,33.304283142089844
a058_2,ronin,unseen,47460,30.48833465576172,33.40411376953125
a058_2,ronin,unseen,47480,30.54140853881836,33.51303482055664
a058_2,ronin,unseen,47500,30.593177795410156,33.599998474121094
a058_2,ronin,unseen,47520,30.643394470214844,33.685401916503906
a058_2,ronin,unseen,47540,30.70136260986328,33.772037506103516
a058_2,ronin,unseen,47560,30.77202796936035,33.862586975097656
a058_2,ronin,unseen,47580,30.855113983154297,33.9571647644043
a058_2,ronin,unseen,47600,30.93924331665039,34.05708312988281
a058_2,ronin,unseen,47620,31.00911521911621,34.13698196411133
a058_2,ronin,unseen,47640,31.075422286987305,34.21778106689453
a058_2,ronin,unseen,47660,31.142566680908203,34.301937103271484
a058_2,ronin,unseen,47680,31.213661193847656,34.39393615722656
a058_2,ronin,unseen,47700,31.284568786621094,34.500484466552734
a058_2,ronin,unseen,47720,31.358301162719727,34.60872268676758
a058_2,ronin,unseen,47740,31.420562744140625,34.68838119506836
a058_2,ronin,unseen,47760,31.482328414916992,34.76225280761719
a058_2,ronin,unseen,47780,31.55105972290039,34.83513259887695
a058_2,ronin,unseen,47800,31.62813949584961,34.91190719604492
a058_2,ronin,unseen,47820,31.71312141418457,34.98942947387695
a058_2,ronin,unseen,47840,31.803943634033203,35.075218200683594
a058_2,ronin,unseen,47860,31.88323402404785,35.15648651123047
a058_2,ronin,unseen,47880,31.95067596435547,35.23400115966797
a058_2,ronin,unseen,47900,32.015079498291016,35.31372833251953
a058_2,ronin,unseen,47920,32.079830169677734,35.39563751220703
a058_2,ronin,unseen,47940,32.14338302612305,35.486480712890625
a058_2,ronin,unseen,47960,32.205440521240234,35.590309143066406
a058_2,ronin,unseen,47980,32.2626838684082,35.67595291137695
a058_2,ronin,unseen,48000,32.315738677978516,35.75408172607422
a058_2,ronin,unseen,48020,32.37381362915039,35.834716796875
a058_2,ronin,unseen,48040,32.43467330932617,35.90987014770508
a058_2,ronin,unseen,48060,32.50770568847656,35.98884582519531
a058_2,ronin,unseen,48080,32.59000015258789,36.07135009765625
a058_2,ronin,unseen,48100,32.662296295166016,36.14760208129883
a058_2,ronin,unseen,48120,32.7196159362793,36.21042251586914
a058_2,ronin,unseen,48140,32.774234771728516,36.26895523071289
a058_2,ronin,unseen,48160,32.827880859375,36.32573699951172
a058_2,ronin,unseen,48180,32.88455581665039,36.3936653137207
a058_2,ronin,unseen,48200,32.936134338378906,36.47203826904297
a058_2,ronin,unseen,48220,32.984580993652344,36.548465728759766
a058_2,ronin,unseen,48240,33.02404022216797,36.60602951049805
a058_2,ronin,unseen,48260,33.052101135253906,36.66938018798828
a058_2,ronin,unseen,48280,33.06787109375,36.73517990112305
a058_2,ronin,unseen,48300,33.07429504394531,36.7936897277832
a058_2,ronin,unseen,48320,33.0936164855957,36.8410758972168
a058_2,ronin,unseen,48340,33.11716842651367,36.8825569152832
a058_2,ronin,unseen,48360,33.123451232910156,36.92018508911133
a058_2,ronin,unseen,48380,33.11724090576172,36.951847076416016
a058_2,ronin,unseen,48400,33.10063552856445,36.97583770751953
a058_2,ronin,unseen,48420,33.07892990112305,36.99513244628906
a058_2,ronin,unseen,48440,33.04482650756836,37.0095329284668
a058_2,ronin,unseen,48460,32.99446487426758,37.01896286010742
a058_2,ronin,unseen,48480,32.92983627319336,37.02476501464844
a058_2,ronin,unseen,48500,32.85303497314453,37.02187728881836
a058_2,ronin,unseen,48520,32.77249526977539,37.01344680786133
a058_2,ronin,unseen,48540,32.69272232055664,36.998294830322266
a058_2,ronin,unseen,48560,32.61723327636719,36.98564529418945
a058_2,ronin,unseen,48580,32.54718017578125,36.979736328125
a058_2,ronin,unseen,48600,32.473384857177734,36.980934143066406
a058_2,ronin,unseen,48620,32.3918571472168,36.989139556884766
a058_2,ronin,unseen,48640,32.30275344848633,37.009132385253906
a058_2,ronin,unseen,48660,32.207916259765625,37.036739349365234
a058_2,ronin,unseen,48680,32.10856246948242,37.07229232788086
a058_2,ronin,unseen,48700,32.02925491333008,37.09255599975586
a058_2,ronin,unseen,48720,31.95033836364746,37.10826110839844
a058_2,ronin,unseen,48740,31.869800567626953,37.12114334106445
a058_2,ronin,unseen,48760,31.780780792236328,37.13157272338867
a058_2,ronin,unseen,48780,31.679176330566406,37.13718032836914
a058_2,ronin,unseen,48800,31.568191528320312,37.14377975463867
a058_2,ronin,unseen,48820,31.480514526367188,37.1596794128418
a058_2,ronin,unseen,48840,31.401535034179688,37.174903869628906
a058_2,ronin,unseen,48860,31.318557739257812,37.19447326660156
a058_2,ronin,unseen,48880,31.227468490600586,37.223533630371094
a058_2,ronin,unseen,48900,31.141843795776367,37.260562896728516
a058_2,ronin,unseen,48920,31.037321090698242,37.308502197265625
a058_2,ronin,unseen,48940,30.948345184326172,37.35173034667969
a058_2,ronin,unseen,48960,30.862634658813477,37.39101791381836
a058_2,ronin,unseen,48980,30.780427932739258,37.42896270751953
a058_2,ronin,unseen,49000,30.692890167236328,37.470619201660156
a058_2,ronin,unseen,49020,30.590198516845703,37.512271881103516
a058_2,ronin,unseen,49040,30.475299835205078,37.5529899597168
a058_2,ronin,unseen,49060,30.38983917236328,37.59268569946289
a058_2,ronin,unseen,49080,30.29959487915039,37.61117935180664
a058_2,ronin,unseen,49100,30.21889305114746,37.64916229248047
a058_2,ronin,unseen,49120,30.144935607910156,37.68897247314453
a058_2,ronin,unseen,49140,30.066125869750977,37.7387809753418
a058_2,ronin,unseen,49160,29.970428466796875,37.80536651611328
a058_2,ronin,unseen,49180,29.88357162475586,37.858726501464844
a058_2,ronin,unseen,49200,29.812782287597656,37.90351104736328
a058_2,ronin,unseen,49220,29.75196075439453,37.9449577331543
a058_2,ronin,unseen,49240,29.690832138061523,37.9886589050293
a058_2,ronin,unseen,49260,29.612869262695312,38.03252029418945
a058_2,ronin,unseen,49280,29.52150535583496,38.075931549072266
a058_2,ronin,unseen,49300,29.442928314208984,38.11993408203125
a058_2,ronin,unseen,49320,29.382009506225586,38.15806579589844
a058_2,ronin,unseen,49340,29.307600021362305,38.19451904296875
a058_2,ronin,unseen,49360,29.233186721801758,38.23059844970703
a058_2,ronin,unseen,49380,29.1630916595459,38.26866912841797
a058_2,ronin,unseen,49400,29.09303092956543,38.31224822998047
a058_2,ronin,unseen,49420,29.005922317504883,38.359745025634766
a058_2,ronin,unseen,49440,28.9100284576416,38.36372756958008
a058_2,ronin,unseen,49460,28.830745697021484,38.357688903808594
a058_2,ronin,unseen,49480,28.75920295715332,38.33545684814453
a058_2,ronin,unseen,49500,28.697898864746094,38.326473236083984
a058_2,ronin,unseen,49520,28.642011642456055,38.30885696411133
a058_2,ronin,unseen,49540,28.586814880371094,38.27649688720703
a058_2,ronin,unseen,49560,28.53412628173828,38.238685607910156
a058_2,ronin,unseen,49580,28.490947723388672,38.195655822753906
a058_2,ronin,unseen,49600,28.455482482910156,38.15655517578125
a058_2,ronin,unseen,49620,28.43886375427246,38.095741271972656
a058_2,ronin,unseen,49640,28.408531188964844,38.049835205078125
a058_2,ronin,unseen,49660,28.384124755859375,38.0011100769043
a058_2,ronin,unseen,49680,28.359699249267578,37.94783401489258
a058_2,ronin,unseen,49700,28.35634994506836,37.878360748291016
a058_2,ronin,unseen,49720,28.351634979248047,37.7971076965332
a058_2,ronin,unseen,49740,28.34165382385254,37.724571228027344
a058_2,ronin,unseen,49760,28.338539123535156,37.66095733642578
a058_2,ronin,unseen,49780,28.382652282714844,37.60377502441406
a058_2,ronin,unseen,49800,28.425626754760742,37.56174850463867
a058_2,ronin,unseen,49820,28.481130599975586,37.53001022338867
a058_2,ronin,unseen,49840,28.549291610717773,37.493316650390625
a058_2,ronin,unseen,49860,28.633485794067383,37.45419692993164
a058_2,ronin,unseen,49880,28.70331382751465,37.420005798339844
a058_2,ronin,unseen,49900,28.75678253173828,37.38664245605469
a058_2,ronin,unseen,49920,28.808483123779297,37.35513687133789
a058_2,ronin,unseen,49940,28.85761833190918,37.31224060058594
a058_2,ronin,unseen,49960,28.90723419189453,37.26763916015625
a058_2,ronin,unseen,49980,28.964305877685547,37.20655059814453
a058_2,ronin,unseen,50000,29.02231788635254,37.13630294799805
a058_2,ronin,unseen,50020,29.06534767150879,37.08481979370117
a058_2,ronin,unseen,50040,29.102685928344727,37.03761291503906
a058_2,ronin,unseen,50060,29.142974853515625,36.99436950683594
a058_2,ronin,unseen,50080,29.184223175048828,36.95527267456055
a058_2,ronin,unseen,50100,29.238550186157227,36.91178894042969
a058_2,ronin,unseen,50120,29.305551528930664,36.86998748779297
a058_2,ronin,unseen,50140,29.383230209350586,36.821502685546875
a058_2,ronin,unseen,50160,29.448667526245117,36.78359603881836
a058_2,ronin,unseen,50180,29.508502960205078,36.74464797973633
a058_2,ronin,unseen,50200,29.56235122680664,36.70679473876953
a058_2,ronin,unseen,50220,29.619483947753906,36.66084671020508
a058_2,ronin,unseen,50240,29.68183135986328,36.60220718383789
a058_2,ronin,unseen,50260,29.745351791381836,36.533573150634766
a058_2,ronin,unseen,50280,29.80706787109375,36.45680236816406
a058_2,ronin,unseen,50300,29.855440139770508,36.38756561279297
a058_2,ronin,unseen,50320,29.90016746520996,36.318565368652344
a058_2,ronin,unseen,50340,29.9411563873291,36.26043701171875
a058_2,ronin,unseen,50360,29.98371124267578,36.194175720214844
a058_2,ronin,unseen,50380,30.03580093383789,36.12588119506836
a058_2,ronin,unseen,50400,30.0886173248291,36.04255676269531
a058_2,ronin,unseen,50420,30.146730422973633,35.97103500366211
a058_2,ronin,unseen,50440,30.202165603637695,35.91209411621094
a058_2,ronin,unseen,50460,30.24234390258789,35.842994689941406
a058_2,ronin,unseen,50480,30.267948150634766,35.777809143066406
a058_2,ronin,unseen,50500,30.285648345947266,35.70298385620117
a058_2,ronin,unseen,50520,30.303892135620117,35.604026794433594
a058_2,ronin,unseen,50540,30.32267951965332,35.49812698364258
a058_2,ronin,unseen,50560,30.32847023010254,35.42573165893555
a058_2,ronin,unseen,50580,30.32868003845215,35.3526725769043
a058_2,ronin,unseen,50600,30.322933197021484,35.286216735839844
a058_2,ronin,unseen,50620,30.321102142333984,35.21176528930664
a058_2,ronin,unseen,50640,30.324613571166992,35.1297607421875
a058_2,ronin,unseen,50660,30.336448669433594,35.017860412597656
a058_2,ronin,unseen,50680,30.346607208251953,34.92111587524414
a058_2,ronin,unseen,50700,30.347503662109375,34.85014343261719
a058_2,ronin,unseen,50720,30.34942626953125,34.7752571105957
a058_2,ronin,unseen,50740,30.349445343017578,34.699607849121094
a058_2,ronin,unseen,50760,30.34670639038086,34.617103576660156
a058_2,ronin,unseen,50780,30.333621978759766,34.521820068359375
a058_2,ronin,unseen,50800,30.322235107421875,34.4113655090332
a058_2,ronin,unseen,50820,30.314899444580078,34.32851028442383
a058_2,ronin,unseen,50840,30.305269241333008,34.250492095947266
a058_2,ronin,unseen,50860,30.295618057250977,34.18201446533203
a058_2,ronin,unseen,50880,30.286317825317383,34.10664367675781
a058_2,ronin,unseen,50900,30.27952003479004,34.028076171875
a058_2,ronin,unseen,50920,30.276348114013672,33.93104934692383
a058_2,ronin,unseen,50940,30.275529861450195,33.825138092041016
a058_2,ronin,unseen,50960,30.264734268188477,33.74527359008789
a058_2,ronin,unseen,50980,30.24570655822754,33.670448303222656
a058_2,ronin,unseen,51000,30.22764015197754,33.599674224853516
a058_2,ronin,unseen,51020,30.199888229370117,33.52342224121094
a058_2,ronin,unseen,51040,30.163063049316406,33.439537048339844
a058_2,ronin,unseen,51060,30.11829948425293,33.33661651611328
a058_2,ronin,unseen,51080,30.081424713134766,33.25278854370117
a058_2,ronin,unseen,51100,30.04256248474121,33.17791748046875
a058_2,ronin,unseen,51120,30.004175186157227,33.11450958251953
a058_2,ronin,unseen,51140,29.96573257446289,33.049781799316406
a058_2,ronin,unseen,51160,29.926122665405273,32.9699821472168
a058_2,ronin,unseen,51180,29.88681411743164,32.86471176147461
a058_2,ronin,unseen,51200,29.84748077392578,32.76653289794922
a058_2,ronin,unseen,51220,29.80184555053711,32.69737243652344
a058_2,ronin,unseen,51240,29.763565063476562,32.62947463989258
a058_2,ronin,unseen,51260,29.718286514282227,32.55771255493164
a058_2,ronin,unseen,51280,29.6616153717041,32.478050231933594
a058_2,ronin,unseen,51300,29.58970069885254,32.38666534423828
a058_2,ronin,unseen,51320,29.518482208251953,32.29395294189453
a058_2,ronin,unseen,51340,29.470617294311523,32.22327423095703
a058_2,ronin,unseen,51360,29.422637939453125,32.15044403076172
a058_2,ronin,unseen,51380,29.378686904907227,32.07920455932617
a058_2,ronin,unseen,51400,29.330839157104492,31.994243621826172
a058_2,ronin,unseen,51420,29.280521392822266,31.8906192779541
a058_2,ronin,unseen,51440,29.227895736694336,31.776796340942383
a058_2,ronin,unseen,51460,29.181224822998047,31.694326400756836
a058_2,ronin,unseen,51480,29.132993698120117,31.620901107788086
a058_2,ronin,unseen,51500,29.081186294555664,31.551584243774414
a058_2,ronin,unseen,51520,29.014318466186523,31.47555160522461
a058_2,ronin,unseen,51540,28.933853149414062,31.398765563964844
a058_2,ronin,unseen,51560,28.843017578125,31.31199836730957
a058_2,ronin,unseen,51580,28.776473999023438,31.24937629699707
a058_2,ronin,unseen,51600,28.71845054626465,31.19142723083496
a058_2,ronin,unseen,51620,28.66658592224121,31.13583755493164
a058_2,ronin,unseen,51640,28.616159439086914,31.071102142333984
a058_2,ronin,unseen,51660,28.567045211791992,30.99526596069336
a058_2,ronin,unseen,51680,28.51301383972168,30.90005874633789
a058_2,ronin,unseen,51700,28.461448669433594,30.809059143066406
a058_2,ronin,unseen,51720,28.41714096069336,30.737789154052734
a058_2,ronin,unseen,51740,28.375295639038086,30.6629638671875
a058_2,ronin,unseen,51760,28.325374603271484,30.580537796020508
a058_2,ronin,unseen,51780,28.262832641601562,30.49125099182129
a058_2,ronin,unseen,51800,28.18857192993164,30.39267349243164
a058_2,ronin,unseen,51820,28.122636795043945,30.29736328125
a058_2,ronin,unseen,51840,28.07423973083496,30.22171974182129
a058_2,ronin,unseen,51860,28.026777267456055,30.14845085144043
a058_2,ronin,unseen,51880,27.984119415283203,30.076377868652344
a058_2,ronin,unseen,51900,27.942642211914062,29.990720748901367
a058_2,ronin,unseen,51920,27.898555755615234,29.880170822143555
a058_2,ronin,unseen,51940,27.851343154907227,29.75919532775879
a058_2,ronin,unseen,51960,27.80585289001465,29.66457748413086
a058_2,ronin,unseen,51980,27.76137924194336,29.57747459411621
a058_2,ronin,unseen,52000,27.711200714111328,29.492891311645508
a058_2,ronin,unseen,52020,27.6532039642334,29.402502059936523
a058_2,ronin,unseen,52040,27.580041885375977,29.30135154724121
a058_2,ronin,unseen,52060,27.499698638916016,29.19532585144043
a058_2,ronin,unseen,52080,27.432086944580078,29.1070499420166
a058_2,ronin,unseen,52100,27.372020721435547,29.02749252319336
a058_2,ronin,unseen,52120,27.31515121459961,28.953826904296875
a058_2,ronin,unseen,52140,27.260055541992188,28.883174896240234
a058_2,ronin,unseen,52160,27.2058162689209,28.80284309387207
a058_2,ronin,unseen,52180,27.144851684570312,28.69450569152832
a058_2,ronin,unseen,52200,27.0797061920166,28.59127426147461
a058_2,ronin,unseen,52220,27.01712417602539,28.526432037353516
a058_2,ronin,unseen,52240,26.973726272583008,28.45223045349121
a058_2,ronin,unseen,52260,26.923702239990234,28.379810333251953
a058_2,ronin,unseen,52280,26.861125946044922,28.298297882080078
a058_2,ronin,unseen,52300,26.781688690185547,28.20758819580078
a058_2,ronin,unseen,52320,26.710752487182617,28.125940322875977
a058_2,ronin,unseen,52340,26.65689468383789,28.059146881103516
a058_2,ronin,unseen,52360,26.60478973388672,27.995479583740234
a058_2,ronin,unseen,52380,26.553895950317383,27.933929443359375
a058_2,ronin,unseen,52400,26.502361297607422,27.861581802368164
a058_2,ronin,unseen,52420,26.454605102539062,27.775798797607422
a058_2,ronin,unseen,52440,26.403047561645508,27.68079948425293
a058_2,ronin,unseen,52460,26.35004997253418,27.59654426574707
a058_2,ronin,unseen,52480,26.301254272460938,27.528112411499023
a058_2,ronin,unseen,52500,26.25308609008789,27.460063934326172
a058_2,ronin,unseen,52520,26.198379516601562,27.38839340209961
a058_2,ronin,unseen,52540,26.129526138305664,27.306373596191406
a058_2,ronin,unseen,52560,26.054859161376953,27.22104263305664
a058_2,ronin,unseen,52580,25.980541229248047,27.149765014648438
a058_2,ronin,unseen,52600,25.926542282104492,27.0842227935791
a058_2,ronin,unseen,52620,25.876789093017578,27.022502899169922
a058_2,ronin,unseen,52640,25.830121994018555,26.958545684814453
a058_2,ronin,unseen,52660,25.78403663635254,26.880613327026367
a058_2,ronin,unseen,52680,25.741069793701172,26.79228973388672
a058_2,ronin,unseen,52700,25.702272415161133,26.706008911132812
a058_2,ronin,unseen,52720,25.66425132751465,26.63546371459961
a058_2,ronin,unseen,52740,25.63050079345703,26.567373275756836
a058_2,ronin,unseen,52760,25.587778091430664,26.497798919677734
a058_2,ronin,unseen,52780,25.537303924560547,26.425687789916992
a058_2,ronin,unseen,52800,25.47245979309082,26.347951889038086
a058_2,ronin,unseen,52820,25.419815063476562,26.27940559387207
a058_2,ronin,unseen,52840,25.378875732421875,26.220304489135742
a058_2,ronin,unseen,52860,25.331310272216797,26.159448623657227
a058_2,ronin,unseen,52880,25.287965774536133,26.107559204101562
a058_2,ronin,unseen,52900,25.24662971496582,26.050556182861328
a058_2,ronin,unseen,52920,25.20709991455078,25.983448028564453
a058_2,ronin,unseen,52940,25.162378311157227,25.90067481994629
a058_2,ronin,unseen,52960,25.112565994262695,25.827604293823242
a058_2,ronin,unseen,52980,25.066547393798828,25.780363082885742
a058_2,ronin,unseen,53000,25.034440994262695,25.720298767089844
a058_2,ronin,unseen,53020,24.992332458496094,25.651609420776367
a058_2,ronin,unseen,53040,24.942548751831055,25.580049514770508
a058_2,ronin,unseen,53060,24.882814407348633,25.50766944885254
a058_2,ronin,unseen,53080,24.820825576782227,25.422542572021484
a058_2,ronin,unseen,53100,24.777952194213867,25.356403350830078
a058_2,ronin,unseen,53120,24.740774154663086,25.292638778686523
a058_2,ronin,unseen,53140,24.7088623046875,25.22885513305664
a058_2,ronin,unseen,53160,24.674800872802734,25.155282974243164
a058_2,ronin,unseen,53180,24.646175384521484,25.080768585205078
a058_2,ronin,unseen,53200,24.616300582885742,24.990942001342773
a058_2,ronin,unseen,53220,24.587610244750977,24.90718650817871
a058_2,ronin,unseen,53240,24.557477951049805,24.84050178527832
a058_2,ronin,unseen,53260,24.528305053710938,24.776416778564453
a058_2,ronin,unseen,53280,24.492328643798828,24.71070098876953
a058_2,ronin,unseen,53300,24.448993682861328,24.639951705932617
a058_2,ronin,unseen,53320,24.39834213256836,24.562833786010742
a058_2,ronin,unseen,53340,24.342313766479492,24.47869300842285
a058_2,ronin,unseen,53360,24.296104431152344,24.402862548828125
a058_2,ronin,unseen,53380,24.255416870117188,24.33562469482422
a058_2,ronin,unseen,53400,24.217796325683594,24.268083572387695
a058_2,ronin,unseen,53420,24.178050994873047,24.19717025756836
a058_2,ronin,unseen,53440,24.142637252807617,24.12147331237793
a058_2,ronin,unseen,53460,24.1104679107666,24.040790557861328
a058_2,ronin,unseen,53480,24.07879638671875,23.965421676635742
a058_2,ronin,unseen,53500,24.050683975219727,23.901277542114258
a058_2,ronin,unseen,53520,24.024648666381836,23.84132957458496
a058_2,ronin,unseen,53540,23.97195816040039,23.792917251586914
a058_2,ronin,unseen,53560,23.898555755615234,23.7521915435791
a058_2,ronin,unseen,53580,23.857749938964844,23.716552734375
a058_2,ronin,unseen,53600,23.83000373840332,23.6856632232666
a058_2,ronin,unseen,53620,23.815778732299805,23.664688110351562
a058_2,ronin,unseen,53640,23.803102493286133,23.6483211517334
a058_2,ronin,unseen,53660,23.79439353942871,23.640453338623047
a058_2,ronin,unseen,53680,23.793807983398438,23.6331844329834
a058_2,ronin,unseen,53700,23.79505157470703,23.63056755065918
a058_2,ronin,unseen,53720,23.79894256591797,23.628480911254883
a058_2,ronin,unseen,53740,23.803573608398438,23.628087997436523
a058_2,ronin,unseen,53760,23.806406021118164,23.627897262573242
a058_2,ronin,unseen,53780,23.806440353393555,23.62833595275879
a058_2,ronin,unseen,53800,23.805644989013672,23.6294002532959
a058_2,ronin,unseen,53820,23.804058074951172,23.62953758239746
a058_2,ronin,unseen,53840,23.80476188659668,23.63010597229004
a058_2,ronin,unseen,53860,23.806718826293945,23.63066864013672
a058_2,ronin,unseen,53880,23.808177947998047,23.631486892700195
a058_2,ronin,unseen,53900,23.809810638427734,23.631694793701172
a058_2,ronin,unseen,53920,23.81142234802246,23.6324520111084
a058_2,ronin,unseen,53940,23.812007904052734,23.632797241210938
a058_2,ronin,unseen,53960,23.812063217163086,23.63301658630371
a058_2,ronin,unseen,53980,23.812355041503906,23.633399963378906
a058_2,ronin,unseen,54000,23.8123779296875,23.63373565673828
a058_2,ronin,unseen,54020,23.81267738342285,23.63330841064453
a058_2,ronin,unseen,54040,23.81279182434082,23.633132934570312
a058_2,ronin,unseen,54060,23.81291961669922,23.633176803588867
a058_2,ronin,unseen,54080,23.813566207885742,23.633220672607422
a058_2,ronin,unseen,54100,23.816089630126953,23.63359260559082
a058_2,ronin,unseen,54120,23.818683624267578,23.632427215576172
a058_2,ronin,unseen,54140,23.82052993774414,23.63172721862793
a058_2,ronin,unseen,54160,23.821674346923828,23.631898880004883
a058_2,ronin,unseen,54180,23.82199478149414,23.631864547729492
a058_2,ronin,unseen,54200,23.821836471557617,23.631942749023438
a058_2,ronin,unseen,54220,23.82179069519043,23.631898880004883
a058_2,ronin,unseen,54240,23.821706771850586,23.631912231445312
a058_2,ronin,unseen,54260,23.82154083251953,23.631961822509766
a058_2,ronin,unseen,54280,23.821584701538086,23.63191032409668
a058_2,ronin,unseen,54300,23.82196807861328,23.631649017333984
a058_2,ronin,unseen,54320,23.822080612182617,23.631589889526367
a058_2,ronin,unseen,54340,23.822105407714844,23.63157081604004
a058_2,ronin,unseen,54360,23.822040557861328,23.63166046142578
a058_2,ronin,unseen,54380,23.821849822998047,23.63222885131836
a058_2,ronin,unseen,54400,23.82184410095215,23.632247924804688
a058_2,ronin,unseen,54420,23.82184600830078,23.632404327392578
a058_2,ronin,unseen,54440,23.82167625427246,23.632726669311523
a058_2,ronin,unseen,54460,23.82158851623535,23.633054733276367
a058_2,ronin,unseen,54480,23.821619033813477,23.633121490478516
a058_2,ronin,unseen,54500,23.821470260620117,23.63402557373047
a058_2,ronin,unseen,54520,23.820133209228516,23.6351318359375
a058_2,ronin,unseen,54540,23.817882537841797,23.636098861694336
a058_2,ronin,unseen,54560,23.81418800354004,23.64000129699707
a058_2,ronin,unseen,54580,23.813377380371094,23.64069938659668
a058_2,ronin,unseen,54600,23.814071655273438,23.639816284179688
a058_2,ronin,unseen,54620,23.81599235534668,23.638813018798828
a058_2,ronin,unseen,54640,23.81816864013672,23.634708404541016
a058_2,ronin,unseen,54660,23.817304611206055,23.631393432617188
a058_2,ronin,unseen,54680,23.817487716674805,23.6310977935791
a058_2,ronin,unseen,54700,23.817974090576172,23.629676818847656
a058_2,ronin,unseen,54720,23.818479537963867,23.62925148010254
a058_2,ronin,unseen,54740,23.819265365600586,23.628305435180664
a058_2,ronin,unseen,54760,23.819198608398438,23.62737274169922
a058_2,ronin,unseen,54780,23.818660736083984,23.626808166503906
a058_2,ronin,unseen,54800,23.8187313079834,23.626298904418945
a058_2,ronin,unseen,54820,23.81940269470215,23.625873565673828
a058_2,ronin,unseen,54840,23.82065773010254,23.62531089782715
a058_2,ronin,unseen,54860,23.8220157623291,23.62474822998047
a058_2,ronin,unseen,54880,23.82314109802246,23.624481201171875
a058_2,ronin,unseen,54900,23.823774337768555,23.62434196472168
a058_2,ronin,unseen,54920,23.82398223876953,23.624536514282227
a058_2,ronin,unseen,54940,23.82404327392578,23.62454605102539
a058_2,ronin,unseen,54960,23.82413101196289,23.624692916870117
a058_2,ronin,unseen,54980,23.824743270874023,23.6248779296875
a058_2,ronin,unseen,55000,23.8265438079834,23.625234603881836
a058_2,ronin,unseen,55020,23.827592849731445,23.626066207885742
a058_2,ronin,unseen,55040,23.82798194885254,23.62660026550293
a058_2,ronin,unseen,55060,23.829601287841797,23.626996994018555
a058_2,ronin,unseen,55080,23.831260681152344,23.627593994140625
a058_2,ronin,unseen,55100,23.83261489868164,23.62819480895996
a058_2,ronin,unseen,55120,23.833297729492188,23.628442764282227
a058_2,ronin,unseen,55140,23.833450317382812,23.628644943237305
a058_2,ronin,unseen,55160,23.8333797454834,23.628856658935547
a058_2,ronin,unseen,55180,23.83321189880371,23.629148483276367
a058_2,ronin,unseen,55200,23.83302879333496,23.629430770874023
a058_2,ronin,unseen,55220,23.832990646362305,23.629501342773438
a058_2,ronin,unseen,55240,23.83298683166504,23.629512786865234
a058_2,ronin,unseen,55260,23.833019256591797,23.62952995300293
a058_2,ronin,unseen,55280,23.833127975463867,23.629491806030273
a058_2,ronin,unseen,55300,23.833269119262695,23.629398345947266
a058_2,ronin,unseen,55320,23.83344268798828,23.629249572753906
a058_2,ronin,unseen,55340,23.833532333374023,23.629085540771484
a058_2,ronin,unseen,55360,23.833572387695312,23.62893295288086
a058_2,ronin,unseen,55380,23.833560943603516,23.628860473632812
a058_2,ronin,unseen,55400,23.833492279052734,23.628828048706055
a058_2,ronin,unseen,55420,23.8333797454834,23.628787994384766
a058_2,ronin,unseen,55440,23.83329200744629,23.62872886657715
a058_2,ronin,unseen,55460,23.833192825317383,23.628679275512695
a058_2,ronin,unseen,55480,23.833168029785156,23.62864875793457
a058_2,ronin,unseen,55500,23.833171844482422,23.628623962402344
a058_2,ronin,unseen,55520,23.833181381225586,23.62860679626465
a058_2,ronin,unseen,55540,23.833192825317383,23.628591537475586
a058_2,ronin,unseen,55560,23.833192825317383,23.628582000732422
a058_2,ronin,unseen,55580,23.833189010620117,23.628576278686523
a058_2,ronin,unseen,55600,23.833187103271484,23.628572463989258
a058_2,ronin,unseen,55620,23.83318519592285,23.628562927246094
a058_2,ronin,unseen,55640,23.83318519592285,23.628555297851562
a058_2,ronin,unseen,55660,23.833202362060547,23.628536224365234
a058_2,ronin,unseen,55680,23.833202362060547,23.628536224365234
a058_2,ronin,unseen,55700,23.833229064941406,23.628524780273438
a058_2,ronin,unseen,55720,23.833236694335938,23.628511428833008
a058_2,ronin,unseen,55740,23.8332462310791,23.628475189208984
a058_2,ronin,unseen,55760,23.8332462310791,23.62846565246582
a058_2,ronin,unseen,55780,23.8332462310791,23.628454208374023
a058_2,ronin,unseen,55800,23.833253860473633,23.628429412841797
a058_2,ronin,unseen,55820,23.833465576171875,23.62802505493164
a058_2,ronin,unseen,55840,23.833654403686523,23.627880096435547
a058_2,ronin,unseen,55860,23.83366584777832,23.62788963317871
a058_2,ronin,unseen,55880,23.833566665649414,23.628047943115234
a058_2,ronin,unseen,55900,23.833499908447266,23.628036499023438
a058_2,ronin,unseen,55920,23.833477020263672,23.628049850463867
a058_2,ronin,unseen,55940,23.833477020263672,23.628067016601562
a058_2,ronin,unseen,55960,23.833454132080078,23.628156661987305
a058_2,ronin,unseen,55980,23.833471298217773,23.628223419189453
a058_2,ronin,unseen,56000,23.833515167236328,23.62839126586914
a058_2,ronin,unseen,56020,23.833528518676758,23.628507614135742
a058_2,ronin,unseen,56040,23.833498001098633,23.628541946411133
a058_2,ronin,unseen,56060,23.83329963684082,23.62866973876953
a058_2,ronin,unseen,56080,23.83321762084961,23.62870216369629
a058_2,ronin,unseen,56100,23.83318519592285,23.628704071044922
a058_2,ronin,unseen,56120,23.833160400390625,23.628698348999023
a058_2,ronin,unseen,56140,23.833148956298828,23.628694534301758
a058_2,ronin,unseen,56160,23.83312225341797,23.628690719604492
a058_2,ronin,unseen,56180,23.83307647705078,23.628692626953125
a058_2,ronin,unseen,56200,23.833024978637695,23.628664016723633
a058_2,ronin,unseen,56220,23.832979202270508,23.62862205505371
a058_2,ronin,unseen,56240,23.832965850830078,23.628543853759766
a058_2,ronin,unseen,56260,23.832977294921875,23.62833023071289
a058_2,ronin,unseen,56280,23.83299446105957,23.628074645996094
a058_2,ronin,unseen,56300,23.833044052124023,23.627811431884766
a058_2,ronin,unseen,56320,23.833139419555664,23.62750816345215
a058_2,ronin,unseen,56340,23.833248138427734,23.627187728881836
a058_2,ronin,unseen,56360,23.833316802978516,23.6269588470459
a058_2,ronin,unseen,56380,23.833406448364258,23.626693725585938
a058_2,ronin,unseen,56400,23.833450317382812,23.62653350830078
a058_2,ronin,unseen,56420,23.833478927612305,23.626432418823242
a058_2,ronin,unseen,56440,23.83355712890625,23.62625503540039
a058_2,ronin,unseen,56460,23.833587646484375,23.626203536987305
a058_2,ronin,unseen,56480,23.8336238861084,23.626161575317383
a058_2,ronin,unseen,56500,23.833730697631836,23.62612533569336
a058_2,ronin,unseen,56520,23.83378791809082,23.626117706298828
a058_2,ronin,unseen,56540,23.833829879760742,23.62611198425293
a058_2,ronin,unseen,56560,23.833845138549805,23.626115798950195
a058_2,ronin,unseen,56580,23.833847045898438,23.626121520996094
a058_2,ronin,unseen,56600,23.833845138549805,23.626140594482422
a058_2,ronin,unseen,56620,23.833839416503906,23.626171112060547
a058_2,ronin,unseen,56640,23.833837509155273,23.626197814941406
a058_2,ronin,unseen,56660,23.83377456665039,23.626340866088867
a058_2,ronin,unseen,56680,23.83378028869629,23.62638282775879
a058_2,ronin,unseen,56700,23.833763122558594,23.626434326171875
a058_2,ronin,unseen,56720,23.833711624145508,23.626514434814453
a058_2,ronin,unseen,56740,23.83365249633789,23.626611709594727
a058_2,ronin,unseen,56760,23.83359718322754,23.6267032623291
a058_2,ronin,unseen,56780,23.83355140686035,23.626794815063477
a058_2,ronin,unseen,56800,23.83353614807129,23.626848220825195
a058_2,ronin,unseen,56820,23.833513259887695,23.626882553100586
a058_2,ronin,unseen,56840,23.833499908447266,23.626893997192383
a058_2,ronin,unseen,56860,23.83346939086914,23.626901626586914
a058_2,ronin,unseen,56880,23.833370208740234,23.626890182495117
a058_2,ronin,unseen,56900,23.83327293395996,23.62685775756836
a058_2,ronin,unseen,56920,23.833263397216797,23.626785278320312
a058_2,ronin,unseen,56940,23.833236694335938,23.626689910888672
a058_2,ronin,unseen,56960,23.83320426940918,23.62656021118164
a058_2,ronin,unseen,56980,23.833219528198242,23.626314163208008
a058_2,ronin,unseen,57000,23.83328628540039,23.62605094909668
a058_2,ronin,unseen,57020,23.833694458007812,23.62557601928711
a058_2,ronin,unseen,57040,23.834928512573242,23.624713897705078
a058_2,ronin,unseen,57060,23.836774826049805,23.623594284057617
a058_2,ronin,unseen,57080,23.838546752929688,23.622802734375
a058_2,ronin,unseen,57100,23.839641571044922,23.62233543395996
a058_2,ronin,unseen,57120,23.839767456054688,23.622283935546875
a058_2,ronin,unseen,57140,23.839780807495117,23.62228775024414
a058_2,ronin,unseen,57160,23.83978843688965,23.62230110168457
a058_2,ronin,unseen,57180,23.8398380279541,23.622331619262695
a058_2,ronin,unseen,57200,23.840251922607422,23.622421264648438
a058_2,ronin,unseen,57220,23.84191131591797,23.622602462768555
a058_2,ronin,unseen,57240,23.844467163085938,23.62274932861328
a058_2,ronin,unseen,57260,23.847890853881836,23.622949600219727
a058_2,ronin,unseen,57280,23.85184097290039,23.62326431274414
a058_2,ronin,unseen,57300,23.856035232543945,23.623754501342773
a058_2,ronin,unseen,57320,23.860530853271484,23.624340057373047
a058_2,ronin,unseen,57340,23.866153717041016,23.624786376953125
a058_2,ronin,unseen,57360,23.873952865600586,23.6256160736084
a058_2,ronin,unseen,57380,23.884416580200195,23.62653350830078
a058_2,ronin,unseen,57400,23.896421432495117,23.627473831176758
a058_2,ronin,unseen,57420,23.909008026123047,23.628999710083008
a058_2,ronin,unseen,57440,23.922420501708984,23.631629943847656
a058_2,ronin,unseen,57460,23.93746566772461,23.635744094848633
a058_2,ronin,unseen,57480,23.95123291015625,23.64015769958496
a058_2,ronin,unseen,57500,23.96142578125,23.645551681518555
a058_2,ronin,unseen,57520,23.97024917602539,23.64928436279297
a058_2,ronin,unseen,57540,23.976985931396484,23.650678634643555
a058_2,ronin,unseen,57560,23.982580184936523,23.652559280395508
a058_2,ronin,unseen,57580,23.987632751464844,23.653995513916016
a058_2,ronin,unseen,57600,23.992063522338867,23.655031204223633
a058_2,ronin,unseen,57620,23.994489669799805,23.65583038330078
a058_2,ronin,unseen,57640,23.99294662475586,23.65557098388672
a058_2,ronin,unseen,57660,23.985706329345703,23.654741287231445
a058_2,ronin,unseen,57680,23.973299026489258,23.652250289916992
a058_2,ronin,unseen,57700,23.959497451782227,23.648473739624023
a058_2,ronin,unseen,57720,23.94364356994629,23.643362045288086
a058_2,ronin,unseen,57740,23.926647186279297,23.63691520690918
a058_2,ronin,unseen,57760,23.907222747802734,23.629962921142578
a058_2,ronin,unseen,57780,23.885364532470703,23.62229347229004
a058_2,ronin,unseen,57800,23.867456436157227,23.61603546142578
a058_2,ronin,unseen,57820,23.855194091796875,23.609933853149414
a058_2,ronin,unseen,57840,23.84736442565918,23.604385375976562
a058_2,ronin,unseen,57860,23.842140197753906,23.5999813079834
a058_2,ronin,unseen,57880,23.837207794189453,23.594938278198242
a058_2,ronin,unseen,57900,23.83036994934082,23.590229034423828
a058_2,ronin,unseen,57920,23.820186614990234,23.5861873626709
a058_2,ronin,unseen,57940,23.80946159362793,23.582733154296875
a058_2,ronin,unseen,57960,23.798185348510742,23.58090591430664
a058_2,ronin,unseen,57980,23.789134979248047,23.580421447753906
a058_2,ronin,unseen,58000,23.78068733215332,23.57996368408203
a058_2,ronin,unseen,58020,23.770030975341797,23.579648971557617
a058_2,ronin,unseen,58040,23.758975982666016,23.579540252685547
a058_2,ronin,unseen,58060,23.748394012451172,23.579479217529297
a058_2,ronin,unseen,58080,23.736927032470703,23.579519271850586
a058_2,ronin,unseen,58100,23.725439071655273,23.57940101623535
a058_2,ronin,unseen,58120,23.715808868408203,23.57945442199707
a058_2,ronin,unseen,58140,23.708112716674805,23.579570770263672
a058_2,ronin,unseen,58160,23.701318740844727,23.579429626464844
a058_2,ronin,unseen,58180,23.69499397277832,23.579275131225586
a058_2,ronin,unseen,58200,23.689390182495117,23.579404830932617
a058_2,ronin,unseen,58220,23.683788299560547,23.579513549804688
a058_2,ronin,unseen,58240,23.677982330322266,23.57960319519043
a058_2,ronin,unseen,58260,23.67142677307129,23.579179763793945
a058_2,ronin,unseen,58280,23.663761138916016,23.577985763549805
a058_2,ronin,unseen,58300,23.65567970275879,23.574289321899414
a058_2,ronin,unseen,58320,23.645565032958984,23.56661033630371
a058_2,ronin,unseen,58340,23.63322639465332,23.555017471313477
a058_2,ronin,unseen,58360,23.618553161621094,23.53994369506836
a058_2,ronin,unseen,58380,23.602357864379883,23.51929473876953
a058_2,ronin,unseen,58400,23.578868865966797,23.490846633911133
a058_2,ronin,unseen,58420,23.55425453186035,23.455080032348633
a058_2,ronin,unseen,58440,23.530324935913086,23.41736602783203
a058_2,ronin,unseen,58460,23.517196655273438,23.378267288208008
a058_2,ronin,unseen,58480,23.503055572509766,23.34572410583496
a058_2,ronin,unseen,58500,23.487628936767578,23.31542205810547
a058_2,ronin,unseen,58520,23.475919723510742,23.280414581298828
a058_2,ronin,unseen,58540,23.464235305786133,23.24188804626465
a058_2,ronin,unseen,58560,23.448841094970703,23.198156356811523
a058_2,ronin,unseen,58580,23.439973831176758,23.150758743286133
a058_2,ronin,unseen,58600,23.43950080871582,23.107900619506836
a058_2,ronin,unseen,58620,23.45326042175293,23.07498550415039
a058_2,ronin,unseen,58640,23.480701446533203,23.052711486816406
a058_2,ronin,unseen,58660,23.519676208496094,23.050350189208984
a058_2,ronin,unseen,58680,23.55933952331543,23.065593719482422
a058_2,ronin,unseen,58700,23.59931182861328,23.09685516357422
a058_2,ronin,unseen,58720,23.642066955566406,23.14508819580078
a058_2,ronin,unseen,58740,23.685956954956055,23.20752716064453
a058_2,ronin,unseen,58760,23.727577209472656,23.279253005981445
a058_2,ronin,unseen,58780,23.767223358154297,23.35389518737793
a058_2,ronin,unseen,58800,23.803258895874023,23.42331314086914
a058_2,ronin,unseen,58820,23.838214874267578,23.48909568786621
a058_2,ronin,unseen,58840,23.877653121948242,23.556114196777344
a058_2,ronin,unseen,58860,23.92353630065918,23.6236572265625
a058_2,ronin,unseen,58880,23.98013687133789,23.690086364746094
a058_2,ronin,unseen,58900,24.04912757873535,23.766008377075195
a058_2,ronin,unseen,58920,24.110851287841797,23.84162139892578
a058_2,ronin,unseen,58940,24.159500122070312,23.91646385192871
a058_2,ronin,unseen,58960,24.202281951904297,23.989604949951172
a058_2,ronin,unseen,58980,24.245529174804688,24.06649398803711
a058_2,ronin,unseen,59000,24.285629272460938,24.149534225463867
a058_2,ronin,unseen,59020,24.323524475097656,24.241497039794922
a058_2,ronin,unseen,59040,24.36075782775879,24.339340209960938
a058_2,ronin,unseen,59060,24.39412498474121,24.425832748413086
a058_2,ronin,unseen,59080,24.427614212036133,24.50117301940918
a058_2,ronin,unseen,59100,24.463693618774414,24.578720092773438
a058_2,ronin,unseen,59120,24.505775451660156,24.657245635986328
a058_2,ronin,unseen,59140,24.557941436767578,24.740938186645508
a058_2,ronin,unseen,59160,24.618623733520508,24.832746505737305
a058_2,ronin,unseen,59180,24.676010131835938,24.924964904785156
a058_2,ronin,unseen,59200,24.72300910949707,25.00469398498535
a058_2,ronin,unseen,59220,24.767881393432617,25.081771850585938
a058_2,ronin,unseen,59240,24.81414794921875,25.16310691833496
a058_2,ronin,unseen,59260,24.862770080566406,25.253324508666992
a058_2,ronin,unseen,59280,24.906156539916992,25.354372024536133
a058_2,ronin,unseen,59300,24.950815200805664,25.459644317626953
a058_2,ronin,unseen,59320,24.993940353393555,25.539508819580078
a058_2,ronin,unseen,59340,25.03656768798828,25.617895126342773
a058_2,ronin,unseen,59360,25.0806827545166,25.698205947875977
a058_2,ronin,unseen,59380,25.131574630737305,25.781076431274414
a058_2,ronin,unseen,59400,25.192548751831055,25.86714744567871
a058_2,ronin,unseen,59420,25.262134552001953,25.958927154541016
a058_2,ronin,unseen,59440,25.32301902770996,26.0382022857666
a058_2,ronin,unseen,59460,25.37996482849121,26.10778045654297
a058_2,ronin,unseen,59480,25.440032958984375,26.178592681884766
a058_2,ronin,unseen,59500,25.5001220703125,26.252948760986328
a058_2,ronin,unseen,59520,25.561424255371094,26.337358474731445
a058_2,ronin,unseen,59540,25.626407623291016,26.434263229370117
a058_2,ronin,unseen,59560,25.689105987548828,26.517105102539062
a058_2,ronin,unseen,59580,25.746170043945312,26.578750610351562
a058_2,ronin,unseen,59600,25.806039810180664,26.641292572021484
a058_2,ronin,unseen,59620,25.873186111450195,26.706823348999023
a058_2,ronin,unseen,59640,25.95113754272461,26.773542404174805
a058_2,ronin,unseen,59660,26.037261962890625,26.83950424194336
a058_2,ronin,unseen,59680,26.12680435180664,26.912181854248047
a058_2,ronin,unseen,59700,26.20093536376953,26.977006912231445
a058_2,ronin,unseen,59720,26.269304275512695,27.04241943359375
a058_2,ronin,unseen,59740,26.337318420410156,27.111509323120117
a058_2,ronin,unseen,59760,26.40618324279785,27.18935203552246
a058_2,ronin,unseen,59780,26.4714412689209,27.276138305664062
a058_2,ronin,unseen,59800,26.536462783813477,27.372802734375
a058_2,ronin,unseen,59820,26.594467163085938,27.452491760253906
a058_2,ronin,unseen,59840,26.651897430419922,27.529245376586914
a058_2,ronin,unseen,59860,26.710186004638672,27.606672286987305
a058_2,ronin,unseen,59880,26.773820877075195,27.686737060546875
a058_2,ronin,unseen,59900,26.845233917236328,27.766525268554688
a058_2,ronin,unseen,59920,26.925914764404297,27.850923538208008
a058_2,ronin,unseen,59940,26.995223999023438,27.93042755126953
a058_2,ronin,unseen,59960,27.05756378173828,28.005521774291992
a058_2,ronin,unseen,59980,27.11604118347168,28.07662582397461
a058_2,ronin,unseen,60000,27.176715850830078,28.15851402282715
a058_2,ronin,unseen,60020,27.2340030670166,28.24744415283203
a058_2,ronin,unseen,60040,27.294071197509766,28.347335815429688
a058_2,ronin,unseen,60060,27.35009002685547,28.438085556030273
a058_2,ronin,unseen,60080,27.402063369750977,28.512113571166992
a058_2,ronin,unseen,60100,27.457176208496094,28.59006118774414
a058_2,ronin,unseen,60120,27.516326904296875,28.671358108520508
a058_2,ronin,unseen,60140,27.586078643798828,28.75470542907715
a058_2,ronin,unseen,60160,27.666139602661133,28.84008026123047
a058_2,ronin,unseen,60180,27.742813110351562,28.925065994262695
a058_2,ronin,unseen,60200,27.80536651611328,28.998046875
a058_2,ronin,unseen,60220,27.865543365478516,29.077688217163086
a058_2,ronin,unseen,60240,27.922672271728516,29.158203125
a058_2,ronin,unseen,60260,27.981201171875,29.251514434814453
a058_2,ronin,unseen,60280,28.037593841552734,29.35439109802246
a058_2,ronin,unseen,60300,28.092893600463867,29.454816818237305
a058_2,ronin,unseen,60320,28.14264678955078,29.533679962158203
a058_2,ronin,unseen,60340,28.193330764770508,29.613452911376953
a058_2,ronin,unseen,60360,28.246868133544922,29.69375991821289
a058_2,ronin,unseen,60380,28.30782127380371,29.77745819091797
a058_2,ronin,unseen,60400,28.3803768157959,29.863998413085938
a058_2,ronin,unseen,60420,28.453142166137695,29.952943801879883
a058_2,ronin,unseen,60440,28.5107364654541,30.03045654296875
a058_2,ronin,unseen,60460,28.563785552978516,30.110010147094727
a058_2,ronin,unseen,60480,28.61582374572754,30.189973831176758
a058_2,ronin,unseen,60500,28.66729164123535,30.280309677124023
a058_2,ronin,unseen,60520,28.713308334350586,30.375396728515625
a058_2,ronin,unseen,60540,28.758207321166992,30.471647262573242
a058_2,ronin,unseen,60560,28.797813415527344,30.547170639038086
a058_2,ronin,unseen,60580,28.83524513244629,30.61969757080078
a058_2,ronin,unseen,60600,28.873950958251953,30.694494247436523
a058_2,ronin,unseen,60620,28.917585372924805,30.77179527282715
a058_2,ronin,unseen,60640,28.97140121459961,30.84808349609375
a058_2,ronin,unseen,60660,29.035959243774414,30.93165397644043
a058_2,ronin,unseen,60680,29.096004486083984,31.01422882080078
a058_2,ronin,unseen,60700,29.14433479309082,31.088890075683594
a058_2,ronin,unseen,60720,29.186058044433594,31.16977310180664
a058_2,ronin,unseen,60740,29.228904724121094,31.25141716003418
a058_2,ronin,unseen,60760,29.27129554748535,31.340057373046875
a058_2,ronin,unseen,60780,29.314699172973633,31.437849044799805
a058_2,ronin,unseen,60800,29.355304718017578,31.53132438659668
a058_2,ronin,unseen,60820,29.394733428955078,31.604589462280273
a058_2,ronin,unseen,60840,29.432859420776367,31.676111221313477
a058_2,ronin,unseen,60860,29.477386474609375,31.743667602539062
a058_2,ronin,unseen,60880,29.533939361572266,31.814321517944336
a058_2,ronin,unseen,60900,29.59990692138672,31.888919830322266
a058_2,ronin,unseen,60920,29.670997619628906,31.969402313232422
a058_2,ronin,unseen,60940,29.727378845214844,32.0345344543457
a058_2,ronin,unseen,60960,29.78138542175293,32.10115432739258
a058_2,ronin,unseen,60980,29.835176467895508,32.16617202758789
a058_2,ronin,unseen,61000,29.888822555541992,32.23927307128906
a058_2,ronin,unseen,61020,29.942052841186523,32.32227325439453
a058_2,ronin,unseen,61040,29.99839210510254,32.41144943237305
a058_2,ronin,unseen,61060,30.050039291381836,32.47860336303711
a058_2,ronin,unseen,61080,30.097301483154297,32.54533386230469
a058_2,ronin,unseen,61100,30.144994735717773,32.61237335205078
a058_2,ronin,unseen,61120,30.201086044311523,32.680912017822266
a058_2,ronin,unseen,61140,30.26979637145996,32.75941467285156
a058_2,ronin,unseen,61160,30.350296020507812,32.84435272216797
a058_2,ronin,unseen,61180,30.42351531982422,32.9243049621582
a058_2,ronin,unseen,61200,30.481555938720703,32.99422836303711
a058_2,ronin,unseen,61220,30.533796310424805,33.062747955322266
a058_2,ronin,unseen,61240,30.584318161010742,33.13597106933594
a058_2,ronin,unseen,61260,30.636960983276367,33.22523498535156
a058_2,ronin,unseen,61280,30.685653686523438,33.32619857788086
a058_2,ronin,unseen,61300,30.73485565185547,33.43098831176758
a058_2,ronin,unseen,61320,30.78024673461914,33.50913619995117
a058_2,ronin,unseen,61340,30.82039451599121,33.591796875
a058_2,ronin,unseen,61360,30.862485885620117,33.678592681884766
a058_2,ronin,unseen,61380,30.91105079650879,33.77145004272461
a058_2,ronin,unseen,61400,30.96865463256836,33.869449615478516
a058_2,ronin,unseen,61420,31.030725479125977,33.977420806884766
a058_2,ronin,unseen,61440,31.075061798095703,34.077125549316406
a058_2,ronin,unseen,61460,31.10674476623535,34.17219543457031
a058_2,ronin,unseen,61480,31.1315975189209,34.261695861816406
a058_2,ronin,unseen,61500,31.15244483947754,34.36014175415039
a058_2,ronin,unseen,61520,31.16708755493164,34.46576690673828
a058_2,ronin,unseen,61540,31.174774169921875,34.58104705810547
a058_2,ronin,unseen,61560,31.178503036499023,34.68593978881836
a058_2,ronin,unseen,61580,31.1796817779541,34.77181625366211
a058_2,ronin,unseen,61600,31.17354393005371,34.859493255615234
a058_2,ronin,unseen,61620,31.16840934753418,34.94895553588867
a058_2,ronin,unseen,61640,31.16493034362793,35.05060577392578
a058_2,ronin,unseen,61660,31.164886474609375,35.16068649291992
a058_2,ronin,unseen,61680,31.16370391845703,35.27931594848633
a058_2,ronin,unseen,61700,31.15464210510254,35.373809814453125
a058_2,ronin,unseen,61720,31.136669158935547,35.457359313964844
a058_2,ronin,unseen,61740,31.111188888549805,35.53341293334961
a058_2,ronin,unseen,61760,31.078054428100586,35.61198425292969
a058_2,ronin,unseen,61780,31.034244537353516,35.6928825378418
a058_2,ronin,unseen,61800,30.97467803955078,35.78407287597656
a058_2,ronin,unseen,61820,30.91654396057129,35.867855072021484
a058_2,ronin,unseen,61840,30.866647720336914,35.94044494628906
a058_2,ronin,unseen,61860,30.8153076171875,36.007503509521484
a058_2,ronin,unseen,61880,30.76112174987793,36.08098602294922
a058_2,ronin,unseen,61900,30.703760147094727,36.16155242919922
a058_2,ronin,unseen,61920,30.6487979888916,36.25233459472656
a058_2,ronin,unseen,61940,30.593700408935547,36.340736389160156
a058_2,ronin,unseen,61960,30.547170639038086,36.40950393676758
a058_2,ronin,unseen,61980,30.50190544128418,36.472503662109375
a058_2,ronin,unseen,62000,30.45570182800293,36.53278350830078
a058_2,ronin,unseen,62020,30.398536682128906,36.59647750854492
a058_2,ronin,unseen,62040,30.334789276123047,36.654727935791016
a058_2,ronin,unseen,62060,30.262447357177734,36.71485137939453
a058_2,ronin,unseen,62080,30.202314376831055,36.76525115966797
a058_2,ronin,unseen,62100,30.153583526611328,36.810340881347656
a058_2,ronin,unseen,62120,30.10015106201172,36.85882568359375
a058_2,ronin,unseen,62140,30.05272674560547,36.91085433959961
a058_2,ronin,unseen,62160,30.002120971679688,36.97305679321289
a058_2,ronin,unseen,62180,29.950042724609375,37.04390335083008
a058_2,ronin,unseen,62200,29.891765594482422,37.10917282104492
a058_2,ronin,unseen,62220,29.845003128051758,37.15874099731445
a058_2,ronin,unseen,62240,29.797300338745117,37.20321273803711
a058_2,ronin,unseen,62260,29.741939544677734,37.24721908569336
a058_2,ronin,unseen,62280,29.675249099731445,37.299835205078125
a058_2,ronin,unseen,62300,29.59119987487793,37.352176666259766
a058_2,ronin,unseen,62320,29.495189666748047,37.40351486206055
a058_2,ronin,unseen,62340,29.411441802978516,37.44969940185547
a058_2,ronin,unseen,62360,29.33146858215332,37.48652648925781
a058_2,ronin,unseen,62380,29.252607345581055,37.52870178222656
a058_2,ronin,unseen,62400,29.172029495239258,37.58172607421875
a058_2,ronin,unseen,62420,29.09177589416504,37.646392822265625
a058_2,ronin,unseen,62440,29.003114700317383,37.720008850097656
a058_2,ronin,unseen,62460,28.919631958007812,37.785552978515625
a058_2,ronin,unseen,62480,28.84113883972168,37.83655548095703
a058_2,ronin,unseen,62500,28.76346206665039,37.87903594970703
a058_2,ronin,unseen,62520,28.68172264099121,37.91997146606445
a058_2,ronin,unseen,62540,28.590999603271484,37.95964050292969
a058_2,ronin,unseen,62560,28.490407943725586,37.99335479736328
a058_2,ronin,unseen,62580,28.38014030456543,38.026031494140625
a058_2,ronin,unseen,62600,28.285707473754883,38.057281494140625
a058_2,ronin,unseen,62620,28.19901466369629,38.08729934692383
a058_2,ronin,unseen,62640,28.107952117919922,38.118988037109375
a058_2,ronin,unseen,62660,28.008882522583008,38.15775680541992
a058_2,ronin,unseen,62680,27.90165901184082,38.20480728149414
a058_2,ronin,unseen,62700,27.785411834716797,38.25639724731445
a058_2,ronin,unseen,62720,27.67463493347168,38.2947883605957
a058_2,ronin,unseen,62740,27.57260513305664,38.32060623168945
a058_2,ronin,unseen,62760,27.474809646606445,38.33997344970703
a058_2,ronin,unseen,62780,27.37116050720215,38.35430145263672
a058_2,ronin,unseen,62800,27.260963439941406,38.36104965209961
a058_2,ronin,unseen,62820,27.1428279876709,38.360164642333984
a058_2,ronin,unseen,62840,27.024295806884766,38.358272552490234
a058_2,ronin,unseen,62860,26.922590255737305,38.35736083984375
a058_2,ronin,unseen,62880,26.823963165283203,38.349491119384766
a058_2,ronin,unseen,62900,26.721302032470703,38.340843200683594
a058_2,ronin,unseen,62920,26.607614517211914,38.33282470703125
a058_2,ronin,unseen,62940,26.485353469848633,38.32862854003906
a058_2,ronin,unseen,62960,26.352922439575195,38.31514358520508
a058_2,ronin,unseen,62980,26.23356819152832,38.292789459228516
a058_2,ronin,unseen,63000,26.127954483032227,38.25870132446289
a058_2,ronin,unseen,63020,26.0225772857666,38.222206115722656
a058_2,ronin,unseen,63040,25.916044235229492,38.17689514160156
a058_2,ronin,unseen,63060,25.807214736938477,38.11888885498047
a058_2,ronin,unseen,63080,25.696203231811523,38.04979705810547
a058_2,ronin,unseen,63100,25.596729278564453,37.98570251464844
a058_2,ronin,unseen,63120,25.50727081298828,37.935237884521484
a058_2,ronin,unseen,63140,25.419902801513672,37.8782844543457
a058_2,ronin,unseen,63160,25.33806800842285,37.827545166015625
a058_2,ronin,unseen,63180,25.24509048461914,37.77544021606445
a058_2,ronin,unseen,63200,25.133020401000977,37.716182708740234
a058_2,ronin,unseen,63220,25.032346725463867,37.65129470825195
a058_2,ronin,unseen,63240,24.95256805419922,37.595008850097656
a058_2,ronin,unseen,63260,24.881080627441406,37.542057037353516
a058_2,ronin,unseen,63280,24.808048248291016,37.47679138183594
a058_2,ronin,unseen,63300,24.739883422851562,37.40547561645508
a058_2,ronin,unseen,63320,24.665428161621094,37.311004638671875
a058_2,ronin,unseen,63340,24.592876434326172,37.211307525634766
a058_2,ronin,unseen,63360,24.540632247924805,37.14064025878906
a058_2,ronin,unseen,63380,24.49378204345703,37.0715446472168
a058_2,ronin,unseen,63400,24.4460506439209,36.99991226196289
a058_2,ronin,unseen,63420,24.393627166748047,36.92491912841797
a058_2,ronin,unseen,63440,24.333663940429688,36.84630584716797
a058_2,ronin,unseen,63460,24.25745964050293,36.74617385864258
a058_2,ronin,unseen,63480,24.19936180114746,36.65713882446289
a058_2,ronin,unseen,63500,24.1505126953125,36.57469177246094
a058_2,ronin,unseen,63520,24.105329513549805,36.49775695800781
a058_2,ronin,unseen,63540,24.06050682067871,36.4155387878418
a058_2,ronin,unseen,63560,24.014726638793945,36.32101058959961
a058_2,ronin,unseen,63580,23.96646499633789,36.2017707824707
a058_2,ronin,unseen,63600,23.928251266479492,36.09611892700195
a058_2,ronin,unseen,63620,23.89175796508789,36.02412796020508
a058_2,ronin,unseen,63640,23.85357666015625,35.95322799682617
a058_2,ronin,unseen,63660,23.809810638427734,35.88328552246094
a058_2,ronin,unseen,63680,23.757526397705078,35.80965805053711
a058_2,ronin,unseen,63700,23.69560432434082,35.727813720703125
a058_2,ronin,unseen,63720,23.634689331054688,35.64622497558594
a058_2,ronin,unseen,63740,23.58816146850586,35.57991409301758
a058_2,ronin,unseen,63760,23.54303741455078,35.51637268066406
a058_2,ronin,unseen,63780,23.498281478881836,35.4502067565918
a058_2,ronin,unseen,63800,23.45207405090332,35.376251220703125
a058_2,ronin,unseen,63820,23.409812927246094,35.29098129272461
a058_2,ronin,unseen,63840,23.36461067199707,35.19076919555664
a058_2,ronin,unseen,63860,23.32698631286621,35.118186950683594
a058_2,ronin,unseen,63880,23.290122985839844,35.05378723144531
a058_2,ronin,unseen,63900,23.2492618560791,34.98984146118164
a058_2,ronin,unseen,63920,23.201122283935547,34.92344284057617
a058_2,ronin,unseen,63940,23.141199111938477,34.85166931152344
a058_2,ronin,unseen,63960,23.0692081451416,34.76496505737305
a058_2,ronin,unseen,63980,23.016403198242188,34.69904708862305
a058_2,ronin,unseen,64000,22.970745086669922,34.63974380493164
a058_2,ronin,unseen,64020,22.925628662109375,34.58197021484375
a058_2,ronin,unseen,64040,22.876605987548828,34.513999938964844
a058_2,ronin,unseen,64060,22.826261520385742,34.43251037597656
a058_2,ronin,unseen,64080,22.77236557006836,34.33431625366211
a058_2,ronin,unseen,64100,22.727052688598633,34.25657653808594
a058_2,ronin,unseen,64120,22.684555053710938,34.1965217590332
a058_2,ronin,unseen,64140,22.64302635192871,34.137237548828125
a058_2,ronin,unseen,64160,22.591882705688477,34.06998825073242
a058_2,ronin,unseen,64180,22.52582550048828,33.99993133544922
a058_2,ronin,unseen,64200,22.447248458862305,33.92473602294922
a058_2,ronin,unseen,64220,22.36914825439453,33.84580612182617
a058_2,ronin,unseen,64240,22.3057804107666,33.780303955078125
a058_2,ronin,unseen,64260,22.246337890625,33.71512222290039
a058_2,ronin,unseen,64280,22.192541122436523,33.648780822753906
a058_2,ronin,unseen,64300,22.134902954101562,33.57550811767578
a058_2,ronin,unseen,64320,22.07659149169922,33.48582458496094
a058_2,ronin,unseen,64340,22.01612663269043,33.38971710205078
a058_2,ronin,unseen,64360,21.96548843383789,33.31910705566406
a058_2,ronin,unseen,64380,21.91861343383789,33.25006103515625
a058_2,ronin,unseen,64400,21.869457244873047,33.18191909790039
a058_2,ronin,unseen,64420,21.813232421875,33.1122932434082
a058_2,ronin,unseen,64440,21.744308471679688,33.03630447387695
a058_2,ronin,unseen,64460,21.667043685913086,32.94532012939453
a058_2,ronin,unseen,64480,21.608966827392578,32.86396026611328
a058_2,ronin,unseen,64500,21.55791473388672,32.78761291503906
a058_2,ronin,unseen,64520,21.513202667236328,32.7176628112793
a058_2,ronin,unseen,64540,21.471248626708984,32.63773727416992
a058_2,ronin,unseen,64560,21.431983947753906,32.541927337646484
a058_2,ronin,unseen,64580,21.393686294555664,32.42991638183594
a058_2,ronin,unseen,64600,21.361337661743164,32.32439422607422
a058_2,ronin,unseen,64620,21.329465866088867,32.2416877746582
a058_2,ronin,unseen,64640,21.29990005493164,32.161659240722656
a058_2,ronin,unseen,64660,21.263080596923828,32.07115173339844
a058_2,ronin,unseen,64680,21.21586799621582,31.97333526611328
a058_2,ronin,unseen,64700,21.154815673828125,31.861854553222656
a058_2,ronin,unseen,64720,21.103723526000977,31.75840950012207
a058_2,ronin,unseen,64740,21.05960464477539,31.671184539794922
a058_2,ronin,unseen,64760,21.018537521362305,31.58596420288086
a058_2,ronin,unseen,64780,20.976207733154297,31.493776321411133
a058_2,ronin,unseen,64800,20.935277938842773,31.39664649963379
a058_2,ronin,unseen,64820,20.89434051513672,31.282249450683594
a058_2,ronin,unseen,64840,20.85376739501953,31.175241470336914
a058_2,ronin,unseen,64860,20.81008529663086,31.093324661254883
a058_2,ronin,unseen,64880,20.771961212158203,31.007043838500977
a058_2,ronin,unseen,64900,20.72541046142578,30.913965225219727
a058_2,ronin,unseen,64920,20.668262481689453,30.82053565979004
a058_2,ronin,unseen,64940,20.59592056274414,30.714426040649414
a058_2,ronin,unseen,64960,20.52463150024414,30.60407066345215
a058_2,ronin,unseen,64980,20.47187042236328,30.5150089263916
a058_2,ronin,unseen,65000,20.425134658813477,30.432886123657227
a058_2,ronin,unseen,65020,20.377422332763672,30.348159790039062
a058_2,ronin,unseen,65040,20.32837677001953,30.252866744995117
a058_2,ronin,unseen,65060,20.278696060180664,30.140506744384766
a058_2,ronin,unseen,65080,20.230138778686523,30.0297794342041
a058_2,ronin,unseen,65100,20.188095092773438,29.948162078857422
a058_2,ronin,unseen,65120,20.146228790283203,29.862247467041016
a058_2,ronin,unseen,65140,20.100027084350586,29.775114059448242
a058_2,ronin,unseen,65160,20.043415069580078,29.678449630737305
a058_2,ronin,unseen,65180,19.97335433959961,29.571069717407227
a058_2,ronin,unseen,65200,19.900697708129883,29.459808349609375
a058_2,ronin,unseen,65220,19.842866897583008,29.369998931884766
a058_2,ronin,unseen,65240,19.786008834838867,29.282445907592773
a058_2,ronin,unseen,65260,19.729053497314453,29.19240379333496
a058_2,ronin,unseen,65280,19.6685733795166,29.091577529907227
a058_2,ronin,unseen,65300,19.606800079345703,28.97244644165039
a058_2,ronin,unseen,65320,19.545557022094727,28.860496520996094
a058_2,ronin,unseen,65340,19.48663330078125,28.76982879638672
a058_2,ronin,unseen,65360,19.431325912475586,28.679248809814453
a058_2,ronin,unseen,65380,19.36759376525879,28.586654663085938
a058_2,ronin,unseen,65400,19.291549682617188,28.491622924804688
a058_2,ronin,unseen,65420,19.2041072845459,28.39176368713379
a058_2,ronin,unseen,65440,19.119186401367188,28.291671752929688
a058_2,ronin,unseen,65460,19.043394088745117,28.199750900268555
a058_2,ronin,unseen,65480,18.97488784790039,28.112417221069336
a058_2,ronin,unseen,65500,18.90602684020996,28.024768829345703
a058_2,ronin,unseen,65520,18.83133316040039,27.931886672973633
a058_2,ronin,unseen,65540,18.75826644897461,27.827205657958984
a058_2,ronin,unseen,65560,18.68739128112793,27.727087020874023
a058_2,ronin,unseen,65580,18.61858558654785,27.64584732055664
a058_2,ronin,unseen,65600,18.548965454101562,27.562335968017578
a058_2,ronin,unseen,65620,18.474695205688477,27.481792449951172
a058_2,ronin,unseen,65640,18.389131546020508,27.40036392211914
a058_2,ronin,unseen,65660,18.295934677124023,27.31831169128418
a058_2,ronin,unseen,65680,18.202781677246094,27.238462448120117
a058_2,ronin,unseen,65700,18.12445640563965,27.165891647338867
a058_2,ronin,unseen,65720,18.043540954589844,27.087345123291016
a058_2,ronin,unseen,65740,17.96198081970215,27.009014129638672
a058_2,ronin,unseen,65760,17.877344131469727,26.92266845703125
a058_2,ronin,unseen,65780,17.7963924407959,26.827194213867188
a058_2,ronin,unseen,65800,17.71541976928711,26.737396240234375
a058_2,ronin,unseen,65820,17.647985458374023,26.66640853881836
a058_2,ronin,unseen,65840,17.578218460083008,26.585521697998047
a058_2,ronin,unseen,65860,17.5067195892334,26.506919860839844
a058_2,ronin,unseen,65880,17.424880981445312,26.42145347595215
a058_2,ronin,unseen,65900,17.33832359313965,26.3399600982666
a058_2,ronin,unseen,65920,17.262798309326172,26.260066986083984
a058_2,ronin,unseen,65940,17.19184112548828,26.173036575317383
a058_2,ronin,unseen,65960,17.12841796875,26.090028762817383
a058_2,ronin,unseen,65980,17.06388282775879,26.000892639160156
a058_2,ronin,unseen,66000,17.002012252807617,25.904165267944336
a058_2,ronin,unseen,66020,16.942428588867188,25.80088996887207
a058_2,ronin,unseen,66040,16.882946014404297,25.702783584594727
a058_2,ronin,unseen,66060,16.832971572875977,25.623825073242188
a058_2,ronin,unseen,66080,16.78133773803711,25.54521942138672
a058_2,ronin,unseen,66100,16.724220275878906,25.464168548583984
a058_2,ronin,unseen,66120,16.657480239868164,25.380062103271484
a058_2,ronin,unseen,66140,16.58391761779785,25.29378318786621
a058_2,ronin,unseen,66160,16.52263832092285,25.21357536315918
a058_2,ronin,unseen,66180,16.466453552246094,25.139293670654297
a058_2,ronin,unseen,66200,16.410560607910156,25.061973571777344
a058_2,ronin,unseen,66220,16.354732513427734,24.983787536621094
a058_2,ronin,unseen,66240,16.29741096496582,24.894203186035156
a058_2,ronin,unseen,66260,16.24179458618164,24.79514503479004
a058_2,ronin,unseen,66280,16.185535430908203,24.706829071044922
a058_2,ronin,unseen,66300,16.13688087463379,24.633525848388672
a058_2,ronin,unseen,66320,16.076547622680664,24.547365188598633
a058_2,ronin,unseen,66340,16.01274871826172,24.46501350402832
a058_2,ronin,unseen,66360,15.939024925231934,24.380720138549805
a058_2,ronin,unseen,66380,15.86234188079834,24.296518325805664
a058_2,ronin,unseen,66400,15.794621467590332,24.213640213012695
a058_2,ronin,unseen,66420,15.734886169433594,24.13189697265625
a058_2,ronin,unseen,66440,15.673967361450195,24.045116424560547
a058_2,ronin,unseen,66460,15.612286567687988,23.953763961791992
a058_2,ronin,unseen,66480,15.555490493774414,23.859146118164062
a058_2,ronin,unseen,66500,15.504326820373535,23.759052276611328
a058_2,ronin,unseen,66520,15.454292297363281,23.665470123291016
a058_2,ronin,unseen,66540,15.411303520202637,23.591703414916992
a058_2,ronin,unseen,66560,15.354881286621094,23.50495719909668
a058_2,ronin,unseen,66580,15.291342735290527,23.418102264404297
a058_2,ronin,unseen,66600,15.22074031829834,23.330509185791016
a058_2,ronin,unseen,66620,15.149480819702148,23.244029998779297
a058_2,ronin,unseen,66640,15.079371452331543,23.156328201293945
a058_2,ronin,unseen,66660,15.024105072021484,23.081151962280273
a058_2,ronin,unseen,66680,14.966788291931152,22.996767044067383
a058_2,ronin,unseen,66700,14.911293983459473,22.910932540893555
a058_2,ronin,unseen,66720,14.860923767089844,22.81970977783203
a058_2,ronin,unseen,66740,14.816306114196777,22.721532821655273
a058_2,ronin,unseen,66760,14.77180290222168,22.62649917602539
a058_2,ronin,unseen,66780,14.730354309082031,22.549833297729492
a058_2,ronin,unseen,66800,14.684229850769043,22.45941734313965
a058_2,ronin,unseen,66820,14.638628959655762,22.3726863861084
a058_2,ronin,unseen,66840,14.582653045654297,22.28255271911621
a058_2,ronin,unseen,66860,14.522215843200684,22.19580841064453
a058_2,ronin,unseen,66880,14.461798667907715,22.100448608398438
a058_2,ronin,unseen,66900,14.410643577575684,22.019527435302734
a058_2,ronin,unseen,66920,14.358481407165527,21.937055587768555
a058_2,ronin,unseen,66940,14.304610252380371,21.848777770996094
a058_2,ronin,unseen,66960,14.253890991210938,21.75174331665039
a058_2,ronin,unseen,66980,14.213235855102539,21.651569366455078
a058_2,ronin,unseen,67000,14.171135902404785,21.545427322387695
a058_2,ronin,unseen,67020,14.126424789428711,21.459806442260742
a058_2,ronin,unseen,67040,14.08222484588623,21.379161834716797
a058_2,ronin,unseen,67060,14.02956771850586,21.29071044921875
a058_2,ronin,unseen,67080,13.969090461730957,21.201753616333008
a058_2,ronin,unseen,67100,13.902665138244629,21.113468170166016
a058_2,ronin,unseen,67120,13.832834243774414,21.019847869873047
a058_2,ronin,unseen,67140,13.771327018737793,20.93901252746582
a058_2,ronin,unseen,67160,13.717447280883789,20.86319923400879
a058_2,ronin,unseen,67180,13.660157203674316,20.781278610229492
a058_2,ronin,unseen,67200,13.60155200958252,20.69400405883789
a058_2,ronin,unseen,67220,13.545767784118652,20.597923278808594
a058_2,ronin,unseen,67240,13.494170188903809,20.500185012817383
a058_2,ronin,unseen,67260,13.44141960144043,20.413976669311523
a058_2,ronin,unseen,67280,13.392902374267578,20.339767456054688
a058_2,ronin,unseen,67300,13.3388032913208,20.260984420776367
a058_2,ronin,unseen,67320,13.277986526489258,20.18463134765625
a058_2,ronin,unseen,67340,13.208369255065918,20.11358642578125
a058_2,ronin,unseen,67360,13.132168769836426,20.03839683532715
a058_2,ronin,unseen,67380,13.05441665649414,19.954830169677734
a058_2,ronin,unseen,67400,12.981653213500977,19.875614166259766
a058_2,ronin,unseen,67420,12.911495208740234,19.795162200927734
a058_2,ronin,unseen,67440,12.842086791992188,19.714439392089844
a058_2,ronin,unseen,67460,12.771220207214355,19.626806259155273
a058_2,ronin,unseen,67480,12.70309829711914,19.532310485839844
a058_2,ronin,unseen,67500,12.632593154907227,19.439044952392578
a058_2,ronin,unseen,67520,12.570971488952637,19.36788558959961
a058_2,ronin,unseen,67540,12.501846313476562,19.28807830810547
a058_2,ronin,unseen,67560,12.430848121643066,19.21217918395996
a058_2,ronin,unseen,67580,12.347957611083984,19.13140869140625
a058_2,ronin,unseen,67600,12.26656436920166,19.057388305664062
a058_2,ronin,unseen,67620,12.180826187133789,18.972135543823242
a058_2,ronin,unseen,67640,12.110346794128418,18.89887046813965
a058_2,ronin,unseen,67660,12.039579391479492,18.826913833618164
a058_2,ronin,unseen,67680,11.973112106323242,18.757326126098633
a058_2,ronin,unseen,67700,11.90954875946045,18.675508499145508
a058_2,ronin,unseen,67720,11.849538803100586,18.580778121948242
a058_2,ronin,unseen,67740,11.790081977844238,18.48147964477539
a058_2,ronin,unseen,67760,11.739100456237793,18.4049129486084
a058_2,ronin,unseen,67780,11.689277648925781,18.31966781616211
a058_2,ronin,unseen,67800,11.635063171386719,18.230514526367188
a058_2,ronin,unseen,67820,11.573391914367676,18.139997482299805
a058_2,ronin,unseen,67840,11.50527286529541,18.056610107421875
a058_2,ronin,unseen,67860,11.436211585998535,17.963947296142578
a058_2,ronin,unseen,67880,11.37125015258789,17.879365921020508
a058_2,ronin,unseen,67900,11.316091537475586,17.799152374267578
a058_2,ronin,unseen,67920,11.260148048400879,17.711652755737305
a058_2,ronin,unseen,67940,11.206501007080078,17.6170597076416
a058_2,ronin,unseen,67960,11.162724494934082,17.513120651245117
a058_2,ronin,unseen,67980,11.124761581420898,17.40013313293457
a058_2,ronin,unseen,68000,11.091215133666992,17.29218101501465
a058_2,ronin,unseen,68020,11.060881614685059,17.204425811767578
a058_2,ronin,unseen,68040,11.030672073364258,17.109600067138672
a058_2,ronin,unseen,68060,10.996177673339844,17.017213821411133
a058_2,ronin,unseen,68080,10.948412895202637,16.925086975097656
a058_2,ronin,unseen,68100,10.893231391906738,16.83210563659668
a058_2,ronin,unseen,68120,10.841986656188965,16.732637405395508
a058_2,ronin,unseen,68140,10.795760154724121,16.65410041809082
a058_2,ronin,unseen,68160,10.747762680053711,16.575828552246094
a058_2,ronin,unseen,68180,10.697434425354004,16.49332046508789
a058_2,ronin,unseen,68200,10.64882755279541,16.39799690246582
a058_2,ronin,unseen,68220,10.603165626525879,16.297706604003906
a058_2,ronin,unseen,68240,10.559412002563477,16.200239181518555
a058_2,ronin,unseen,68260,10.519810676574707,16.10966682434082
a058_2,ronin,unseen,68280,10.489073753356934,16.008350372314453
a058_2,ronin,unseen,68300,10.459522247314453,15.911704063415527
a058_2,ronin,unseen,68320,10.421842575073242,15.806711196899414
a058_2,ronin,unseen,68340,10.379487991333008,15.702325820922852
a058_2,ronin,unseen,68360,10.350729942321777,15.577007293701172
a058_2,ronin,unseen,68380,10.331836700439453,15.470296859741211
a058_2,ronin,unseen,68400,10.315016746520996,15.367633819580078
a058_2,ronin,unseen,68420,10.29732894897461,15.262413024902344
a058_2,ronin,unseen,68440,10.281919479370117,15.15622615814209
a058_2,ronin,unseen,68460,10.275845527648926,15.045166969299316
a058_2,ronin,unseen,68480,10.276483535766602,14.933045387268066
a058_2,ronin,unseen,68500,10.276805877685547,14.831147193908691
a058_2,ronin,unseen,68520,10.285175323486328,14.733842849731445
a058_2,ronin,unseen,68540,10.294715881347656,14.634621620178223
a058_2,ronin,unseen,68560,10.306239128112793,14.530627250671387
a058_2,ronin,unseen,68580,10.313179016113281,14.428004264831543
a058_2,ronin,unseen,68600,10.322463035583496,14.31629467010498
a058_2,ronin,unseen,68620,10.341560363769531,14.21550178527832
a058_2,ronin,unseen,68640,10.358341217041016,14.122434616088867
a058_2,ronin,unseen,68660,10.377086639404297,14.02780818939209
a058_2,ronin,unseen,68680,10.397383689880371,13.931346893310547
a058_2,ronin,unseen,68700,10.427191734313965,13.833775520324707
a058_2,ronin,unseen,68720,10.464241027832031,13.730490684509277
a058_2,ronin,unseen,68740,10.504894256591797,13.627123832702637
a058_2,ronin,unseen,68760,10.533072471618652,13.539617538452148
a058_2,ronin,unseen,68780,10.561392784118652,13.449040412902832
a058_2,ronin,unseen,68800,10.589932441711426,13.352375984191895
a058_2,ronin,unseen,68820,10.614903450012207,13.249991416931152
a058_2,ronin,unseen,68840,10.633503913879395,13.141599655151367
a058_2,ronin,unseen,68860,10.654374122619629,13.0292387008667
a058_2,ronin,unseen,68880,10.672245979309082,12.931218147277832
a058_2,ronin,unseen,68900,10.693673133850098,12.83200740814209
a058_2,ronin,unseen,68920,10.712939262390137,12.73205852508545
a058_2,ronin,unseen,68940,10.73727798461914,12.62204647064209
a058_2,ronin,unseen,68960,10.768641471862793,12.510848999023438
a058_2,ronin,unseen,68980,10.795783042907715,12.396628379821777
a058_2,ronin,unseen,69000,10.816073417663574,12.303793907165527
a058_2,ronin,unseen,69020,10.826684951782227,12.202157020568848
a058_2,ronin,unseen,69040,10.828004837036133,12.101068496704102
a058_2,ronin,unseen,69060,10.817276000976562,11.993775367736816
a058_2,ronin,unseen,69080,10.800407409667969,11.88231086730957
a058_2,ronin,unseen,69100,10.786259651184082,11.77041244506836
a058_2,ronin,unseen,69120,10.77249526977539,11.671334266662598
a058_2,ronin,unseen,69140,10.756352424621582,11.574864387512207
a058_2,ronin,unseen,69160,10.732840538024902,11.478119850158691
a058_2,ronin,unseen,69180,10.710448265075684,11.3681640625
a058_2,ronin,unseen,69200,10.697291374206543,11.245464324951172
a058_2,ronin,unseen,69220,10.677862167358398,11.13525676727295
a058_2,ronin,unseen,69240,10.655924797058105,11.044496536254883
a058_2,ronin,unseen,69260,10.626216888427734,10.949546813964844
a058_2,ronin,unseen,69280,10.588462829589844,10.853493690490723
a058_2,ronin,unseen,69300,10.541742324829102,10.751738548278809
a058_2,ronin,unseen,69320,10.48945426940918,10.649130821228027
a058_2,ronin,unseen,69340,10.440423011779785,10.551159858703613
a058_2,ronin,unseen,69360,10.397887229919434,10.460556030273438
a058_2,ronin,unseen,69380,10.357172012329102,10.37131404876709
a058_2,ronin,unseen,69400,10.314263343811035,10.280613899230957
a058_2,ronin,unseen,69420,10.271918296813965,10.182579040527344
a058_2,ronin,unseen,69440,10.235786437988281,10.075655937194824
a058_2,ronin,unseen,69460,10.200017929077148,9.975119590759277
a058_2,ronin,unseen,69480,10.160489082336426,9.895177841186523
a058_2,ronin,unseen,69500,10.116852760314941,9.816621780395508
a058_2,ronin,unseen,69520,10.067522048950195,9.739200592041016
a058_2,ronin,unseen,69540,10.00721263885498,9.659250259399414
a058_2,ronin,unseen,69560,9.938114166259766,9.57830810546875
a058_2,ronin,unseen,69580,9.866438865661621,9.491745948791504
a058_2,ronin,unseen,69600,9.8031587600708,9.422160148620605
a058_2,ronin,unseen,69620,9.742252349853516,9.349370002746582
a058_2,ronin,unseen,69640,9.68177318572998,9.27571964263916
a058_2,ronin,unseen,69660,9.620144844055176,9.197393417358398
a058_2,ronin,unseen,69680,9.559319496154785,9.103759765625
a058_2,ronin,unseen,69700,9.495827674865723,9.008173942565918
a058_2,ronin,unseen,69720,9.435019493103027,8.931987762451172
a058_2,ronin,unseen,69740,9.375168800354004,8.86290168762207
a058_2,ronin,unseen,69760,9.30981731414795,8.797611236572266
a058_2,ronin,unseen,69780,9.233246803283691,8.732976913452148
a058_2,ronin,unseen,69800,9.149622917175293,8.675313949584961
a058_2,ronin,unseen,69820,9.057430267333984,8.610074043273926
a058_2,ronin,unseen,69840,8.973747253417969,8.547832489013672
a058_2,ronin,unseen,69860,8.896721839904785,8.489266395568848
a058_2,ronin,unseen,69880,8.818808555603027,8.428862571716309
a058_2,ronin,unseen,69900,8.736661911010742,8.366798400878906
a058_2,ronin,unseen,69920,8.655911445617676,8.29885482788086
a058_2,ronin,unseen,69940,8.57131576538086,8.225018501281738
a058_2,ronin,unseen,69960,8.492613792419434,8.163752555847168
a058_2,ronin,unseen,69980,8.4222412109375,8.110276222229004
a058_2,ronin,unseen,70000,8.350784301757812,8.063207626342773
a058_2,ronin,unseen,70020,8.27134895324707,8.017561912536621
a058_2,ronin,unseen,70040,8.179368019104004,7.97341251373291
a058_2,ronin,unseen,70060,8.0839262008667,7.930749416351318
a058_2,ronin,unseen,70080,7.993042469024658,7.88722562789917
a058_2,ronin,unseen,70100,7.911446571350098,7.849123001098633
a058_2,ronin,unseen,70120,7.829504013061523,7.811910629272461
a058_2,ronin,unseen,70140,7.741507053375244,7.773732662200928
a058_2,ronin,unseen,70160,7.654209613800049,7.729259490966797
a058_2,ronin,unseen,70180,7.5619378089904785,7.675087928771973
a058_2,ronin,unseen,70200,7.465778827667236,7.623211860656738
a058_2,ronin,unseen,70220,7.386660099029541,7.588759899139404
a058_2,ronin,unseen,70240,7.301777362823486,7.550873756408691
a058_2,ronin,unseen,70260,7.210120677947998,7.514761447906494
a058_2,ronin,unseen,70280,7.105852127075195,7.482243061065674
a058_2,ronin,unseen,70300,6.999442100524902,7.45627498626709
a058_2,ronin,unseen,70320,6.891504287719727,7.427908897399902
a058_2,ronin,unseen,70340,6.795574188232422,7.399155139923096
a058_2,ronin,unseen,70360,6.706338405609131,7.369046211242676
a058_2,ronin,unseen,70380,6.618819713592529,7.337513446807861
a058_2,ronin,unseen,70400,6.529074192047119,7.299805164337158
a058_2,ronin,unseen,70420,6.435885906219482,7.248898506164551
a058_2,ronin,unseen,70440,6.341320991516113,7.191756725311279
a058_2,ronin,unseen,70460,6.26689338684082,7.152680397033691
a058_2,ronin,unseen,70480,6.195271968841553,7.111876487731934
a058_2,ronin,unseen,70500,6.119489669799805,7.072176933288574
a058_2,ronin,unseen,70520,6.031712055206299,7.031896591186523
a058_2,ronin,unseen,70540,5.932717323303223,6.994572162628174
a058_2,ronin,unseen,70560,5.826754570007324,6.952927112579346
a058_2,ronin,unseen,70580,5.739531993865967,6.914150714874268
a058_2,ronin,unseen,70600,5.656654357910156,6.87249755859375
a058_2,ronin,unseen,70620,5.572560787200928,6.827723979949951
a058_2,ronin,unseen,70640,5.48800802230835,6.779344081878662
a058_2,ronin,unseen,70660,5.399686336517334,6.716885089874268
a058_2,ronin,unseen,70680,5.307706356048584,6.647079944610596
a058_2,ronin,unseen,70700,5.230312347412109,6.592074394226074
a058_2,ronin,unseen,70720,5.159616947174072,6.5463666915893555
a058_2,ronin,unseen,70740,5.085370063781738,6.501479148864746
a058_2,ronin,unseen,70760,5.000717639923096,6.459462642669678
a058_2,ronin,unseen,70780,4.906371116638184,6.422244071960449
a058_2,ronin,unseen,70800,4.8011322021484375,6.381460666656494
a058_2,ronin,unseen,70820,4.707653045654297,6.345749378204346
a058_2,ronin,unseen,70840,4.623065948486328,6.313472747802734
a058_2,ronin,unseen,70860,4.543306827545166,6.283114910125732
a058_2,ronin,unseen,70880,4.459878444671631,6.251277446746826
a058_2,ronin,unseen,70900,4.3677592277526855,6.209909915924072
a058_2,ronin,unseen,70920,4.271516799926758,6.1619696617126465
a058_2,ronin,unseen,70940,4.179943084716797,6.1166090965271
a058_2,ronin,unseen,70960,4.112735271453857,6.086090087890625
a058_2,ronin,unseen,70980,4.040872097015381,6.070021629333496
a058_2,ronin,unseen,71000,3.9700891971588135,6.064275741577148
a058_2,ronin,unseen,71020,3.8913333415985107,6.066216468811035
a058_2,ronin,unseen,71040,3.795987844467163,6.074501037597656
a058_2,ronin,unseen,71060,3.684915065765381,6.083067417144775
a058_2,ronin,unseen,71080,3.6044294834136963,6.0941548347473145
a058_2,ronin,unseen,71100,3.521799087524414,6.1110968589782715
a058_2,ronin,unseen,71120,3.4438624382019043,6.130980014801025
a058_2,ronin,unseen,71140,3.3517777919769287,6.150594711303711
a058_2,ronin,unseen,71160,3.24703311920166,6.162777423858643
a058_2,ronin,unseen,71180,3.12960147857666,6.172018527984619
a058_2,ronin,unseen,71200,3.0236687660217285,6.185239315032959
a058_2,ronin,unseen,71220,2.92956805229187,6.173291206359863
a058_2,ronin,unseen,71240,2.8514440059661865,6.194161891937256
a058_2,ronin,unseen,71260,2.776702404022217,6.222092628479004
a058_2,ronin,unseen,71280,2.701012134552002,6.262886047363281
a058_2,ronin,unseen,71300,2.621553659439087,6.310580253601074
a058_2,ronin,unseen,71320,2.5350189208984375,6.359805583953857
a058_2,ronin,unseen,71340,2.468219757080078,6.401811122894287
a058_2,ronin,unseen,71360,2.4059576988220215,6.444080352783203
a058_2,ronin,unseen,71380,2.3414385318756104,6.489736557006836
a058_2,ronin,unseen,71400,2.2573719024658203,6.544857025146484
a058_2,ronin,unseen,71420,2.1551098823547363,6.597893714904785
a058_2,ronin,unseen,71440,2.0619499683380127,6.648232936859131
a058_2,ronin,unseen,71460,1.989805817604065,6.677112102508545
a058_2,ronin,unseen,71480,1.9222346544265747,6.723022937774658
a058_2,ronin,unseen,71500,1.8579695224761963,6.7738356590271
a058_2,ronin,unseen,71520,1.7919832468032837,6.837273597717285
a058_2,ronin,unseen,71540,1.7204469442367554,6.91304349899292
a058_2,ronin,unseen,71560,1.6378450393676758,6.996870994567871
a058_2,ronin,unseen,71580,1.564688801765442,7.065776824951172
a058_2,ronin,unseen,71600,1.4871432781219482,7.1258769035339355
a058_2,ronin,unseen,71620,1.4074214696884155,7.182356834411621
a058_2,ronin,unseen,71640,1.3205338716506958,7.238080978393555
a058_2,ronin,unseen,71660,1.2197221517562866,7.290867328643799
a058_2,ronin,unseen,71680,1.103830337524414,7.342967987060547
a058_2,ronin,unseen,71700,1.0143711566925049,7.387212753295898
a058_2,ronin,unseen,71720,0.9340589046478271,7.430619239807129
a058_2,ronin,unseen,71740,0.8526228070259094,7.47756814956665
a058_2,ronin,unseen,71760,0.7684246301651001,7.530515193939209
a058_2,ronin,unseen,71780,0.6805353164672852,7.593313694000244
a058_2,ronin,unseen,71800,0.5840157270431519,7.6648406982421875
a058_2,ronin,unseen,71820,0.49599355459213257,7.727170467376709
a058_2,ronin,unseen,71840,0.41017404198646545,7.7835001945495605
a058_2,ronin,unseen,71860,0.32406124472618103,7.834887504577637
a058_2,ronin,unseen,71880,0.23528648912906647,7.8873372077941895
a058_2,ronin,unseen,71900,0.13059067726135254,7.939577579498291
a058_2,ronin,unseen,71920,0.02504917047917843,7.986770153045654
a058_2,ronin,unseen,71940,-0.067562997341156,8.032397270202637
a058_2,ronin,unseen,71960,-0.15008024871349335,8.082056045532227
a058_2,ronin,unseen,71980,-0.23459480702877045,8.132883071899414
a058_2,ronin,unseen,72000,-0.3221105933189392,8.189393043518066
a058_2,ronin,unseen,72020,-0.4070949852466583,8.254267692565918
a058_2,ronin,unseen,72040,-0.49512967467308044,8.325885772705078
a058_2,ronin,unseen,72060,-0.5862509608268738,8.400965690612793
a058_2,ronin,unseen,72080,-0.6707022786140442,8.464359283447266
a058_2,ronin,unseen,72100,-0.7494459748268127,8.520851135253906
a058_2,ronin,unseen,72120,-0.8300842046737671,8.579427719116211
a058_2,ronin,unseen,72140,-0.9184128642082214,8.63707447052002
a058_2,ronin,unseen,72160,-1.0169106721878052,8.692394256591797
a058_2,ronin,unseen,72180,-1.1104103326797485,8.746817588806152
a058_2,ronin,unseen,72200,-1.1888751983642578,8.788901329040527
a058_2,ronin,unseen,72220,-1.2636133432388306,8.840004920959473
a058_2,ronin,unseen,72240,-1.3444753885269165,8.89676570892334
a058_2,ronin,unseen,72260,-1.4257384538650513,8.958683013916016
a058_2,ronin,unseen,72280,-1.5040524005889893,9.029271125793457
a058_2,ronin,unseen,72300,-1.584575891494751,9.102869033813477
a058_2,ronin,unseen,72320,-1.666633129119873,9.171205520629883
a058_2,ronin,unseen,72340,-1.7467659711837769,9.230037689208984
a058_2,ronin,unseen,72360,-1.8329945802688599,9.291028022766113
a058_2,ronin,unseen,72380,-1.925438642501831,9.35268497467041
a058_2,ronin,unseen,72400,-2.0269081592559814,9.41064739227295
a058_2,ronin,unseen,72420,-2.1330342292785645,9.466450691223145
a058_2,ronin,unseen,72440,-2.213041305541992,9.514579772949219
a058_2,ronin,unseen,72460,-2.2876389026641846,9.558886528015137
a058_2,ronin,unseen,72480,-2.365530014038086,9.612703323364258
a058_2,ronin,unseen,72500,-2.4468417167663574,9.673359870910645
a058_2,ronin,unseen,72520,-2.531558036804199,9.743108749389648
a058_2,ronin,unseen,72540,-2.6237387657165527,9.821070671081543
a058_2,ronin,unseen,72560,-2.705510377883911,9.886723518371582
a058_2,ronin,unseen,72580,-2.7899231910705566,9.948983192443848
a058_2,ronin,unseen,72600,-2.8724889755249023,10.010870933532715
a058_2,ronin,unseen,72620,-2.962989330291748,10.074466705322266
a058_2,ronin,unseen,72640,-3.0648999214172363,10.135183334350586
a058_2,ronin,unseen,72660,-3.1716418266296387,10.192837715148926
a058_2,ronin,unseen,72680,-3.25527286529541,10.24423599243164
a058_2,ronin,unseen,72700,-3.3398048877716064,10.29374885559082
a058_2,ronin,unseen,72720,-3.4204823970794678,10.348616600036621
a058_2,ronin,unseen,72740,-3.5032718181610107,10.411112785339355
a058_2,ronin,unseen,72760,-3.5919718742370605,10.486973762512207
a058_2,ronin,unseen,72780,-3.686544895172119,10.569157600402832
a058_2,ronin,unseen,72800,-3.773838758468628,10.639816284179688
a058_2,ronin,unseen,72820,-3.856616973876953,10.704022407531738
a058_2,ronin,unseen,72840,-3.9374239444732666,10.765732765197754
a058_2,ronin,unseen,72860,-4.025823593139648,10.829591751098633
a058_2,ronin,unseen,72880,-4.12738561630249,10.89246654510498
a058_2,ronin,unseen,72900,-4.234528064727783,10.952103614807129
a058_2,ronin,unseen,72920,-4.323780536651611,11.004809379577637
a058_2,ronin,unseen,72940,-4.413389682769775,11.052742958068848
a058_2,ronin,unseen,72960,-4.500050067901611,11.104148864746094
a058_2,ronin,unseen,72980,-4.587178707122803,11.1616792678833
a058_2,ronin,unseen,73000,-4.674702167510986,11.228666305541992
a058_2,ronin,unseen,73020,-4.769524574279785,11.303911209106445
a058_2,ronin,unseen,73040,-4.858838081359863,11.366228103637695
a058_2,ronin,unseen,73060,-4.938530921936035,11.422853469848633
a058_2,ronin,unseen,73080,-5.017390251159668,11.477144241333008
a058_2,ronin,unseen,73100,-5.09990930557251,11.532645225524902
a058_2,ronin,unseen,73120,-5.197330474853516,11.588116645812988
a058_2,ronin,unseen,73140,-5.307506561279297,11.640257835388184
a058_2,ronin,unseen,73160,-5.407277584075928,11.689627647399902
a058_2,ronin,unseen,73180,-5.487580299377441,11.734994888305664
a058_2,ronin,unseen,73200,-5.571037769317627,11.783742904663086
a058_2,ronin,unseen,73220,-5.654968738555908,11.837682723999023
a058_2,ronin,unseen,73240,-5.743432998657227,11.90252685546875
a058_2,ronin,unseen,73260,-5.834423542022705,11.975089073181152
a058_2,ronin,unseen,73280,-5.92984676361084,12.047693252563477
a058_2,ronin,unseen,73300,-6.005519390106201,12.104455947875977
a058_2,ronin,unseen,73320,-6.086337089538574,12.161511421203613
a058_2,ronin,unseen,73340,-6.164994239807129,12.216992378234863
a058_2,ronin,unseen,73360,-6.258172512054443,12.27507495880127
a058_2,ronin,unseen,73380,-6.364655494689941,12.329072952270508
a058_2,ronin,unseen,73400,-6.467278480529785,12.38322925567627
a058_2,ronin,unseen,73420,-6.5470290184021,12.428999900817871
a058_2,ronin,unseen,73440,-6.628048896789551,12.479508399963379
a058_2,ronin,unseen,73460,-6.708524703979492,12.533977508544922
a058_2,ronin,unseen,73480,-6.799892425537109,12.601123809814453
a058_2,ronin,unseen,73500,-6.888345718383789,12.674825668334961
a058_2,ronin,unseen,73520,-6.9839768409729,12.757733345031738
a058_2,ronin,unseen,73540,-7.064779281616211,12.825084686279297
a058_2,ronin,unseen,73560,-7.144033908843994,12.885698318481445
a058_2,ronin,unseen,73580,-7.22272253036499,12.944121360778809
a058_2,ronin,unseen,73600,-7.307016372680664,13.00510311126709
a058_2,ronin,unseen,73620,-7.405304431915283,13.063249588012695
a058_2,ronin,unseen,73640,-7.511133670806885,13.121091842651367
a058_2,ronin,unseen,73660,-7.594954013824463,13.175264358520508
a058_2,ronin,unseen,73680,-7.675074100494385,13.22229290008545
a058_2,ronin,unseen,73700,-7.758261203765869,13.276625633239746
a058_2,ronin,unseen,73720,-7.846208095550537,13.33739948272705
a058_2,ronin,unseen,73740,-7.933318138122559,13.408059120178223
a058_2,ronin,unseen,73760,-8.021326065063477,13.485016822814941
a058_2,ronin,unseen,73780,-8.10705852508545,13.55604076385498
a058_2,ronin,unseen,73800,-8.1903076171875,13.616442680358887
a058_2,ronin,unseen,73820,-8.277134895324707,13.674612998962402
a058_2,ronin,unseen,73840,-8.365123748779297,13.734077453613281
a058_2,ronin,unseen,73860,-8.46469497680664,13.7918062210083
a058_2,ronin,unseen,73880,-8.568476676940918,13.845451354980469
a058_2,ronin,unseen,73900,-8.660075187683105,13.897684097290039
a058_2,ronin,unseen,73920,-8.743409156799316,13.947866439819336
a058_2,ronin,unseen,73940,-8.821332931518555,14.004700660705566
a058_2,ronin,unseen,73960,-8.903529167175293,14.071383476257324
a058_2,ronin,unseen,73980,-8.98532485961914,14.146946907043457
a058_2,ronin,unseen,74000,-9.069684028625488,14.230010986328125
a058_2,ronin,unseen,74020,-9.150599479675293,14.307186126708984
a058_2,ronin,unseen,74040,-9.230140686035156,14.378401756286621
a058_2,ronin,unseen,74060,-9.306859016418457,14.445114135742188
a058_2,ronin,unseen,74080,-9.387064933776855,14.510818481445312
a058_2,ronin,unseen,74100,-9.477523803710938,14.57637882232666
a058_2,ronin,unseen,74120,-9.577058792114258,14.639256477355957
a058_2,ronin,unseen,74140,-9.663081169128418,14.698495864868164
a058_2,ronin,unseen,74160,-9.738519668579102,14.749884605407715
a058_2,ronin,unseen,74180,-9.816080093383789,14.80802059173584
a058_2,ronin,unseen,74200,-9.890530586242676,14.869119644165039
a058_2,ronin,unseen,74220,-9.960490226745605,14.936798095703125
a058_2,ronin,unseen,74240,-10.030969619750977,15.013242721557617
a058_2,ronin,unseen,74260,-10.11410903930664,15.090326309204102
a058_2,ronin,unseen,74280,-10.1779203414917,15.153250694274902
a058_2,ronin,unseen,74300,-10.243671417236328,15.215795516967773
a058_2,ronin,unseen,74320,-10.31419563293457,15.279500007629395
a058_2,ronin,unseen,74340,-10.391757011413574,15.345185279846191
a058_2,ronin,unseen,74360,-10.480401992797852,15.405652046203613
a058_2,ronin,unseen,74380,-10.57321834564209,15.46570110321045
a058_2,ronin,unseen,74400,-10.6510591506958,15.517152786254883
a058_2,ronin,unseen,74420,-10.738895416259766,15.559651374816895
a058_2,ronin,unseen,74440,-10.827997207641602,15.600704193115234
a058_2,ronin,unseen,74460,-10.925251007080078,15.646468162536621
a058_2,ronin,unseen,74480,-11.021291732788086,15.695086479187012
a058_2,ronin,unseen,74500,-11.130024909973145,15.738302230834961
a058_2,ronin,unseen,74520,-11.243402481079102,15.75603199005127
a058_2,ronin,unseen,74540,-11.338461875915527,15.759507179260254
a058_2,ronin,unseen,74560,-11.43050765991211,15.754034042358398
a058_2,ronin,unseen,74580,-11.519630432128906,15.744120597839355
a058_2,ronin,unseen,74600,-11.61354923248291,15.722002029418945
a058_2,ronin,unseen,74620,-11.708823204040527,15.687736511230469
a058_2,ronin,unseen,74640,-11.799500465393066,15.643287658691406
a058_2,ronin,unseen,74660,-11.875353813171387,15.605085372924805
a058_2,ronin,unseen,74680,-11.949150085449219,15.554293632507324
a058_2,ronin,unseen,74700,-12.021018028259277,15.498022079467773
a058_2,ronin,unseen,74720,-12.104039192199707,15.440762519836426
a058_2,ronin,unseen,74740,-12.19296646118164,15.38696002960205
a058_2,ronin,unseen,74760,-12.286445617675781,15.320320129394531
a058_2,ronin,unseen,74780,-12.361006736755371,15.248616218566895
a058_2,ronin,unseen,74800,-12.428481101989746,15.178043365478516
a058_2,ronin,unseen,74820,-12.493570327758789,15.106192588806152
a058_2,ronin,unseen,74840,-12.553845405578613,15.029889106750488
a058_2,ronin,unseen,74860,-12.610904693603516,14.938831329345703
a058_2,ronin,unseen,74880,-12.666890144348145,14.836775779724121
a058_2,ronin,unseen,74900,-12.718997955322266,14.74455738067627
a058_2,ronin,unseen,74920,-12.76623821258545,14.666247367858887
a058_2,ronin,unseen,74940,-12.814922332763672,14.584989547729492
a058_2,ronin,unseen,74960,-12.869759559631348,14.495823860168457
a058_2,ronin,unseen,74980,-12.933540344238281,14.40490436553955
a058_2,ronin,unseen,75000,-13.002756118774414,14.315985679626465
a058_2,ronin,unseen,75020,-13.061238288879395,14.234549522399902
a058_2,ronin,unseen,75040,-13.11688232421875,14.159905433654785
a058_2,ronin,unseen,75060,-13.171679496765137,14.087835311889648
a058_2,ronin,unseen,75080,-13.224478721618652,14.009596824645996
a058_2,ronin,unseen,75100,-13.276548385620117,13.917572975158691
a058_2,ronin,unseen,75120,-13.328980445861816,13.81398868560791
a058_2,ronin,unseen,75140,-13.380167007446289,13.71868896484375
a058_2,ronin,unseen,75160,-13.435235977172852,13.638971328735352
a058_2,ronin,unseen,75180,-13.491376876831055,13.55147933959961
a058_2,ronin,unseen,75200,-13.551810264587402,13.468730926513672
a058_2,ronin,unseen,75220,-13.627628326416016,13.381400108337402
a058_2,ronin,unseen,75240,-13.707479476928711,13.29042911529541
a058_2,ronin,unseen,75260,-13.782126426696777,13.197937965393066
a058_2,ronin,unseen,75280,-13.844958305358887,13.117825508117676
a058_2,ronin,unseen,75300,-13.90275764465332,13.042222023010254
a058_2,ronin,unseen,75320,-13.957500457763672,12.964844703674316
a058_2,ronin,unseen,75340,-14.01581859588623,12.871941566467285
a058_2,ronin,unseen,75360,-14.068910598754883,12.7704496383667
a058_2,ronin,unseen,75380,-14.12173843383789,12.665827751159668
a058_2,ronin,unseen,75400,-14.170795440673828,12.589066505432129
a058_2,ronin,unseen,75420,-14.223206520080566,12.50267219543457
a058_2,ronin,unseen,75440,-14.28158187866211,12.415717124938965
a058_2,ronin,unseen,75460,-14.351141929626465,12.321758270263672
a058_2,ronin,unseen,75480,-14.42939281463623,12.222494125366211
a058_2,ronin,unseen,75500,-14.495332717895508,12.130816459655762
a058_2,ronin,unseen,75520,-14.554126739501953,12.049910545349121
a058_2,ronin,unseen,75540,-14.610822677612305,11.974989891052246
a058_2,ronin,unseen,75560,-14.66601276397705,11.8966703414917
a058_2,ronin,unseen,75580,-14.716545104980469,11.814257621765137
a058_2,ronin,unseen,75600,-14.766066551208496,11.720763206481934
a058_2,ronin,unseen,75620,-14.822154998779297,11.618599891662598
a058_2,ronin,unseen,75640,-14.876328468322754,11.539681434631348
a058_2,ronin,unseen,75660,-14.930304527282715,11.461252212524414
a058_2,ronin,unseen,75680,-14.983750343322754,11.386274337768555
a058_2,ronin,unseen,75700,-15.045711517333984,11.303422927856445
a058_2,ronin,unseen,75720,-15.112563133239746,11.223349571228027
a058_2,ronin,unseen,75740,-15.180180549621582,11.140758514404297
a058_2,ronin,unseen,75760,-15.234431266784668,11.070685386657715
a058_2,ronin,unseen,75780,-15.288987159729004,10.999067306518555
a058_2,ronin,unseen,75800,-15.340300559997559,10.927214622497559
a058_2,ronin,unseen,75820,-15.389869689941406,10.849087715148926
a058_2,ronin,unseen,75840,-15.435687065124512,10.762818336486816
a058_2,ronin,unseen,75860,-15.481975555419922,10.670496940612793
a058_2,ronin,unseen,75880,-15.532999038696289,10.585773468017578
a058_2,ronin,unseen,75900,-15.58173942565918,10.505560874938965
a058_2,ronin,unseen,75920,-15.637016296386719,10.425257682800293
a058_2,ronin,unseen,75940,-15.699045181274414,10.346419334411621
a058_2,ronin,unseen,75960,-15.766409873962402,10.273350715637207
a058_2,ronin,unseen,75980,-15.832590103149414,10.200234413146973
a058_2,ronin,unseen,76000,-15.889904022216797,10.134151458740234
a058_2,ronin,unseen,76020,-15.94041633605957,10.073490142822266
a058_2,ronin,unseen,76040,-15.989449501037598,10.009356498718262
a058_2,ronin,unseen,76060,-16.03782081604004,9.939435958862305
a058_2,ronin,unseen,76080,-16.08445930480957,9.863332748413086
a058_2,ronin,unseen,76100,-16.136842727661133,9.772839546203613
a058_2,ronin,unseen,76120,-16.191314697265625,9.691527366638184
a058_2,ronin,unseen,76140,-16.235761642456055,9.627278327941895
a058_2,ronin,unseen,76160,-16.290313720703125,9.55178165435791
a058_2,ronin,unseen,76180,-16.35218620300293,9.470706939697266
a058_2,ronin,unseen,76200,-16.428251266479492,9.385466575622559
a058_2,ronin,unseen,76220,-16.512035369873047,9.296173095703125
a058_2,ronin,unseen,76240,-16.57979393005371,9.217808723449707
a058_2,ronin,unseen,76260,-16.642187118530273,9.143280029296875
a058_2,ronin,unseen,76280,-16.702503204345703,9.0722074508667
a058_2,ronin,unseen,76300,-16.762170791625977,8.995868682861328
a058_2,ronin,unseen,76320,-16.818315505981445,8.908191680908203
a058_2,ronin,unseen,76340,-16.875089645385742,8.810519218444824
a058_2,ronin,unseen,76360,-16.929607391357422,8.723109245300293
a058_2,ronin,unseen,76380,-16.976093292236328,8.650339126586914
a058_2,ronin,unseen,76400,-17.022829055786133,8.568668365478516
a058_2,ronin,unseen,76420,-17.07611083984375,8.483201026916504
a058_2,ronin,unseen,76440,-17.13749885559082,8.395613670349121
a058_2,ronin,unseen,76460,-17.205846786499023,8.303583145141602
a058_2,ronin,unseen,76480,-17.265384674072266,8.214265823364258
a058_2,ronin,unseen,76500,-17.3210391998291,8.132380485534668
a058_2,ronin,unseen,76520,-17.37401008605957,8.059035301208496
a058_2,ronin,unseen,76540,-17.42624855041504,7.986296653747559
a058_2,ronin,unseen,76560,-17.47754669189453,7.90549898147583
a058_2,ronin,unseen,76580,-17.532835006713867,7.809514045715332
a058_2,ronin,unseen,76600,-17.593177795410156,7.710433483123779
a058_2,ronin,unseen,76620,-17.662363052368164,7.6346116065979
a058_2,ronin,unseen,76640,-17.716928482055664,7.5641703605651855
a058_2,ronin,unseen,76660,-17.774709701538086,7.495246410369873
a058_2,ronin,unseen,76680,-17.84432601928711,7.420044422149658
a058_2,ronin,unseen,76700,-17.929174423217773,7.340922832489014
a058_2,ronin,unseen,76720,-18.02472496032715,7.2584991455078125
a058_2,ronin,unseen,76740,-18.110010147094727,7.188676357269287
a058_2,ronin,unseen,76760,-18.1831111907959,7.126750469207764
a058_2,ronin,unseen,76780,-18.255186080932617,7.0685882568359375
a058_2,ronin,unseen,76800,-18.327051162719727,7.012274742126465
a058_2,ronin,unseen,76820,-18.400060653686523,6.947651386260986
a058_2,ronin,unseen,76840,-18.48325538635254,6.866948127746582
a058_2,ronin,unseen,76860,-18.565122604370117,6.789754390716553
a058_2,ronin,unseen,76880,-18.64649200439453,6.74578332901001
a058_2,ronin,unseen,76900,-18.71101951599121,6.68946647644043
a058_2,ronin,unseen,76920,-18.780607223510742,6.630468845367432
a058_2,ronin,unseen,76940,-18.859577178955078,6.5679731369018555
a058_2,ronin,unseen,76960,-18.951997756958008,6.502223491668701
a058_2,ronin,unseen,76980,-19.042022705078125,6.433868885040283
a058_2,ronin,unseen,77000,-19.112951278686523,6.373967170715332
a058_2,ronin,unseen,77020,-19.178203582763672,6.3152570724487305
a058_2,ronin,unseen,77040,-19.240036010742188,6.255731105804443
a058_2,ronin,unseen,77060,-19.30181121826172,6.1894426345825195
a058_2,ronin,unseen,77080,-19.362091064453125,6.109225749969482
a058_2,ronin,unseen,77100,-19.425485610961914,6.01438570022583
a058_2,ronin,unseen,77120,-19.472150802612305,5.930037498474121
a058_2,ronin,unseen,77140,-19.514366149902344,5.857254981994629
a058_2,ronin,unseen,77160,-19.548988342285156,5.779078960418701
a058_2,ronin,unseen,77180,-19.592872619628906,5.6963114738464355
a058_2,ronin,unseen,77200,-19.637239456176758,5.602784156799316
a058_2,ronin,unseen,77220,-19.68291664123535,5.502320766448975
a058_2,ronin,unseen,77240,-19.71672821044922,5.412827014923096
a058_2,ronin,unseen,77260,-19.732065200805664,5.325942039489746
a058_2,ronin,unseen,77280,-19.726335525512695,5.238512992858887
a058_2,ronin,unseen,77300,-19.7098445892334,5.151124477386475
a058_2,ronin,unseen,77320,-19.67909812927246,5.059235572814941
a058_2,ronin,unseen,77340,-19.630990982055664,4.955889701843262
a058_2,ronin,unseen,77360,-19.58322525024414,4.872710227966309
a058_2,ronin,unseen,77380,-19.541711807250977,4.798449993133545
a058_2,ronin,unseen,77400,-19.49549102783203,4.729493141174316
a058_2,ronin,unseen,77420,-19.445575714111328,4.657272815704346
a058_2,ronin,unseen,77440,-19.39104461669922,4.576690196990967
a058_2,ronin,unseen,77460,-19.332605361938477,4.481438636779785
a058_2,ronin,unseen,77480,-19.260684967041016,4.386086940765381
a058_2,ronin,unseen,77500,-19.192562103271484,4.316677570343018
a058_2,ronin,unseen,77520,-19.118322372436523,4.254886627197266
a058_2,ronin,unseen,77540,-19.039466857910156,4.201186656951904
a058_2,ronin,unseen,77560,-18.960113525390625,4.1467766761779785
a058_2,ronin,unseen,77580,-18.863441467285156,4.091806888580322
a058_2,ronin,unseen,77600,-18.756092071533203,4.034361362457275
a058_2,ronin,unseen,77620,-18.681110382080078,3.9940810203552246
a058_2,ronin,unseen,77640,-18.61037254333496,3.9482054710388184
a058_2,ronin,unseen,77660,-18.538410186767578,3.903285264968872
a058_2,ronin,unseen,77680,-18.459312438964844,3.8465182781219482
a058_2,ronin,unseen,77700,-18.36996841430664,3.78180193901062
a058_2,ronin,unseen,77720,-18.271621704101562,3.7089617252349854
a058_2,ronin,unseen,77740,-18.188159942626953,3.653020143508911
a058_2,ronin,unseen,77760,-18.112388610839844,3.600156307220459
a058_2,ronin,unseen,77780,-18.03807830810547,3.5525784492492676
a058_2,ronin,unseen,77800,-17.958845138549805,3.5038442611694336
a058_2,ronin,unseen,77820,-17.868940353393555,3.4512999057769775
a058_2,ronin,unseen,77840,-17.760623931884766,3.392958164215088
a058_2,ronin,unseen,77860,-17.663394927978516,3.33879017829895
a058_2,ronin,unseen,77880,-17.582487106323242,3.2849745750427246
a058_2,ronin,unseen,77900,-17.50889778137207,3.228503465652466
a058_2,ronin,unseen,77920,-17.430316925048828,3.163935661315918
a058_2,ronin,unseen,77940,-17.355430603027344,3.096064567565918
a058_2,ronin,unseen,77960,-17.261577606201172,3.0096018314361572
a058_2,ronin,unseen,77980,-17.17186737060547,2.938826084136963
a058_2,ronin,unseen,78000,-17.095884323120117,2.876889228820801
a058_2,ronin,unseen,78020,-17.03128433227539,2.818634271621704
a058_2,ronin,unseen,78040,-16.96282958984375,2.7624428272247314
a058_2,ronin,unseen,78060,-16.879398345947266,2.707334518432617
a058_2,ronin,unseen,78080,-16.77776527404785,2.6509971618652344
a058_2,ronin,unseen,78100,-16.676849365234375,2.5905826091766357
a058_2,ronin,unseen,78120,-16.601171493530273,2.540649175643921
a058_2,ronin,unseen,78140,-16.522457122802734,2.490757703781128
a058_2,ronin,unseen,78160,-16.445430755615234,2.441437244415283
a058_2,ronin,unseen,78180,-16.363849639892578,2.3838682174682617
a058_2,ronin,unseen,78200,-16.274471282958984,2.30881929397583
a058_2,ronin,unseen,78220,-16.17561912536621,2.2292091846466064
a058_2,ronin,unseen,78240,-16.09444236755371,2.1707570552825928
a058_2,ronin,unseen,78260,-16.019075393676758,2.1167683601379395
a058_2,ronin,unseen,78280,-15.945801734924316,2.062711715698242
a058_2,ronin,unseen,78300,-15.868282318115234,2.0093250274658203
a058_2,ronin,unseen,78320,-15.76838493347168,1.9531790018081665
a058_2,ronin,unseen,78340,-15.65205192565918,1.8920867443084717
a058_2,ronin,unseen,78360,-15.567203521728516,1.8406970500946045
a058_2,ronin,unseen,78380,-15.490874290466309,1.7922918796539307
a058_2,ronin,unseen,78400,-15.418821334838867,1.7473927736282349
a058_2,ronin,unseen,78420,-15.336481094360352,1.6942005157470703
a058_2,ronin,unseen,78440,-15.248358726501465,1.6300307512283325
a058_2,ronin,unseen,78460,-15.147216796875,1.552992582321167
a058_2,ronin,unseen,78480,-15.043665885925293,1.4824793338775635
a058_2,ronin,unseen,78500,-14.952582359313965,1.4243857860565186
a058_2,ronin,unseen,78520,-14.872732162475586,1.373898983001709
a058_2,ronin,unseen,78540,-14.789306640625,1.3216674327850342
a058_2,ronin,unseen,78560,-14.694783210754395,1.2702170610427856
a058_2,ronin,unseen,78580,-14.578876495361328,1.216926097869873
a058_2,ronin,unseen,78600,-14.473371505737305,1.165650486946106
a058_2,ronin,unseen,78620,-14.395191192626953,1.1185389757156372
a058_2,ronin,unseen,78640,-14.315775871276855,1.074509620666504
a058_2,ronin,unseen,78660,-14.236053466796875,1.0282204151153564
a058_2,ronin,unseen,78680,-14.148721694946289,0.9697967767715454
a058_2,ronin,unseen,78700,-14.051652908325195,0.8974093794822693
a058_2,ronin,unseen,78720,-13.950723648071289,0.825449526309967
a058_2,ronin,unseen,78740,-13.869963645935059,0.7715964913368225
a058_2,ronin,unseen,78760,-13.786297798156738,0.7227294445037842
a058_2,ronin,unseen,78780,-13.704936027526855,0.6755692958831787
a058_2,ronin,unseen,78800,-13.619464874267578,0.622822105884552
a058_2,ronin,unseen,78820,-13.51675033569336,0.5664771199226379
a058_2,ronin,unseen,78840,-13.401618003845215,0.5068281292915344
a058_2,ronin,unseen,78860,-13.318374633789062,0.46132761240005493
a058_2,ronin,unseen,78880,-13.233424186706543,0.41383349895477295
a058_2,ronin,unseen,78900,-13.15670394897461,0.3688206374645233
a058_2,ronin,unseen,78920,-13.075556755065918,0.3173457384109497
a058_2,ronin,unseen,78940,-12.986518859863281,0.2498130202293396
a058_2,ronin,unseen,78960,-12.887053489685059,0.1689245104789734
a058_2,ronin,unseen,78980,-12.803425788879395,0.1079166978597641
a058_2,ronin,unseen,79000,-12.720613479614258,0.05060343071818352
a058_2,ronin,unseen,79020,-12.643743515014648,-0.0021550448145717382
a058_2,ronin,unseen,79040,-12.562860488891602,-0.05853525549173355
a058_2,ronin,unseen,79060,-12.469535827636719,-0.11639991402626038
a058_2,ronin,unseen,79080,-12.352766990661621,-0.18181584775447845
a058_2,ronin,unseen,79100,-12.26900577545166,-0.23275113105773926
a058_2,ronin,unseen,79120,-12.193802833557129,-0.28132909536361694
a058_2,ronin,unseen,79140,-12.12448787689209,-0.3307904303073883
a058_2,ronin,unseen,79160,-12.050539016723633,-0.39100152254104614
a058_2,ronin,unseen,79180,-11.969932556152344,-0.46486401557922363
a058_2,ronin,unseen,79200,-11.88306713104248,-0.5517665147781372
a058_2,ronin,unseen,79220,-11.800834655761719,-0.6217577457427979
a058_2,ronin,unseen,79240,-11.722848892211914,-0.6824959516525269
a058_2,ronin,unseen,79260,-11.650782585144043,-0.7390254139900208
a058_2,ronin,unseen,79280,-11.574749946594238,-0.7973629832267761
a058_2,ronin,unseen,79300,-11.483817100524902,-0.8546883463859558
a058_2,ronin,unseen,79320,-11.372428894042969,-0.9168333411216736
a058_2,ronin,unseen,79340,-11.273404121398926,-0.9732510447502136
a058_2,ronin,unseen,79360,-11.200411796569824,-1.0299131870269775
a058_2,ronin,unseen,79380,-11.123517036437988,-1.0853748321533203
a058_2,ronin,unseen,79400,-11.040846824645996,-1.1512624025344849
a058_2,ronin,unseen,79420,-10.956964492797852,-1.2245179414749146
a058_2,ronin,unseen,79440,-10.865426063537598,-1.3108042478561401
a058_2,ronin,unseen,79460,-10.768457412719727,-1.3926278352737427
a058_2,ronin,unseen,79480,-10.680023193359375,-1.4586057662963867
a058_2,ronin,unseen,79500,-10.602156639099121,-1.5192233324050903
a058_2,ronin,unseen,79520,-10.52192497253418,-1.5796723365783691
a058_2,ronin,unseen,79540,-10.434626579284668,-1.638286828994751
a058_2,ronin,unseen,79560,-10.325701713562012,-1.7019124031066895
a058_2,ronin,unseen,79580,-10.219449043273926,-1.761349081993103
a058_2,ronin,unseen,79600,-10.1361722946167,-1.8176918029785156
a058_2,ronin,unseen,79620,-10.061380386352539,-1.8654099702835083
a058_2,ronin,unseen,79640,-9.97981071472168,-1.9217150211334229
a058_2,ronin,unseen,79660,-9.89632511138916,-1.9863407611846924
a058_2,ronin,unseen,79680,-9.807324409484863,-2.0640194416046143
a058_2,ronin,unseen,79700,-9.714747428894043,-2.142826795578003
a058_2,ronin,unseen,79720,-9.639812469482422,-2.2046573162078857
a058_2,ronin,unseen,79740,-9.566507339477539,-2.261272430419922
a058_2,ronin,unseen,79760,-9.4927396774292,-2.3166816234588623
a058_2,ronin,unseen,79780,-9.41447925567627,-2.3723700046539307
a058_2,ronin,unseen,79800,-9.318841934204102,-2.4258973598480225
a058_2,ronin,unseen,79820,-9.212058067321777,-2.482426404953003
a058_2,ronin,unseen,79840,-9.134886741638184,-2.5379860401153564
a058_2,ronin,unseen,79860,-9.070311546325684,-2.586796760559082
a058_2,ronin,unseen,79880,-8.998786926269531,-2.6316449642181396
a058_2,ronin,unseen,79900,-8.92182445526123,-2.6832351684570312
a058_2,ronin,unseen,79920,-8.834664344787598,-2.7469615936279297
a058_2,ronin,unseen,79940,-8.748810768127441,-2.813812255859375
a058_2,ronin,unseen,79960,-8.670990943908691,-2.867675542831421
a058_2,ronin,unseen,79980,-8.597601890563965,-2.9157395362854004
a058_2,ronin,unseen,80000,-8.526595115661621,-2.9591360092163086
a058_2,ronin,unseen,80020,-8.45127010345459,-3.005199670791626
a058_2,ronin,unseen,80040,-8.36548900604248,-3.049246311187744
a058_2,ronin,unseen,80060,-8.261167526245117,-3.097658157348633
a058_2,ronin,unseen,80080,-8.171043395996094,-3.1400043964385986
a058_2,ronin,unseen,80100,-8.096095085144043,-3.185074806213379
a058_2,ronin,unseen,80120,-8.022777557373047,-3.2297909259796143
a058_2,ronin,unseen,80140,-7.941295146942139,-3.283398389816284
a058_2,ronin,unseen,80160,-7.859344482421875,-3.347644805908203
a058_2,ronin,unseen,80180,-7.7718048095703125,-3.4220693111419678
a058_2,ronin,unseen,80200,-7.687784194946289,-3.4829225540161133
a058_2,ronin,unseen,80220,-7.609043121337891,-3.5333411693573
a058_2,ronin,unseen,80240,-7.531990051269531,-3.576460361480713
a058_2,ronin,unseen,80260,-7.447376251220703,-3.619910478591919
a058_2,ronin,unseen,80280,-7.3540778160095215,-3.660874843597412
a058_2,ronin,unseen,80300,-7.241628646850586,-3.7003352642059326
a058_2,ronin,unseen,80320,-7.140075206756592,-3.735830307006836
a058_2,ronin,unseen,80340,-7.066196918487549,-3.7825045585632324
a058_2,ronin,unseen,80360,-6.99084997177124,-3.8193986415863037
a058_2,ronin,unseen,80380,-6.9127631187438965,-3.863523483276367
a058_2,ronin,unseen,80400,-6.828800678253174,-3.9175853729248047
a058_2,ronin,unseen,80420,-6.735529899597168,-3.9821221828460693
a058_2,ronin,unseen,80440,-6.649506568908691,-4.038029193878174
a058_2,ronin,unseen,80460,-6.572759628295898,-4.088815212249756
a058_2,ronin,unseen,80480,-6.505396366119385,-4.13530969619751
a058_2,ronin,unseen,80500,-6.431898593902588,-4.1833109855651855
a058_2,ronin,unseen,80520,-6.350449562072754,-4.228669166564941
a058_2,ronin,unseen,80540,-6.249293327331543,-4.2757720947265625
a058_2,ronin,unseen,80560,-6.15368127822876,-4.324167728424072
a058_2,ronin,unseen,80580,-6.086878776550293,-4.372645378112793
a058_2,ronin,unseen,80600,-6.0182671546936035,-4.414644241333008
a058_2,ronin,unseen,80620,-5.947449684143066,-4.464560031890869
a058_2,ronin,unseen,80640,-5.874642372131348,-4.52577543258667
a058_2,ronin,unseen,80660,-5.792540073394775,-4.603958606719971
a058_2,ronin,unseen,80680,-5.708281517028809,-4.685149192810059
a058_2,ronin,unseen,80700,-5.648938179016113,-4.752674102783203
a058_2,ronin,unseen,80720,-5.596344947814941,-4.817627429962158
a058_2,ronin,unseen,80740,-5.546614646911621,-4.882214069366455
a058_2,ronin,unseen,80760,-5.4901533126831055,-4.954558849334717
a058_2,ronin,unseen,80780,-5.412517070770264,-5.030360221862793
a058_2,ronin,unseen,80800,-5.324705123901367,-5.112910747528076
a058_2,ronin,unseen,80820,-5.2611894607543945,-5.177511692047119
a058_2,ronin,unseen,80840,-5.200709342956543,-5.240370273590088
a058_2,ronin,unseen,80860,-5.14048957824707,-5.300164699554443
a058_2,ronin,unseen,80880,-5.073227882385254,-5.3689422607421875
a058_2,ronin,unseen,80900,-5.0016021728515625,-5.450199127197266
a058_2,ronin,unseen,80920,-4.92482328414917,-5.543951988220215
a058_2,ronin,unseen,80940,-4.858455181121826,-5.610653400421143
a058_2,ronin,unseen,80960,-4.789102077484131,-5.669516086578369
a058_2,ronin,unseen,80980,-4.720938205718994,-5.72294807434082
a058_2,ronin,unseen,81000,-4.646079063415527,-5.777100563049316
a058_2,ronin,unseen,81020,-4.556107997894287,-5.832436561584473
a058_2,ronin,unseen,81040,-4.455134868621826,-5.88744592666626
a058_2,ronin,unseen,81060,-4.372310638427734,-5.932616233825684
a058_2,ronin,unseen,81080,-4.29593563079834,-5.983133316040039
a058_2,ronin,unseen,81100,-4.2273783683776855,-6.0257391929626465
a058_2,ronin,unseen,81120,-4.151956558227539,-6.076689720153809
a058_2,ronin,unseen,81140,-4.068973541259766,-6.138388156890869
a058_2,ronin,unseen,81160,-3.978632926940918,-6.21109676361084
a058_2,ronin,unseen,81180,-3.8846545219421387,-6.280017852783203
a058_2,ronin,unseen,81200,-3.8019649982452393,-6.33487606048584
a058_2,ronin,unseen,81220,-3.728651523590088,-6.3831915855407715
a058_2,ronin,unseen,81240,-3.6601858139038086,-6.430417060852051
a058_2,ronin,unseen,81260,-3.590167284011841,-6.480113983154297
a058_2,ronin,unseen,81280,-3.508084774017334,-6.530826091766357
a058_2,ronin,unseen,81300,-3.412280559539795,-6.586779594421387
a058_2,ronin,unseen,81320,-3.3421289920806885,-6.6329755783081055
a058_2,ronin,unseen,81340,-3.2749898433685303,-6.6914896965026855
a058_2,ronin,unseen,81360,-3.214484453201294,-6.738163948059082
a058_2,ronin,unseen,81380,-3.143247127532959,-6.794044494628906
a058_2,ronin,unseen,81400,-3.0650250911712646,-6.860182285308838
a058_2,ronin,unseen,81420,-2.9771149158477783,-6.938220977783203
a058_2,ronin,unseen,81440,-2.8991973400115967,-7.00135612487793
a058_2,ronin,unseen,81460,-2.8250999450683594,-7.056980609893799
a058_2,ronin,unseen,81480,-2.754342794418335,-7.105996131896973
a058_2,ronin,unseen,81500,-2.6799235343933105,-7.154123306274414
a058_2,ronin,unseen,81520,-2.5926003456115723,-7.204265594482422
a058_2,ronin,unseen,81540,-2.4914512634277344,-7.2531609535217285
a058_2,ronin,unseen,81560,-2.4014134407043457,-7.297858715057373
a058_2,ronin,unseen,81580,-2.3316354751586914,-7.340622901916504
a058_2,ronin,unseen,81600,-2.260164499282837,-7.380331516265869
a058_2,ronin,unseen,81620,-2.188296318054199,-7.424469947814941
a058_2,ronin,unseen,81640,-2.1121597290039062,-7.478327751159668
a058_2,ronin,unseen,81660,-2.0231566429138184,-7.549119472503662
a058_2,ronin,unseen,81680,-1.938626766204834,-7.61339807510376
a058_2,ronin,unseen,81700,-1.8661696910858154,-7.669333457946777
a058_2,ronin,unseen,81720,-1.801806092262268,-7.718472480773926
a058_2,ronin,unseen,81740,-1.7368652820587158,-7.768112659454346
a058_2,ronin,unseen,81760,-1.662347435951233,-7.818410873413086
a058_2,ronin,unseen,81780,-1.5618226528167725,-7.872948169708252
a058_2,ronin,unseen,81800,-1.4602406024932861,-7.9281229972839355
a058_2,ronin,unseen,81820,-1.3914635181427002,-7.976431369781494
a058_2,ronin,unseen,81840,-1.321821928024292,-8.022880554199219
a058_2,ronin,unseen,81860,-1.2576826810836792,-8.07061767578125
a058_2,ronin,unseen,81880,-1.1864570379257202,-8.130908012390137
a058_2,ronin,unseen,81900,-1.1050323247909546,-8.20758056640625
a058_2,ronin,unseen,81920,-1.0204929113388062,-8.283900260925293
a058_2,ronin,unseen,81940,-0.9525975584983826,-8.338147163391113
a058_2,ronin,unseen,81960,-0.8871424794197083,-8.386903762817383
a058_2,ronin,unseen,81980,-0.8245425224304199,-8.431371688842773
a058_2,ronin,unseen,82000,-0.7572522759437561,-8.475217819213867
a058_2,ronin,unseen,82020,-0.6680463552474976,-8.524394989013672
a058_2,ronin,unseen,82040,-0.5750465989112854,-8.570701599121094
a058_2,ronin,unseen,82060,-0.508592963218689,-8.607629776000977
a058_2,ronin,unseen,82080,-0.44421905279159546,-8.644869804382324
a058_2,ronin,unseen,82100,-0.38236138224601746,-8.683855056762695
a058_2,ronin,unseen,82120,-0.312707781791687,-8.735191345214844
a058_2,ronin,unseen,82140,-0.2429119199514389,-8.797342300415039
a058_2,ronin,unseen,82160,-0.1636783480644226,-8.870287895202637
a058_2,ronin,unseen,82180,-0.08164052665233612,-8.936360359191895
a058_2,ronin,unseen,82200,-0.011785429902374744,-8.98992919921875
a058_2,ronin,unseen,82220,0.04682094231247902,-9.03612995147705
a058_2,ronin,unseen,82240,0.11164248734712601,-9.084822654724121
a058_2,ronin,unseen,82260,0.19098903238773346,-9.132218360900879
a058_2,ronin,unseen,82280,0.2890341281890869,-9.178580284118652
a058_2,ronin,unseen,82300,0.3833529055118561,-9.219422340393066
a058_2,ronin,unseen,82320,0.4509730339050293,-9.2484712600708
a058_2,ronin,unseen,82340,0.5319302678108215,-9.269305229187012
a058_2,ronin,unseen,82360,0.6170423626899719,-9.290507316589355
a058_2,ronin,unseen,82380,0.7122387290000916,-9.31424331665039
a058_2,ronin,unseen,82400,0.8126155734062195,-9.336454391479492
a058_2,ronin,unseen,82420,0.9238175749778748,-9.352044105529785
a058_2,ronin,unseen,82440,1.0197652578353882,-9.348474502563477
a058_2,ronin,unseen,82460,1.1099227666854858,-9.334023475646973
a058_2,ronin,unseen,82480,1.1903491020202637,-9.310495376586914
a058_2,ronin,unseen,82500,1.271973967552185,-9.283519744873047
a058_2,ronin,unseen,82520,1.364983081817627,-9.241113662719727
a058_2,ronin,unseen,82540,1.4653798341751099,-9.189864158630371
a058_2,ronin,unseen,82560,1.541778802871704,-9.144648551940918
a058_2,ronin,unseen,82580,1.6142066717147827,-9.096529960632324
a058_2,ronin,unseen,82600,1.680154800415039,-9.048325538635254
a058_2,ronin,unseen,82620,1.7556109428405762,-8.992134094238281
a058_2,ronin,unseen,82640,1.841057538986206,-8.938720703125
a058_2,ronin,unseen,82660,1.9428441524505615,-8.881866455078125
a058_2,ronin,unseen,82680,2.02708101272583,-8.82313346862793
a058_2,ronin,unseen,82700,2.0970025062561035,-8.769076347351074
a058_2,ronin,unseen,82720,2.157953977584839,-8.717097282409668
a058_2,ronin,unseen,82740,2.215311050415039,-8.660558700561523
a058_2,ronin,unseen,82760,2.2728917598724365,-8.591270446777344
a058_2,ronin,unseen,82780,2.334904432296753,-8.498404502868652
a058_2,ronin,unseen,82800,2.3983020782470703,-8.405138969421387
a058_2,ronin,unseen,82820,2.4455997943878174,-8.342082977294922
a058_2,ronin,unseen,82840,2.4926764965057373,-8.271998405456543
a058_2,ronin,unseen,82860,2.5385401248931885,-8.201333999633789
a058_2,ronin,unseen,82880,2.587829113006592,-8.124224662780762
a058_2,ronin,unseen,82900,2.654013156890869,-8.03028678894043
a058_2,ronin,unseen,82920,2.7266030311584473,-7.933602333068848
a058_2,ronin,unseen,82940,2.7790274620056152,-7.852161407470703
a058_2,ronin,unseen,82960,2.8295772075653076,-7.7736616134643555
a058_2,ronin,unseen,82980,2.875072717666626,-7.701598644256592
a058_2,ronin,unseen,83000,2.9255716800689697,-7.617502212524414
a058_2,ronin,unseen,83020,2.975090503692627,-7.518721103668213
a058_2,ronin,unseen,83040,3.029688596725464,-7.403618812561035
a058_2,ronin,unseen,83060,3.0782315731048584,-7.316944122314453
a058_2,ronin,unseen,83080,3.1246750354766846,-7.240819931030273
a058_2,ronin,unseen,83100,3.1729612350463867,-7.169133186340332
a058_2,ronin,unseen,83120,3.2334189414978027,-7.086330413818359
a058_2,ronin,unseen,83140,3.3073949813842773,-6.993817329406738
a058_2,ronin,unseen,83160,3.393963575363159,-6.895150184631348
a058_2,ronin,unseen,83180,3.4699039459228516,-6.797696590423584
a058_2,ronin,unseen,83200,3.53566312789917,-6.707998275756836
a058_2,ronin,unseen,83220,3.591660737991333,-6.632399559020996
a058_2,ronin,unseen,83240,3.6506478786468506,-6.550595283508301
a058_2,ronin,unseen,83260,3.7118091583251953,-6.452817440032959
a058_2,ronin,unseen,83280,3.7742035388946533,-6.331905841827393
a058_2,ronin,unseen,83300,3.8319358825683594,-6.238531589508057
a058_2,ronin,unseen,83320,3.8835198879241943,-6.158444881439209
a058_2,ronin,unseen,83340,3.9340107440948486,-6.080144882202148
a058_2,ronin,unseen,83360,3.9904282093048096,-5.998260974884033
a058_2,ronin,unseen,83380,4.05898904800415,-5.907807350158691
a058_2,ronin,unseen,83400,4.14561128616333,-5.805566310882568
a058_2,ronin,unseen,83420,4.221626281738281,-5.708671569824219
a058_2,ronin,unseen,83440,4.286301136016846,-5.624215602874756
a058_2,ronin,unseen,83460,4.343388080596924,-5.550989627838135
a058_2,ronin,unseen,83480,4.403663158416748,-5.473002910614014
a058_2,ronin,unseen,83500,4.470757484436035,-5.379475116729736
a058_2,ronin,unseen,83520,4.5405497550964355,-5.264113903045654
a058_2,ronin,unseen,83540,4.610895156860352,-5.154166221618652
a058_2,ronin,unseen,83560,4.665094375610352,-5.075350284576416
a058_2,ronin,unseen,83580,4.718477249145508,-4.9985575675964355
a058_2,ronin,unseen,83600,4.7731781005859375,-4.923178195953369
a058_2,ronin,unseen,83620,4.8345746994018555,-4.842470169067383
a058_2,ronin,unseen,83640,4.913276195526123,-4.7476396560668945
a058_2,ronin,unseen,83660,4.987954616546631,-4.648958206176758
a058_2,ronin,unseen,83680,5.049524784088135,-4.559031963348389
a058_2,ronin,unseen,83700,5.1021647453308105,-4.4839301109313965
a058_2,ronin,unseen,83720,5.15310525894165,-4.406869411468506
a058_2,ronin,unseen,83740,5.207716941833496,-4.31274938583374
a058_2,ronin,unseen,83760,5.263345718383789,-4.202746868133545
a058_2,ronin,unseen,83780,5.321789741516113,-4.087881088256836
a058_2,ronin,unseen,83800,5.367659091949463,-4.010337829589844
a058_2,ronin,unseen,83820,5.413035869598389,-3.93277907371521
a058_2,ronin,unseen,83840,5.459461212158203,-3.8590259552001953
a058_2,ronin,unseen,83860,5.513516426086426,-3.781341314315796
a058_2,ronin,unseen,83880,5.582366943359375,-3.695870876312256
a058_2,ronin,unseen,83900,5.666419982910156,-3.5976316928863525
a058_2,ronin,unseen,83920,5.724792003631592,-3.526334047317505
a058_2,ronin,unseen,83940,5.779379844665527,-3.4568967819213867
a058_2,ronin,unseen,83960,5.832376480102539,-3.3921525478363037
a058_2,ronin,unseen,83980,5.887730121612549,-3.3223421573638916
a058_2,ronin,unseen,84000,5.944949150085449,-3.2378368377685547
a058_2,ronin,unseen,84020,6.0122971534729,-3.131744623184204
a058_2,ronin,unseen,84040,6.064515590667725,-3.056107521057129
a058_2,ronin,unseen,84060,6.111354351043701,-2.9913289546966553
a058_2,ronin,unseen,84080,6.160773754119873,-2.925809860229492
a058_2,ronin,unseen,84100,6.217246055603027,-2.8614115715026855
a058_2,ronin,unseen,84120,6.2913923263549805,-2.785670518875122
a058_2,ronin,unseen,84140,6.381990909576416,-2.699873924255371
a058_2,ronin,unseen,84160,6.45802116394043,-2.617689371109009
a058_2,ronin,unseen,84180,6.525248050689697,-2.543098211288452
a058_2,ronin,unseen,84200,6.580619812011719,-2.4817354679107666
a058_2,ronin,unseen,84220,6.637446880340576,-2.411644458770752
a058_2,ronin,unseen,84240,6.698207855224609,-2.3230113983154297
a058_2,ronin,unseen,84260,6.762603282928467,-2.2179489135742188
a058_2,ronin,unseen,84280,6.825069427490234,-2.1307132244110107
a058_2,ronin,unseen,84300,6.870637893676758,-2.049508571624756
a058_2,ronin,unseen,84320,6.926461219787598,-1.975103497505188
a058_2,ronin,unseen,84340,6.9823384284973145,-1.9037575721740723
a058_2,ronin,unseen,84360,7.047415256500244,-1.8277491331100464
a058_2,ronin,unseen,84380,7.132241249084473,-1.7403351068496704
a058_2,ronin,unseen,84400,7.210813045501709,-1.6480424404144287
a058_2,ronin,unseen,84420,7.275396823883057,-1.5662516355514526
a058_2,ronin,unseen,84440,7.338348865509033,-1.4875431060791016
a058_2,ronin,unseen,84460,7.402662754058838,-1.4070082902908325
a058_2,ronin,unseen,84480,7.4689741134643555,-1.3168139457702637
a058_2,ronin,unseen,84500,7.532202243804932,-1.2135008573532104
a058_2,ronin,unseen,84520,7.595781326293945,-1.1126842498779297
a058_2,ronin,unseen,84540,7.654586315155029,-1.0351271629333496
a058_2,ronin,unseen,84560,7.709060192108154,-0.9540812373161316
a058_2,ronin,unseen,84580,7.755254745483398,-0.885932207107544
a058_2,ronin,unseen,84600,7.811885833740234,-0.8100937008857727
a058_2,ronin,unseen,84620,7.886532783508301,-0.7204747796058655
a058_2,ronin,unseen,84640,7.963695049285889,-0.624427855014801
a058_2,ronin,unseen,84660,8.020904541015625,-0.5438953638076782
a058_2,ronin,unseen,84680,8.072458267211914,-0.4708957076072693
a058_2,ronin,unseen,84700,8.118663787841797,-0.4064938426017761
a058_2,ronin,unseen,84720,8.167486190795898,-0.3381391763687134
a058_2,ronin,unseen,84740,8.219919204711914,-0.24990926682949066
a058_2,ronin,unseen,84760,8.276808738708496,-0.14163345098495483
a058_2,ronin,unseen,84780,8.323643684387207,-0.051342956721782684
a058_2,ronin,unseen,84800,8.357582092285156,0.028602035716176033
a058_2,ronin,unseen,84820,8.387486457824707,0.10768287628889084
a058_2,ronin,unseen,84840,8.421531677246094,0.19818778336048126
a058_2,ronin,unseen,84860,8.464559555053711,0.29602158069610596
a058_2,ronin,unseen,84880,8.521864891052246,0.4113166034221649
a058_2,ronin,unseen,84900,8.569058418273926,0.5299496650695801
a058_2,ronin,unseen,84920,8.601930618286133,0.6335832476615906
a058_2,ronin,unseen,84940,8.624585151672363,0.7224745750427246
a058_2,ronin,unseen,84960,8.644988059997559,0.8146254420280457
a058_2,ronin,unseen,84980,8.6626615524292,0.9214306473731995
a058_2,ronin,unseen,85000,8.672256469726562,1.056901454925537
a058_2,ronin,unseen,85020,8.671934127807617,1.1945315599441528
a058_2,ronin,unseen,85040,8.678954124450684,1.3015222549438477
a058_2,ronin,unseen,85060,8.684922218322754,1.3897699117660522
a058_2,ronin,unseen,85080,8.694693565368652,1.478986144065857
a058_2,ronin,unseen,85100,8.70699405670166,1.5804704427719116
a058_2,ronin,unseen,85120,8.727460861206055,1.713897705078125
a058_2,ronin,unseen,85140,8.75224781036377,1.8564350605010986
a058_2,ronin,unseen,85160,8.764789581298828,1.9669218063354492
a058_2,ronin,unseen,85180,8.777196884155273,2.0660746097564697
a058_2,ronin,unseen,85200,8.78818130493164,2.15971040725708
a058_2,ronin,unseen,85220,8.79808235168457,2.260556936264038
a058_2,ronin,unseen,85240,8.80189323425293,2.393542528152466
a058_2,ronin,unseen,85260,8.806432723999023,2.5346271991729736
a058_2,ronin,unseen,85280,8.820050239562988,2.6385836601257324
a058_2,ronin,unseen,85300,8.830235481262207,2.7353315353393555
a058_2,ronin,unseen,85320,8.841033935546875,2.831383228302002
a058_2,ronin,unseen,85340,8.858378410339355,2.9411203861236572
a058_2,ronin,unseen,85360,8.886347770690918,3.0783092975616455
a058_2,ronin,unseen,85380,8.916626930236816,3.219939708709717
a058_2,ronin,unseen,85400,8.937435150146484,3.33760929107666
a058_2,ronin,unseen,85420,8.95772647857666,3.441959857940674
a058_2,ronin,unseen,85440,8.97713851928711,3.5384645462036133
a058_2,ronin,unseen,85460,8.995548248291016,3.649980068206787
a058_2,ronin,unseen,85480,9.007856369018555,3.781332492828369
a058_2,ronin,unseen,85500,9.022514343261719,3.9210164546966553
a058_2,ronin,unseen,85520,9.043625831604004,4.026203632354736
a058_2,ronin,unseen,85540,9.06197452545166,4.125786781311035
a058_2,ronin,unseen,85560,9.084932327270508,4.222875118255615
a058_2,ronin,unseen,85580,9.118142127990723,4.327284812927246
a058_2,ronin,unseen,85600,9.16511344909668,4.4528703689575195
a058_2,ronin,unseen,85620,9.215106964111328,4.584314823150635
a058_2,ronin,unseen,85640,9.25087833404541,4.679315090179443
a058_2,ronin,unseen,85660,9.284444808959961,4.779301643371582
a058_2,ronin,unseen,85680,9.315610885620117,4.873733997344971
a058_2,ronin,unseen,85700,9.349282264709473,4.978090286254883
a058_2,ronin,unseen,85720,9.38408374786377,5.105291843414307
a058_2,ronin,unseen,85740,9.416175842285156,5.241828441619873
a058_2,ronin,unseen,85760,9.449507713317871,5.344544410705566
a058_2,ronin,unseen,85780,9.484101295471191,5.445603847503662
a058_2,ronin,unseen,85800,9.520244598388672,5.535140037536621
a058_2,ronin,unseen,85820,9.568021774291992,5.636019229888916
a058_2,ronin,unseen,85840,9.630911827087402,5.750148773193359
a058_2,ronin,unseen,85860,9.701263427734375,5.8741559982299805
a058_2,ronin,unseen,85880,9.75833511352539,5.978915691375732
a058_2,ronin,unseen,85900,9.806105613708496,6.070676326751709
a058_2,ronin,unseen,85920,9.850078582763672,6.1535115242004395
a058_2,ronin,unseen,85940,9.897600173950195,6.2486252784729
a058_2,ronin,unseen,85960,9.947145462036133,6.364263534545898
a058_2,ronin,unseen,85980,10.002304077148438,6.497152805328369
a058_2,ronin,unseen,86000,10.050492286682129,6.589965343475342
a058_2,ronin,unseen,86020,10.093505859375,6.678653240203857
a058_2,ronin,unseen,86040,10.137787818908691,6.761486053466797
a058_2,ronin,unseen,86060,10.18820858001709,6.849008560180664
a058_2,ronin,unseen,86080,10.257739067077637,6.951164722442627
a058_2,ronin,unseen,86100,10.340429306030273,7.063623428344727
a058_2,ronin,unseen,86120,10.40832233428955,7.15935754776001
a058_2,ronin,unseen,86140,10.464150428771973,7.244823455810547
a058_2,ronin,unseen,86160,10.516749382019043,7.326225757598877
a058_2,ronin,unseen,86180,10.572972297668457,7.406707763671875
a058_2,ronin,unseen,86200,10.632457733154297,7.500489234924316
a058_2,ronin,unseen,86220,10.697529792785645,7.626227855682373
a058_2,ronin,unseen,86240,10.754337310791016,7.734074592590332
a058_2,ronin,unseen,86260,10.805574417114258,7.815489292144775
a058_2,ronin,unseen,86280,10.854817390441895,7.900859355926514
a058_2,ronin,unseen,86300,10.907919883728027,7.985788345336914
a058_2,ronin,unseen,86320,10.970599174499512,8.077144622802734
a058_2,ronin,unseen,86340,11.047612190246582,8.188261032104492
a058_2,ronin,unseen,86360,11.117048263549805,8.296171188354492
a058_2,ronin,unseen,86380,11.173952102661133,8.382559776306152
a058_2,ronin,unseen,86400,11.224926948547363,8.459112167358398
a058_2,ronin,unseen,86420,11.278112411499023,8.537943840026855
a058_2,ronin,unseen,86440,11.330012321472168,8.624527931213379
a058_2,ronin,unseen,86460,11.38608455657959,8.73403549194336
a058_2,ronin,unseen,86480,11.4432954788208,8.837822914123535
a058_2,ronin,unseen,86500,11.500155448913574,8.911517143249512
a058_2,ronin,unseen,86520,11.548606872558594,8.984384536743164
a058_2,ronin,unseen,86540,11.599956512451172,9.056462287902832
a058_2,ronin,unseen,86560,11.66001033782959,9.133939743041992
a058_2,ronin,unseen,86580,11.737454414367676,9.224177360534668
a058_2,ronin,unseen,86600,11.819985389709473,9.3164701461792
a058_2,ronin,unseen,86620,11.883423805236816,9.39014720916748
a058_2,ronin,unseen,86640,11.942224502563477,9.46272087097168
a058_2,ronin,unseen,86660,11.99727725982666,9.533337593078613
a058_2,ronin,unseen,86680,12.053633689880371,9.611828804016113
a058_2,ronin,unseen,86700,12.11390495300293,9.70346450805664
a058_2,ronin,unseen,86720,12.182629585266113,9.799897193908691
a058_2,ronin,unseen,86740,12.24821949005127,9.866471290588379
a058_2,ronin,unseen,86760,12.303936958312988,9.93571662902832
a058_2,ronin,unseen,86780,12.365903854370117,10.008705139160156
a058_2,ronin,unseen,86800,12.439881324768066,10.080204963684082
a058_2,ronin,unseen,86820,12.532913208007812,10.158491134643555
a058_2,ronin,unseen,86840,12.633415222167969,10.240001678466797
a058_2,ronin,unseen,86860,12.711617469787598,10.302151679992676
a058_2,ronin,unseen,86880,12.787745475769043,10.364714622497559
a058_2,ronin,unseen,86900,12.86395263671875,10.428305625915527
a058_2,ronin,unseen,86920,12.942858695983887,10.494953155517578
a058_2,ronin,unseen,86940,13.028021812438965,10.577556610107422
a058_2,ronin,unseen,86960,13.1198091506958,10.665736198425293
a058_2,ronin,unseen,86980,13.20232105255127,10.731390953063965
a058_2,ronin,unseen,87000,13.281189918518066,10.788142204284668
a058_2,ronin,unseen,87020,13.367679595947266,10.843525886535645
a058_2,ronin,unseen,87040,13.46650505065918,10.89377498626709
a058_2,ronin,unseen,87060,13.578909873962402,10.942709922790527
a058_2,ronin,unseen,87080,13.698184967041016,10.993612289428711
a058_2,ronin,unseen,87100,13.796663284301758,11.03779125213623
a058_2,ronin,unseen,87120,13.890093803405762,11.083295822143555
a058_2,ronin,unseen,87140,13.980851173400879,11.12685489654541
a058_2,ronin,unseen,87160,14.076762199401855,11.174300193786621
a058_2,ronin,unseen,87180,14.18016242980957,11.235454559326172
a058_2,ronin,unseen,87200,14.290346145629883,11.307106971740723
a058_2,ronin,unseen,87220,14.386940956115723,11.360901832580566
a058_2,ronin,unseen,87240,14.472891807556152,11.413018226623535
a058_2,ronin,unseen,87260,14.567268371582031,11.459807395935059
a058_2,ronin,unseen,87280,14.671586990356445,11.505352020263672
a058_2,ronin,unseen,87300,14.788651466369629,11.548508644104004
a058_2,ronin,unseen,87320,14.920095443725586,11.594828605651855
a058_2,ronin,unseen,87340,15.03850269317627,11.653120040893555
a058_2,ronin,unseen,87360,15.146307945251465,11.701122283935547
a058_2,ronin,unseen,87380,15.251349449157715,11.753334999084473
a058_2,ronin,unseen,87400,15.35753059387207,11.810120582580566
a058_2,ronin,unseen,87420,15.467524528503418,11.880631446838379
a058_2,ronin,unseen,87440,15.582317352294922,11.964179039001465
a058_2,ronin,unseen,87460,15.689291954040527,12.043244361877441
a058_2,ronin,unseen,87480,15.782493591308594,12.10627269744873
a058_2,ronin,unseen,87500,15.876341819763184,12.176946640014648
a058_2,ronin,unseen,87520,15.974206924438477,12.24736213684082
a058_2,ronin,unseen,87540,16.082416534423828,12.318279266357422
a058_2,ronin,unseen,87560,16.199649810791016,12.391268730163574
a058_2,ronin,unseen,87580,16.306373596191406,12.479561805725098
a058_2,ronin,unseen,87600,16.397401809692383,12.550036430358887
a058_2,ronin,unseen,87620,16.482601165771484,12.622126579284668
a058_2,ronin,unseen,87640,16.556224822998047,12.686033248901367
a058_2,ronin,unseen,87660,16.636751174926758,12.764183044433594
a058_2,ronin,unseen,87680,16.7188720703125,12.858275413513184
a058_2,ronin,unseen,87700,16.796955108642578,12.953153610229492
a058_2,ronin,unseen,87720,16.85299301147461,13.024216651916504
a058_2,ronin,unseen,87740,16.914958953857422,13.099863052368164
a058_2,ronin,unseen,87760,16.973777770996094,13.174489974975586
a058_2,ronin,unseen,87780,17.039344787597656,13.25228500366211
a058_2,ronin,unseen,87800,17.116891860961914,13.337882041931152
a058_2,ronin,unseen,87820,17.200281143188477,13.442508697509766
a058_2,ronin,unseen,87840,17.26594352722168,13.524801254272461
a058_2,ronin,unseen,87860,17.32796859741211,13.596847534179688
a058_2,ronin,unseen,87880,17.38848876953125,13.668994903564453
a058_2,ronin,unseen,87900,17.449888229370117,13.742380142211914
a058_2,ronin,unseen,87920,17.51695442199707,13.836177825927734
a058_2,ronin,unseen,87940,17.582408905029297,13.938314437866211
a058_2,ronin,unseen,87960,17.63925552368164,14.015859603881836
a058_2,ronin,unseen,87980,17.680753707885742,14.086599349975586
a058_2,ronin,unseen,88000,17.73134422302246,14.159015655517578
a058_2,ronin,unseen,88020,17.786741256713867,14.230169296264648
a058_2,ronin,unseen,88040,17.851091384887695,14.305269241333008
a058_2,ronin,unseen,88060,17.92412757873535,14.381916046142578
a058_2,ronin,unseen,88080,17.98839569091797,14.45570182800293
a058_2,ronin,unseen,88100,18.041912078857422,14.522154808044434
a058_2,ronin,unseen,88120,18.091285705566406,14.586179733276367
a058_2,ronin,unseen,88140,18.140968322753906,14.65320110321045
a058_2,ronin,unseen,88160,18.195499420166016,14.738702774047852
a058_2,ronin,unseen,88180,18.248977661132812,14.83616828918457
a058_2,ronin,unseen,88200,18.300142288208008,14.924334526062012
a058_2,ronin,unseen,88220,18.338693618774414,14.997907638549805
a058_2,ronin,unseen,88240,18.38231086730957,15.073015213012695
a058_2,ronin,unseen,88260,18.429777145385742,15.150257110595703
a058_2,ronin,unseen,88280,18.486936569213867,15.230719566345215
a058_2,ronin,unseen,88300,18.556753158569336,15.317602157592773
a058_2,ronin,unseen,88320,18.629196166992188,15.413765907287598
a058_2,ronin,unseen,88340,18.686750411987305,15.49752426147461
a058_2,ronin,unseen,88360,18.73755645751953,15.574685096740723
a058_2,ronin,unseen,88380,18.790334701538086,15.65475082397461
a058_2,ronin,unseen,88400,18.846080780029297,15.747321128845215
a058_2,ronin,unseen,88420,18.89686393737793,15.854774475097656
a058_2,ronin,unseen,88440,18.947904586791992,15.967618942260742
a058_2,ronin,unseen,88460,18.994945526123047,16.053455352783203
a058_2,ronin,unseen,88480,19.0405330657959,16.137733459472656
a058_2,ronin,unseen,88500,19.08808135986328,16.216625213623047
a058_2,ronin,unseen,88520,19.144561767578125,16.304222106933594
a058_2,ronin,unseen,88540,19.210344314575195,16.395782470703125
a058_2,ronin,unseen,88560,19.289899826049805,16.496946334838867
a058_2,ronin,unseen,88580,19.354658126831055,16.58077621459961
a058_2,ronin,unseen,88600,19.414169311523438,16.659944534301758
a058_2,ronin,unseen,88620,19.470165252685547,16.737632751464844
a058_2,ronin,unseen,88640,19.530864715576172,16.824678421020508
a058_2,ronin,unseen,88660,19.59052276611328,16.923015594482422
a058_2,ronin,unseen,88680,19.651948928833008,17.036121368408203
a058_2,ronin,unseen,88700,19.709157943725586,17.13088607788086
a058_2,ronin,unseen,88720,19.75960922241211,17.21220588684082
a058_2,ronin,unseen,88740,19.814128875732422,17.290847778320312
a058_2,ronin,unseen,88760,19.87605094909668,17.373065948486328
a058_2,ronin,unseen,88780,19.949939727783203,17.459531784057617
a058_2,ronin,unseen,88800,20.033588409423828,17.5487060546875
a058_2,ronin,unseen,88820,20.111772537231445,17.634483337402344
a058_2,ronin,unseen,88840,20.176979064941406,17.713499069213867
a058_2,ronin,unseen,88860,20.23470115661621,17.786775588989258
a058_2,ronin,unseen,88880,20.2945556640625,17.86355209350586
a058_2,ronin,unseen,88900,20.356983184814453,17.952280044555664
a058_2,ronin,unseen,88920,20.418508529663086,18.05410385131836
a058_2,ronin,unseen,88940,20.47795295715332,18.156757354736328
a058_2,ronin,unseen,88960,20.532352447509766,18.235639572143555
a058_2,ronin,unseen,88980,20.58485984802246,18.314306259155273
a058_2,ronin,unseen,89000,20.643413543701172,18.394777297973633
a058_2,ronin,unseen,89020,20.711761474609375,18.475980758666992
a058_2,ronin,unseen,89040,20.79157257080078,18.565216064453125
a058_2,ronin,unseen,89060,20.872390747070312,18.666828155517578
a058_2,ronin,unseen,89080,20.94023323059082,18.75043296813965
a058_2,ronin,unseen,89100,21.00328254699707,18.834613800048828
a058_2,ronin,unseen,89120,21.064298629760742,18.92334747314453
a058_2,ronin,unseen,89140,21.125652313232422,19.019580841064453
a058_2,ronin,unseen,89160,21.183673858642578,19.126434326171875
a058_2,ronin,unseen,89180,21.240747451782227,19.234859466552734
a058_2,ronin,unseen,89200,21.28889274597168,19.326509475708008
a058_2,ronin,unseen,89220,21.339191436767578,19.420881271362305
a058_2,ronin,unseen,89240,21.395658493041992,19.518901824951172
a058_2,ronin,unseen,89260,21.459327697753906,19.619924545288086
a058_2,ronin,unseen,89280,21.530941009521484,19.722909927368164
a058_2,ronin,unseen,89300,21.603670120239258,19.83580780029297
a058_2,ronin,unseen,89320,21.665929794311523,19.929733276367188
a058_2,ronin,unseen,89340,21.723308563232422,20.02284049987793
a058_2,ronin,unseen,89360,21.780054092407227,20.118511199951172
a058_2,ronin,unseen,89380,21.836027145385742,20.221704483032227
a058_2,ronin,unseen,89400,21.885234832763672,20.334613800048828
a058_2,ronin,unseen,89420,21.933218002319336,20.45220375061035
a058_2,ronin,unseen,89440,21.977733612060547,20.546518325805664
a058_2,ronin,unseen,89460,22.024877548217773,20.638879776000977
a058_2,ronin,unseen,89480,22.0772647857666,20.728872299194336
a058_2,ronin,unseen,89500,22.133256912231445,20.81800651550293
a058_2,ronin,unseen,89520,22.195438385009766,20.913137435913086
a058_2,ronin,unseen,89540,22.26377296447754,21.01338005065918
a058_2,ronin,unseen,89560,22.321828842163086,21.098674774169922
a058_2,ronin,unseen,89580,22.3760986328125,21.17887306213379
a058_2,ronin,unseen,89600,22.435108184814453,21.265071868896484
a058_2,ronin,unseen,89620,22.49293327331543,21.351022720336914
a058_2,ronin,unseen,89640,22.544252395629883,21.44548797607422
a058_2,ronin,unseen,89660,22.59607696533203,21.54953956604004
a058_2,ronin,unseen,89680,22.646377563476562,21.640560150146484
a058_2,ronin,unseen,89700,22.691478729248047,21.723392486572266
a058_2,ronin,unseen,89720,22.739208221435547,21.809661865234375
a058_2,ronin,unseen,89740,22.792240142822266,21.897003173828125
a058_2,ronin,unseen,89760,22.854278564453125,21.98959732055664
a058_2,ronin,unseen,89780,22.9267635345459,22.088058471679688
a058_2,ronin,unseen,89800,22.991008758544922,22.18267059326172
a058_2,ronin,unseen,89820,23.04463768005371,22.268253326416016
a058_2,ronin,unseen,89840,23.09765625,22.357206344604492
a058_2,ronin,unseen,89860,23.149673461914062,22.449569702148438
a058_2,ronin,unseen,89880,23.198305130004883,22.552013397216797
a058_2,ronin,unseen,89900,23.244543075561523,22.66485595703125
a058_2,ronin,unseen,89920,23.29227638244629,22.772480010986328
a058_2,ronin,unseen,89940,23.34041976928711,22.857276916503906
a058_2,ronin,unseen,89960,23.392723083496094,22.948070526123047
a058_2,ronin,unseen,89980,23.449777603149414,23.03690528869629
a058_2,ronin,unseen,90000,23.515911102294922,23.128257751464844
a058_2,ronin,unseen,90020,23.58859634399414,23.221799850463867
a058_2,ronin,unseen,90040,23.66008758544922,23.313722610473633
a058_2,ronin,unseen,90060,23.719497680664062,23.3926944732666
a058_2,ronin,unseen,90080,23.782018661499023,23.475208282470703
a058_2,ronin,unseen,90100,23.843961715698242,23.55907440185547
a058_2,ronin,unseen,90120,23.90641212463379,23.650833129882812
a058_2,ronin,unseen,90140,23.966053009033203,23.75726890563965
a058_2,ronin,unseen,90160,24.028139114379883,23.85875129699707
a058_2,ronin,unseen,90180,24.084880828857422,23.935239791870117
a058_2,ronin,unseen,90200,24.14772605895996,24.020570755004883
a058_2,ronin,unseen,90220,24.212656021118164,24.102214813232422
a058_2,ronin,unseen,90240,24.288427352905273,24.185670852661133
a058_2,ronin,unseen,90260,24.370861053466797,24.27039909362793
a058_2,ronin,unseen,90280,24.453405380249023,24.360780715942383
a058_2,ronin,unseen,90300,24.51923942565918,24.438180923461914
a058_2,ronin,unseen,90320,24.585111618041992,24.514419555664062
a058_2,ronin,unseen,90340,24.65022087097168,24.596630096435547
a058_2,ronin,unseen,90360,24.714632034301758,24.691736221313477
a058_2,ronin,unseen,90380,24.773286819458008,24.792421340942383
a058_2,ronin,unseen,90400,24.832855224609375,24.898033142089844
a058_2,ronin,unseen,90420,24.88927459716797,24.981719970703125
a058_2,ronin,unseen,90440,24.945419311523438,25.067764282226562
a058_2,ronin,unseen,90460,25.006969451904297,25.152009963989258
a058_2,ronin,unseen,90480,25.0773983001709,25.242971420288086
a058_2,ronin,unseen,90500,25.154558181762695,25.336334228515625
a058_2,ronin,unseen,90520,25.235828399658203,25.432485580444336
a058_2,ronin,unseen,90540,25.30270004272461,25.515422821044922
a058_2,ronin,unseen,90560,25.36419677734375,25.599929809570312
a058_2,ronin,unseen,90580,25.427276611328125,25.68965721130371
a058_2,ronin,unseen,90600,25.496450424194336,25.789642333984375
a058_2,ronin,unseen,90620,25.559106826782227,25.893672943115234
a058_2,ronin,unseen,90640,25.61968421936035,26.003250122070312
a058_2,ronin,unseen,90660,25.680034637451172,26.098791122436523
a058_2,ronin,unseen,90680,25.737878799438477,26.19207763671875
a058_2,ronin,unseen,90700,25.802846908569336,26.28483772277832
a058_2,ronin,unseen,90720,25.874420166015625,26.374658584594727
a058_2,ronin,unseen,90740,25.952234268188477,26.460140228271484
a058_2,ronin,unseen,90760,26.03172492980957,26.546483993530273
a058_2,ronin,unseen,90780,26.098678588867188,26.62643051147461
a058_2,ronin,unseen,90800,26.16132354736328,26.70856475830078
a058_2,ronin,unseen,90820,26.22616195678711,26.79620933532715
a058_2,ronin,unseen,90840,26.28984832763672,26.88775062561035
a058_2,ronin,unseen,90860,26.351619720458984,26.988615036010742
a058_2,ronin,unseen,90880,26.416343688964844,27.102033615112305
a058_2,ronin,unseen,90900,26.480796813964844,27.19158935546875
a058_2,ronin,unseen,90920,26.546457290649414,27.28176498413086
a058_2,ronin,unseen,90940,26.617456436157227,27.372488021850586
a058_2,ronin,unseen,90960,26.696157455444336,27.46472930908203
a058_2,ronin,unseen,90980,26.781150817871094,27.552915573120117
a058_2,ronin,unseen,91000,26.874692916870117,27.65169906616211
a058_2,ronin,unseen,91020,26.950281143188477,27.733539581298828
a058_2,ronin,unseen,91040,27.02203369140625,27.817264556884766
a058_2,ronin,unseen,91060,27.094270706176758,27.903942108154297
a058_2,ronin,unseen,91080,27.164255142211914,27.992450714111328
a058_2,ronin,unseen,91100,27.229480743408203,28.09189224243164
a058_2,ronin,unseen,91120,27.29554557800293,28.19584846496582
a058_2,ronin,unseen,91140,27.360675811767578,28.277400970458984
a058_2,ronin,unseen,91160,27.418243408203125,28.35812759399414
a058_2,ronin,unseen,91180,27.479185104370117,28.44233512878418
a058_2,ronin,unseen,91200,27.547710418701172,28.53036880493164
a058_2,ronin,unseen,91220,27.624156951904297,28.617435455322266
a058_2,ronin,unseen,91240,27.70551109313965,28.713092803955078
a058_2,ronin,unseen,91260,27.770580291748047,28.799049377441406
a058_2,ronin,unseen,91280,27.832704544067383,28.88187599182129
a058_2,ronin,unseen,91300,27.894554138183594,28.966812133789062
a058_2,ronin,unseen,91320,27.95625877380371,29.05748176574707
a058_2,ronin,unseen,91340,28.01384162902832,29.160747528076172
a058_2,ronin,unseen,91360,28.072233200073242,29.274229049682617
a058_2,ronin,unseen,91380,28.129804611206055,29.372629165649414
a058_2,ronin,unseen,91400,28.183502197265625,29.46160125732422
a058_2,ronin,unseen,91420,28.242128372192383,29.556514739990234
a058_2,ronin,unseen,91440,28.30636215209961,29.654560089111328
a058_2,ronin,unseen,91460,28.37775421142578,29.750934600830078
a058_2,ronin,unseen,91480,28.45154571533203,29.849262237548828
a058_2,ronin,unseen,91500,28.51055145263672,29.933366775512695
a058_2,ronin,unseen,91520,28.569711685180664,30.018705368041992
a058_2,ronin,unseen,91540,28.629478454589844,30.10541343688965
a058_2,ronin,unseen,91560,28.687156677246094,30.197603225708008
a058_2,ronin,unseen,91580,28.738426208496094,30.298648834228516
a058_2,ronin,unseen,91600,28.788711547851562,30.406959533691406
a058_2,ronin,unseen,91620,28.835147857666016,30.49734115600586
a058_2,ronin,unseen,91640,28.87866973876953,30.581829071044922
a058_2,ronin,unseen,91660,28.927335739135742,30.668886184692383
a058_2,ronin,unseen,91680,28.98365592956543,30.75728988647461
a058_2,ronin,unseen,91700,29.04936408996582,30.847122192382812
a058_2,ronin,unseen,91720,29.117748260498047,30.938751220703125
a058_2,ronin,unseen,91740,29.17670249938965,31.021175384521484
a058_2,ronin,unseen,91760,29.22206687927246,31.091596603393555
a058_2,ronin,unseen,91780,29.264013290405273,31.161510467529297
a058_2,ronin,unseen,91800,29.303556442260742,31.221059799194336
a058_2,ronin,unseen,91820,29.328685760498047,31.28327751159668
a058_2,ronin,unseen,91840,29.356115341186523,31.336305618286133
a058_2,ronin,unseen,91860,29.388601303100586,31.394676208496094
a058_2,ronin,unseen,91880,29.430532455444336,31.45619773864746
a058_2,ronin,unseen,91900,29.483783721923828,31.51237678527832
a058_2,ronin,unseen,91920,29.55070686340332,31.575353622436523
a058_2,ronin,unseen,91940,29.62782859802246,31.640213012695312
a058_2,ronin,unseen,91960,29.711023330688477,31.71055030822754
a058_2,ronin,unseen,91980,29.782197952270508,31.77863121032715
a058_2,ronin,unseen,92000,29.844282150268555,31.853946685791016
a058_2,ronin,unseen,92020,29.903018951416016,31.932619094848633
a058_2,ronin,unseen,92040,29.957557678222656,32.0142936706543
a058_2,ronin,unseen,92060,30.012691497802734,32.113529205322266
a058_2,ronin,unseen,92080,30.068443298339844,32.21744155883789
a058_2,ronin,unseen,92100,30.11840057373047,32.29861831665039
a058_2,ronin,unseen,92120,30.16461753845215,32.37846374511719
a058_2,ronin,unseen,92140,30.212501525878906,32.45606231689453
a058_2,ronin,unseen,92160,30.2705078125,32.5451545715332
a058_2,ronin,unseen,92180,30.337547302246094,32.635162353515625
a058_2,ronin,unseen,92200,30.400266647338867,32.72104263305664
a058_2,ronin,unseen,92220,30.452199935913086,32.796077728271484
a058_2,ronin,unseen,92240,30.50102996826172,32.86933898925781
a058_2,ronin,unseen,92260,30.550884246826172,32.943729400634766
a058_2,ronin,unseen,92280,30.602209091186523,33.029842376708984
a058_2,ronin,unseen,92300,30.646936416625977,33.122779846191406
a058_2,ronin,unseen,92320,30.69547462463379,33.220069885253906
a058_2,ronin,unseen,92340,30.746665954589844,33.30101013183594
a058_2,ronin,unseen,92360,30.79161262512207,33.386024475097656
a058_2,ronin,unseen,92380,30.843870162963867,33.4752082824707
a058_2,ronin,unseen,92400,30.906295776367188,33.56564712524414
a058_2,ronin,unseen,92420,30.981639862060547,33.665992736816406
a058_2,ronin,unseen,92440,31.051959991455078,33.7632942199707
a058_2,ronin,unseen,92460,31.10836410522461,33.85540771484375
a058_2,ronin,unseen,92480,31.15427017211914,33.94279098510742
a058_2,ronin,unseen,92500,31.19856834411621,34.041072845458984
a058_2,ronin,unseen,92520,31.241554260253906,34.146209716796875
a058_2,ronin,unseen,92540,31.27650260925293,34.25446701049805
a058_2,ronin,unseen,92560,31.30985450744629,34.37361526489258
a058_2,ronin,unseen,92580,31.338523864746094,34.47169876098633
a058_2,ronin,unseen,92600,31.358898162841797,34.570072174072266
a058_2,ronin,unseen,92620,31.37978172302246,34.678829193115234
a058_2,ronin,unseen,92640,31.40188217163086,34.79012680053711
a058_2,ronin,unseen,92660,31.4287052154541,34.904029846191406
a058_2,ronin,unseen,92680,31.45389175415039,35.01822280883789
a058_2,ronin,unseen,92700,31.464344024658203,35.12092208862305
a058_2,ronin,unseen,92720,31.464441299438477,35.215057373046875
a058_2,ronin,unseen,92740,31.455537796020508,35.308677673339844
a058_2,ronin,unseen,92760,31.440906524658203,35.40330505371094
a058_2,ronin,unseen,92780,31.415130615234375,35.49895095825195
a058_2,ronin,unseen,92800,31.38019561767578,35.60581588745117
a058_2,ronin,unseen,92820,31.341440200805664,35.70527648925781
a058_2,ronin,unseen,92840,31.30707359313965,35.78337478637695
a058_2,ronin,unseen,92860,31.26458740234375,35.868385314941406
a058_2,ronin,unseen,92880,31.218273162841797,35.959720611572266
a058_2,ronin,unseen,92900,31.17088508605957,36.06244659423828
a058_2,ronin,unseen,92920,31.122055053710938,36.17155075073242
a058_2,ronin,unseen,92940,31.070873260498047,36.273216247558594
a058_2,ronin,unseen,92960,31.018169403076172,36.35672378540039
a058_2,ronin,unseen,92980,30.960050582885742,36.429927825927734
a058_2,ronin,unseen,93000,30.894615173339844,36.505393981933594
a058_2,ronin,unseen,93020,30.82509422302246,36.57664108276367
a058_2,ronin,unseen,93040,30.74728775024414,36.644073486328125
a058_2,ronin,unseen,93060,30.66473388671875,36.71611785888672
a058_2,ronin,unseen,93080,30.6048641204834,36.772544860839844
a058_2,ronin,unseen,93100,30.54277801513672,36.82879638671875
a058_2,ronin,unseen,93120,30.4804744720459,36.88964080810547
a058_2,ronin,unseen,93140,30.415952682495117,36.95884323120117
a058_2,ronin,unseen,93160,30.35084342956543,37.036224365234375
a058_2,ronin,unseen,93180,30.284225463867188,37.10973358154297
a058_2,ronin,unseen,93200,30.230060577392578,37.167606353759766
a058_2,ronin,unseen,93220,30.176876068115234,37.2193717956543
a058_2,ronin,unseen,93240,30.12609100341797,37.27004623413086
a058_2,ronin,unseen,93260,30.071447372436523,37.320247650146484
a058_2,ronin,unseen,93280,30.0059757232666,37.36330032348633
a058_2,ronin,unseen,93300,29.939878463745117,37.41408920288086
a058_2,ronin,unseen,93320,29.881258010864258,37.43715286254883
a058_2,ronin,unseen,93340,29.83380126953125,37.47122573852539
a058_2,ronin,unseen,93360,29.78927993774414,37.509246826171875
a058_2,ronin,unseen,93380,29.74090576171875,37.55160140991211
a058_2,ronin,unseen,93400,29.694141387939453,37.60142517089844
a058_2,ronin,unseen,93420,29.64258575439453,37.65890884399414
a058_2,ronin,unseen,93440,29.588207244873047,37.711891174316406
a058_2,ronin,unseen,93460,29.54631996154785,37.76008605957031
a058_2,ronin,unseen,93480,29.516836166381836,37.80725860595703
a058_2,ronin,unseen,93500,29.45707893371582,37.82623291015625
a058_2,ronin,unseen,93520,29.41214942932129,37.86986541748047
a058_2,ronin,unseen,93540,29.36150550842285,37.916622161865234
a058_2,ronin,unseen,93560,29.290895462036133,37.94879913330078
a058_2,ronin,unseen,93580,29.220685958862305,37.95817947387695
a058_2,ronin,unseen,93600,29.186588287353516,37.977046966552734
a058_2,ronin,unseen,93620,29.167644500732422,37.98998260498047
a058_2,ronin,unseen,93640,29.16558265686035,38.00455856323242
a058_2,ronin,unseen,93660,29.174392700195312,38.01020050048828
a058_2,ronin,unseen,93680,29.200559616088867,38.0123176574707
a058_2,ronin,unseen,93700,29.23446273803711,38.00965881347656
a058_2,ronin,unseen,93720,29.27568817138672,38.00373840332031
a058_2,ronin,unseen,93740,29.303037643432617,38.000022888183594
a058_2,ronin,unseen,93760,29.30570411682129,38.00202560424805
a058_2,ronin,unseen,93780,29.323015213012695,37.9987678527832
a058_2,ronin,unseen,93800,29.35174560546875,37.99166488647461
a058_2,ronin,unseen,93820,29.380653381347656,37.985206604003906
a058_2,ronin,unseen,93840,29.422679901123047,37.97554016113281
a058_2,ronin,unseen,93860,29.470260620117188,37.96876525878906
a058_2,ronin,unseen,93880,29.5270938873291,37.96350860595703
a058_2,ronin,unseen,93900,29.594327926635742,37.95568084716797
a058_2,ronin,unseen,93920,29.660924911499023,37.93962478637695
a058_2,ronin,unseen,93940,29.710403442382812,37.9113883972168
a058_2,ronin,unseen,93960,29.75606346130371,37.88911819458008
a058_2,ronin,unseen,93980,29.801204681396484,37.8612060546875
a058_2,ronin,unseen,94000,29.847475051879883,37.823768615722656
a058_2,ronin,unseen,94020,29.900684356689453,37.778045654296875
a058_2,ronin,unseen,94040,29.964996337890625,37.72542953491211
a058_2,ronin,unseen,94060,30.03003692626953,37.67306137084961
a058_2,ronin,unseen,94080,30.07745361328125,37.61797332763672
a058_2,ronin,unseen,94100,30.111434936523438,37.563865661621094
a058_2,ronin,unseen,94120,30.138931274414062,37.50666046142578
a058_2,ronin,unseen,94140,30.164962768554688,37.4445915222168
a058_2,ronin,unseen,94160,30.198144912719727,37.37761306762695
a058_2,ronin,unseen,94180,30.24040985107422,37.30504608154297
a058_2,ronin,unseen,94200,30.28005027770996,37.22134017944336
a058_2,ronin,unseen,94220,30.313310623168945,37.153953552246094
a058_2,ronin,unseen,94240,30.331560134887695,37.096275329589844
a058_2,ronin,unseen,94260,30.347429275512695,37.034095764160156
a058_2,ronin,unseen,94280,30.360877990722656,36.96492004394531
a058_2,ronin,unseen,94300,30.368310928344727,36.893924713134766
a058_2,ronin,unseen,94320,30.375017166137695,36.81279373168945
a058_2,ronin,unseen,94340,30.38143539428711,36.72045135498047
a058_2,ronin,unseen,94360,30.384597778320312,36.64815902709961
a058_2,ronin,unseen,94380,30.389522552490234,36.5798454284668
a058_2,ronin,unseen,94400,30.39662742614746,36.51313781738281
a058_2,ronin,unseen,94420,30.409439086914062,36.440208435058594
a058_2,ronin,unseen,94440,30.42713165283203,36.362449645996094
a058_2,ronin,unseen,94460,30.451744079589844,36.27436447143555
a058_2,ronin,unseen,94480,30.478052139282227,36.18717956542969
a058_2,ronin,unseen,94500,30.490093231201172,36.110050201416016
a058_2,ronin,unseen,94520,30.498838424682617,36.041446685791016
a058_2,ronin,unseen,94540,30.506277084350586,35.96633529663086
a058_2,ronin,unseen,94560,30.511030197143555,35.878143310546875
a058_2,ronin,unseen,94580,30.51265525817871,35.78498840332031
a058_2,ronin,unseen,94600,30.50604820251465,35.681396484375
a058_2,ronin,unseen,94620,30.509782791137695,35.59735870361328
a058_2,ronin,unseen,94640,30.51099395751953,35.51728439331055
a058_2,ronin,unseen,94660,30.51177406311035,35.44502258300781
a058_2,ronin,unseen,94680,30.51896858215332,35.364036560058594
a058_2,ronin,unseen,94700,30.532794952392578,35.27744674682617
a058_2,ronin,unseen,94720,30.553415298461914,35.17529296875
a058_2,ronin,unseen,94740,30.572755813598633,35.08359146118164
a058_2,ronin,unseen,94760,30.5803279876709,35.00212097167969
a058_2,ronin,unseen,94780,30.583948135375977,34.93181610107422
a058_2,ronin,unseen,94800,30.583999633789062,34.84873580932617
a058_2,ronin,unseen,94820,30.574071884155273,34.754337310791016
a058_2,ronin,unseen,94840,30.555805206298828,34.655433654785156
a058_2,ronin,unseen,94860,30.537330627441406,34.5461540222168
a058_2,ronin,unseen,94880,30.521692276000977,34.46793746948242
a058_2,ronin,unseen,94900,30.50497055053711,34.38575744628906
a058_2,ronin,unseen,94920,30.490140914916992,34.31216812133789
a058_2,ronin,unseen,94940,30.472896575927734,34.22559356689453
a058_2,ronin,unseen,94960,30.459659576416016,34.12924575805664
a058_2,ronin,unseen,94980,30.450336456298828,34.00687026977539
a058_2,ronin,unseen,95000,30.435157775878906,33.896484375
a058_2,ronin,unseen,95020,30.40116310119629,33.8198127746582
a058_2,ronin,unseen,95040,30.38075828552246,33.739662170410156
a058_2,ronin,unseen,95060,30.350780487060547,33.65226745605469
a058_2,ronin,unseen,95080,30.30683708190918,33.553489685058594
a058_2,ronin,unseen,95100,30.251514434814453,33.448482513427734
a058_2,ronin,unseen,95120,30.200510025024414,33.348514556884766
a058_2,ronin,unseen,95140,30.16080665588379,33.27383804321289
a058_2,ronin,unseen,95160,30.122785568237305,33.19987869262695
a058_2,ronin,unseen,95180,30.083730697631836,33.12493133544922
a058_2,ronin,unseen,95200,30.04571533203125,33.03767395019531
a058_2,ronin,unseen,95220,30.004121780395508,32.922401428222656
a058_2,ronin,unseen,95240,29.957258224487305,32.80588150024414
a058_2,ronin,unseen,95260,29.8581485748291,32.74882125854492
a058_2,ronin,unseen,95280,29.804302215576172,32.668479919433594
a058_2,ronin,unseen,95300,29.752973556518555,32.58791732788086
a058_2,ronin,unseen,95320,29.683429718017578,32.49838638305664
a058_2,ronin,unseen,95340,29.598005294799805,32.3960075378418
a058_2,ronin,unseen,95360,29.51919937133789,32.2930908203125
a058_2,ronin,unseen,95380,29.457805633544922,32.2059211730957
a058_2,ronin,unseen,95400,29.402971267700195,32.13137435913086
a058_2,ronin,unseen,95420,29.350486755371094,32.056209564208984
a058_2,ronin,unseen,95440,29.292760848999023,31.965335845947266
a058_2,ronin,unseen,95460,29.23251724243164,31.851736068725586
a058_2,ronin,unseen,95480,29.166446685791016,31.741928100585938
a058_2,ronin,unseen,95500,29.101119995117188,31.669761657714844
a058_2,ronin,unseen,95520,29.055442810058594,31.594240188598633
a058_2,ronin,unseen,95540,29.008255004882812,31.521739959716797
a058_2,ronin,unseen,95560,28.947553634643555,31.437068939208984
a058_2,ronin,unseen,95580,28.867530822753906,31.3402156829834
a058_2,ronin,unseen,95600,28.78331756591797,31.239648818969727
a058_2,ronin,unseen,95620,28.721223831176758,31.16105842590332
a058_2,ronin,unseen,95640,28.665027618408203,31.08441734313965
a058_2,ronin,unseen,95660,28.61568832397461,31.011735916137695
a058_2,ronin,unseen,95680,28.564502716064453,30.92927360534668
a058_2,ronin,unseen,95700,28.510177612304688,30.822134017944336
a058_2,ronin,unseen,95720,28.45061683654785,30.69628143310547
a058_2,ronin,unseen,95740,28.396913528442383,30.596912384033203
a058_2,ronin,unseen,95760,28.351388931274414,30.51732063293457
a058_2,ronin,unseen,95780,28.309642791748047,30.432140350341797
a058_2,ronin,unseen,95800,28.25386619567871,30.331436157226562
a058_2,ronin,unseen,95820,28.185619354248047,30.224754333496094
a058_2,ronin,unseen,95840,28.107440948486328,30.104188919067383
a058_2,ronin,unseen,95860,28.04913902282715,30.010622024536133
a058_2,ronin,unseen,95880,27.998796463012695,29.918880462646484
a058_2,ronin,unseen,95900,27.95187759399414,29.837732315063477
a058_2,ronin,unseen,95920,27.90123176574707,29.745643615722656
a058_2,ronin,unseen,95940,27.849027633666992,29.636035919189453
a058_2,ronin,unseen,95960,27.790756225585938,29.502731323242188
a058_2,ronin,unseen,95980,27.730045318603516,29.391931533813477
a058_2,ronin,unseen,96000,27.665555953979492,29.303302764892578
a058_2,ronin,unseen,96020,27.618282318115234,29.220205307006836
a058_2,ronin,unseen,96040,27.56170082092285,29.12701416015625
a058_2,ronin,unseen,96060,27.489866256713867,29.026811599731445
a058_2,ronin,unseen,96080,27.400737762451172,28.917526245117188
a058_2,ronin,unseen,96100,27.321163177490234,28.822975158691406
a058_2,ronin,unseen,96120,27.251155853271484,28.740108489990234
a058_2,ronin,unseen,96140,27.192766189575195,28.670726776123047
a058_2,ronin,unseen,96160,27.132173538208008,28.59680938720703
a058_2,ronin,unseen,96180,27.071714401245117,28.51481819152832
a058_2,ronin,unseen,96200,26.99976921081543,28.405094146728516
a058_2,ronin,unseen,96220,26.92216682434082,28.32080078125
a058_2,ronin,unseen,96240,26.850011825561523,28.271806716918945
a058_2,ronin,unseen,96260,26.795242309570312,28.206270217895508
a058_2,ronin,unseen,96280,26.734968185424805,28.1437931060791
a058_2,ronin,unseen,96300,26.6638240814209,28.080089569091797
a058_2,ronin,unseen,96320,26.5814151763916,28.013395309448242
a058_2,ronin,unseen,96340,26.524072647094727,27.95833396911621
a058_2,ronin,unseen,96360,26.471885681152344,27.911178588867188
a058_2,ronin,unseen,96380,26.42479133605957,27.867238998413086
a058_2,ronin,unseen,96400,26.381113052368164,27.822998046875
a058_2,ronin,unseen,96420,26.338884353637695,27.774770736694336
a058_2,ronin,unseen,96440,26.294767379760742,27.720928192138672
a058_2,ronin,unseen,96460,26.245834350585938,27.659969329833984
a058_2,ronin,unseen,96480,26.197355270385742,27.60520362854004
a058_2,ronin,unseen,96500,26.143985748291016,27.56182098388672
a058_2,ronin,unseen,96520,26.099157333374023,27.512834548950195
a058_2,ronin,unseen,96540,26.04966163635254,27.462825775146484
a058_2,ronin,unseen,96560,25.99193572998047,27.410343170166016
a058_2,ronin,unseen,96580,25.913244247436523,27.3420352935791
a058_2,ronin,unseen,96600,25.844858169555664,27.27303695678711
a058_2,ronin,unseen,96620,25.79550552368164,27.217971801757812
a058_2,ronin,unseen,96640,25.75259017944336,27.165241241455078
a058_2,ronin,unseen,96660,25.71170425415039,27.10788917541504
a058_2,ronin,unseen,96680,25.67249298095703,27.045045852661133
a058_2,ronin,unseen,96700,25.635799407958984,26.970142364501953
a058_2,ronin,unseen,96720,25.587080001831055,26.874286651611328
a058_2,ronin,unseen,96740,25.543994903564453,26.80000877380371
a058_2,ronin,unseen,96760,25.495817184448242,26.74144744873047
a058_2,ronin,unseen,96780,25.461755752563477,26.68747901916504
a058_2,ronin,unseen,96800,25.428232192993164,26.63211441040039
a058_2,ronin,unseen,96820,25.38014030456543,26.569684982299805
a058_2,ronin,unseen,96840,25.31702995300293,26.50331687927246
a058_2,ronin,unseen,96860,25.253692626953125,26.424537658691406
a058_2,ronin,unseen,96880,25.203683853149414,26.353336334228516
a058_2,ronin,unseen,96900,25.15919303894043,26.286787033081055
a058_2,ronin,unseen,96920,25.12061309814453,26.224952697753906
a058_2,ronin,unseen,96940,25.078725814819336,26.151643753051758
a058_2,ronin,unseen,96960,25.034120559692383,26.05500030517578
a058_2,ronin,unseen,96980,24.98639678955078,25.944202423095703
a058_2,ronin,unseen,97000,24.937164306640625,25.861839294433594
a058_2,ronin,unseen,97020,24.893787384033203,25.790164947509766
a058_2,ronin,unseen,97040,24.85271644592285,25.720186233520508
a058_2,ronin,unseen,97060,24.803701400756836,25.641315460205078
a058_2,ronin,unseen,97080,24.74203109741211,25.548803329467773
a058_2,ronin,unseen,97100,24.67194175720215,25.450668334960938
a058_2,ronin,unseen,97120,24.6134090423584,25.360857009887695
a058_2,ronin,unseen,97140,24.560644149780273,25.279544830322266
a058_2,ronin,unseen,97160,24.513769149780273,25.205520629882812
a058_2,ronin,unseen,97180,24.463804244995117,25.125991821289062
a058_2,ronin,unseen,97200,24.4169979095459,25.03959083557129
a058_2,ronin,unseen,97220,24.367557525634766,24.928773880004883
a058_2,ronin,unseen,97240,24.319231033325195,24.830379486083984
a058_2,ronin,unseen,97260,24.26548957824707,24.752439498901367
a058_2,ronin,unseen,97280,24.216167449951172,24.668184280395508
a058_2,ronin,unseen,97300,24.16048812866211,24.577123641967773
a058_2,ronin,unseen,97320,24.093400955200195,24.478883743286133
a058_2,ronin,unseen,97340,24.017980575561523,24.37643051147461
a058_2,ronin,unseen,97360,23.94976234436035,24.275875091552734
a058_2,ronin,unseen,97380,23.89122200012207,24.18647575378418
a058_2,ronin,unseen,97400,23.839563369750977,24.105009078979492
a058_2,ronin,unseen,97420,23.78660774230957,24.02035903930664
a058_2,ronin,unseen,97440,23.735183715820312,23.931026458740234
a058_2,ronin,unseen,97460,23.680036544799805,23.817533493041992
a058_2,ronin,unseen,97480,23.625396728515625,23.70854377746582
a058_2,ronin,unseen,97500,23.574615478515625,23.623506546020508
a058_2,ronin,unseen,97520,23.52665138244629,23.540802001953125
a058_2,ronin,unseen,97540,23.470117568969727,23.451778411865234
a058_2,ronin,unseen,97560,23.397415161132812,23.353443145751953
a058_2,ronin,unseen,97580,23.310546875,23.250993728637695
a058_2,ronin,unseen,97600,23.234519958496094,23.15757179260254
a058_2,ronin,unseen,97620,23.170024871826172,23.077274322509766
a058_2,ronin,unseen,97640,23.109769821166992,23.000282287597656
a058_2,ronin,unseen,97660,23.04970932006836,22.923358917236328
a058_2,ronin,unseen,97680,22.99149513244629,22.843626022338867
a058_2,ronin,unseen,97700,22.930212020874023,22.74094581604004
a058_2,ronin,unseen,97720,22.857118606567383,22.627368927001953
a058_2,ronin,unseen,97740,22.783130645751953,22.549762725830078
a058_2,ronin,unseen,97760,22.72896385192871,22.476402282714844
a058_2,ronin,unseen,97780,22.66460609436035,22.397939682006836
a058_2,ronin,unseen,97800,22.588674545288086,22.314701080322266
a058_2,ronin,unseen,97820,22.494388580322266,22.221256256103516
a058_2,ronin,unseen,97840,22.4130916595459,22.134464263916016
a058_2,ronin,unseen,97860,22.349763870239258,22.060997009277344
a058_2,ronin,unseen,97880,22.290353775024414,21.99111557006836
a058_2,ronin,unseen,97900,22.23181915283203,21.919296264648438
a058_2,ronin,unseen,97920,22.17329978942871,21.83847427368164
a058_2,ronin,unseen,97940,22.11430549621582,21.739471435546875
a058_2,ronin,unseen,97960,22.051349639892578,21.630859375
a058_2,ronin,unseen,97980,21.982755661010742,21.553451538085938
a058_2,ronin,unseen,98000,21.93155288696289,21.476375579833984
a058_2,ronin,unseen,98020,21.87532615661621,21.39682388305664
a058_2,ronin,unseen,98040,21.804615020751953,21.305042266845703
a058_2,ronin,unseen,98060,21.71731948852539,21.20462417602539
a058_2,ronin,unseen,98080,21.64178466796875,21.1123104095459
a058_2,ronin,unseen,98100,21.577486038208008,21.028337478637695
a058_2,ronin,unseen,98120,21.51844596862793,20.956024169921875
a058_2,ronin,unseen,98140,21.46316909790039,20.88565444946289
a058_2,ronin,unseen,98160,21.407567977905273,20.804155349731445
a058_2,ronin,unseen,98180,21.35158348083496,20.70354461669922
a058_2,ronin,unseen,98200,21.288719177246094,20.593830108642578
a058_2,ronin,unseen,98220,21.21571922302246,20.524213790893555
a058_2,ronin,unseen,98240,21.165924072265625,20.452489852905273
a058_2,ronin,unseen,98260,21.116519927978516,20.367143630981445
a058_2,ronin,unseen,98280,21.0573673248291,20.276227951049805
a058_2,ronin,unseen,98300,20.987144470214844,20.17737579345703
a058_2,ronin,unseen,98320,20.92020034790039,20.077661514282227
a058_2,ronin,unseen,98340,20.864072799682617,19.989173889160156
a058_2,ronin,unseen,98360,20.813934326171875,19.908390045166016
a058_2,ronin,unseen,98380,20.766517639160156,19.82489585876465
a058_2,ronin,unseen,98400,20.718994140625,19.73418617248535
a058_2,ronin,unseen,98420,20.674283981323242,19.627826690673828
a058_2,ronin,unseen,98440,20.62929916381836,19.5101261138916
a058_2,ronin,unseen,98460,20.57440948486328,19.41849708557129
a058_2,ronin,unseen,98480,20.532512664794922,19.340959548950195
a058_2,ronin,unseen,98500,20.493900299072266,19.25153350830078
a058_2,ronin,unseen,98520,20.447166442871094,19.15151596069336
a058_2,ronin,unseen,98540,20.387269973754883,19.041553497314453
a058_2,ronin,unseen,98560,20.325159072875977,18.935609817504883
a058_2,ronin,unseen,98580,20.28237533569336,18.844091415405273
a058_2,ronin,unseen,98600,20.239891052246094,18.75133514404297
a058_2,ronin,unseen,98620,20.200571060180664,18.669902801513672
a058_2,ronin,unseen,98640,20.159313201904297,18.574556350708008
a058_2,ronin,unseen,98660,20.124256134033203,18.46727752685547
a058_2,ronin,unseen,98680,20.07699203491211,18.336849212646484
a058_2,ronin,unseen,98700,20.0235652923584,18.232685089111328
a058_2,ronin,unseen,98720,19.962844848632812,18.158348083496094
a058_2,ronin,unseen,98740,19.915756225585938,18.070241928100586
a058_2,ronin,unseen,98760,19.855680465698242,17.974510192871094
a058_2,ronin,unseen,98780,19.783893585205078,17.876140594482422
a058_2,ronin,unseen,98800,19.701295852661133,17.769432067871094
a058_2,ronin,unseen,98820,19.63245391845703,17.682418823242188
a058_2,ronin,unseen,98840,19.574974060058594,17.60301971435547
a058_2,ronin,unseen,98860,19.51409339904785,17.520524978637695
a058_2,ronin,unseen,98880,19.450763702392578,17.434133529663086
a058_2,ronin,unseen,98900,19.38808250427246,17.337987899780273
a058_2,ronin,unseen,98920,19.318601608276367,17.230634689331055
a058_2,ronin,unseen,98940,19.24613380432129,17.15334129333496
a058_2,ronin,unseen,98960,19.190277099609375,17.080602645874023
a058_2,ronin,unseen,98980,19.137264251708984,17.00267791748047
a058_2,ronin,unseen,99000,19.07560920715332,16.921024322509766
a058_2,ronin,unseen,99020,18.99647331237793,16.830135345458984
a058_2,ronin,unseen,99040,18.909839630126953,16.734195709228516
a058_2,ronin,unseen,99060,18.84035301208496,16.65335464477539
a058_2,ronin,unseen,99080,18.7788028717041,16.579824447631836
a058_2,ronin,unseen,99100,18.71693229675293,16.498886108398438
a058_2,ronin,unseen,99120,18.65531349182129,16.408565521240234
a058_2,ronin,unseen,99140,18.58917808532715,16.303346633911133
a058_2,ronin,unseen,99160,18.520694732666016,16.19241714477539
a058_2,ronin,unseen,99180,18.456804275512695,16.099180221557617
a058_2,ronin,unseen,99200,18.39841651916504,16.011545181274414
a058_2,ronin,unseen,99220,18.33907699584961,15.922745704650879
a058_2,ronin,unseen,99240,18.274330139160156,15.828607559204102
a058_2,ronin,unseen,99260,18.199520111083984,15.717530250549316
a058_2,ronin,unseen,99280,18.126094818115234,15.609872817993164
a058_2,ronin,unseen,99300,18.071073532104492,15.512001037597656
a058_2,ronin,unseen,99320,18.02143669128418,15.41930866241455
a058_2,ronin,unseen,99340,17.964916229248047,15.323654174804688
a058_2,ronin,unseen,99360,17.911378860473633,15.2251615524292
a058_2,ronin,unseen,99380,17.857797622680664,15.115209579467773
a058_2,ronin,unseen,99400,17.808258056640625,15.004631996154785
a058_2,ronin,unseen,99420,17.760175704956055,14.917563438415527
a058_2,ronin,unseen,99440,17.71230125427246,14.832396507263184
a058_2,ronin,unseen,99460,17.655487060546875,14.744462013244629
a058_2,ronin,unseen,99480,17.58557891845703,14.655023574829102
a058_2,ronin,unseen,99500,17.499231338500977,14.560906410217285
a058_2,ronin,unseen,99520,17.4175968170166,14.464351654052734
a058_2,ronin,unseen,99540,17.351377487182617,14.380966186523438
a058_2,ronin,unseen,99560,17.28175926208496,14.29995346069336
a058_2,ronin,unseen,99580,17.208688735961914,14.219864845275879
a058_2,ronin,unseen,99600,17.137462615966797,14.138383865356445
a058_2,ronin,unseen,99620,17.06237030029297,14.038698196411133
a058_2,ronin,unseen,99640,16.98253059387207,13.938884735107422
a058_2,ronin,unseen,99660,16.903541564941406,13.871861457824707
a058_2,ronin,unseen,99680,16.83679962158203,13.801685333251953
a058_2,ronin,unseen,99700,16.7652645111084,13.72783088684082
a058_2,ronin,unseen,99720,16.681236267089844,13.651769638061523
a058_2,ronin,unseen,99740,16.57786750793457,13.573263168334961
a058_2,ronin,unseen,99760,16.475494384765625,13.50025749206543
a058_2,ronin,unseen,99780,16.387672424316406,13.44217586517334
a058_2,ronin,unseen,99800,16.302305221557617,13.391010284423828
a058_2,ronin,unseen,99820,16.217655181884766,13.344941139221191
a058_2,ronin,unseen,99840,16.12582778930664,13.291889190673828
a058_2,ronin,unseen,99860,16.031091690063477,13.224554061889648
a058_2,ronin,unseen,99880,15.922499656677246,13.150524139404297
a058_2,ronin,unseen,99900,15.822647094726562,13.116164207458496
a058_2,ronin,unseen,99920,15.738362312316895,13.08485221862793
a058_2,ronin,unseen,99940,15.642406463623047,13.045896530151367
a058_2,ronin,unseen,99960,15.535623550415039,13.010892868041992
a058_2,ronin,unseen,99980,15.41304874420166,12.981124877929688
a058_2,ronin,unseen,100000,15.291494369506836,12.95232105255127
a058_2,ronin,unseen,100020,15.19302749633789,12.926273345947266
a058_2,ronin,unseen,100040,15.098917007446289,12.900127410888672
a058_2,ronin,unseen,100060,15.004067420959473,12.875324249267578
a058_2,ronin,unseen,100080,14.901992797851562,12.848663330078125
a058_2,ronin,unseen,100100,14.790608406066895,12.812209129333496
a058_2,ronin,unseen,100120,14.674126625061035,12.773874282836914
a058_2,ronin,unseen,100140,14.579357147216797,12.750649452209473
a058_2,ronin,unseen,100160,14.489945411682129,12.718356132507324
a058_2,ronin,unseen,100180,14.393586158752441,12.68432331085205
a058_2,ronin,unseen,100200,14.28846263885498,12.65289306640625
a058_2,ronin,unseen,100220,14.169038772583008,12.62524127960205
a058_2,ronin,unseen,100240,14.048531532287598,12.595927238464355
a058_2,ronin,unseen,100260,13.951787948608398,12.5624418258667
a058_2,ronin,unseen,100280,13.860223770141602,12.526065826416016
a058_2,ronin,unseen,100300,13.767635345458984,12.489632606506348
a058_2,ronin,unseen,100320,13.669414520263672,12.446213722229004
a058_2,ronin,unseen,100340,13.560452461242676,12.385756492614746
a058_2,ronin,unseen,100360,13.452939987182617,12.322668075561523
a058_2,ronin,unseen,100380,13.364751815795898,12.27847671508789
a058_2,ronin,unseen,100400,13.282464027404785,12.229894638061523
a058_2,ronin,unseen,100420,13.192502975463867,12.17888069152832
a058_2,ronin,unseen,100440,13.092469215393066,12.130699157714844
a058_2,ronin,unseen,100460,12.977368354797363,12.078628540039062
a058_2,ronin,unseen,100480,12.865615844726562,12.020018577575684
a058_2,ronin,unseen,100500,12.774642944335938,11.960419654846191
a058_2,ronin,unseen,100520,12.694958686828613,11.903753280639648
a058_2,ronin,unseen,100540,12.61668872833252,11.844099998474121
a058_2,ronin,unseen,100560,12.53589916229248,11.774835586547852
a058_2,ronin,unseen,100580,12.449456214904785,11.688899040222168
a058_2,ronin,unseen,100600,12.35875129699707,11.591914176940918
a058_2,ronin,unseen,100620,12.28464412689209,11.516234397888184
a058_2,ronin,unseen,100640,12.215386390686035,11.44461727142334
a058_2,ronin,unseen,100660,12.14522647857666,11.372326850891113
a058_2,ronin,unseen,100680,12.064096450805664,11.293172836303711
a058_2,ronin,unseen,100700,11.96882152557373,11.21115493774414
a058_2,ronin,unseen,100720,11.860822677612305,11.124485969543457
a058_2,ronin,unseen,100740,11.777839660644531,11.050603866577148
a058_2,ronin,unseen,100760,11.702316284179688,10.979137420654297
a058_2,ronin,unseen,100780,11.630565643310547,10.910772323608398
a058_2,ronin,unseen,100800,11.557073593139648,10.837430953979492
a058_2,ronin,unseen,100820,11.480960845947266,10.748006820678711
a058_2,ronin,unseen,100840,11.399587631225586,10.645012855529785
a058_2,ronin,unseen,100860,11.32723331451416,10.561860084533691
a058_2,ronin,unseen,100880,11.258543968200684,10.493491172790527
a058_2,ronin,unseen,100900,11.189288139343262,10.420719146728516
a058_2,ronin,unseen,100920,11.11226749420166,10.3469877243042
a058_2,ronin,unseen,100940,11.023839950561523,10.269536972045898
a058_2,ronin,unseen,100960,10.92581558227539,10.18659496307373
a058_2,ronin,unseen,100980,10.840288162231445,10.110489845275879
a058_2,ronin,unseen,101000,10.767114639282227,10.044135093688965
a058_2,ronin,unseen,101020,10.696749687194824,9.979813575744629
a058_2,ronin,unseen,101040,10.625282287597656,9.91296100616455
a058_2,ronin,unseen,101060,10.550350189208984,9.834198951721191
a058_2,ronin,unseen,101080,10.471202850341797,9.741872787475586
a058_2,ronin,unseen,101100,10.393654823303223,9.652902603149414
a058_2,ronin,unseen,101120,10.322996139526367,9.586594581604004
a058_2,ronin,unseen,101140,10.25218391418457,9.515252113342285
a058_2,ronin,unseen,101160,10.171599388122559,9.441845893859863
a058_2,ronin,unseen,101180,10.08117961883545,9.368451118469238
a058_2,ronin,unseen,101200,9.978010177612305,9.291858673095703
a058_2,ronin,unseen,101220,9.873873710632324,9.21183967590332
a058_2,ronin,unseen,101240,9.78995132446289,9.144290924072266
a058_2,ronin,unseen,101260,9.71164321899414,9.076940536499023
a058_2,ronin,unseen,101280,9.632445335388184,9.00845718383789
a058_2,ronin,unseen,101300,9.554604530334473,8.9359712600708
a058_2,ronin,unseen,101320,9.476895332336426,8.85049819946289
a058_2,ronin,unseen,101340,9.395212173461914,8.759174346923828
a058_2,ronin,unseen,101360,9.319188117980957,8.689647674560547
a058_2,ronin,unseen,101380,9.25158405303955,8.627218246459961
a058_2,ronin,unseen,101400,9.17694091796875,8.560037612915039
a058_2,ronin,unseen,101420,9.093461990356445,8.491707801818848
a058_2,ronin,unseen,101440,9.002021789550781,8.422714233398438
a058_2,ronin,unseen,101460,8.9054536819458,8.352505683898926
a058_2,ronin,unseen,101480,8.823491096496582,8.291657447814941
a058_2,ronin,unseen,101500,8.744236946105957,8.233492851257324
a058_2,ronin,unseen,101520,8.661203384399414,8.174233436584473
a058_2,ronin,unseen,101540,8.57827091217041,8.11449909210205
a058_2,ronin,unseen,101560,8.494034767150879,8.045506477355957
a058_2,ronin,unseen,101580,8.402119636535645,7.9658331871032715
a058_2,ronin,unseen,101600,8.315670013427734,7.9008564949035645
a058_2,ronin,unseen,101620,8.238954544067383,7.847098350524902
a058_2,ronin,unseen,101640,8.152297973632812,7.783071517944336
a058_2,ronin,unseen,101660,8.063008308410645,7.724023818969727
a058_2,ronin,unseen,101680,7.963228225708008,7.66531229019165
a058_2,ronin,unseen,101700,7.853132724761963,7.604731559753418
a058_2,ronin,unseen,101720,7.756782054901123,7.548009872436523
a058_2,ronin,unseen,101740,7.669532299041748,7.493460178375244
a058_2,ronin,unseen,101760,7.583870887756348,7.439765453338623
a058_2,ronin,unseen,101780,7.490778923034668,7.380020618438721
a058_2,ronin,unseen,101800,7.3947434425354,7.311750888824463
a058_2,ronin,unseen,101820,7.292062759399414,7.232344627380371
a058_2,ronin,unseen,101840,7.192664623260498,7.163480281829834
a058_2,ronin,unseen,101860,7.099909782409668,7.114019870758057
a058_2,ronin,unseen,101880,7.008950710296631,7.05476188659668
a058_2,ronin,unseen,101900,6.917810440063477,6.9992570877075195
a058_2,ronin,unseen,101920,6.8124284744262695,6.941625595092773
a058_2,ronin,unseen,101940,6.695235252380371,6.885715961456299
a058_2,ronin,unseen,101960,6.592300891876221,6.835606575012207
a058_2,ronin,unseen,101980,6.503354072570801,6.795781135559082
a058_2,ronin,unseen,102000,6.415624618530273,6.759842395782471
a058_2,ronin,unseen,102020,6.332487106323242,6.725642681121826
a058_2,ronin,unseen,102040,6.241585731506348,6.682565689086914
a058_2,ronin,unseen,102060,6.148850440979004,6.631267547607422
a058_2,ronin,unseen,102080,6.049266815185547,6.58498477935791
a058_2,ronin,unseen,102100,5.960147380828857,6.554879665374756
a058_2,ronin,unseen,102120,5.873186111450195,6.515539169311523
a058_2,ronin,unseen,102140,5.785890579223633,6.479238986968994
a058_2,ronin,unseen,102160,5.688020706176758,6.445769309997559
a058_2,ronin,unseen,102180,5.583975315093994,6.417849063873291
a058_2,ronin,unseen,102200,5.477041244506836,6.389939308166504
a058_2,ronin,unseen,102220,5.385867595672607,6.362453937530518
a058_2,ronin,unseen,102240,5.303159713745117,6.333461761474609
a058_2,ronin,unseen,102260,5.20799446105957,6.298618793487549
a058_2,ronin,unseen,102280,5.108909606933594,6.263000965118408
a058_2,ronin,unseen,102300,5.007970333099365,6.221484184265137
a058_2,ronin,unseen,102320,4.904595375061035,6.179036617279053
a058_2,ronin,unseen,102340,4.810113906860352,6.156379222869873
a058_2,ronin,unseen,102360,4.723020076751709,6.128819465637207
a058_2,ronin,unseen,102380,4.625181198120117,6.10488748550415
a058_2,ronin,unseen,102400,4.52171516418457,6.092334747314453
a058_2,ronin,unseen,102420,4.407784938812256,6.085474014282227
a058_2,ronin,unseen,102440,4.292724132537842,6.082824230194092
a058_2,ronin,unseen,102460,4.195871829986572,6.088140964508057
a058_2,ronin,unseen,102480,4.1074700355529785,6.097248554229736
a058_2,ronin,unseen,102500,4.0178985595703125,6.111759662628174
a058_2,ronin,unseen,102520,3.9220104217529297,6.125187397003174
a058_2,ronin,unseen,102540,3.8081369400024414,6.129379749298096
a058_2,ronin,unseen,102560,3.6826553344726562,6.1374831199646
a058_2,ronin,unseen,102580,3.582458972930908,6.14271879196167
a058_2,ronin,unseen,102600,3.4893388748168945,6.144122123718262
a058_2,ronin,unseen,102620,3.3929572105407715,6.16557502746582
a058_2,ronin,unseen,102640,3.3001697063446045,6.193657875061035
a058_2,ronin,unseen,102660,3.2114341259002686,6.229855537414551
a058_2,ronin,unseen,102680,3.1032679080963135,6.277792930603027
a058_2,ronin,unseen,102700,3.016458511352539,6.316736221313477
a058_2,ronin,unseen,102720,2.9383559226989746,6.354812145233154
a058_2,ronin,unseen,102740,2.8662455081939697,6.3930439949035645
a058_2,ronin,unseen,102760,2.783590078353882,6.435328006744385
a058_2,ronin,unseen,102780,2.6848933696746826,6.47994327545166
a058_2,ronin,unseen,102800,2.5844180583953857,6.523836135864258
a058_2,ronin,unseen,102820,2.495687961578369,6.5657877922058105
a058_2,ronin,unseen,102840,2.4192752838134766,6.599409103393555
a058_2,ronin,unseen,102860,2.346299409866333,6.640267372131348
a058_2,ronin,unseen,102880,2.273785352706909,6.686079025268555
a058_2,ronin,unseen,102900,2.1997110843658447,6.741146564483643
a058_2,ronin,unseen,102920,2.123896360397339,6.804033279418945
a058_2,ronin,unseen,102940,2.0510213375091553,6.858725547790527
a058_2,ronin,unseen,102960,1.9859288930892944,6.905111312866211
a058_2,ronin,unseen,102980,1.9204477071762085,6.950407028198242
a058_2,ronin,unseen,103000,1.8389803171157837,7.002541542053223
a058_2,ronin,unseen,103020,1.7451565265655518,7.0524187088012695
a058_2,ronin,unseen,103040,1.6376842260360718,7.096985340118408
a058_2,ronin,unseen,103060,1.5425965785980225,7.13641881942749
a058_2,ronin,unseen,103080,1.464056134223938,7.166299819946289
a058_2,ronin,unseen,103100,1.3826655149459839,7.2064666748046875
a058_2,ronin,unseen,103120,1.2981092929840088,7.253717422485352
a058_2,ronin,unseen,103140,1.2146050930023193,7.309546947479248
a058_2,ronin,unseen,103160,1.1241799592971802,7.378589630126953
a058_2,ronin,unseen,103180,1.0242072343826294,7.448011875152588
a058_2,ronin,unseen,103200,0.9407859444618225,7.502866744995117
a058_2,ronin,unseen,103220,0.8585875034332275,7.554182052612305
a058_2,ronin,unseen,103240,0.7784503102302551,7.603302955627441
a058_2,ronin,unseen,103260,0.6842170357704163,7.656337261199951
a058_2,ronin,unseen,103280,0.5776013135910034,7.7065534591674805
a058_2,ronin,unseen,103300,0.46991878747940063,7.756333827972412
a058_2,ronin,unseen,103320,0.38929134607315063,7.793381690979004
a058_2,ronin,unseen,103340,0.3065698742866516,7.837557792663574
a058_2,ronin,unseen,103360,0.21775048971176147,7.887746810913086
a058_2,ronin,unseen,103380,0.1255619376897812,7.948765754699707
a058_2,ronin,unseen,103400,0.036587223410606384,8.019895553588867
a058_2,ronin,unseen,103420,-0.06267854571342468,8.105457305908203
a058_2,ronin,unseen,103440,-0.14940425753593445,8.176342964172363
a058_2,ronin,unseen,103460,-0.23755666613578796,8.241124153137207
a058_2,ronin,unseen,103480,-0.32612860202789307,8.306513786315918
a058_2,ronin,unseen,103500,-0.4212145209312439,8.374462127685547
a058_2,ronin,unseen,103520,-0.5318330526351929,8.440669059753418
a058_2,ronin,unseen,103540,-0.658687174320221,8.509801864624023
a058_2,ronin,unseen,103560,-0.7646676898002625,8.568889617919922
a058_2,ronin,unseen,103580,-0.8476205468177795,8.622110366821289
a058_2,ronin,unseen,103600,-0.9331569671630859,8.680179595947266
a058_2,ronin,unseen,103620,-1.0220423936843872,8.744422912597656
a058_2,ronin,unseen,103640,-1.1111516952514648,8.817431449890137
a058_2,ronin,unseen,103660,-1.2026704549789429,8.89969539642334
a058_2,ronin,unseen,103680,-1.2961632013320923,8.977935791015625
a058_2,ronin,unseen,103700,-1.3798415660858154,9.042096138000488
a058_2,ronin,unseen,103720,-1.4601777791976929,9.103612899780273
a058_2,ronin,unseen,103740,-1.5432753562927246,9.165999412536621
a058_2,ronin,unseen,103760,-1.63612699508667,9.22807788848877
a058_2,ronin,unseen,103780,-1.74210786819458,9.287598609924316
a058_2,ronin,unseen,103800,-1.8392143249511719,9.343222618103027
a058_2,ronin,unseen,103820,-1.9168344736099243,9.386293411254883
a058_2,ronin,unseen,103840,-1.9941881895065308,9.434507369995117
a058_2,ronin,unseen,103860,-2.0737979412078857,9.487181663513184
a058_2,ronin,unseen,103880,-2.1571428775787354,9.548813819885254
a058_2,ronin,unseen,103900,-2.2435078620910645,9.617344856262207
a058_2,ronin,unseen,103920,-2.3439414501190186,9.683587074279785
a058_2,ronin,unseen,103940,-2.4249730110168457,9.739739418029785
a058_2,ronin,unseen,103960,-2.499253988265991,9.796189308166504
a058_2,ronin,unseen,103980,-2.5766026973724365,9.8526611328125
a058_2,ronin,unseen,104000,-2.668595552444458,9.908719062805176
a058_2,ronin,unseen,104020,-2.7672460079193115,9.963035583496094
a058_2,ronin,unseen,104040,-2.867889642715454,10.020455360412598
a058_2,ronin,unseen,104060,-2.9496779441833496,10.068623542785645
a058_2,ronin,unseen,104080,-3.03283429145813,10.112832069396973
a058_2,ronin,unseen,104100,-3.117149829864502,10.158802032470703
a058_2,ronin,unseen,104120,-3.205763101577759,10.209549903869629
a058_2,ronin,unseen,104140,-3.3017890453338623,10.268804550170898
a058_2,ronin,unseen,104160,-3.4073479175567627,10.331649780273438
a058_2,ronin,unseen,104180,-3.502333879470825,10.38524341583252
a058_2,ronin,unseen,104200,-3.5911905765533447,10.432299613952637
a058_2,ronin,unseen,104220,-3.6797361373901367,10.481549263000488
a058_2,ronin,unseen,104240,-3.7790887355804443,10.534225463867188
a058_2,ronin,unseen,104260,-3.886349678039551,10.583477020263672
a058_2,ronin,unseen,104280,-4.0036091804504395,10.634081840515137
a058_2,ronin,unseen,104300,-4.101101398468018,10.683527946472168
a058_2,ronin,unseen,104320,-4.187699317932129,10.732439041137695
a058_2,ronin,unseen,104340,-4.275493144989014,10.787132263183594
a058_2,ronin,unseen,104360,-4.365320205688477,10.849344253540039
a058_2,ronin,unseen,104380,-4.458158493041992,10.919849395751953
a058_2,ronin,unseen,104400,-4.5575761795043945,10.999011993408203
a058_2,ronin,unseen,104420,-4.645208358764648,11.068853378295898
a058_2,ronin,unseen,104440,-4.731081962585449,11.129727363586426
a058_2,ronin,unseen,104460,-4.816320896148682,11.187414169311523
a058_2,ronin,unseen,104480,-4.906303405761719,11.247235298156738
a058_2,ronin,unseen,104500,-5.006885051727295,11.305915832519531
a058_2,ronin,unseen,104520,-5.116835117340088,11.364790916442871
a058_2,ronin,unseen,104540,-5.207002639770508,11.41775894165039
a058_2,ronin,unseen,104560,-5.287064075469971,11.470337867736816
a058_2,ronin,unseen,104580,-5.367647647857666,11.525352478027344
a058_2,ronin,unseen,104600,-5.453218936920166,11.588435173034668
a058_2,ronin,unseen,104620,-5.5395965576171875,11.663134574890137
a058_2,ronin,unseen,104640,-5.632701396942139,11.74333667755127
a058_2,ronin,unseen,104660,-5.713839054107666,11.812263488769531
a058_2,ronin,unseen,104680,-5.794118404388428,11.874486923217773
a058_2,ronin,unseen,104700,-5.878042697906494,11.933564186096191
a058_2,ronin,unseen,104720,-5.968896865844727,11.991750717163086
a058_2,ronin,unseen,104740,-6.07667350769043,12.0486421585083
a058_2,ronin,unseen,104760,-6.188522815704346,12.10470199584961
a058_2,ronin,unseen,104780,-6.277154922485352,12.161581993103027
a058_2,ronin,unseen,104800,-6.356260776519775,12.216001510620117
a058_2,ronin,unseen,104820,-6.438374996185303,12.27922248840332
a058_2,ronin,unseen,104840,-6.521721839904785,12.354471206665039
a058_2,ronin,unseen,104860,-6.610731601715088,12.440865516662598
a058_2,ronin,unseen,104880,-6.706770420074463,12.539055824279785
a058_2,ronin,unseen,104900,-6.786303997039795,12.61398696899414
a058_2,ronin,unseen,104920,-6.87289571762085,12.683344841003418
a058_2,ronin,unseen,104940,-6.961743354797363,12.74702262878418
a058_2,ronin,unseen,104960,-7.052070617675781,12.80578899383545
a058_2,ronin,unseen,104980,-7.159001350402832,12.865130424499512
a058_2,ronin,unseen,105000,-7.283312797546387,12.924206733703613
a058_2,ronin,unseen,105020,-7.383408546447754,12.976713180541992
a058_2,ronin,unseen,105040,-7.476958751678467,13.02721118927002
a058_2,ronin,unseen,105060,-7.565375328063965,13.079373359680176
a058_2,ronin,unseen,105080,-7.660418510437012,13.140134811401367
a058_2,ronin,unseen,105100,-7.759788990020752,13.209371566772461
a058_2,ronin,unseen,105120,-7.86359167098999,13.28519344329834
a058_2,ronin,unseen,105140,-7.9477338790893555,13.346141815185547
a058_2,ronin,unseen,105160,-8.0319242477417,13.406682014465332
a058_2,ronin,unseen,105180,-8.111136436462402,13.466073036193848
a058_2,ronin,unseen,105200,-8.194478988647461,13.528827667236328
a058_2,ronin,unseen,105220,-8.292024612426758,13.593881607055664
a058_2,ronin,unseen,105240,-8.404807090759277,13.663973808288574
a058_2,ronin,unseen,105260,-8.483758926391602,13.721918106079102
a058_2,ronin,unseen,105280,-8.554587364196777,13.779081344604492
a058_2,ronin,unseen,105300,-8.61994743347168,13.840317726135254
a058_2,ronin,unseen,105320,-8.67824649810791,13.912324905395508
a058_2,ronin,unseen,105340,-8.734785079956055,14.001458168029785
a058_2,ronin,unseen,105360,-8.794524192810059,14.101466178894043
a058_2,ronin,unseen,105380,-8.843629837036133,14.191178321838379
a058_2,ronin,unseen,105400,-8.886590003967285,14.272456169128418
a058_2,ronin,unseen,105420,-8.93046760559082,14.350240707397461
a058_2,ronin,unseen,105440,-8.970724105834961,14.433050155639648
a058_2,ronin,unseen,105460,-9.020697593688965,14.522642135620117
a058_2,ronin,unseen,105480,-9.086406707763672,14.619763374328613
a058_2,ronin,unseen,105500,-9.13729190826416,14.710260391235352
a058_2,ronin,unseen,105520,-9.17605209350586,14.787585258483887
a058_2,ronin,unseen,105540,-9.220342636108398,14.86605453491211
a058_2,ronin,unseen,105560,-9.265417098999023,14.946690559387207
a058_2,ronin,unseen,105580,-9.316003799438477,15.038714408874512
a058_2,ronin,unseen,105600,-9.36069107055664,15.138957977294922
a058_2,ronin,unseen,105620,-9.405885696411133,15.234419822692871
a058_2,ronin,unseen,105640,-9.452740669250488,15.313421249389648
a058_2,ronin,unseen,105660,-9.503026008605957,15.384856224060059
a058_2,ronin,unseen,105680,-9.56171989440918,15.455282211303711
a058_2,ronin,unseen,105700,-9.632001876831055,15.526192665100098
a058_2,ronin,unseen,105720,-9.717545509338379,15.592763900756836
a058_2,ronin,unseen,105740,-9.804323196411133,15.650978088378906
a058_2,ronin,unseen,105760,-9.880064010620117,15.700634956359863
a058_2,ronin,unseen,105780,-9.962174415588379,15.740701675415039
a058_2,ronin,unseen,105800,-10.050803184509277,15.776089668273926
a058_2,ronin,unseen,105820,-10.151606559753418,15.810707092285156
a058_2,ronin,unseen,105840,-10.24891471862793,15.850318908691406
a058_2,ronin,unseen,105860,-10.362651824951172,15.879438400268555
a058_2,ronin,unseen,105880,-10.468489646911621,15.891595840454102
a058_2,ronin,unseen,105900,-10.564366340637207,15.899965286254883
a058_2,ronin,unseen,105920,-10.660332679748535,15.900798797607422
a058_2,ronin,unseen,105940,-10.759016036987305,15.895356178283691
a058_2,ronin,unseen,105960,-10.8668851852417,15.881205558776855
a058_2,ronin,unseen,105980,-10.981154441833496,15.854482650756836
a058_2,ronin,unseen,106000,-11.083340644836426,15.827698707580566
a058_2,ronin,unseen,106020,-11.175415992736816,15.802095413208008
a058_2,ronin,unseen,106040,-11.26999568939209,15.772038459777832
a058_2,ronin,unseen,106060,-11.373720169067383,15.7386474609375
a058_2,ronin,unseen,106080,-11.485275268554688,15.704497337341309
a058_2,ronin,unseen,106100,-11.60522174835205,15.670339584350586
a058_2,ronin,unseen,106120,-11.708822250366211,15.629948616027832
a058_2,ronin,unseen,106140,-11.797442436218262,15.581123352050781
a058_2,ronin,unseen,106160,-11.879240036010742,15.52302360534668
a058_2,ronin,unseen,106180,-11.958905220031738,15.458146095275879
a058_2,ronin,unseen,106200,-12.034915924072266,15.383460998535156
a058_2,ronin,unseen,106220,-12.109892845153809,15.292543411254883
a058_2,ronin,unseen,106240,-12.181839942932129,15.20205020904541
a058_2,ronin,unseen,106260,-12.247836112976074,15.12640380859375
a058_2,ronin,unseen,106280,-12.31403636932373,15.043771743774414
a058_2,ronin,unseen,106300,-12.386449813842773,14.965460777282715
a058_2,ronin,unseen,106320,-12.466367721557617,14.891925811767578
a058_2,ronin,unseen,106340,-12.55485725402832,14.811359405517578
a058_2,ronin,unseen,106360,-12.638017654418945,14.726442337036133
a058_2,ronin,unseen,106380,-12.706345558166504,14.648543357849121
a058_2,ronin,unseen,106400,-12.773930549621582,14.57347297668457
a058_2,ronin,unseen,106420,-12.843246459960938,14.496615409851074
a058_2,ronin,unseen,106440,-12.912528991699219,14.410298347473145
a058_2,ronin,unseen,106460,-12.974875450134277,14.311535835266113
a058_2,ronin,unseen,106480,-13.036153793334961,14.214997291564941
a058_2,ronin,unseen,106500,-13.096844673156738,14.142362594604492
a058_2,ronin,unseen,106520,-13.152588844299316,14.06662368774414
a058_2,ronin,unseen,106540,-13.215737342834473,13.986916542053223
a058_2,ronin,unseen,106560,-13.288871765136719,13.905427932739258
a058_2,ronin,unseen,106580,-13.366046905517578,13.826939582824707
a058_2,ronin,unseen,106600,-13.439752578735352,13.749666213989258
a058_2,ronin,unseen,106620,-13.503815650939941,13.675800323486328
a058_2,ronin,unseen,106640,-13.569911003112793,13.59145450592041
a058_2,ronin,unseen,106660,-13.633302688598633,13.50424861907959
a058_2,ronin,unseen,106680,-13.696429252624512,13.403963088989258
a058_2,ronin,unseen,106700,-13.750648498535156,13.302722930908203
a058_2,ronin,unseen,106720,-13.805856704711914,13.198464393615723
a058_2,ronin,unseen,106740,-13.859542846679688,13.119178771972656
a058_2,ronin,unseen,106760,-13.912657737731934,13.025140762329102
a058_2,ronin,unseen,106780,-13.967090606689453,12.934682846069336
a058_2,ronin,unseen,106800,-14.033808708190918,12.840778350830078
a058_2,ronin,unseen,106820,-14.105853080749512,12.750509262084961
a058_2,ronin,unseen,106840,-14.175517082214355,12.65261173248291
a058_2,ronin,unseen,106860,-14.236288070678711,12.56176471710205
a058_2,ronin,unseen,106880,-14.29941463470459,12.466936111450195
a058_2,ronin,unseen,106900,-14.365968704223633,12.367637634277344
a058_2,ronin,unseen,106920,-14.424637794494629,12.268598556518555
a058_2,ronin,unseen,106940,-14.475518226623535,12.165288925170898
a058_2,ronin,unseen,106960,-14.526939392089844,12.060098648071289
a058_2,ronin,unseen,106980,-14.57940673828125,11.97484302520752
a058_2,ronin,unseen,107000,-14.626152038574219,11.892976760864258
a058_2,ronin,unseen,107020,-14.68013858795166,11.806462287902832
a058_2,ronin,unseen,107040,-14.743630409240723,11.714001655578613
a058_2,ronin,unseen,107060,-14.810324668884277,11.623434066772461
a058_2,ronin,unseen,107080,-14.869390487670898,11.538115501403809
a058_2,ronin,unseen,107100,-14.92020034790039,11.463929176330566
a058_2,ronin,unseen,107120,-14.981839179992676,11.380388259887695
a058_2,ronin,unseen,107140,-15.038383483886719,11.300040245056152
a058_2,ronin,unseen,107160,-15.09003734588623,11.21077823638916
a058_2,ronin,unseen,107180,-15.138762474060059,11.11139965057373
a058_2,ronin,unseen,107200,-15.18762493133545,11.016966819763184
a058_2,ronin,unseen,107220,-15.240850448608398,10.944506645202637
a058_2,ronin,unseen,107240,-15.288980484008789,10.867911338806152
a058_2,ronin,unseen,107260,-15.345914840698242,10.78586483001709
a058_2,ronin,unseen,107280,-15.413556098937988,10.702411651611328
a058_2,ronin,unseen,107300,-15.480918884277344,10.623785018920898
a058_2,ronin,unseen,107320,-15.545546531677246,10.545287132263184
a058_2,ronin,unseen,107340,-15.597723007202148,10.473407745361328
a058_2,ronin,unseen,107360,-15.65424633026123,10.395084381103516
a058_2,ronin,unseen,107380,-15.712409973144531,10.3123197555542
a058_2,ronin,unseen,107400,-15.762899398803711,10.230008125305176
a058_2,ronin,unseen,107420,-15.80913257598877,10.135360717773438
a058_2,ronin,unseen,107440,-15.854656219482422,10.045544624328613
a058_2,ronin,unseen,107460,-15.908245086669922,9.976188659667969
a058_2,ronin,unseen,107480,-15.955952644348145,9.898605346679688
a058_2,ronin,unseen,107500,-16.01133155822754,9.817498207092285
a058_2,ronin,unseen,107520,-16.07463836669922,9.73315143585205
a058_2,ronin,unseen,107540,-16.147613525390625,9.646749496459961
a058_2,ronin,unseen,107560,-16.215124130249023,9.562956809997559
a058_2,ronin,unseen,107580,-16.275249481201172,9.482983589172363
a058_2,ronin,unseen,107600,-16.334455490112305,9.397099494934082
a058_2,ronin,unseen,107620,-16.392549514770508,9.307498931884766
a058_2,ronin,unseen,107640,-16.451976776123047,9.20322322845459
a058_2,ronin,unseen,107660,-16.506969451904297,9.09572982788086
a058_2,ronin,unseen,107680,-16.562400817871094,8.995566368103027
a058_2,ronin,unseen,107700,-16.626174926757812,8.919963836669922
a058_2,ronin,unseen,107720,-16.680965423583984,8.83515739440918
a058_2,ronin,unseen,107740,-16.741262435913086,8.748841285705566
a058_2,ronin,unseen,107760,-16.81247329711914,8.659557342529297
a058_2,ronin,unseen,107780,-16.88786506652832,8.574326515197754
a058_2,ronin,unseen,107800,-16.960521697998047,8.49010944366455
a058_2,ronin,unseen,107820,-17.02593994140625,8.415935516357422
a058_2,ronin,unseen,107840,-17.08951187133789,8.338909149169922
a058_2,ronin,unseen,107860,-17.155378341674805,8.256766319274902
a058_2,ronin,unseen,107880,-17.21967315673828,8.17602825164795
a058_2,ronin,unseen,107900,-17.279993057250977,8.082189559936523
a058_2,ronin,unseen,107920,-17.344322204589844,7.98258113861084
a058_2,ronin,unseen,107940,-17.412395477294922,7.908205986022949
a058_2,ronin,unseen,107960,-17.475343704223633,7.835554122924805
a058_2,ronin,unseen,107980,-17.544775009155273,7.76332950592041
a058_2,ronin,unseen,108000,-17.62526512145996,7.688856601715088
a058_2,ronin,unseen,108020,-17.713224411010742,7.6178507804870605
a058_2,ronin,unseen,108040,-17.80296516418457,7.548892974853516
a058_2,ronin,unseen,108060,-17.88279151916504,7.4900712966918945
a058_2,ronin,unseen,108080,-17.961545944213867,7.422461986541748
a058_2,ronin,unseen,108100,-18.04301643371582,7.351556777954102
a058_2,ronin,unseen,108120,-18.123369216918945,7.281710147857666
a058_2,ronin,unseen,108140,-18.199363708496094,7.2024126052856445
a058_2,ronin,unseen,108160,-18.27219581604004,7.118545055389404
a058_2,ronin,unseen,108180,-18.345108032226562,7.048743724822998
a058_2,ronin,unseen,108200,-18.414426803588867,6.983770370483398
a058_2,ronin,unseen,108220,-18.4874324798584,6.920329570770264
a058_2,ronin,unseen,108240,-18.566883087158203,6.854025363922119
a058_2,ronin,unseen,108260,-18.651517868041992,6.791014194488525
a058_2,ronin,unseen,108280,-18.73600959777832,6.725698471069336
a058_2,ronin,unseen,108300,-18.811494827270508,6.660216331481934
a058_2,ronin,unseen,108320,-18.88283920288086,6.591500759124756
a058_2,ronin,unseen,108340,-18.951236724853516,6.521012783050537
a058_2,ronin,unseen,108360,-19.01801872253418,6.443694591522217
a058_2,ronin,unseen,108380,-19.0788631439209,6.357470512390137
a058_2,ronin,unseen,108400,-19.14063262939453,6.261882305145264
a058_2,ronin,unseen,108420,-19.195594787597656,6.173645973205566
a058_2,ronin,unseen,108440,-19.2392635345459,6.097481727600098
a058_2,ronin,unseen,108460,-19.285573959350586,6.0079665184021
a058_2,ronin,unseen,108480,-19.33230972290039,5.915355205535889
a058_2,ronin,unseen,108500,-19.383487701416016,5.820104122161865
a058_2,ronin,unseen,108520,-19.432266235351562,5.725963115692139
a058_2,ronin,unseen,108540,-19.468679428100586,5.628510475158691
a058_2,ronin,unseen,108560,-19.483949661254883,5.539552211761475
a058_2,ronin,unseen,108580,-19.48751449584961,5.441697120666504
a058_2,ronin,unseen,108600,-19.48789405822754,5.34664249420166
a058_2,ronin,unseen,108620,-19.47734832763672,5.249063014984131
a058_2,ronin,unseen,108640,-19.459217071533203,5.152985572814941
a058_2,ronin,unseen,108660,-19.43280029296875,5.055248260498047
a058_2,ronin,unseen,108680,-19.406667709350586,4.97786283493042
a058_2,ronin,unseen,108700,-19.365753173828125,4.8927226066589355
a058_2,ronin,unseen,108720,-19.317703247070312,4.809483528137207
a058_2,ronin,unseen,108740,-19.266185760498047,4.72088623046875
a058_2,ronin,unseen,108760,-19.219348907470703,4.628776550292969
a058_2,ronin,unseen,108780,-19.159549713134766,4.534297943115234
a058_2,ronin,unseen,108800,-19.094472885131836,4.456286430358887
a058_2,ronin,unseen,108820,-19.028411865234375,4.387606143951416
a058_2,ronin,unseen,108840,-18.957910537719727,4.322227954864502
a058_2,ronin,unseen,108860,-18.882308959960938,4.260488510131836
a058_2,ronin,unseen,108880,-18.799375534057617,4.20445442199707
a058_2,ronin,unseen,108900,-18.706253051757812,4.145749092102051
a058_2,ronin,unseen,108920,-18.6213436126709,4.090054035186768
a058_2,ronin,unseen,108940,-18.548965454101562,4.040036201477051
a058_2,ronin,unseen,108960,-18.46809196472168,3.9852988719940186
a058_2,ronin,unseen,108980,-18.387962341308594,3.9236812591552734
a058_2,ronin,unseen,109000,-18.305788040161133,3.854743242263794
a058_2,ronin,unseen,109020,-18.216224670410156,3.7784600257873535
a058_2,ronin,unseen,109040,-18.127012252807617,3.708874464035034
a058_2,ronin,unseen,109060,-18.048913955688477,3.6531379222869873
a058_2,ronin,unseen,109080,-17.9703311920166,3.5956952571868896
a058_2,ronin,unseen,109100,-17.888044357299805,3.5356903076171875
a058_2,ronin,unseen,109120,-17.79329490661621,3.4794564247131348
a058_2,ronin,unseen,109140,-17.68483543395996,3.4267609119415283
a058_2,ronin,unseen,109160,-17.58038330078125,3.3730218410491943
a058_2,ronin,unseen,109180,-17.501955032348633,3.320307731628418
a058_2,ronin,unseen,109200,-17.41742515563965,3.264014720916748
a058_2,ronin,unseen,109220,-17.327659606933594,3.2013347148895264
a058_2,ronin,unseen,109240,-17.237695693969727,3.1307272911071777
a058_2,ronin,unseen,109260,-17.148523330688477,3.053582191467285
a058_2,ronin,unseen,109280,-17.063827514648438,2.983259677886963
a058_2,ronin,unseen,109300,-16.983041763305664,2.921961545944214
a058_2,ronin,unseen,109320,-16.908655166625977,2.8650505542755127
a058_2,ronin,unseen,109340,-16.827064514160156,2.805387496948242
a058_2,ronin,unseen,109360,-16.73592185974121,2.747403621673584
a058_2,ronin,unseen,109380,-16.634641647338867,2.694078207015991
a058_2,ronin,unseen,109400,-16.533349990844727,2.639387607574463
a058_2,ronin,unseen,109420,-16.45481300354004,2.585176467895508
a058_2,ronin,unseen,109440,-16.37648582458496,2.533261775970459
a058_2,ronin,unseen,109460,-16.298946380615234,2.4760186672210693
a058_2,ronin,unseen,109480,-16.214269638061523,2.4064950942993164
a058_2,ronin,unseen,109500,-16.12664222717285,2.3276236057281494
a058_2,ronin,unseen,109520,-16.035917282104492,2.2491190433502197
a058_2,ronin,unseen,109540,-15.959975242614746,2.18507719039917
a058_2,ronin,unseen,109560,-15.879554748535156,2.121009588241577
a058_2,ronin,unseen,109580,-15.796963691711426,2.059019088745117
a058_2,ronin,unseen,109600,-15.701622009277344,1.9959585666656494
a058_2,ronin,unseen,109620,-15.59109878540039,1.935660481452942
a058_2,ronin,unseen,109640,-15.4830961227417,1.876380443572998
a058_2,ronin,unseen,109660,-15.40568733215332,1.822718620300293
a058_2,ronin,unseen,109680,-15.325865745544434,1.7731744050979614
a058_2,ronin,unseen,109700,-15.243054389953613,1.7203956842422485
a058_2,ronin,unseen,109720,-15.159008026123047,1.6599764823913574
a058_2,ronin,unseen,109740,-15.069205284118652,1.59175443649292
a058_2,ronin,unseen,109760,-14.976641654968262,1.5256870985031128
a058_2,ronin,unseen,109780,-14.893336296081543,1.4737579822540283
a058_2,ronin,unseen,109800,-14.826537132263184,1.427634835243225
a058_2,ronin,unseen,109820,-14.764135360717773,1.3806060552597046
a058_2,ronin,unseen,109840,-14.704208374023438,1.342819094657898
a058_2,ronin,unseen,109860,-14.634007453918457,1.3105639219284058
a058_2,ronin,unseen,109880,-14.543499946594238,1.2839913368225098
a058_2,ronin,unseen,109900,-14.451301574707031,1.2621341943740845
a058_2,ronin,unseen,109920,-14.375341415405273,1.2407442331314087
a058_2,ronin,unseen,109940,-14.315286636352539,1.2205164432525635
a058_2,ronin,unseen,109960,-14.259430885314941,1.1961665153503418
a058_2,ronin,unseen,109980,-14.209144592285156,1.165916919708252
a058_2,ronin,unseen,110000,-14.15576457977295,1.1268502473831177
a058_2,ronin,unseen,110020,-14.094168663024902,1.077831745147705
a058_2,ronin,unseen,110040,-14.010726928710938,1.021323561668396
a058_2,ronin,unseen,110060,-13.937875747680664,0.9679405689239502
a058_2,ronin,unseen,110080,-13.869415283203125,0.9251630306243896
a058_2,ronin,unseen,110100,-13.799866676330566,0.8856868743896484
a058_2,ronin,unseen,110120,-13.729060173034668,0.845063328742981
a058_2,ronin,unseen,110140,-13.645377159118652,0.8028010725975037
a058_2,ronin,unseen,110160,-13.556323051452637,0.7648393511772156
a058_2,ronin,unseen,110180,-13.474381446838379,0.7295874953269958
a058_2,ronin,unseen,110200,-13.414610862731934,0.6946182250976562
a058_2,ronin,unseen,110220,-13.35528564453125,0.6581910848617554
a058_2,ronin,unseen,110240,-13.301518440246582,0.6151922345161438
a058_2,ronin,unseen,110260,-13.249802589416504,0.560778021812439
a058_2,ronin,unseen,110280,-13.19817066192627,0.4988236427307129
a058_2,ronin,unseen,110300,-13.142817497253418,0.43709689378738403
a058_2,ronin,unseen,110320,-13.096117973327637,0.38639333844184875
a058_2,ronin,unseen,110340,-13.054428100585938,0.34266164898872375
a058_2,ronin,unseen,110360,-13.016556739807129,0.3074359893798828
a058_2,ronin,unseen,110380,-12.981278419494629,0.28121235966682434
a058_2,ronin,unseen,110400,-12.941360473632812,0.2639284133911133
a058_2,ronin,unseen,110420,-12.907702445983887,0.2518079876899719
a058_2,ronin,unseen,110440,-12.888046264648438,0.24486473202705383
a058_2,ronin,unseen,110460,-12.875442504882812,0.2376890331506729
a058_2,ronin,unseen,110480,-12.868476867675781,0.2304457575082779
a058_2,ronin,unseen,110500,-12.866987228393555,0.22441893815994263
a058_2,ronin,unseen,110520,-12.870244979858398,0.21867169439792633
a058_2,ronin,unseen,110540,-12.876261711120605,0.21451613306999207
a058_2,ronin,unseen,110560,-12.88127613067627,0.2117941975593567
a058_2,ronin,unseen,110580,-12.884272575378418,0.20972158014774323
a058_2,ronin,unseen,110600,-12.885998725891113,0.20813259482383728
a058_2,ronin,unseen,110620,-12.887032508850098,0.2071026861667633
a058_2,ronin,unseen,110640,-12.887144088745117,0.20682978630065918
a058_2,ronin,unseen,110660,-12.887284278869629,0.20672062039375305
a058_2,ronin,unseen,110680,-12.889423370361328,0.2064175307750702
a058_2,ronin,unseen,110700,-12.893295288085938,0.2060450166463852
a058_2,ronin,unseen,110720,-12.898929595947266,0.20576097071170807
a058_2,ronin,unseen,110740,-12.90585708618164,0.2052142173051834
a058_2,ronin,unseen,110760,-12.914447784423828,0.20402595400810242
a058_2,ronin,unseen,110780,-12.925451278686523,0.2020949423313141
a058_2,ronin,unseen,110800,-12.938176155090332,0.19987903535366058
a058_2,ronin,unseen,110820,-12.951631546020508,0.19753319025039673
a058_2,ronin,unseen,110840,-12.966090202331543,0.1949557214975357
a058_2,ronin,unseen,110860,-12.980435371398926,0.19267448782920837
a058_2,ronin,unseen,110880,-12.992988586425781,0.19296813011169434
a058_2,ronin,unseen,110900,-13.003087997436523,0.1957097351551056
a058_2,ronin,unseen,110920,-13.010577201843262,0.2008771300315857
a058_2,ronin,unseen,110940,-13.016805648803711,0.21035782992839813
a058_2,ronin,unseen,110960,-13.02374267578125,0.22328796982765198
a058_2,ronin,unseen,110980,-13.030293464660645,0.2394396811723709
a058_2,ronin,unseen,111000,-13.037724494934082,0.2597518265247345
a058_2,ronin,unseen,111020,-13.048397064208984,0.2857760190963745
a058_2,ronin,unseen,111040,-13.06391716003418,0.3173324465751648
a058_2,ronin,unseen,111060,-13.085018157958984,0.35177135467529297
a058_2,ronin,unseen,111080,-13.10672664642334,0.38399434089660645
a058_2,ronin,unseen,111100,-13.128437042236328,0.41267630457878113
a058_2,ronin,unseen,111120,-13.147870063781738,0.4377228915691376
a058_2,ronin,unseen,111140,-13.168097496032715,0.4591275751590729
a058_2,ronin,unseen,111160,-13.19273567199707,0.4772273302078247
a058_2,ronin,unseen,111180,-13.227327346801758,0.49492377042770386
a058_2,ronin,unseen,111200,-13.269403457641602,0.5104026794433594
a058_2,ronin,unseen,111220,-13.319886207580566,0.5263099074363708
a058_2,ronin,unseen,111240,-13.36689567565918,0.5466116070747375
a058_2,ronin,unseen,111260,-13.401695251464844,0.5669600963592529
a058_2,ronin,unseen,111280,-13.433463096618652,0.591140866279602
a058_2,ronin,unseen,111300,-13.458291053771973,0.6154382228851318
a058_2,ronin,unseen,111320,-13.483748435974121,0.6421628594398499
a058_2,ronin,unseen,111340,-13.508277893066406,0.6724509596824646
a058_2,ronin,unseen,111360,-13.528655052185059,0.7109351754188538
a058_2,ronin,unseen,111380,-13.5462646484375,0.7516689896583557
a058_2,ronin,unseen,111400,-13.567899703979492,0.7884829044342041
a058_2,ronin,unseen,111420,-13.591316223144531,0.8187931180000305
a058_2,ronin,unseen,111440,-13.617033958435059,0.845066487789154
a058_2,ronin,unseen,111460,-13.64279556274414,0.8655456304550171
a058_2,ronin,unseen,111480,-13.673973083496094,0.8824437856674194
a058_2,ronin,unseen,111500,-13.712618827819824,0.8963272571563721
a058_2,ronin,unseen,111520,-13.76064395904541,0.9090606570243835
a058_2,ronin,unseen,111540,-13.812112808227539,0.9257542490959167
a058_2,ronin,unseen,111560,-13.852804183959961,0.9468042254447937
a058_2,ronin,unseen,111580,-13.8848876953125,0.9696506261825562
a058_2,ronin,unseen,111600,-13.912428855895996,0.9964130520820618
a058_2,ronin,unseen,111620,-13.937851905822754,1.0282464027404785
a058_2,ronin,unseen,111640,-13.958985328674316,1.06437349319458
a058_2,ronin,unseen,111660,-13.979596138000488,1.0974702835083008
a058_2,ronin,unseen,111680,-14.001712799072266,1.1223243474960327
a058_2,ronin,unseen,111700,-14.031183242797852,1.1395829916000366
a058_2,ronin,unseen,111720,-14.060895919799805,1.1489027738571167
a058_2,ronin,unseen,111740,-14.090094566345215,1.1526799201965332
a058_2,ronin,unseen,111760,-14.125652313232422,1.1541707515716553
a058_2,ronin,unseen,111780,-14.1661958694458,1.1543115377426147
a058_2,ronin,unseen,111800,-14.199301719665527,1.157606840133667
a058_2,ronin,unseen,111820,-14.221917152404785,1.1640671491622925
a058_2,ronin,unseen,111840,-14.239657402038574,1.1691875457763672
a058_2,ronin,unseen,111860,-14.250786781311035,1.1751288175582886
a058_2,ronin,unseen,111880,-14.253499031066895,1.1813592910766602
a058_2,ronin,unseen,111900,-14.253658294677734,1.1882691383361816
a058_2,ronin,unseen,111920,-14.251006126403809,1.1946359872817993
a058_2,ronin,unseen,111940,-14.248971939086914,1.2010315656661987
a058_2,ronin,unseen,111960,-14.248261451721191,1.2068513631820679
a058_2,ronin,unseen,111980,-14.248125076293945,1.2107399702072144
a058_2,ronin,unseen,112000,-14.249359130859375,1.2136056423187256
a058_2,ronin,unseen,112020,-14.250848770141602,1.2155271768569946
a058_2,ronin,unseen,112040,-14.252877235412598,1.216574788093567
a058_2,ronin,unseen,112060,-14.25484848022461,1.2171701192855835
a058_2,ronin,unseen,112080,-14.25706672668457,1.217444896697998
a058_2,ronin,unseen,112100,-14.259745597839355,1.2174078226089478
a058_2,ronin,unseen,112120,-14.261858940124512,1.2171354293823242
a058_2,ronin,unseen,112140,-14.262014389038086,1.2171283960342407
a058_2,ronin,unseen,112160,-14.262003898620605,1.2171310186386108
a058_2,ronin,unseen,112180,-14.262028694152832,1.2171324491500854
a058_2,ronin,unseen,112200,-14.26219654083252,1.2171801328659058
a058_2,ronin,unseen,112220,-14.26228141784668,1.2172693014144897
a058_2,ronin,unseen,112240,-14.262277603149414,1.2174135446548462
a058_2,ronin,unseen,112260,-14.26203441619873,1.2177261114120483
a058_2,ronin,unseen,112280,-14.261411666870117,1.2181878089904785
a058_2,ronin,unseen,112300,-14.260805130004883,1.218647837638855
a058_2,ronin,unseen,112320,-14.260239601135254,1.2189229726791382
a058_2,ronin,unseen,112340,-14.259795188903809,1.2191084623336792
a058_2,ronin,unseen,112360,-14.259198188781738,1.2192823886871338
a058_2,ronin,unseen,112380,-14.258707046508789,1.219383955001831
a058_2,ronin,unseen,112400,-14.258008003234863,1.2194421291351318
a058_2,ronin,unseen,112420,-14.257323265075684,1.2195730209350586
a058_2,ronin,unseen,112440,-14.256577491760254,1.2197405099868774
a058_2,ronin,unseen,112460,-14.256067276000977,1.2198748588562012
a058_2,ronin,unseen,112480,-14.25528621673584,1.2199833393096924
a058_2,ronin,unseen,112500,-14.254027366638184,1.2201869487762451
a058_2,ronin,unseen,112520,-14.251886367797852,1.220395565032959
a058_2,ronin,unseen,112540,-14.249573707580566,1.220757007598877
a058_2,ronin,unseen,112560,-14.247217178344727,1.2211164236068726
a058_2,ronin,unseen,112580,-14.244858741760254,1.2213006019592285
a058_2,ronin,unseen,112600,-14.242757797241211,1.221384048461914
a058_2,ronin,unseen,112620,-14.240766525268555,1.2214034795761108
a058_2,ronin,unseen,112640,-14.23919677734375,1.2214303016662598
a058_2,ronin,unseen,112660,-14.237605094909668,1.2216005325317383
a058_2,ronin,unseen,112680,-14.235235214233398,1.221930742263794
a058_2,ronin,unseen,112700,-14.232222557067871,1.2225161790847778
a058_2,ronin,unseen,112720,-14.228739738464355,1.2234383821487427
a058_2,ronin,unseen,112740,-14.22486686706543,1.2245570421218872
a058_2,ronin,unseen,112760,-14.220616340637207,1.2258492708206177
a058_2,ronin,unseen,112780,-14.216235160827637,1.2272088527679443
a058_2,ronin,unseen,112800,-14.211734771728516,1.228890299797058
a058_2,ronin,unseen,112820,-14.20701789855957,1.23080575466156
a058_2,ronin,unseen,112840,-14.202322959899902,1.2328733205795288
a058_2,ronin,unseen,112860,-14.197458267211914,1.2351280450820923
a058_2,ronin,unseen,112880,-14.192060470581055,1.237526535987854
a058_2,ronin,unseen,112900,-14.18593978881836,1.2397922277450562
a058_2,ronin,unseen,112920,-14.179596900939941,1.2416976690292358
a058_2,ronin,unseen,112940,-14.174346923828125,1.243430256843567
a058_2,ronin,unseen,112960,-14.17090892791748,1.2445354461669922
a058_2,ronin,unseen,112980,-14.167510032653809,1.2449171543121338
a058_2,ronin,unseen,113000,-14.164349555969238,1.2448687553405762
a058_2,ronin,unseen,113020,-14.163256645202637,1.242829442024231
a058_2,ronin,unseen,113040,-14.164490699768066,1.2387347221374512
a058_2,ronin,unseen,113060,-14.165802001953125,1.2315620183944702
a058_2,ronin,unseen,113080,-14.16923999786377,1.2212328910827637
a058_2,ronin,unseen,113100,-14.173465728759766,1.2063239812850952
a058_2,ronin,unseen,113120,-14.17585277557373,1.1854687929153442
a058_2,ronin,unseen,113140,-14.175420761108398,1.1603658199310303
a058_2,ronin,unseen,113160,-14.1732816696167,1.1356631517410278
a058_2,ronin,unseen,113180,-14.162261962890625,1.1129132509231567
a058_2,ronin,unseen,113200,-14.143299102783203,1.089003562927246
a058_2,ronin,unseen,113220,-14.11752986907959,1.0640928745269775
a058_2,ronin,unseen,113240,-14.080939292907715,1.0381371974945068
a058_2,ronin,unseen,113260,-14.029820442199707,1.009480357170105
a058_2,ronin,unseen,113280,-13.957640647888184,0.9735843539237976
a058_2,ronin,unseen,113300,-13.877086639404297,0.937482476234436
a058_2,ronin,unseen,113320,-13.800020217895508,0.9001722931861877
a058_2,ronin,unseen,113340,-13.745193481445312,0.864081621170044
a058_2,ronin,unseen,113360,-13.690164566040039,0.8215876221656799
a058_2,ronin,unseen,113380,-13.634978294372559,0.7731780409812927
a058_2,ronin,unseen,113400,-13.58187484741211,0.7159831523895264
a058_2,ronin,unseen,113420,-13.527416229248047,0.6511962413787842
a058_2,ronin,unseen,113440,-13.465113639831543,0.5827786326408386
a058_2,ronin,unseen,113460,-13.407793045043945,0.5266452431678772
a058_2,ronin,unseen,113480,-13.35085678100586,0.47500017285346985
a058_2,ronin,unseen,113500,-13.294723510742188,0.42443326115608215
a058_2,ronin,unseen,113520,-13.233607292175293,0.3743208050727844
a058_2,ronin,unseen,113540,-13.157942771911621,0.327012836933136
a058_2,ronin,unseen,113560,-13.072402954101562,0.27883052825927734
a058_2,ronin,unseen,113580,-12.991722106933594,0.23206870257854462
a058_2,ronin,unseen,113600,-12.929951667785645,0.19184234738349915
a058_2,ronin,unseen,113620,-12.861416816711426,0.15060260891914368
a058_2,ronin,unseen,113640,-12.79218578338623,0.10715536028146744
a058_2,ronin,unseen,113660,-12.718996047973633,0.057680580765008926
a058_2,ronin,unseen,113680,-12.646024703979492,0.0008719908655621111
a058_2,ronin,unseen,113700,-12.562426567077637,-0.05993547663092613
a058_2,ronin,unseen,113720,-12.487717628479004,-0.10858730226755142
a058_2,ronin,unseen,113740,-12.413694381713867,-0.15040431916713715
a058_2,ronin,unseen,113760,-12.337435722351074,-0.19199229776859283
a058_2,ronin,unseen,113780,-12.254939079284668,-0.23500944674015045
a058_2,ronin,unseen,113800,-12.166725158691406,-0.27056771516799927
a058_2,ronin,unseen,113820,-12.066312789916992,-0.30359554290771484
a058_2,ronin,unseen,113840,-11.96900749206543,-0.33827492594718933
a058_2,ronin,unseen,113860,-11.893506050109863,-0.37521252036094666
a058_2,ronin,unseen,113880,-11.81734848022461,-0.41691747307777405
a058_2,ronin,unseen,113900,-11.739521980285645,-0.4636729955673218
a058_2,ronin,unseen,113920,-11.659981727600098,-0.5192843079566956
a058_2,ronin,unseen,113940,-11.571880340576172,-0.5877541899681091
a058_2,ronin,unseen,113960,-11.478672981262207,-0.661069929599762
a058_2,ronin,unseen,113980,-11.404245376586914,-0.7207807898521423
a058_2,ronin,unseen,114000,-11.327420234680176,-0.7787492871284485
a058_2,ronin,unseen,114020,-11.2500581741333,-0.8386605978012085
a058_2,ronin,unseen,114040,-11.164300918579102,-0.9020289778709412
a058_2,ronin,unseen,114060,-11.063763618469238,-0.9611340761184692
a058_2,ronin,unseen,114080,-10.957575798034668,-1.0218867063522339
a058_2,ronin,unseen,114100,-10.873114585876465,-1.08314847946167
a058_2,ronin,unseen,114120,-10.795676231384277,-1.1360985040664673
a058_2,ronin,unseen,114140,-10.705760955810547,-1.1964764595031738
a058_2,ronin,unseen,114160,-10.614745140075684,-1.2650160789489746
a058_2,ronin,unseen,114180,-10.521605491638184,-1.3424500226974487
a058_2,ronin,unseen,114200,-10.42394733428955,-1.4246816635131836
a058_2,ronin,unseen,114220,-10.336907386779785,-1.4981086254119873
a058_2,ronin,unseen,114240,-10.248547554016113,-1.562178134918213
a058_2,ronin,unseen,114260,-10.160111427307129,-1.6246410608291626
a058_2,ronin,unseen,114280,-10.061490058898926,-1.6884889602661133
a058_2,ronin,unseen,114300,-9.959385871887207,-1.74593985080719
a058_2,ronin,unseen,114320,-9.846205711364746,-1.8047001361846924
a058_2,ronin,unseen,114340,-9.747288703918457,-1.862504005432129
a058_2,ronin,unseen,114360,-9.663818359375,-1.9204511642456055
a058_2,ronin,unseen,114380,-9.576827049255371,-1.9820618629455566
a058_2,ronin,unseen,114400,-9.492371559143066,-2.0480740070343018
a058_2,ronin,unseen,114420,-9.40439224243164,-2.125185489654541
a058_2,ronin,unseen,114440,-9.315561294555664,-2.2047088146209717
a058_2,ronin,unseen,114460,-9.236491203308105,-2.273656129837036
a058_2,ronin,unseen,114480,-9.16140365600586,-2.334038257598877
a058_2,ronin,unseen,114500,-9.088047981262207,-2.390195846557617
a058_2,ronin,unseen,114520,-9.003979682922363,-2.4494569301605225
a058_2,ronin,unseen,114540,-8.915164947509766,-2.5024638175964355
a058_2,ronin,unseen,114560,-8.816998481750488,-2.554569721221924
a058_2,ronin,unseen,114580,-8.730669975280762,-2.602189540863037
a058_2,ronin,unseen,114600,-8.65745735168457,-2.643070697784424
a058_2,ronin,unseen,114620,-8.573491096496582,-2.69014310836792
a058_2,ronin,unseen,114640,-8.492258071899414,-2.7409815788269043
a058_2,ronin,unseen,114660,-8.417301177978516,-2.798210620880127
a058_2,ronin,unseen,114680,-8.340452194213867,-2.864250659942627
a058_2,ronin,unseen,114700,-8.25537109375,-2.930795669555664
a058_2,ronin,unseen,114720,-8.185782432556152,-2.985822916030884
a058_2,ronin,unseen,114740,-8.116305351257324,-3.0423314571380615
a058_2,ronin,unseen,114760,-8.04898452758789,-3.0987191200256348
a058_2,ronin,unseen,114780,-7.9667205810546875,-3.158149003982544
a058_2,ronin,unseen,114800,-7.874734401702881,-3.212745428085327
a058_2,ronin,unseen,114820,-7.774209022521973,-3.2705376148223877
a058_2,ronin,unseen,114840,-7.699994087219238,-3.32369065284729
a058_2,ronin,unseen,114860,-7.627242088317871,-3.3772711753845215
a058_2,ronin,unseen,114880,-7.553604602813721,-3.4331347942352295
a058_2,ronin,unseen,114900,-7.475740909576416,-3.499215602874756
a058_2,ronin,unseen,114920,-7.400487899780273,-3.5716733932495117
a058_2,ronin,unseen,114940,-7.3240275382995605,-3.6485636234283447
a058_2,ronin,unseen,114960,-7.254628658294678,-3.714754343032837
a058_2,ronin,unseen,114980,-7.177889347076416,-3.7740142345428467
a058_2,ronin,unseen,115000,-7.098274230957031,-3.830770492553711
a058_2,ronin,unseen,115020,-7.009208679199219,-3.887331247329712
a058_2,ronin,unseen,115040,-6.910165309906006,-3.93813157081604
a058_2,ronin,unseen,115060,-6.799496173858643,-3.9895145893096924
a058_2,ronin,unseen,115080,-6.709770679473877,-4.038266181945801
a058_2,ronin,unseen,115100,-6.631136894226074,-4.084794521331787
a058_2,ronin,unseen,115120,-6.5466156005859375,-4.13774299621582
a058_2,ronin,unseen,115140,-6.464037895202637,-4.194155693054199
a058_2,ronin,unseen,115160,-6.374529838562012,-4.260414123535156
a058_2,ronin,unseen,115180,-6.282364368438721,-4.331474781036377
a058_2,ronin,unseen,115200,-6.200294017791748,-4.392968654632568
a058_2,ronin,unseen,115220,-6.120581150054932,-4.446902751922607
a058_2,ronin,unseen,115240,-6.043428897857666,-4.5025200843811035
a058_2,ronin,unseen,115260,-5.96641206741333,-4.559176921844482
a058_2,ronin,unseen,115280,-5.876331329345703,-4.613336086273193
a058_2,ronin,unseen,115300,-5.772953510284424,-4.669003963470459
a058_2,ronin,unseen,115320,-5.685796737670898,-4.721124172210693
a058_2,ronin,unseen,115340,-5.61665678024292,-4.771198749542236
a058_2,ronin,unseen,115360,-5.5444207191467285,-4.822103977203369
a058_2,ronin,unseen,115380,-5.470358848571777,-4.878664493560791
a058_2,ronin,unseen,115400,-5.395476818084717,-4.940608978271484
a058_2,ronin,unseen,115420,-5.310969352722168,-5.017759323120117
a058_2,ronin,unseen,115440,-5.230909824371338,-5.087077617645264
a058_2,ronin,unseen,115460,-5.1547980308532715,-5.1445794105529785
a058_2,ronin,unseen,115480,-5.079573154449463,-5.1985273361206055
a058_2,ronin,unseen,115500,-4.997425079345703,-5.256272315979004
a058_2,ronin,unseen,115520,-4.906382083892822,-5.316023349761963
a058_2,ronin,unseen,115540,-4.799898624420166,-5.372791767120361
a058_2,ronin,unseen,115560,-4.697349548339844,-5.430155277252197
a058_2,ronin,unseen,115580,-4.61744499206543,-5.484302520751953
a058_2,ronin,unseen,115600,-4.533484935760498,-5.534619331359863
a058_2,ronin,unseen,115620,-4.446434497833252,-5.589311122894287
a058_2,ronin,unseen,115640,-4.353699207305908,-5.652220726013184
a058_2,ronin,unseen,115660,-4.256141185760498,-5.727274417877197
a058_2,ronin,unseen,115680,-4.151943206787109,-5.804459095001221
a058_2,ronin,unseen,115700,-4.062280654907227,-5.868185997009277
a058_2,ronin,unseen,115720,-3.976146936416626,-5.929072380065918
a058_2,ronin,unseen,115740,-3.890392780303955,-5.990041255950928
a058_2,ronin,unseen,115760,-3.8049488067626953,-6.0517449378967285
a058_2,ronin,unseen,115780,-3.704087495803833,-6.111204624176025
a058_2,ronin,unseen,115800,-3.594149112701416,-6.174563884735107
a058_2,ronin,unseen,115820,-3.507416009902954,-6.236516952514648
a058_2,ronin,unseen,115840,-3.4319536685943604,-6.292608737945557
a058_2,ronin,unseen,115860,-3.346632957458496,-6.354894638061523
a058_2,ronin,unseen,115880,-3.2635819911956787,-6.425022125244141
a058_2,ronin,unseen,115900,-3.1779191493988037,-6.5039591789245605
a058_2,ronin,unseen,115920,-3.0866315364837646,-6.586472511291504
a058_2,ronin,unseen,115940,-3.008155584335327,-6.652038097381592
a058_2,ronin,unseen,115960,-2.9348528385162354,-6.712759494781494
a058_2,ronin,unseen,115980,-2.8635382652282715,-6.771458148956299
a058_2,ronin,unseen,116000,-2.7809622287750244,-6.836742877960205
a058_2,ronin,unseen,116020,-2.68577241897583,-6.900741100311279
a058_2,ronin,unseen,116040,-2.579493761062622,-6.965693950653076
a058_2,ronin,unseen,116060,-2.4918367862701416,-7.026312351226807
a058_2,ronin,unseen,116080,-2.4128880500793457,-7.084040641784668
a058_2,ronin,unseen,116100,-2.330629348754883,-7.144379615783691
a058_2,ronin,unseen,116120,-2.247490644454956,-7.211714267730713
a058_2,ronin,unseen,116140,-2.158252000808716,-7.290238380432129
a058_2,ronin,unseen,116160,-2.065765619277954,-7.372072696685791
a058_2,ronin,unseen,116180,-1.9826847314834595,-7.440235614776611
a058_2,ronin,unseen,116200,-1.904796838760376,-7.502678394317627
a058_2,ronin,unseen,116220,-1.82870614528656,-7.561631679534912
a058_2,ronin,unseen,116240,-1.7470017671585083,-7.622032642364502
a058_2,ronin,unseen,116260,-1.6528218984603882,-7.6777873039245605
a058_2,ronin,unseen,116280,-1.5427589416503906,-7.736557960510254
a058_2,ronin,unseen,116300,-1.4532612562179565,-7.791390895843506
a058_2,ronin,unseen,116320,-1.37814462184906,-7.840949058532715
a058_2,ronin,unseen,116340,-1.2985855340957642,-7.890301704406738
a058_2,ronin,unseen,116360,-1.2162299156188965,-7.94737434387207
a058_2,ronin,unseen,116380,-1.1276575326919556,-8.016043663024902
a058_2,ronin,unseen,116400,-1.0314044952392578,-8.093714714050293
a058_2,ronin,unseen,116420,-0.9480584859848022,-8.15827751159668
a058_2,ronin,unseen,116440,-0.8717091679573059,-8.213813781738281
a058_2,ronin,unseen,116460,-0.7980750799179077,-8.264798164367676
a058_2,ronin,unseen,116480,-0.7185132503509521,-8.318638801574707
a058_2,ronin,unseen,116500,-0.6300625801086426,-8.373797416687012
a058_2,ronin,unseen,116520,-0.5298845767974854,-8.427448272705078
a058_2,ronin,unseen,116540,-0.43828460574150085,-8.472899436950684
a058_2,ronin,unseen,116560,-0.3600633144378662,-8.515166282653809
a058_2,ronin,unseen,116580,-0.2825224995613098,-8.553996086120605
a058_2,ronin,unseen,116600,-0.20135274529457092,-8.599413871765137
a058_2,ronin,unseen,116620,-0.12111587822437286,-8.651520729064941
a058_2,ronin,unseen,116640,-0.03287380933761597,-8.715234756469727
a058_2,ronin,unseen,116660,0.056453365832567215,-8.777792930603027
a058_2,ronin,unseen,116680,0.1335451900959015,-8.827157020568848
a058_2,ronin,unseen,116700,0.2039685845375061,-8.87014102935791
a058_2,ronin,unseen,116720,0.27170494198799133,-8.90820598602295
a058_2,ronin,unseen,116740,0.347454696893692,-8.944479942321777
a058_2,ronin,unseen,116760,0.4404771327972412,-8.975319862365723
a058_2,ronin,unseen,116780,0.546497106552124,-9.006475448608398
a058_2,ronin,unseen,116800,0.6297714114189148,-9.029549598693848
a058_2,ronin,unseen,116820,0.7078907489776611,-9.041943550109863
a058_2,ronin,unseen,116840,0.7862613797187805,-9.052169799804688
a058_2,ronin,unseen,116860,0.8685440421104431,-9.057991027832031
a058_2,ronin,unseen,116880,0.9599075317382812,-9.063593864440918
a058_2,ronin,unseen,116900,1.0577791929244995,-9.069930076599121
a058_2,ronin,unseen,116920,1.1577999591827393,-9.071446418762207
a058_2,ronin,unseen,116940,1.249327540397644,-9.057890892028809
a058_2,ronin,unseen,116960,1.329714059829712,-9.028390884399414
a058_2,ronin,unseen,116980,1.4065359830856323,-8.981354713439941
a058_2,ronin,unseen,117000,1.4741435050964355,-8.922821044921875
a058_2,ronin,unseen,117020,1.5491092205047607,-8.849095344543457
a058_2,ronin,unseen,117040,1.621505618095398,-8.767387390136719
a058_2,ronin,unseen,117060,1.6788184642791748,-8.702923774719238
a058_2,ronin,unseen,117080,1.727163553237915,-8.642940521240234
a058_2,ronin,unseen,117100,1.7748790979385376,-8.580162048339844
a058_2,ronin,unseen,117120,1.827207088470459,-8.508682250976562
a058_2,ronin,unseen,117140,1.8924288749694824,-8.426041603088379
a058_2,ronin,unseen,117160,1.9649808406829834,-8.33353328704834
a058_2,ronin,unseen,117180,2.021756887435913,-8.245074272155762
a058_2,ronin,unseen,117200,2.071394443511963,-8.162325859069824
a058_2,ronin,unseen,117220,2.1160035133361816,-8.085671424865723
a058_2,ronin,unseen,117240,2.1612443923950195,-8.00329303741455
a058_2,ronin,unseen,117260,2.2071480751037598,-7.909165859222412
a058_2,ronin,unseen,117280,2.2513368129730225,-7.79351282119751
a058_2,ronin,unseen,117300,2.2924959659576416,-7.693234443664551
a058_2,ronin,unseen,117320,2.3306567668914795,-7.621545314788818
a058_2,ronin,unseen,117340,2.3698348999023438,-7.547378063201904
a058_2,ronin,unseen,117360,2.417985677719116,-7.466384410858154
a058_2,ronin,unseen,117380,2.4750211238861084,-7.382663726806641
a058_2,ronin,unseen,117400,2.548798084259033,-7.290797233581543
a058_2,ronin,unseen,117420,2.6199264526367188,-7.197828769683838
a058_2,ronin,unseen,117440,2.6749584674835205,-7.1189165115356445
a058_2,ronin,unseen,117460,2.7235145568847656,-7.044923305511475
a058_2,ronin,unseen,117480,2.770155668258667,-6.97174072265625
a058_2,ronin,unseen,117500,2.8212664127349854,-6.889873027801514
a058_2,ronin,unseen,117520,2.877122163772583,-6.789310455322266
a058_2,ronin,unseen,117540,2.9369637966156006,-6.680964946746826
a058_2,ronin,unseen,117560,2.987441301345825,-6.608619689941406
a058_2,ronin,unseen,117580,3.036679983139038,-6.541128635406494
a058_2,ronin,unseen,117600,3.088033437728882,-6.4729204177856445
a058_2,ronin,unseen,117620,3.1493008136749268,-6.402009010314941
a058_2,ronin,unseen,117640,3.225961446762085,-6.320312976837158
a058_2,ronin,unseen,117660,3.3128480911254883,-6.227456569671631
a058_2,ronin,unseen,117680,3.379282236099243,-6.155062198638916
a058_2,ronin,unseen,117700,3.438030242919922,-6.081648349761963
a058_2,ronin,unseen,117720,3.4905643463134766,-6.01839542388916
a058_2,ronin,unseen,117740,3.54712176322937,-5.947129249572754
a058_2,ronin,unseen,117760,3.6056442260742188,-5.857666492462158
a058_2,ronin,unseen,117780,3.6683077812194824,-5.7494330406188965
a058_2,ronin,unseen,117800,3.726083517074585,-5.659875869750977
a058_2,ronin,unseen,117820,3.777069568634033,-5.589067459106445
a058_2,ronin,unseen,117840,3.825819253921509,-5.513985633850098
a058_2,ronin,unseen,117860,3.8810815811157227,-5.434313774108887
a058_2,ronin,unseen,117880,3.9463424682617188,-5.348899841308594
a058_2,ronin,unseen,117900,4.0241875648498535,-5.256446361541748
a058_2,ronin,unseen,117920,4.0947675704956055,-5.165106296539307
a058_2,ronin,unseen,117940,4.152751445770264,-5.084186553955078
a058_2,ronin,unseen,117960,4.2032470703125,-5.01582145690918
a058_2,ronin,unseen,117980,4.251760005950928,-4.945357799530029
a058_2,ronin,unseen,118000,4.300492286682129,-4.8622660636901855
a058_2,ronin,unseen,118020,4.348658084869385,-4.762130260467529
a058_2,ronin,unseen,118040,4.399075031280518,-4.660405158996582
a058_2,ronin,unseen,118060,4.4433207511901855,-4.585287570953369
a058_2,ronin,unseen,118080,4.485779762268066,-4.513411521911621
a058_2,ronin,unseen,118100,4.528072834014893,-4.442083835601807
a058_2,ronin,unseen,118120,4.580345153808594,-4.367489337921143
a058_2,ronin,unseen,118140,4.645583152770996,-4.286962985992432
a058_2,ronin,unseen,118160,4.721017360687256,-4.199403285980225
a058_2,ronin,unseen,118180,4.778036117553711,-4.128509044647217
a058_2,ronin,unseen,118200,4.827572345733643,-4.058417797088623
a058_2,ronin,unseen,118220,4.8712568283081055,-3.9967477321624756
a058_2,ronin,unseen,118240,4.912693023681641,-3.9282631874084473
a058_2,ronin,unseen,118260,4.952144622802734,-3.847296953201294
a058_2,ronin,unseen,118280,4.997813701629639,-3.744220733642578
a058_2,ronin,unseen,118300,5.037269592285156,-3.6535494327545166
a058_2,ronin,unseen,118320,5.071585178375244,-3.589496374130249
a058_2,ronin,unseen,118340,5.105495452880859,-3.527369737625122
a058_2,ronin,unseen,118360,5.138901233673096,-3.465923309326172
a058_2,ronin,unseen,118380,5.183902263641357,-3.3965649604797363
a058_2,ronin,unseen,118400,5.239358901977539,-3.315068006515503
a058_2,ronin,unseen,118420,5.290816307067871,-3.2301478385925293
a058_2,ronin,unseen,118440,5.3220415115356445,-3.1711111068725586
a058_2,ronin,unseen,118460,5.353991985321045,-3.1235342025756836
a058_2,ronin,unseen,118480,5.374395370483398,-3.0802128314971924
a058_2,ronin,unseen,118500,5.383465766906738,-3.032745599746704
a058_2,ronin,unseen,118520,5.385101795196533,-2.985060691833496
a058_2,ronin,unseen,118540,5.384231090545654,-2.937063694000244
a058_2,ronin,unseen,118560,5.364625453948975,-2.8775060176849365
a058_2,ronin,unseen,118580,5.338176727294922,-2.8164150714874268
a058_2,ronin,unseen,118600,5.313807964324951,-2.778118371963501
a058_2,ronin,unseen,118620,5.299271106719971,-2.7624266147613525
a058_2,ronin,unseen,118640,5.28837251663208,-2.7672762870788574
a058_2,ronin,unseen,118660,5.280468463897705,-2.794234275817871
a058_2,ronin,unseen,118680,5.272579193115234,-2.8295793533325195
a058_2,ronin,unseen,118700,5.250746250152588,-2.8414201736450195
a058_2,ronin,unseen,118720,5.222912311553955,-2.855300188064575
a058_2,ronin,unseen,118740,5.199724197387695,-2.877897262573242
a058_2,ronin,unseen,118760,5.172650337219238,-2.8957910537719727
a058_2,ronin,unseen,118780,5.145636558532715,-2.9100615978240967
a058_2,ronin,unseen,118800,5.118772029876709,-2.9130613803863525
a058_2,ronin,unseen,118820,5.094372749328613,-2.914504051208496
a058_2,ronin,unseen,118840,5.068897247314453,-2.9144227504730225
a058_2,ronin,unseen,118860,5.050653457641602,-2.9109816551208496
a058_2,ronin,unseen,118880,5.041903018951416,-2.9054172039031982
a058_2,ronin,unseen,118900,5.041031837463379,-2.896650552749634
a058_2,ronin,unseen,118920,5.047360897064209,-2.881732940673828
a058_2,ronin,unseen,118940,5.051851749420166,-2.8662078380584717
a058_2,ronin,unseen,118960,5.054557800292969,-2.8523409366607666
a058_2,ronin,unseen,118980,5.054563999176025,-2.8415560722351074
a058_2,ronin,unseen,119000,5.052780628204346,-2.834591865539551
a058_2,ronin,unseen,119020,5.051891326904297,-2.8291733264923096
a058_2,ronin,unseen,119040,5.052990913391113,-2.822742223739624
a058_2,ronin,unseen,119060,5.064760684967041,-2.8053083419799805
a058_2,ronin,unseen,119080,5.075961112976074,-2.7919321060180664
a058_2,ronin,unseen,119100,5.081727981567383,-2.7848076820373535
a058_2,ronin,unseen,119120,5.084742069244385,-2.7773048877716064
a058_2,ronin,unseen,119140,5.088263988494873,-2.77008056640625
a058_2,ronin,unseen,119160,5.094596862792969,-2.7560887336730957
a058_2,ronin,unseen,119180,5.100189685821533,-2.7401883602142334
a058_2,ronin,unseen,119200,5.099741458892822,-2.7262823581695557
a058_2,ronin,unseen,119220,5.098194122314453,-2.7135376930236816
a058_2,ronin,unseen,119240,5.098590850830078,-2.7052001953125
a058_2,ronin,unseen,119260,5.0985236167907715,-2.7009809017181396
a058_2,ronin,unseen,119280,5.099524974822998,-2.6980972290039062
a058_2,ronin,unseen,119300,5.099767208099365,-2.6973071098327637
a058_2,ronin,unseen,119320,5.099816799163818,-2.6972036361694336
a058_2,ronin,unseen,119340,5.099977016448975,-2.6964316368103027
a058_2,ronin,unseen,119360,5.100521564483643,-2.6961090564727783
a058_2,ronin,unseen,119380,5.100647449493408,-2.696662664413452
a058_2,ronin,unseen,119400,5.1004719734191895,-2.6988954544067383
a058_2,ronin,unseen,119420,5.100132465362549,-2.7014782428741455
a058_2,ronin,unseen,119440,5.1002373695373535,-2.7036280632019043
a058_2,ronin,unseen,119460,5.100481033325195,-2.70566463470459
a058_2,ronin,unseen,119480,5.101076126098633,-2.707472324371338
a058_2,ronin,unseen,119500,5.101947784423828,-2.7096035480499268
a058_2,ronin,unseen,119520,5.102933883666992,-2.710980176925659
a058_2,ronin,unseen,119540,5.10380220413208,-2.7117502689361572
a058_2,ronin,unseen,119560,5.104649543762207,-2.712404727935791
a058_2,ronin,unseen,119580,5.10568380355835,-2.712841749191284
a058_2,ronin,unseen,119600,5.10712194442749,-2.7133495807647705
a058_2,ronin,unseen,119620,5.108442783355713,-2.71388578414917
a058_2,ronin,unseen,119640,5.1094770431518555,-2.714150905609131
a058_2,ronin,unseen,119660,5.110411167144775,-2.714374303817749
a058_2,ronin,unseen,119680,5.111212730407715,-2.7146899700164795
a058_2,ronin,unseen,119700,5.111981391906738,-2.715003728866577
a058_2,ronin,unseen,119720,5.112915515899658,-2.7153844833374023
a058_2,ronin,unseen,119740,5.113645076751709,-2.7158143520355225
a058_2,ronin,unseen,119760,5.114131927490234,-2.716082811355591
a058_2,ronin,unseen,119780,5.1147871017456055,-2.7163896560668945
a058_2,ronin,unseen,119800,5.115494251251221,-2.7166051864624023
a058_2,ronin,unseen,119820,5.116062164306641,-2.7167022228240967
a058_2,ronin,unseen,119840,5.11666202545166,-2.7167201042175293
a058_2,ronin,unseen,119860,5.117473602294922,-2.7166688442230225
a058_2,ronin,unseen,119880,5.1186628341674805,-2.716581106185913
a058_2,ronin,unseen,119900,5.120146751403809,-2.7165112495422363
a058_2,ronin,unseen,119920,5.1222662925720215,-2.7164711952209473
a058_2,ronin,unseen,119940,5.124411582946777,-2.716315269470215
a058_2,ronin,unseen,119960,5.12633752822876,-2.7161996364593506
a058_2,ronin,unseen,119980,5.128077507019043,-2.7161922454833984
a058_2,ronin,unseen,120000,5.1293463706970215,-2.716456413269043
a058_2,ronin,unseen,120020,5.129922866821289,-2.716782331466675
a058_2,ronin,unseen,120040,5.130396842956543,-2.7170727252960205
a058_2,ronin,unseen,120060,5.130813121795654,-2.717207670211792
a058_2,ronin,unseen,120080,5.131097793579102,-2.7173256874084473
a058_2,ronin,unseen,120100,5.131241321563721,-2.7174007892608643
a058_2,ronin,unseen,120120,5.131383419036865,-2.7175328731536865
a058_2,ronin,unseen,120140,5.131463050842285,-2.7175967693328857
a058_2,ronin,unseen,120160,5.131489276885986,-2.7176427841186523
a058_2,ronin,unseen,120180,5.131557941436768,-2.7177109718322754
a058_2,ronin,unseen,120200,5.131641387939453,-2.7177937030792236
a058_2,ronin,unseen,120220,5.131669998168945,-2.717935085296631
a058_2,ronin,unseen,120240,5.131634712219238,-2.7181148529052734
a058_2,ronin,unseen,120260,5.131620407104492,-2.7181363105773926
a058_2,ronin,unseen,120280,5.131571292877197,-2.7181942462921143
a058_2,ronin,unseen,120300,5.131500720977783,-2.7183010578155518
a058_2,ronin,unseen,120320,5.1314568519592285,-2.718338966369629
a058_2,ronin,unseen,120340,5.131412506103516,-2.718367576599121
a058_2,ronin,unseen,120360,5.13134241104126,-2.7183878421783447
a058_2,ronin,unseen,120380,5.1310834884643555,-2.718477249145508
a058_2,ronin,unseen,120400,5.130710601806641,-2.718601942062378
a058_2,ronin,unseen,120420,5.130497932434082,-2.7186496257781982
a058_2,ronin,unseen,120440,5.130445957183838,-2.718651294708252
a058_2,ronin,unseen,120460,5.130400657653809,-2.7186548709869385
a058_2,ronin,unseen,120480,5.130312919616699,-2.718682050704956
a058_2,ronin,unseen,120500,5.130173683166504,-2.7187459468841553
a058_2,ronin,unseen,120520,5.1300787925720215,-2.7187860012054443
a058_2,ronin,unseen,120540,5.129916667938232,-2.718816041946411
a058_2,ronin,unseen,120560,5.129831314086914,-2.7188401222229004
a058_2,ronin,unseen,120580,5.129824638366699,-2.718843936920166
a058_2,ronin,unseen,120600,5.12980842590332,-2.7188594341278076
a058_2,ronin,unseen,120620,5.129798412322998,-2.71887469291687
a058_2,ronin,unseen,120640,5.129802227020264,-2.718907356262207
a058_2,ronin,unseen,120660,5.129828929901123,-2.718944787979126
a058_2,ronin,unseen,120680,5.129831314086914,-2.71897292137146
a058_2,ronin,unseen,120700,5.1298370361328125,-2.718991994857788
a058_2,ronin,unseen,120720,5.129861354827881,-2.7190096378326416
a058_2,ronin,unseen,120740,5.129899501800537,-2.719033718109131
a058_2,ronin,unseen,120760,5.129907608032227,-2.719036102294922
a058_2,ronin,unseen,120780,5.129896640777588,-2.7190401554107666
a058_2,ronin,unseen,120800,5.129885196685791,-2.719038248062134
a058_2,ronin,unseen,120820,5.129858493804932,-2.7190473079681396
a058_2,ronin,unseen,120840,5.129798889160156,-2.7190568447113037
a058_2,ronin,unseen,120860,5.129776477813721,-2.7190425395965576
a058_2,ronin,unseen,120880,5.129765510559082,-2.719036102294922
a058_2,ronin,unseen,120900,5.129751205444336,-2.7190120220184326
a058_2,ronin,unseen,120920,5.129744529724121,-2.718998432159424
a058_2,ronin,unseen,120940,5.1297383308410645,-2.7189884185791016
a058_2,ronin,unseen,120960,5.129731178283691,-2.7189855575561523
a058_2,ronin,unseen,120980,5.129724502563477,-2.7189834117889404
a058_2,ronin,unseen,121000,5.1297221183776855,-2.718977689743042
a058_2,ronin,unseen,121020,5.129719257354736,-2.7189764976501465
a058_2,ronin,unseen,121040,5.129715442657471,-2.7189736366271973
a058_2,ronin,unseen,121060,5.129708766937256,-2.7189695835113525
a058_2,ronin,unseen,121080,5.129701137542725,-2.7189667224884033
a058_2,ronin,unseen,121100,5.129690647125244,-2.7189676761627197
a058_2,ronin,unseen,121120,5.129674911499023,-2.7189619541168213
a058_2,ronin,unseen,121140,5.129666328430176,-2.7189598083496094
a058_2,ronin,unseen,121160,5.129656791687012,-2.7189579010009766
a058_2,ronin,unseen,121180,5.129647731781006,-2.7189581394195557
a058_2,ronin,unseen,121200,5.129637718200684,-2.718954086303711
a058_2,ronin,unseen,121220,5.129634380340576,-2.718952178955078
a058_2,ronin,unseen,121240,5.12963342666626,-2.718951940536499
a058_2,ronin,unseen,121260,5.129630088806152,-2.7189478874206543
a058_2,ronin,unseen,121280,5.1296281814575195,-2.718940019607544
a058_2,ronin,unseen,121300,5.129631042480469,-2.7189371585845947
a058_2,ronin,unseen,121320,5.129640579223633,-2.7189228534698486
a058_2,ronin,unseen,121340,5.129643440246582,-2.718925714492798
a058_2,ronin,unseen,121360,5.129657745361328,-2.7189249992370605
a058_2,ronin,unseen,121380,5.1297149658203125,-2.718946933746338
a058_2,ronin,unseen,121400,5.129800319671631,-2.7189786434173584
a058_2,ronin,unseen,121420,5.129905700683594,-2.7189626693725586
a058_2,ronin,unseen,121440,5.130195617675781,-2.7188937664031982
a058_2,ronin,unseen,121460,5.130513668060303,-2.7188687324523926
a058_2,ronin,unseen,121480,5.130785942077637,-2.718811273574829
a058_2,ronin,unseen,121500,5.130946636199951,-2.7188472747802734
a058_2,ronin,unseen,121520,5.131083965301514,-2.7190122604370117
a058_2,ronin,unseen,121540,5.131152153015137,-2.719014883041382
a058_2,ronin,unseen,121560,5.131199359893799,-2.7190845012664795
a058_2,ronin,unseen,121580,5.131250381469727,-2.7191567420959473
a058_2,ronin,unseen,121600,5.131274223327637,-2.7191855907440186
a058_2,ronin,unseen,121620,5.131269931793213,-2.719207525253296
a058_2,ronin,unseen,121640,5.131280899047852,-2.719217300415039
a058_2,ronin,unseen,121660,5.131294250488281,-2.7192533016204834
a058_2,ronin,unseen,121680,5.131308078765869,-2.7192699909210205
a058_2,ronin,unseen,121700,5.131321430206299,-2.719280242919922
a058_2,ronin,unseen,121720,5.131329536437988,-2.7192800045013428
a058_2,ronin,unseen,121740,5.131346225738525,-2.719273805618286
a058_2,ronin,unseen,121760,5.131360054016113,-2.719273328781128
a058_2,ronin,unseen,121780,5.1313676834106445,-2.7192742824554443
a058_2,ronin,unseen,121800,5.131366729736328,-2.7192771434783936
a058_2,ronin,unseen,121820,5.131369113922119,-2.71928071975708
a058_2,ronin,unseen,121840,5.131371974945068,-2.719282627105713
a058_2,ronin,unseen,121860,5.131373882293701,-2.7192773818969727
a058_2,ronin,unseen,121880,5.131382465362549,-2.719273328781128
a058_2,ronin,unseen,121900,5.131388187408447,-2.7192721366882324
a058_2,ronin,unseen,121920,5.131391525268555,-2.7192721366882324
a058_2,ronin,unseen,121940,5.1313934326171875,-2.719273090362549
a058_2,ronin,unseen,121960,5.131393909454346,-2.7192749977111816
a058_2,ronin,unseen,121980,5.131399154663086,-2.7192749977111816
a058_2,ronin,unseen,122000,5.131399631500244,-2.7192740440368652
a058_2,ronin,unseen,122020,5.131415367126465,-2.719268798828125
a058_2,ronin,unseen,122040,5.131440162658691,-2.719268798828125
a058_2,ronin,unseen,122060,5.131503582000732,-2.7192866802215576
a058_2,ronin,unseen,122080,5.131608009338379,-2.7193126678466797
a058_2,ronin,unseen,122100,5.131808757781982,-2.719322681427002
a058_2,ronin,unseen,122120,5.132022857666016,-2.71931529045105
a058_2,ronin,unseen,122140,5.132204055786133,-2.7193288803100586
a058_2,ronin,unseen,122160,5.132442951202393,-2.7193660736083984
a058_2,ronin,unseen,122180,5.132638454437256,-2.719411849975586
a058_2,ronin,unseen,122200,5.1327691078186035,-2.719459295272827
a058_2,ronin,unseen,122220,5.132807731628418,-2.719477653503418
a058_2,ronin,unseen,122240,5.132810115814209,-2.7194857597351074
a058_2,ronin,unseen,122260,5.132806301116943,-2.7195005416870117
a058_2,ronin,unseen,122280,5.132782459259033,-2.7195277214050293
a058_2,ronin,unseen,122300,5.132778644561768,-2.7195370197296143
a058_2,ronin,unseen,122320,5.132775783538818,-2.7195470333099365
a058_2,ronin,unseen,122340,5.132772445678711,-2.719550848007202
a058_2,ronin,unseen,122360,5.132770538330078,-2.7195539474487305
a058_2,ronin,unseen,122380,5.132765293121338,-2.7195630073547363
a058_2,ronin,unseen,122400,5.132766246795654,-2.719564914703369
a058_2,ronin,unseen,122420,5.132765769958496,-2.719564914703369
a058_2,ronin,unseen,122440,5.1327691078186035,-2.7195637226104736
a058_2,ronin,unseen,122460,5.132777214050293,-2.7195587158203125
a058_2,ronin,unseen,122480,5.132782459259033,-2.7195584774017334
a058_2,ronin,unseen,122500,5.132784366607666,-2.7195606231689453
a058_2,ronin,unseen,122520,5.132788181304932,-2.719560384750366
a058_2,ronin,unseen,122540,5.132796287536621,-2.719560384750366
a058_2,ronin,unseen,122560,5.132801532745361,-2.7195591926574707
a058_2,ronin,unseen,122580,5.132826805114746,-2.7195510864257812
a058_2,ronin,unseen,122600,5.132867336273193,-2.7195310592651367
a058_2,ronin,unseen,122620,5.132942199707031,-2.7194936275482178
a058_2,ronin,unseen,122640,5.133031845092773,-2.7194628715515137
a058_2,ronin,unseen,122660,5.133341312408447,-2.719386100769043
a058_2,ronin,unseen,122680,5.134169101715088,-2.7192327976226807
a058_2,ronin,unseen,122700,5.1352105140686035,-2.7189407348632812
a058_2,ronin,unseen,122720,5.136225700378418,-2.7187092304229736
a058_2,ronin,unseen,122740,5.137181282043457,-2.7184526920318604
a058_2,ronin,unseen,122760,5.137755870819092,-2.7182650566101074
a058_2,ronin,unseen,122780,5.138078689575195,-2.718207359313965
a058_2,ronin,unseen,122800,5.13830041885376,-2.7181801795959473
a058_2,ronin,unseen,122820,5.13836145401001,-2.7181434631347656
a058_2,ronin,unseen,122840,5.138386249542236,-2.7180886268615723
a058_2,ronin,unseen,122860,5.138363838195801,-2.7180721759796143
a058_2,ronin,unseen,122880,5.138368606567383,-2.7180676460266113
a058_2,ronin,unseen,122900,5.138381481170654,-2.718052864074707
a058_2,ronin,unseen,122920,5.138386249542236,-2.718038558959961
a058_2,ronin,unseen,122940,5.13834285736084,-2.718033790588379
a058_2,ronin,unseen,122960,5.138334274291992,-2.718033790588379
a058_2,ronin,unseen,122980,5.138329029083252,-2.7180356979370117
a058_2,ronin,unseen,123000,5.138327598571777,-2.71803617477417
a058_2,ronin,unseen,123020,5.13832426071167,-2.7180240154266357
a058_2,ronin,unseen,123040,5.138311862945557,-2.7180068492889404
a058_2,ronin,unseen,123060,5.138302803039551,-2.7179951667785645
a058_2,ronin,unseen,123080,5.138301372528076,-2.7179856300354004
a058_2,ronin,unseen,123100,5.138307571411133,-2.7179620265960693
a058_2,ronin,unseen,123120,5.138311386108398,-2.7179620265960693
a058_2,ronin,unseen,123140,5.138319969177246,-2.717949151992798
a058_2,ronin,unseen,123160,5.138879776000977,-2.718003273010254
a058_2,ronin,unseen,123180,5.14128303527832,-2.717966079711914
a058_2,ronin,unseen,123200,5.146941184997559,-2.720519542694092
a058_2,ronin,unseen,123220,5.157924175262451,-2.724640369415283
a058_2,ronin,unseen,123240,5.174838542938232,-2.7306652069091797
a058_2,ronin,unseen,123260,5.19692850112915,-2.739412546157837
a058_2,ronin,unseen,123280,5.223974704742432,-2.748718023300171
a058_2,ronin,unseen,123300,5.24682092666626,-2.7540571689605713
a058_2,ronin,unseen,123320,5.270623207092285,-2.753094434738159
a058_2,ronin,unseen,123340,5.295780181884766,-2.746185541152954
a058_2,ronin,unseen,123360,5.325411796569824,-2.7335281372070312
a058_2,ronin,unseen,123380,5.352270603179932,-2.7151522636413574
a058_2,ronin,unseen,123400,5.374721050262451,-2.6949193477630615
a058_2,ronin,unseen,123420,5.400796890258789,-2.6687049865722656
a058_2,ronin,unseen,123440,5.430595397949219,-2.6325600147247314
a058_2,ronin,unseen,123460,5.455753803253174,-2.591754913330078
a058_2,ronin,unseen,123480,5.480875492095947,-2.553191900253296
a058_2,ronin,unseen,123500,5.511059284210205,-2.5192160606384277
a058_2,ronin,unseen,123520,5.548447608947754,-2.4859795570373535
a058_2,ronin,unseen,123540,5.595028400421143,-2.452467203140259
a058_2,ronin,unseen,123560,5.657755374908447,-2.411547899246216
a058_2,ronin,unseen,123580,5.725490093231201,-2.3727667331695557
a058_2,ronin,unseen,123600,5.798288822174072,-2.334479331970215
a058_2,ronin,unseen,123620,5.865583896636963,-2.2974791526794434
a058_2,ronin,unseen,123640,5.9305901527404785,-2.2532224655151367
a058_2,ronin,unseen,123660,5.985548973083496,-2.225529909133911
a058_2,ronin,unseen,123680,6.043916702270508,-2.191337823867798
a058_2,ronin,unseen,123700,6.097753524780273,-2.1488492488861084
a058_2,ronin,unseen,123720,6.153858661651611,-2.094630002975464
a058_2,ronin,unseen,123740,6.216682434082031,-2.0325217247009277
a058_2,ronin,unseen,123760,6.272169589996338,-1.9765286445617676
a058_2,ronin,unseen,123780,6.3253397941589355,-1.9228408336639404
a058_2,ronin,unseen,123800,6.375895977020264,-1.86835777759552
a058_2,ronin,unseen,123820,6.429360866546631,-1.8103516101837158
a058_2,ronin,unseen,123840,6.485585689544678,-1.749519944190979
a058_2,ronin,unseen,123860,6.5464396476745605,-1.6892807483673096
a058_2,ronin,unseen,123880,6.615908622741699,-1.6231317520141602
a058_2,ronin,unseen,123900,6.693537712097168,-1.5512511730194092
a058_2,ronin,unseen,123920,6.759348392486572,-1.4799690246582031
a058_2,ronin,unseen,123940,6.81745719909668,-1.4223370552062988
a058_2,ronin,unseen,123960,6.8759613037109375,-1.3673228025436401
a058_2,ronin,unseen,123980,6.937715530395508,-1.2974231243133545
a058_2,ronin,unseen,124000,6.992667198181152,-1.2240684032440186
a058_2,ronin,unseen,124020,7.048921585083008,-1.145818829536438
a058_2,ronin,unseen,124040,7.108881950378418,-1.0676631927490234
a058_2,ronin,unseen,124060,7.170776844024658,-1.0051034688949585
a058_2,ronin,unseen,124080,7.223577976226807,-0.9506809115409851
a058_2,ronin,unseen,124100,7.290502071380615,-0.8932846784591675
a058_2,ronin,unseen,124120,7.360376834869385,-0.8430520296096802
a058_2,ronin,unseen,124140,7.444021701812744,-0.7962720990180969
a058_2,ronin,unseen,124160,7.540318012237549,-0.7491542100906372
a058_2,ronin,unseen,124180,7.642379283905029,-0.6944160461425781
a058_2,ronin,unseen,124200,7.726047992706299,-0.6435434818267822
a058_2,ronin,unseen,124220,7.79971981048584,-0.5935519933700562
a058_2,ronin,unseen,124240,7.871743202209473,-0.5395599007606506
a058_2,ronin,unseen,124260,7.940677165985107,-0.47744858264923096
a058_2,ronin,unseen,124280,8.005958557128906,-0.4036714732646942
a058_2,ronin,unseen,124300,8.072646141052246,-0.31977078318595886
a058_2,ronin,unseen,124320,8.135575294494629,-0.23661193251609802
a058_2,ronin,unseen,124340,8.184344291687012,-0.16556315124034882
a058_2,ronin,unseen,124360,8.229584693908691,-0.08520067483186722
a058_2,ronin,unseen,124380,8.276182174682617,0.0023446441628038883
a058_2,ronin,unseen,124400,8.326555252075195,0.09022805094718933
a058_2,ronin,unseen,124420,8.379890441894531,0.18453893065452576
a058_2,ronin,unseen,124440,8.429707527160645,0.29153138399124146
a058_2,ronin,unseen,124460,8.457674026489258,0.38904112577438354
a058_2,ronin,unseen,124480,8.478191375732422,0.4840327501296997
a058_2,ronin,unseen,124500,8.494231224060059,0.5814217925071716
a058_2,ronin,unseen,124520,8.506186485290527,0.6835296154022217
a058_2,ronin,unseen,124540,8.510235786437988,0.7842158675193787
a058_2,ronin,unseen,124560,8.506612777709961,0.9014290571212769
a058_2,ronin,unseen,124580,8.505660057067871,1.0095962285995483
a058_2,ronin,unseen,124600,8.51185131072998,1.0958646535873413
a058_2,ronin,unseen,124620,8.521829605102539,1.197021722793579
a058_2,ronin,unseen,124640,8.537692070007324,1.297334909439087
a058_2,ronin,unseen,124660,8.559768676757812,1.4038596153259277
a058_2,ronin,unseen,124680,8.587289810180664,1.5127161741256714
a058_2,ronin,unseen,124700,8.6087064743042,1.6238055229187012
a058_2,ronin,unseen,124720,8.622275352478027,1.7209426164627075
a058_2,ronin,unseen,124740,8.636404037475586,1.8232673406600952
a058_2,ronin,unseen,124760,8.645868301391602,1.9250295162200928
a058_2,ronin,unseen,124780,8.646806716918945,2.03505539894104
a058_2,ronin,unseen,124800,8.639214515686035,2.1546566486358643
a058_2,ronin,unseen,124820,8.6317138671875,2.2796483039855957
a058_2,ronin,unseen,124840,8.637787818908691,2.3823325634002686
a058_2,ronin,unseen,124860,8.640707015991211,2.484279155731201
a058_2,ronin,unseen,124880,8.646256446838379,2.5940582752227783
a058_2,ronin,unseen,124900,8.66040325164795,2.7107696533203125
a058_2,ronin,unseen,124920,8.679839134216309,2.8286712169647217
a058_2,ronin,unseen,124940,8.698637962341309,2.9543344974517822
a058_2,ronin,unseen,124960,8.709431648254395,3.0546250343322754
a058_2,ronin,unseen,124980,8.72096061706543,3.1587514877319336
a058_2,ronin,unseen,125000,8.735231399536133,3.260169267654419
a058_2,ronin,unseen,125020,8.746006965637207,3.3604013919830322
a058_2,ronin,unseen,125040,8.748902320861816,3.465855836868286
a058_2,ronin,unseen,125060,8.75131607055664,3.581324338912964
a058_2,ronin,unseen,125080,8.760819435119629,3.684805154800415
a058_2,ronin,unseen,125100,8.769657135009766,3.779627561569214
a058_2,ronin,unseen,125120,8.778214454650879,3.8802521228790283
a058_2,ronin,unseen,125140,8.79016399383545,3.982269525527954
a058_2,ronin,unseen,125160,8.806783676147461,4.091477870941162
a058_2,ronin,unseen,125180,8.826391220092773,4.205227851867676
a058_2,ronin,unseen,125200,8.840261459350586,4.310281753540039
a058_2,ronin,unseen,125220,8.851441383361816,4.398134708404541
a058_2,ronin,unseen,125240,8.863389015197754,4.4866042137146
a058_2,ronin,unseen,125260,8.875280380249023,4.575940132141113
a058_2,ronin,unseen,125280,8.882452964782715,4.671259880065918
a058_2,ronin,unseen,125300,8.884885787963867,4.772151470184326
a058_2,ronin,unseen,125320,8.887238502502441,4.877360820770264
a058_2,ronin,unseen,125340,8.893285751342773,4.964872360229492
a058_2,ronin,unseen,125360,8.89940357208252,5.044243335723877
a058_2,ronin,unseen,125380,8.90837287902832,5.130428791046143
a058_2,ronin,unseen,125400,8.920693397521973,5.223667144775391
a058_2,ronin,unseen,125420,8.939677238464355,5.323420524597168
a058_2,ronin,unseen,125440,8.96451473236084,5.428810119628906
a058_2,ronin,unseen,125460,8.981850624084473,5.525146007537842
a058_2,ronin,unseen,125480,8.996522903442383,5.609169006347656
a058_2,ronin,unseen,125500,9.010753631591797,5.687918663024902
a058_2,ronin,unseen,125520,9.023846626281738,5.768383026123047
a058_2,ronin,unseen,125540,9.031620025634766,5.853200912475586
a058_2,ronin,unseen,125560,9.027941703796387,5.947612285614014
a058_2,ronin,unseen,125580,9.023962020874023,6.034997940063477
a058_2,ronin,unseen,125600,9.021690368652344,6.104898929595947
a058_2,ronin,unseen,125620,9.010781288146973,6.169077396392822
a058_2,ronin,unseen,125640,8.9874267578125,6.234127044677734
a058_2,ronin,unseen,125660,8.962480545043945,6.2990617752075195
a058_2,ronin,unseen,125680,8.945895195007324,6.365277290344238
a058_2,ronin,unseen,125700,8.933038711547852,6.4319305419921875
a058_2,ronin,unseen,125720,8.904111862182617,6.484269618988037
a058_2,ronin,unseen,125740,8.872958183288574,6.528435230255127
a058_2,ronin,unseen,125760,8.835309982299805,6.56534481048584
a058_2,ronin,unseen,125780,8.782849311828613,6.594528675079346
a058_2,ronin,unseen,125800,8.717965126037598,6.61375617980957
a058_2,ronin,unseen,125820,8.63826847076416,6.626406192779541
a058_2,ronin,unseen,125840,8.537631034851074,6.634255409240723
a058_2,ronin,unseen,125860,8.426586151123047,6.63087797164917
a058_2,ronin,unseen,125880,8.3300199508667,6.630096435546875
a058_2,ronin,unseen,125900,8.243114471435547,6.633161544799805
a058_2,ronin,unseen,125920,8.153085708618164,6.642636775970459
a058_2,ronin,unseen,125940,8.058571815490723,6.659543514251709
a058_2,ronin,unseen,125960,7.948651313781738,6.682219982147217
a058_2,ronin,unseen,125980,7.826424598693848,6.709196090698242
a058_2,ronin,unseen,126000,7.721374034881592,6.726751327514648
a058_2,ronin,unseen,126020,7.618687152862549,6.737165927886963
a058_2,ronin,unseen,126040,7.514026165008545,6.742028713226318
a058_2,ronin,unseen,126060,7.403399467468262,6.7414231300354
a058_2,ronin,unseen,126080,7.285032272338867,6.734569549560547
a058_2,ronin,unseen,126100,7.15968132019043,6.723781585693359
a058_2,ronin,unseen,126120,7.059301853179932,6.7211151123046875
a058_2,ronin,unseen,126140,6.962501525878906,6.710511684417725
a058_2,ronin,unseen,126160,6.858218193054199,6.699126243591309
a058_2,ronin,unseen,126180,6.753870964050293,6.690047740936279
a058_2,ronin,unseen,126200,6.634623050689697,6.682180404663086
a058_2,ronin,unseen,126220,6.510725021362305,6.672734260559082
a058_2,ronin,unseen,126240,6.405309200286865,6.65623664855957
a058_2,ronin,unseen,126260,6.309760093688965,6.63938045501709
a058_2,ronin,unseen,126280,6.213986873626709,6.619725704193115
a058_2,ronin,unseen,126300,6.112610816955566,6.593517303466797
a058_2,ronin,unseen,126320,6.006340503692627,6.557889938354492
a058_2,ronin,unseen,126340,5.897366046905518,6.516446113586426
a058_2,ronin,unseen,126360,5.800498008728027,6.487321853637695
a058_2,ronin,unseen,126380,5.710623264312744,6.459877014160156
a058_2,ronin,unseen,126400,5.619051456451416,6.433465003967285
a058_2,ronin,unseen,126420,5.519497871398926,6.4080400466918945
a058_2,ronin,unseen,126440,5.407862186431885,6.384499549865723
a058_2,ronin,unseen,126460,5.2866291999816895,6.359441757202148
a058_2,ronin,unseen,126480,5.187758922576904,6.335040092468262
a058_2,ronin,unseen,126500,5.102317810058594,6.3157806396484375
a058_2,ronin,unseen,126520,5.009084224700928,6.2956414222717285
a058_2,ronin,unseen,126540,4.909860134124756,6.2697014808654785
a058_2,ronin,unseen,126560,4.803197860717773,6.231698513031006
a058_2,ronin,unseen,126580,4.686024188995361,6.184915065765381
a058_2,ronin,unseen,126600,4.592362403869629,6.153993606567383
a058_2,ronin,unseen,126620,4.499107360839844,6.117301940917969
a058_2,ronin,unseen,126640,4.402457237243652,6.077363014221191
a058_2,ronin,unseen,126660,4.299314498901367,6.037652492523193
a058_2,ronin,unseen,126680,4.178345203399658,5.995064735412598
a058_2,ronin,unseen,126700,4.056305885314941,5.948474407196045
a058_2,ronin,unseen,126720,3.955803394317627,5.897844314575195
a058_2,ronin,unseen,126740,3.86388897895813,5.848777770996094
a058_2,ronin,unseen,126760,3.7725822925567627,5.797374248504639
a058_2,ronin,unseen,126780,3.680715799331665,5.7414116859436035
a058_2,ronin,unseen,126800,3.584200859069824,5.6711297035217285
a058_2,ronin,unseen,126820,3.4875082969665527,5.5937628746032715
a058_2,ronin,unseen,126840,3.410378932952881,5.536729335784912
a058_2,ronin,unseen,126860,3.3347384929656982,5.4734206199646
a058_2,ronin,unseen,126880,3.2584400177001953,5.406149387359619
a058_2,ronin,unseen,126900,3.176147937774658,5.3364129066467285
a058_2,ronin,unseen,126920,3.0859012603759766,5.265748023986816
a058_2,ronin,unseen,126940,2.9909861087799072,5.184157848358154
a058_2,ronin,unseen,126960,2.915846824645996,5.103658676147461
a058_2,ronin,unseen,126980,2.8563501834869385,5.024832248687744
a058_2,ronin,unseen,127000,2.7969348430633545,4.942091941833496
a058_2,ronin,unseen,127020,2.7397289276123047,4.854318141937256
a058_2,ronin,unseen,127040,2.6833889484405518,4.756145477294922
a058_2,ronin,unseen,127060,2.629660129547119,4.6492838859558105
a058_2,ronin,unseen,127080,2.584746837615967,4.568271160125732
a058_2,ronin,unseen,127100,2.5384023189544678,4.487804412841797
a058_2,ronin,unseen,127120,2.4900240898132324,4.410418510437012
a058_2,ronin,unseen,127140,2.4300408363342285,4.333451747894287
a058_2,ronin,unseen,127160,2.3570637702941895,4.2490620613098145
a058_2,ronin,unseen,127180,2.279582977294922,4.1542463302612305
a058_2,ronin,unseen,127200,2.218168020248413,4.07422399520874
a058_2,ronin,unseen,127220,2.1620140075683594,3.994281530380249
a058_2,ronin,unseen,127240,2.1067657470703125,3.9091796875
a058_2,ronin,unseen,127260,2.0529136657714844,3.809720039367676
a058_2,ronin,unseen,127280,2.006634473800659,3.697352647781372
a058_2,ronin,unseen,127300,1.978994369506836,3.568539619445801
a058_2,ronin,unseen,127320,1.9388434886932373,3.486929416656494
a058_2,ronin,unseen,127340,1.891266942024231,3.4088423252105713
a058_2,ronin,unseen,127360,1.8415582180023193,3.327549934387207
a058_2,ronin,unseen,127380,1.7808033227920532,3.2436916828155518
a058_2,ronin,unseen,127400,1.7073253393173218,3.158998966217041
a058_2,ronin,unseen,127420,1.6260501146316528,3.066774368286133
a058_2,ronin,unseen,127440,1.5611343383789062,2.992377519607544
a058_2,ronin,unseen,127460,1.5059128999710083,2.917841911315918
a058_2,ronin,unseen,127480,1.452747106552124,2.8462181091308594
a058_2,ronin,unseen,127500,1.3987090587615967,2.77407169342041
a058_2,ronin,unseen,127520,1.3449175357818604,2.691460132598877
a058_2,ronin,unseen,127540,1.2951945066452026,2.6095385551452637
a058_2,ronin,unseen,127560,1.253442406654358,2.5516953468322754
a058_2,ronin,unseen,127580,1.2065300941467285,2.487297296524048
a058_2,ronin,unseen,127600,1.1669775247573853,2.4191389083862305
a058_2,ronin,unseen,127620,1.1284899711608887,2.3560426235198975
a058_2,ronin,unseen,127640,1.0854147672653198,2.297539234161377
a058_2,ronin,unseen,127660,1.0362491607666016,2.2337799072265625
a058_2,ronin,unseen,127680,1.0013923645019531,2.1863648891448975
a058_2,ronin,unseen,127700,0.9718648195266724,2.151730537414551
a058_2,ronin,unseen,127720,0.9447104930877686,2.11966609954834
a058_2,ronin,unseen,127740,0.9242294430732727,2.090749979019165
a058_2,ronin,unseen,127760,0.9103427529335022,2.0617127418518066
a058_2,ronin,unseen,127780,0.8973821997642517,2.030979633331299
a058_2,ronin,unseen,127800,0.8807418346405029,1.9966782331466675
a058_2,ronin,unseen,127820,0.8685145974159241,1.9539570808410645
a058_2,ronin,unseen,127840,0.859160840511322,1.9134141206741333
a058_2,ronin,unseen,127860,0.8470461368560791,1.8813172578811646
a058_2,ronin,unseen,127880,0.8303178548812866,1.851292371749878
a058_2,ronin,unseen,127900,0.8071435689926147,1.823927402496338
a058_2,ronin,unseen,127920,0.7724083662033081,1.798034906387329
a058_2,ronin,unseen,127940,0.725688099861145,1.7714923620224
a058_2,ronin,unseen,127960,0.6693940162658691,1.7401726245880127
a058_2,ronin,unseen,127980,0.5928902626037598,1.6961250305175781
a058_2,ronin,unseen,128000,0.5222222208976746,1.6586682796478271
a058_2,ronin,unseen,128020,0.45758530497550964,1.6200733184814453
a058_2,ronin,unseen,128040,0.4042430818080902,1.586330533027649
a058_2,ronin,unseen,128060,0.34925222396850586,1.5450117588043213
a058_2,ronin,unseen,128080,0.2975042760372162,1.4963982105255127
a058_2,ronin,unseen,128100,0.24229927361011505,1.4346214532852173
a058_2,ronin,unseen,128120,0.18129603564739227,1.359102725982666
a058_2,ronin,unseen,128140,0.11113658547401428,1.2661328315734863
a058_2,ronin,unseen,128160,0.053007423877716064,1.1976577043533325
a058_2,ronin,unseen,128180,0.012176335789263248,1.1392031908035278
a058_2,ronin,unseen,128200,-0.043270740658044815,1.0914372205734253
a058_2,ronin,unseen,128220,-0.10508862137794495,1.0499494075775146
a058_2,ronin,unseen,128240,-0.17302094399929047,1.0098437070846558
a058_2,ronin,unseen,128260,-0.26002153754234314,0.9708766937255859
a058_2,ronin,unseen,128280,-0.3277845084667206,0.9410524964332581
a058_2,ronin,unseen,128300,-0.37656259536743164,0.9263827800750732
a058_2,ronin,unseen,128320,-0.4113057255744934,0.9141516089439392
a058_2,ronin,unseen,128340,-0.4394533336162567,0.8960999846458435
a058_2,ronin,unseen,128360,-0.46652063727378845,0.8619465827941895
a058_2,ronin,unseen,128380,-0.5020067095756531,0.8062459230422974
a058_2,ronin,unseen,128400,-0.5378744006156921,0.7556385397911072
a058_2,ronin,unseen,128420,-0.5561037659645081,0.703592836856842
a058_2,ronin,unseen,128440,-0.5741159319877625,0.6488021612167358
a058_2,ronin,unseen,128460,-0.585791289806366,0.5995302796363831
a058_2,ronin,unseen,128480,-0.597787618637085,0.5430353283882141
a058_2,ronin,unseen,128500,-0.6098434329032898,0.48479124903678894
a058_2,ronin,unseen,128520,-0.6311842799186707,0.42886969447135925
a058_2,ronin,unseen,128540,-0.6489468216896057,0.3845606744289398
a058_2,ronin,unseen,128560,-0.6635926961898804,0.35229408740997314
a058_2,ronin,unseen,128580,-0.6832073926925659,0.33066603541374207
a058_2,ronin,unseen,128600,-0.7034444212913513,0.3118661344051361
a058_2,ronin,unseen,128620,-0.7235848903656006,0.2977100610733032
a058_2,ronin,unseen,128640,-0.7410761713981628,0.2766653895378113
a058_2,ronin,unseen,128660,-0.752145528793335,0.26233580708503723
a058_2,ronin,unseen,128680,-0.7551178336143494,0.24796892702579498
a058_2,ronin,unseen,128700,-0.7545016407966614,0.23918133974075317
a058_2,ronin,unseen,128720,-0.7542477250099182,0.2357926070690155
a058_2,ronin,unseen,128740,-0.7536281943321228,0.2350485473871231
a058_2,ronin,unseen,128760,-0.752540647983551,0.23450510203838348
a058_2,ronin,unseen,128780,-0.7523525357246399,0.23517410457134247
a058_2,ronin,unseen,128800,-0.752405047416687,0.23476329445838928
a058_2,ronin,unseen,128820,-0.7544897794723511,0.23635976016521454
a058_2,ronin,unseen,128840,-0.756375253200531,0.23671260476112366
a058_2,ronin,unseen,128860,-0.7595686316490173,0.23487600684165955
a058_2,ronin,unseen,128880,-0.7642191052436829,0.23522838950157166
a058_2,ronin,unseen,128900,-0.7670571208000183,0.23729842901229858
a058_2,ronin,unseen,128920,-0.7675056457519531,0.23785455524921417
a058_2,ronin,unseen,128940,-0.768825352191925,0.23935766518115997
a058_2,ronin,unseen,128960,-0.7703185677528381,0.2380179762840271
a058_2,ronin,unseen,128980,-0.7712889909744263,0.23834767937660217
a058_2,ronin,unseen,129000,-0.7733580470085144,0.24181431531906128
a058_2,ronin,unseen,129020,-0.7746011018753052,0.243209570646286
a058_2,ronin,unseen,129040,-0.7783876061439514,0.2450360357761383
a058_2,ronin,unseen,129060,-0.7815549969673157,0.24759553372859955
a058_2,ronin,unseen,129080,-0.7844274044036865,0.2504066824913025
a058_2,ronin,unseen,129100,-0.7868819832801819,0.25035595893859863
a058_2,ronin,unseen,129120,-0.7888612151145935,0.2506678104400635
a058_2,ronin,unseen,129140,-0.7894564867019653,0.25081130862236023
a058_2,ronin,unseen,129160,-0.7908709049224854,0.2537265419960022
a058_2,ronin,unseen,129180,-0.786000669002533,0.25032269954681396
a058_2,ronin,unseen,129200,-0.7861741781234741,0.2529570758342743
a058_2,ronin,unseen,129220,-0.7867310047149658,0.25369328260421753
a058_2,ronin,unseen,129240,-0.7880668640136719,0.25157007575035095
a058_2,ronin,unseen,129260,-0.7884933948516846,0.2529827654361725
a058_2,ronin,unseen,129280,-0.7851957678794861,0.25348907709121704
a058_2,ronin,unseen,129300,-0.7812628746032715,0.2514607608318329
a058_2,ronin,unseen,129320,-0.7778334021568298,0.2510404586791992
a058_2,ronin,unseen,129340,-0.7748779058456421,0.2484453171491623
a058_2,ronin,unseen,129360,-0.7735282182693481,0.2486198991537094
a058_2,ronin,unseen,129380,-0.7729384899139404,0.2474655956029892
a058_2,ronin,unseen,129400,-0.7704480290412903,0.2464699000120163
a058_2,ronin,unseen,129420,-0.7693061828613281,0.24643273651599884
a058_2,ronin,unseen,129440,-0.7665151953697205,0.2463826835155487
a058_2,ronin,unseen,129460,-0.7617534399032593,0.24588404595851898
a058_2,ronin,unseen,129480,-0.7564045786857605,0.24424134194850922
a058_2,ronin,unseen,129500,-0.7517881393432617,0.24457798898220062
a058_2,ronin,unseen,129520,-0.7474988102912903,0.2454259991645813
a058_2,ronin,unseen,129540,-0.7453042268753052,0.24448682367801666
a058_2,ronin,unseen,129560,-0.7455633282661438,0.24320481717586517
a058_2,ronin,unseen,129580,-0.7462794780731201,0.2384319305419922
a058_2,ronin,unseen,129600,-0.7453827261924744,0.2326471209526062
a058_2,ronin,unseen,129620,-0.744653582572937,0.22875604033470154
a058_2,ronin,unseen,129640,-0.7440435290336609,0.22608493268489838
a058_2,ronin,unseen,129660,-0.7423402070999146,0.22237339615821838
a058_2,ronin,unseen,129680,-0.7402573823928833,0.2181188017129898
a058_2,ronin,unseen,129700,-0.7394655346870422,0.21557971835136414
a058_2,ronin,unseen,129720,-0.738513708114624,0.21346616744995117
a058_2,ronin,unseen,129740,-0.7362922430038452,0.21140845119953156
a058_2,ronin,unseen,129760,-0.7331920862197876,0.21097062528133392
a058_2,ronin,unseen,129780,-0.7290815711021423,0.21104833483695984
a058_2,ronin,unseen,129800,-0.7226392030715942,0.20981335639953613
a058_2,ronin,unseen,129820,-0.7166597247123718,0.21039560437202454
a058_2,ronin,unseen,129840,-0.7105458974838257,0.21050812304019928
a058_2,ronin,unseen,129860,-0.7045454382896423,0.21018053591251373
a058_2,ronin,unseen,129880,-0.6903706192970276,0.20827670395374298
a058_2,ronin,unseen,129900,-0.6629310250282288,0.19955913722515106
a058_2,ronin,unseen,129920,-0.6189388632774353,0.19593457877635956
a058_2,ronin,unseen,129940,-0.5650239586830139,0.20567986369132996
a058_2,ronin,unseen,129960,-0.5182307362556458,0.22970761358737946
a058_2,ronin,unseen,129980,-0.4926900863647461,0.25025221705436707
a058_2,ronin,unseen,130000,-0.4746854603290558,0.27693846821784973
a058_2,ronin,unseen,130020,-0.4654138684272766,0.3003808259963989
a058_2,ronin,unseen,130040,-0.4558793604373932,0.32087287306785583
a058_2,ronin,unseen,130060,-0.4496898651123047,0.33479398488998413
a058_2,ronin,unseen,130080,-0.4485073685646057,0.3452083170413971
a058_2,ronin,unseen,130100,-0.45277854800224304,0.3612128496170044
a058_2,ronin,unseen,130120,-0.4594229757785797,0.36610138416290283
a058_2,ronin,unseen,130140,-0.4601992070674896,0.3703501522541046
a058_2,ronin,unseen,130160,-0.4580830931663513,0.37647220492362976
a058_2,ronin,unseen,130180,-0.4563915729522705,0.38353610038757324
a058_2,ronin,unseen,130200,-0.4549713730812073,0.3851213753223419
a058_2,ronin,unseen,130220,-0.4585985243320465,0.3948405683040619
a058_2,ronin,unseen,130240,-0.4620649814605713,0.39503243565559387
a058_2,ronin,unseen,130260,-0.46516260504722595,0.38927820324897766
a058_2,ronin,unseen,130280,-0.46415361762046814,0.3855626583099365
a058_2,ronin,unseen,130300,-0.4656120836734772,0.3893784284591675
a058_2,ronin,unseen,130320,-0.46839645504951477,0.394208699464798
a058_2,ronin,unseen,130340,-0.4683098793029785,0.3988266587257385
a058_2,ronin,unseen,130360,-0.468287855386734,0.40554842352867126
a058_2,ronin,unseen,130380,-0.4674453139305115,0.4121531546115875
a058_2,ronin,unseen,130400,-0.46632668375968933,0.41783666610717773
a058_2,ronin,unseen,130420,-0.46412089467048645,0.4230937957763672
a058_2,ronin,unseen,130440,-0.4610597491264343,0.42709195613861084
a058_2,ronin,unseen,130460,-0.4576181471347809,0.4298397898674011
a058_2,ronin,unseen,130480,-0.45516538619995117,0.4323273301124573
a058_2,ronin,unseen,130500,-0.4522761404514313,0.43341946601867676
a058_2,ronin,unseen,130520,-0.4499388635158539,0.43281638622283936
a058_2,ronin,unseen,130540,-0.44821697473526,0.43050530552864075
a058_2,ronin,unseen,130560,-0.4462296664714813,0.42586803436279297
a058_2,ronin,unseen,130580,-0.4448438286781311,0.4195467531681061
a058_2,ronin,unseen,130600,-0.44217923283576965,0.41324135661125183
a058_2,ronin,unseen,130620,-0.4398050904273987,0.40613651275634766
a058_2,ronin,unseen,130640,-0.4388495683670044,0.39862388372421265
a058_2,ronin,unseen,130660,-0.4393000900745392,0.3919317126274109
a058_2,ronin,unseen,130680,-0.439700722694397,0.3868196904659271
a058_2,ronin,unseen,130700,-0.4399775266647339,0.38343575596809387
a058_2,ronin,unseen,130720,-0.440011203289032,0.3808262050151825
a058_2,ronin,unseen,130740,-0.44056883454322815,0.37931233644485474
a058_2,ronin,unseen,130760,-0.4407602548599243,0.37492239475250244
a058_2,ronin,unseen,130780,-0.4433532953262329,0.3686237037181854
a058_2,ronin,unseen,130800,-0.44781801104545593,0.3646515905857086
a058_2,ronin,unseen,130820,-0.44889095425605774,0.36181190609931946
a058_2,ronin,unseen,130840,-0.44888389110565186,0.35902470350265503
a058_2,ronin,unseen,130860,-0.4499715268611908,0.3565952181816101
a058_2,ronin,unseen,130880,-0.4509033262729645,0.3556320071220398
a058_2,ronin,unseen,130900,-0.4510613679885864,0.35545602440834045
a058_2,ronin,unseen,130920,-0.45184338092803955,0.35242196917533875
a058_2,ronin,unseen,130940,-0.4542764723300934,0.34778785705566406
a058_2,ronin,unseen,130960,-0.45770877599716187,0.3452012538909912
a058_2,ronin,unseen,130980,-0.461641788482666,0.3456146717071533
a058_2,ronin,unseen,131000,-0.4651513993740082,0.35058391094207764
a058_2,ronin,unseen,131020,-0.4659724533557892,0.3589387536048889
a058_2,ronin,unseen,131040,-0.46516153216362,0.36891117691993713
a058_2,ronin,unseen,131060,-0.46518564224243164,0.38171812891960144
a058_2,ronin,unseen,131080,-0.4633452892303467,0.39890584349632263
a058_2,ronin,unseen,131100,-0.4586856961250305,0.4206981956958771
a058_2,ronin,unseen,131120,-0.451974093914032,0.44758450984954834
a058_2,ronin,unseen,131140,-0.44318687915802,0.47687700390815735
a058_2,ronin,unseen,131160,-0.435166597366333,0.5039724111557007
a058_2,ronin,unseen,131180,-0.4288746118545532,0.5311306715011597
a058_2,ronin,unseen,131200,-0.42243894934654236,0.5526874661445618
a058_2,ronin,unseen,131220,-0.42046406865119934,0.5675808191299438
a058_2,ronin,unseen,131240,-0.419229656457901,0.580376923084259
a058_2,ronin,unseen,131260,-0.42058491706848145,0.5907034277915955
a058_2,ronin,unseen,131280,-0.4215550124645233,0.6017535328865051
a058_2,ronin,unseen,131300,-0.41934970021247864,0.6102055907249451
a058_2,ronin,unseen,131320,-0.40963906049728394,0.6189154386520386
a058_2,ronin,unseen,131340,-0.39768359065055847,0.6360671520233154
a058_2,ronin,unseen,131360,-0.3924204409122467,0.654463529586792
a058_2,ronin,unseen,131380,-0.39050304889678955,0.6624656319618225
a058_2,ronin,unseen,131400,-0.38717931509017944,0.6664584875106812
a058_2,ronin,unseen,131420,-0.3818339705467224,0.6713302135467529
a058_2,ronin,unseen,131440,-0.37584489583969116,0.6802211999893188
a058_2,ronin,unseen,131460,-0.3735371530056,0.6854862570762634
a058_2,ronin,unseen,131480,-0.37416329979896545,0.6953475475311279
a058_2,ronin,unseen,131500,-0.37133243680000305,0.7032608389854431
a058_2,ronin,unseen,131520,-0.3687223494052887,0.7084557414054871
a058_2,ronin,unseen,131540,-0.36071088910102844,0.7129625678062439
a058_2,ronin,unseen,131560,-0.3542351722717285,0.7168487310409546
a058_2,ronin,unseen,131580,-0.34767967462539673,0.7202861309051514
a058_2,ronin,unseen,131600,-0.33999326825141907,0.7222951054573059
a058_2,ronin,unseen,131620,-0.33176732063293457,0.7233741283416748
a058_2,ronin,unseen,131640,-0.32332688570022583,0.7246258854866028
a058_2,ronin,unseen,131660,-0.314515620470047,0.7252830862998962
a058_2,ronin,unseen,131680,-0.3082320988178253,0.7259989976882935
a058_2,ronin,unseen,131700,-0.3017658591270447,0.7254691123962402
a058_2,ronin,unseen,131720,-0.29681968688964844,0.7247428297996521
a058_2,ronin,unseen,131740,-0.2930953800678253,0.7237545251846313
a058_2,ronin,unseen,131760,-0.2895834743976593,0.7226675748825073
a058_2,ronin,unseen,131780,-0.2873417139053345,0.7219209671020508
a058_2,ronin,unseen,131800,-0.2861531376838684,0.7206007838249207
a058_2,ronin,unseen,131820,-0.28492581844329834,0.7189339995384216
a058_2,ronin,unseen,131840,-0.2832137644290924,0.7169772386550903
a058_2,ronin,unseen,131860,-0.28142279386520386,0.7147328853607178
a058_2,ronin,unseen,131880,-0.2800096273422241,0.7125775218009949
a058_2,ronin,unseen,131900,-0.2788405418395996,0.7104201316833496
a058_2,ronin,unseen,131920,-0.27804359793663025,0.7083562016487122
a058_2,ronin,unseen,131940,-0.2778206169605255,0.7060369253158569
a058_2,ronin,unseen,131960,-0.2780223488807678,0.7036083340644836
a058_2,ronin,unseen,131980,-0.2788887917995453,0.7013906240463257
a058_2,ronin,unseen,132000,-0.28026601672172546,0.6988628506660461
a058_2,ronin,unseen,132020,-0.28192201256752014,0.696524441242218
a058_2,ronin,unseen,132040,-0.28354522585868835,0.6941478252410889
a058_2,ronin,unseen,132060,-0.28491300344467163,0.691271185874939
a058_2,ronin,unseen,132080,-0.2864130735397339,0.68840092420578
a058_2,ronin,unseen,132100,-0.2882464528083801,0.6854294538497925
a058_2,ronin,unseen,132120,-0.2903912663459778,0.683109700679779
a058_2,ronin,unseen,132140,-0.2928101420402527,0.680891215801239
a058_2,ronin,unseen,132160,-0.2948528826236725,0.6783939599990845
a058_2,ronin,unseen,132180,-0.297446608543396,0.6764876246452332
a058_2,ronin,unseen,132200,-0.2995484471321106,0.6749452948570251
a058_2,ronin,unseen,132220,-0.3007049560546875,0.6737784147262573
a058_2,ronin,unseen,132240,-0.3009050190448761,0.6735326051712036
a058_2,ronin,unseen,132260,-0.3010200560092926,0.6734198331832886
a058_2,ronin,unseen,132280,-0.3011622428894043,0.6733365058898926
a058_2,ronin,unseen,132300,-0.3014269173145294,0.6733159422874451
a058_2,ronin,unseen,132320,-0.30164390802383423,0.6732433438301086
a058_2,ronin,unseen,132340,-0.30167344212532043,0.6732512712478638
a058_2,ronin,unseen,132360,-0.30167341232299805,0.6732621192932129
a058_2,ronin,unseen,132380,-0.30175450444221497,0.6733013391494751
a058_2,ronin,unseen,132400,-0.30179890990257263,0.6733062863349915
a058_2,ronin,unseen,132420,-0.3018423914909363,0.6733092069625854
a058_2,ronin,unseen,132440,-0.30190688371658325,0.6732757687568665
a058_2,ronin,unseen,132460,-0.30197378993034363,0.6731933355331421
a058_2,ronin,unseen,132480,-0.3019956350326538,0.6731530427932739
a058_2,ronin,unseen,132500,-0.3019687831401825,0.6730795502662659
a058_2,ronin,unseen,132520,-0.30187171697616577,0.6730958223342896
